etd_index,stop_index,entity_id,trip_id,station,method,time_delta_seconds,confidence,ambiguous,capture_id,unmatched_reason
120,255,1965458,1965458,BAYF,station+line+platform/direction+destination+absolute_time,0,high,False,bart_live_20260911_161720,
360,0,1965520,1965520,MLPT,station+line+platform/direction+destination+absolute_time,0,high,False,bart_live_20260911_161720,
361,22,1965521,1965521,MLPT,station+line+platform/direction+destination+absolute_time,0,high,False,bart_live_20260911_161720,
504,692,1965194,1965194,SBRN,station+line+platform/direction+destination+absolute_time,0,high,False,bart_live_20260911_161720,
26,127,1965517,1965517,16TH,station+line+platform/direction+destination+absolute_time,1,high,False,bart_live_20260911_161720,
245,123,1965517,1965517,EMBR,station+line+platform/direction+destination+absolute_time,1,high,False,bart_live_20260911_161720,
353,388,1965154,1965154,MCAR,station+line+platform/direction+destination+absolute_time,1,high,False,bart_live_20260911_161720,
371,93,1965516,1965516,MONT,station+line+platform/direction+destination+absolute_time,1,high,False,bart_live_20260911_161720,
377,899,1965656,1965656,MONT,station+line+platform/direction+destination+absolute_time,1,high,False,bart_live_20260911_161720,
485,991,1965793,1965793,SANL,station+line+platform/direction+destination+absolute_time,1,high,False,bart_live_20260911_161720,
486,171,1965519,1965519,SANL,station+line+platform/direction+destination+absolute_time,1,high,False,bart_live_20260911_161720,
534,661,1965151,1965151,SSAN,station+line+platform/direction+destination+absolute_time,1,high,False,bart_live_20260911_161720,
7,916,1965657,1965657,12TH,station+line+platform/direction+destination+absolute_time,2,high,False,bart_live_20260911_161720,
8,938,1965658,1965658,12TH,station+line+platform/direction+destination+absolute_time,2,high,False,bart_live_20260911_161720,
169,907,1965656,1965656,COLM,station+line+platform/direction+destination+absolute_time,2,high,False,bart_live_20260911_161720,
176,690,1965194,1965194,COLM,station+line+platform/direction+destination+absolute_time,2,high,False,bart_live_20260911_161720,
329,979,1965792,1965792,LAKE,station+line+platform/direction+destination+absolute_time,2,high,False,bart_live_20260911_161720,
343,914,1965657,1965657,MCAR,station+line+platform/direction+destination+absolute_time,2,high,False,bart_live_20260911_161720,
470,930,1965658,1965658,RICH,station+line+platform/direction+destination+absolute_time,2,high,False,bart_live_20260911_161720,
471,769,1965659,1965659,RICH,station+line+platform/direction+destination+absolute_time,2,high,False,bart_live_20260911_161720,
495,840,1965654,1965654,SBRN,station+line+platform/direction+destination+absolute_time,2,high,False,bart_live_20260911_161720,
388,357,1965153,1965153,MONT,station+line+platform/direction+destination+absolute_time,3,high,False,bart_live_20260911_161720,
497,909,1965656,1965656,SBRN,station+line+platform/direction+destination+absolute_time,3,high,False,bart_live_20260911_161720,
576,157,1965518,1965518,WOAK,station+line+platform/direction+destination+absolute_time,3,high,False,bart_live_20260911_161720,
88,283,1965460,1965460,ASHB,station+line+platform/direction+destination+absolute_time,4,high,False,bart_live_20260911_161720,
89,303,1965457,1965457,ASHB,station+line+platform/direction+destination+absolute_time,4,high,False,bart_live_20260911_161720,
135,989,1965793,1965793,CAST,station+line+platform/direction+destination+absolute_time,4,high,False,bart_live_20260911_161720,
231,931,1965658,1965658,DELN,station+line+platform/direction+destination+absolute_time,4,high,False,bart_live_20260911_161720,
232,770,1965659,1965659,DELN,station+line+platform/direction+destination+absolute_time,4,high,False,bart_live_20260911_161720,
296,904,1965656,1965656,GLEN,station+line+platform/direction+destination+absolute_time,4,high,False,bart_live_20260911_161720,
330,156,1965518,1965518,LAKE,station+line+platform/direction+destination+absolute_time,4,high,False,bart_live_20260911_161720,
450,94,1965516,1965516,POWL,station+line+platform/direction+destination+absolute_time,4,high,False,bart_live_20260911_161720,
480,408,1965197,1965197,ROCK,station+line+platform/direction+destination+absolute_time,4,high,False,bart_live_20260911_161720,
548,230,1965456,1965456,WARM,station+line+platform/direction+destination+absolute_time,4,high,False,bart_live_20260911_161720,
580,897,1965656,1965656,WOAK,station+line+platform/direction+destination+absolute_time,4,high,False,bart_live_20260911_161720,
40,758,1965195,1965195,16TH,station+line+platform/direction+destination+absolute_time,5,high,False,bart_live_20260911_161720,
48,915,1965657,1965657,19TH,station+line+platform/direction+destination+absolute_time,5,high,False,bart_live_20260911_161720,
49,937,1965658,1965658,19TH,station+line+platform/direction+destination+absolute_time,5,high,False,bart_live_20260911_161720,
50,776,1965659,1965659,19TH,station+line+platform/direction+destination+absolute_time,5,high,False,bart_live_20260911_161720,
72,865,1965655,1965655,24TH,station+line+platform/direction+destination+absolute_time,5,high,False,bart_live_20260911_161720,
341,284,1965460,1965460,MCAR,station+line+platform/direction+destination+absolute_time,5,high,False,bart_live_20260911_161720,
342,304,1965457,1965457,MCAR,station+line+platform/direction+destination+absolute_time,5,high,False,bart_live_20260911_161720,
39,721,1965152,1965152,16TH,station+line+platform/direction+destination+absolute_time,6,high,False,bart_live_20260911_161720,
82,759,1965195,1965195,24TH,station+line+platform/direction+destination+absolute_time,6,high,False,bart_live_20260911_161720,
131,21,1965521,1965521,BERY,station+line+platform/direction+destination+absolute_time,6,high,False,bart_live_20260911_161720,
326,267,1965459,1965459,LAKE,station+line+platform/direction+destination+absolute_time,6,high,False,bart_live_20260911_161720,
482,254,1965458,1965458,SANL,station+line+platform/direction+destination+absolute_time,6,high,False,bart_live_20260911_161720,
541,3,1965520,1965520,UCTY,station+line+platform/direction+destination+absolute_time,6,high,False,bart_live_20260911_161720,
542,25,1965521,1965521,UCTY,station+line+platform/direction+destination+absolute_time,6,high,False,bart_live_20260911_161720,
58,370,1965196,1965196,19TH,station+line+platform/direction+destination+absolute_time,7,high,False,bart_live_20260911_161720,
81,722,1965152,1965152,24TH,station+line+platform/direction+destination+absolute_time,7,high,False,bart_live_20260911_161720,
305,760,1965195,1965195,GLEN,station+line+platform/direction+destination+absolute_time,7,high,False,bart_live_20260911_161720,
322,385,1965154,1965154,LAFY,station+line+platform/direction+destination+absolute_time,7,high,False,bart_live_20260911_161720,
324,430,1965155,1965155,LAFY,station+line+platform/direction+destination+absolute_time,7,high,False,bart_live_20260911_161720,
378,919,1965657,1965657,MONT,station+line+platform/direction+destination+absolute_time,7,high,False,bart_live_20260911_161720,
379,941,1965658,1965658,MONT,station+line+platform/direction+destination+absolute_time,7,high,False,bart_live_20260911_161720,
496,871,1965655,1965655,SBRN,station+line+platform/direction+destination+absolute_time,7,high,False,bart_live_20260911_161720,
516,227,1965456,1965456,SHAY,station+line+platform/direction+destination+absolute_time,7,high,False,bart_live_20260911_161720,
528,908,1965656,1965656,SSAN,station+line+platform/direction+destination+absolute_time,7,high,False,bart_live_20260911_161720,
535,691,1965194,1965194,SSAN,station+line+platform/direction+destination+absolute_time,7,high,False,bart_live_20260911_161720,
590,372,1965196,1965196,WOAK,station+line+platform/direction+destination+absolute_time,7,high,False,bart_live_20260911_161720,
15,354,1965153,1965153,12TH,station+line+platform/direction+destination+absolute_time,8,high,False,bart_live_20260911_161720,
17,390,1965154,1965154,12TH,station+line+platform/direction+destination+absolute_time,8,high,False,bart_live_20260911_161720,
197,427,1965155,1965155,CONC,station+line+platform/direction+destination+absolute_time,8,high,False,bart_live_20260911_161720,
199,476,1965156,1965156,CONC,station+line+platform/direction+destination+absolute_time,8,high,False,bart_live_20260911_161720,
266,2,1965520,1965520,FRMT,station+line+platform/direction+destination+absolute_time,8,high,False,bart_live_20260911_161720,
267,24,1965521,1965521,FRMT,station+line+platform/direction+destination+absolute_time,8,high,False,bart_live_20260911_161720,
389,281,1965460,1965460,NBRK,station+line+platform/direction+destination+absolute_time,8,high,False,bart_live_20260911_161720,
390,301,1965457,1965457,NBRK,station+line+platform/direction+destination+absolute_time,8,high,False,bart_live_20260911_161720,
25,956,1965791,1965791,16TH,station+line+platform/direction+destination+absolute_time,9,high,False,bart_live_20260911_161720,
57,353,1965153,1965153,19TH,station+line+platform/direction+destination+absolute_time,9,high,False,bart_live_20260911_161720,
117,724,1965152,1965152,BALB,station+line+platform/direction+destination+absolute_time,9,high,False,bart_live_20260911_161720,
250,898,1965656,1965656,EMBR,station+line+platform/direction+destination+absolute_time,9,high,False,bart_live_20260911_161720,
344,936,1965658,1965658,MCAR,station+line+platform/direction+destination+absolute_time,9,high,False,bart_live_20260911_161720,
345,775,1965659,1965659,MCAR,station+line+platform/direction+destination+absolute_time,9,high,False,bart_live_20260911_161720,
387,755,1965195,1965195,MONT,station+line+platform/direction+destination+absolute_time,9,high,False,bart_live_20260911_161720,
438,910,1965657,1965657,PLZA,station+line+platform/direction+destination+absolute_time,9,high,False,bart_live_20260911_161720,
67,957,1965791,1965791,24TH,station+line+platform/direction+destination+absolute_time,10,high,False,bart_live_20260911_161720,
107,867,1965655,1965655,BALB,station+line+platform/direction+destination+absolute_time,10,high,False,bart_live_20260911_161720,
109,925,1965657,1965657,BALB,station+line+platform/direction+destination+absolute_time,10,high,False,bart_live_20260911_161720,
149,126,1965517,1965517,CIVC,station+line+platform/direction+destination+absolute_time,10,high,False,bart_live_20260911_161720,
168,869,1965655,1965655,COLM,station+line+platform/direction+destination+absolute_time,10,high,False,bart_live_20260911_161720,
170,927,1965657,1965657,COLM,station+line+platform/direction+destination+absolute_time,10,high,False,bart_live_20260911_161720,
224,934,1965658,1965658,DBRK,station+line+platform/direction+destination+absolute_time,10,high,False,bart_live_20260911_161720,
225,773,1965659,1965659,DBRK,station+line+platform/direction+destination+absolute_time,10,high,False,bart_live_20260911_161720,
260,754,1965195,1965195,EMBR,station+line+platform/direction+destination+absolute_time,10,high,False,bart_live_20260911_161720,
373,124,1965517,1965517,MONT,station+line+platform/direction+destination+absolute_time,10,high,False,bart_live_20260911_161720,
519,4,1965520,1965520,SHAY,station+line+platform/direction+destination+absolute_time,10,high,False,bart_live_20260911_161720,
520,26,1965521,1965521,SHAY,station+line+platform/direction+destination+absolute_time,10,high,False,bart_live_20260911_161720,
540,167,1965519,1965519,UCTY,station+line+platform/direction+destination+absolute_time,10,high,False,bart_live_20260911_161720,
546,204,1965455,1965455,WARM,station+line+platform/direction+destination+absolute_time,10,high,False,bart_live_20260911_161720,
73,903,1965656,1965656,24TH,station+line+platform/direction+destination+absolute_time,11,high,False,bart_live_20260911_161720,
123,990,1965793,1965793,BAYF,station+line+platform/direction+destination+absolute_time,11,high,False,bart_live_20260911_161720,
311,5,1965520,1965520,HAYW,station+line+platform/direction+destination+absolute_time,11,high,False,bart_live_20260911_161720,
312,27,1965521,1965521,HAYW,station+line+platform/direction+destination+absolute_time,11,high,False,bart_live_20260911_161720,
328,121,1965517,1965517,LAKE,station+line+platform/direction+destination+absolute_time,11,high,False,bart_live_20260911_161720,
386,718,1965152,1965152,MONT,station+line+platform/direction+destination+absolute_time,11,high,False,bart_live_20260911_161720,
451,954,1965791,1965791,POWL,station+line+platform/direction+destination+absolute_time,11,high,False,bart_live_20260911_161720,
457,920,1965657,1965657,POWL,station+line+platform/direction+destination+absolute_time,11,high,False,bart_live_20260911_161720,
458,942,1965658,1965658,POWL,station+line+platform/direction+destination+absolute_time,11,high,False,bart_live_20260911_161720,
527,870,1965655,1965655,SSAN,station+line+platform/direction+destination+absolute_time,11,high,False,bart_live_20260911_161720,
574,122,1965517,1965517,WOAK,station+line+platform/direction+destination+absolute_time,11,high,False,bart_live_20260911_161720,
3,266,1965459,1965459,12TH,station+line+platform/direction+destination+absolute_time,12,high,False,bart_live_20260911_161720,
4,286,1965460,1965460,12TH,station+line+platform/direction+destination+absolute_time,12,high,False,bart_live_20260911_161720,
5,306,1965457,1965457,12TH,station+line+platform/direction+destination+absolute_time,12,high,False,bart_live_20260911_161720,
103,959,1965791,1965791,BALB,station+line+platform/direction+destination+absolute_time,12,high,False,bart_live_20260911_161720,
118,761,1965195,1965195,BALB,station+line+platform/direction+destination+absolute_time,12,high,False,bart_live_20260911_161720,
275,155,1965518,1965518,FTVL,station+line+platform/direction+destination+absolute_time,12,high,False,bart_live_20260911_161720,
405,475,1965156,1965156,NCON,station+line+platform/direction+destination+absolute_time,12,high,False,bart_live_20260911_161720,
561,429,1965155,1965155,WCRK,station+line+platform/direction+destination+absolute_time,12,high,False,bart_live_20260911_161720,
108,905,1965656,1965656,BALB,station+line+platform/direction+destination+absolute_time,13,high,False,bart_live_20260911_161720,
122,152,1965518,1965518,BAYF,station+line+platform/direction+destination+absolute_time,13,high,False,bart_live_20260911_161720,
412,386,1965154,1965154,ORIN,station+line+platform/direction+destination+absolute_time,13,high,False,bart_live_20260911_161720,
414,431,1965155,1965155,ORIN,station+line+platform/direction+destination+absolute_time,13,high,False,bart_live_20260911_161720,
439,932,1965658,1965658,PLZA,station+line+platform/direction+destination+absolute_time,13,high,False,bart_live_20260911_161720,
440,771,1965659,1965659,PLZA,station+line+platform/direction+destination+absolute_time,13,high,False,bart_live_20260911_161720,
184,992,1965793,1965793,COLS,station+line+platform/direction+destination+absolute_time,14,high,False,bart_live_20260911_161720,
236,1004,1965794,1965794,DUBL,station+line+platform/direction+destination+absolute_time,14,high,False,bart_live_20260911_161720,
237,1023,1965795,1965795,DUBL,station+line+platform/direction+destination+absolute_time,14,high,False,bart_live_20260911_161720,
244,952,1965791,1965791,EMBR,station+line+platform/direction+destination+absolute_time,14,high,False,bart_live_20260911_161720,
263,229,1965456,1965456,FRMT,station+line+platform/direction+destination+absolute_time,14,high,False,bart_live_20260911_161720,
391,911,1965657,1965657,NBRK,station+line+platform/direction+destination+absolute_time,14,high,False,bart_live_20260911_161720,
427,404,1965197,1965197,PHIL,station+line+platform/direction+destination+absolute_time,14,high,False,bart_live_20260911_161720,
428,428,1965155,1965155,PHIL,station+line+platform/direction+destination+absolute_time,14,high,False,bart_live_20260911_161720,
429,452,1965198,1965198,PHIL,station+line+platform/direction+destination+absolute_time,14,high,False,bart_live_20260911_161720,
465,719,1965152,1965152,POWL,station+line+platform/direction+destination+absolute_time,14,high,False,bart_live_20260911_161720,
518,168,1965519,1965519,SHAY,station+line+platform/direction+destination+absolute_time,14,high,False,bart_live_20260911_161720,
59,389,1965154,1965154,19TH,station+line+platform/direction+destination+absolute_time,15,high,False,bart_live_20260911_161720,
291,130,1965517,1965517,GLEN,station+line+platform/direction+destination+absolute_time,15,high,False,bart_live_20260911_161720,
310,169,1965519,1965519,HAYW,station+line+platform/direction+destination+absolute_time,15,high,False,bart_live_20260911_161720,
24,96,1965516,1965516,16TH,station+line+platform/direction+destination+absolute_time,16,high,False,bart_live_20260911_161720,
74,923,1965657,1965657,24TH,station+line+platform/direction+destination+absolute_time,16,high,False,bart_live_20260911_161720,
164,359,1965153,1965153,CIVC,station+line+platform/direction+destination+absolute_time,16,high,False,bart_live_20260911_161720,
220,262,1965459,1965459,DBRK,station+line+platform/direction+destination+absolute_time,16,high,False,bart_live_20260911_161720,
404,450,1965198,1965198,NCON,station+line+platform/direction+destination+absolute_time,16,high,False,bart_live_20260911_161720,
503,662,1965151,1965151,SBRN,station+line+platform/direction+destination+absolute_time,16,high,False,bart_live_20260911_161720,
536,727,1965152,1965152,SSAN,station+line+platform/direction+destination+absolute_time,16,high,False,bart_live_20260911_161720,
560,405,1965197,1965197,WCRK,station+line+platform/direction+destination+absolute_time,16,high,False,bart_live_20260911_161720,
562,453,1965198,1965198,WCRK,station+line+platform/direction+destination+absolute_time,16,high,False,bart_live_20260911_161720,
31,922,1965657,1965657,16TH,station+line+platform/direction+destination+absolute_time,17,high,False,bart_live_20260911_161720,
32,944,1965658,1965658,16TH,station+line+platform/direction+destination+absolute_time,17,high,False,bart_live_20260911_161720,
66,97,1965516,1965516,24TH,station+line+platform/direction+destination+absolute_time,17,high,False,bart_live_20260911_161720,
162,720,1965152,1965152,CIVC,station+line+platform/direction+destination+absolute_time,17,high,False,bart_live_20260911_161720,
163,757,1965195,1965195,CIVC,station+line+platform/direction+destination+absolute_time,17,high,False,bart_live_20260911_161720,
208,868,1965655,1965655,DALY,station+line+platform/direction+destination+absolute_time,17,high,False,bart_live_20260911_161720,
210,926,1965657,1965657,DALY,station+line+platform/direction+destination+absolute_time,17,high,False,bart_live_20260911_161720,
218,725,1965152,1965152,DALY,station+line+platform/direction+destination+absolute_time,17,high,False,bart_live_20260911_161720,
372,953,1965791,1965791,MONT,station+line+platform/direction+destination+absolute_time,17,high,False,bart_live_20260911_161720,
124,170,1965519,1965519,BAYF,station+line+platform/direction+destination+absolute_time,18,high,False,bart_live_20260911_161720,
358,205,1965455,1965455,MLPT,station+line+platform/direction+destination+absolute_time,18,high,False,bart_live_20260911_161720,
456,900,1965656,1965656,POWL,station+line+platform/direction+destination+absolute_time,18,high,False,bart_live_20260911_161720,
478,368,1965196,1965196,ROCK,station+line+platform/direction+destination+absolute_time,18,high,False,bart_live_20260911_161720,
508,841,1965654,1965654,SFIA,station+line+platform/direction+destination+absolute_time,18,high,False,bart_live_20260911_161720,
509,872,1965655,1965655,SFIA,station+line+platform/direction+destination+absolute_time,18,high,False,bart_live_20260911_161720,
563,1005,1965794,1965794,WDUB,station+line+platform/direction+destination+absolute_time,18,high,False,bart_live_20260911_161720,
564,1024,1965795,1965795,WDUB,station+line+platform/direction+destination+absolute_time,18,high,False,bart_live_20260911_161720,
45,265,1965459,1965459,19TH,station+line+platform/direction+destination+absolute_time,19,high,False,bart_live_20260911_161720,
46,285,1965460,1965460,19TH,station+line+platform/direction+destination+absolute_time,19,high,False,bart_live_20260911_161720,
47,305,1965457,1965457,19TH,station+line+platform/direction+destination+absolute_time,19,high,False,bart_live_20260911_161720,
102,99,1965516,1965516,BALB,station+line+platform/direction+destination+absolute_time,19,high,False,bart_live_20260911_161720,
116,688,1965194,1965194,BALB,station+line+platform/direction+destination+absolute_time,19,high,False,bart_live_20260911_161720,
413,407,1965197,1965197,ORIN,station+line+platform/direction+destination+absolute_time,19,high,False,bart_live_20260911_161720,
436,280,1965460,1965460,PLZA,station+line+platform/direction+destination+absolute_time,19,high,False,bart_live_20260911_161720,
437,300,1965457,1965457,PLZA,station+line+platform/direction+destination+absolute_time,19,high,False,bart_live_20260911_161720,
30,902,1965656,1965656,16TH,station+line+platform/direction+destination+absolute_time,20,high,False,bart_live_20260911_161720,
148,955,1965791,1965791,CIVC,station+line+platform/direction+destination+absolute_time,20,high,False,bart_live_20260911_161720,
198,451,1965198,1965198,CONC,station+line+platform/direction+destination+absolute_time,20,high,False,bart_live_20260911_161720,
209,906,1965656,1965656,DALY,station+line+platform/direction+destination+absolute_time,20,high,False,bart_live_20260911_161720,
217,689,1965194,1965194,DALY,station+line+platform/direction+destination+absolute_time,20,high,False,bart_live_20260911_161720,
223,912,1965657,1965657,DBRK,station+line+platform/direction+destination+absolute_time,20,high,False,bart_live_20260911_161720,
352,369,1965196,1965196,MCAR,station+line+platform/direction+destination+absolute_time,20,high,False,bart_live_20260911_161720,
392,933,1965658,1965658,NBRK,station+line+platform/direction+destination+absolute_time,20,high,False,bart_live_20260911_161720,
393,772,1965659,1965659,NBRK,station+line+platform/direction+destination+absolute_time,20,high,False,bart_live_20260911_161720,
484,153,1965518,1965518,SANL,station+line+platform/direction+destination+absolute_time,20,high,False,bart_live_20260911_161720,
538,228,1965456,1965456,UCTY,station+line+platform/direction+destination+absolute_time,20,high,False,bart_live_20260911_161720,
177,726,1965152,1965152,COLM,station+line+platform/direction+destination+absolute_time,21,high,False,bart_live_20260911_161720,
183,154,1965518,1965518,COLS,station+line+platform/direction+destination+absolute_time,21,high,False,bart_live_20260911_161720,
219,762,1965195,1965195,DALY,station+line+platform/direction+destination+absolute_time,21,high,False,bart_live_20260911_161720,
261,356,1965153,1965153,EMBR,station+line+platform/direction+destination+absolute_time,21,high,False,bart_live_20260911_161720,
306,362,1965153,1965153,GLEN,station+line+platform/direction+destination+absolute_time,21,high,False,bart_live_20260911_161720,
307,226,1965456,1965456,HAYW,station+line+platform/direction+destination+absolute_time,21,high,False,bart_live_20260911_161720,
309,256,1965458,1965458,HAYW,station+line+platform/direction+destination+absolute_time,21,high,False,bart_live_20260911_161720,
452,125,1965517,1965517,POWL,station+line+platform/direction+destination+absolute_time,21,high,False,bart_live_20260911_161720,
467,358,1965153,1965153,POWL,station+line+platform/direction+destination+absolute_time,21,high,False,bart_live_20260911_161720,
589,355,1965153,1965153,WOAK,station+line+platform/direction+destination+absolute_time,21,high,False,bart_live_20260911_161720,
591,391,1965154,1965154,WOAK,station+line+platform/direction+destination+absolute_time,21,high,False,bart_live_20260911_161720,
221,282,1965460,1965460,DBRK,station+line+platform/direction+destination+absolute_time,22,high,False,bart_live_20260911_161720,
222,302,1965457,1965457,DBRK,station+line+platform/direction+destination+absolute_time,22,high,False,bart_live_20260911_161720,
304,723,1965152,1965152,GLEN,station+line+platform/direction+destination+absolute_time,22,high,False,bart_live_20260911_161720,
434,449,1965198,1965198,PITT,station+line+platform/direction+destination+absolute_time,22,high,False,bart_live_20260911_161720,
265,166,1965519,1965519,FRMT,station+line+platform/direction+destination+absolute_time,23,high,False,bart_live_20260911_161720,
505,728,1965152,1965152,SBRN,station+line+platform/direction+destination+absolute_time,23,high,False,bart_live_20260911_161720,
16,371,1965196,1965196,12TH,station+line+platform/direction+destination+absolute_time,24,high,False,bart_live_20260911_161720,
549,1,1965520,1965520,WARM,station+line+platform/direction+destination+absolute_time,24,high,False,bart_live_20260911_161720,
550,23,1965521,1965521,WARM,station+line+platform/direction+destination+absolute_time,24,high,False,bart_live_20260911_161720,
136,1006,1965794,1965794,CAST,station+line+platform/direction+destination+absolute_time,25,high,False,bart_live_20260911_161720,
137,1025,1965795,1965795,CAST,station+line+platform/direction+destination+absolute_time,25,high,False,bart_live_20260911_161720,
290,958,1965791,1965791,GLEN,station+line+platform/direction+destination+absolute_time,25,high,False,bart_live_20260911_161720,
323,406,1965197,1965197,LAFY,station+line+platform/direction+destination+absolute_time,25,high,False,bart_live_20260911_161720,
340,264,1965459,1965459,MCAR,station+line+platform/direction+destination+absolute_time,25,high,False,bart_live_20260911_161720,
466,756,1965195,1965195,POWL,station+line+platform/direction+destination+absolute_time,25,high,False,bart_live_20260911_161720,
83,361,1965153,1965153,24TH,station+line+platform/direction+destination+absolute_time,26,high,False,bart_live_20260911_161720,
91,935,1965658,1965658,ASHB,station+line+platform/direction+destination+absolute_time,26,high,False,bart_live_20260911_161720,
92,774,1965659,1965659,ASHB,station+line+platform/direction+destination+absolute_time,26,high,False,bart_live_20260911_161720,
153,901,1965656,1965656,CIVC,station+line+platform/direction+destination+absolute_time,26,high,False,bart_live_20260911_161720,
154,921,1965657,1965657,CIVC,station+line+platform/direction+destination+absolute_time,26,high,False,bart_live_20260911_161720,
155,943,1965658,1965658,CIVC,station+line+platform/direction+destination+absolute_time,26,high,False,bart_live_20260911_161720,
468,278,1965460,1965460,RICH,station+line+platform/direction+destination+absolute_time,26,high,False,bart_live_20260911_161720,
469,298,1965457,1965457,RICH,station+line+platform/direction+destination+absolute_time,26,high,False,bart_live_20260911_161720,
41,360,1965153,1965153,16TH,station+line+platform/direction+destination+absolute_time,27,high,False,bart_live_20260911_161720,
87,263,1965459,1965459,ASHB,station+line+platform/direction+destination+absolute_time,27,high,False,bart_live_20260911_161720,
147,95,1965516,1965516,CIVC,station+line+platform/direction+destination+absolute_time,27,high,False,bart_live_20260911_161720,
180,253,1965458,1965458,COLS,station+line+platform/direction+destination+absolute_time,27,high,False,bart_live_20260911_161720,
272,252,1965458,1965458,FTVL,station+line+platform/direction+destination+absolute_time,27,high,False,bart_live_20260911_161720,
274,978,1965792,1965792,FTVL,station+line+platform/direction+destination+absolute_time,27,high,False,bart_live_20260911_161720,
276,993,1965793,1965793,FTVL,station+line+platform/direction+destination+absolute_time,27,high,False,bart_live_20260911_161720,
104,129,1965517,1965517,BALB,station+line+platform/direction+destination+absolute_time,28,high,False,bart_live_20260911_161720,
178,763,1965195,1965195,COLM,station+line+platform/direction+destination+absolute_time,28,high,False,bart_live_20260911_161720,
229,279,1965460,1965460,DELN,station+line+platform/direction+destination+absolute_time,28,high,False,bart_live_20260911_161720,
230,299,1965457,1965457,DELN,station+line+platform/direction+destination+absolute_time,28,high,False,bart_live_20260911_161720,
289,98,1965516,1965516,GLEN,station+line+platform/direction+destination+absolute_time,28,high,False,bart_live_20260911_161720,
479,387,1965154,1965154,ROCK,station+line+platform/direction+destination+absolute_time,28,high,False,bart_live_20260911_161720,
90,913,1965657,1965657,ASHB,station+line+platform/direction+destination+absolute_time,29,high,False,bart_live_20260911_161720,
246,981,1965792,1965792,EMBR,station+line+platform/direction+destination+absolute_time,29,high,False,bart_live_20260911_161720,
251,918,1965657,1965657,EMBR,station+line+platform/direction+destination+absolute_time,29,high,False,bart_live_20260911_161720,
252,940,1965658,1965658,EMBR,station+line+platform/direction+destination+absolute_time,29,high,False,bart_live_20260911_161720,
295,866,1965655,1965655,GLEN,station+line+platform/direction+destination+absolute_time,29,high,False,bart_live_20260911_161720,
297,924,1965657,1965657,GLEN,station+line+platform/direction+destination+absolute_time,29,high,False,bart_live_20260911_161720,
354,409,1965197,1965197,MCAR,station+line+platform/direction+destination+absolute_time,29,high,False,bart_live_20260911_161720,
435,474,1965156,1965156,PITT,station+line+platform/direction+destination+absolute_time,29,high,False,bart_live_20260911_161720,
575,980,1965792,1965792,WOAK,station+line+platform/direction+destination+absolute_time,29,high,False,bart_live_20260911_161720,
581,917,1965657,1965657,WOAK,station+line+platform/direction+destination+absolute_time,29,high,False,bart_live_20260911_161720,
582,939,1965658,1965658,WOAK,station+line+platform/direction+destination+absolute_time,29,high,False,bart_live_20260911_161720,
0,584,1965273,1965273,12TH,station+line+platform/direction+destination+absolute_time,0,medium,False,bart_live_20260911_161720,
68,128,1965517,1965517,24TH,station+line+platform/direction+destination+absolute_time,30,high,False,bart_live_20260911_161720,
506,663,1965275,1965275,SFIA,station+line+platform/direction+destination+absolute_time,0,medium,False,bart_live_20260911_161720,
507,729,1965276,1965276,SFIA,station+line+platform/direction+destination+absolute_time,0,medium,False,bart_live_20260911_161720,
75,598,1965304,1965304,24TH,station+line+platform/direction+destination+absolute_time,1,medium,False,bart_live_20260911_161720,
150,1050,1965849,1965849,CIVC,station+line+platform/direction+destination+absolute_time,1,medium,False,bart_live_20260911_161720,
374,1052,1965849,1965849,MONT,station+line+platform/direction+destination+absolute_time,1,medium,False,bart_live_20260911_161720,
381,648,1965305,1965305,MONT,station+line+platform/direction+destination+absolute_time,1,medium,False,bart_live_20260911_161720,
382,704,1965306,1965306,MONT,station+line+platform/direction+destination+absolute_time,1,medium,False,bart_live_20260911_161720,
395,321,1965398,1965398,NBRK,station+line+platform/direction+destination+absolute_time,1,medium,False,bart_live_20260911_161720,
555,561,1965272,1965272,WCRK,station+line+platform/direction+destination+absolute_time,1,medium,False,bart_live_20260911_161720,
1,626,1965274,1965274,12TH,station+line+platform/direction+destination+absolute_time,2,medium,False,bart_live_20260911_161720,
2,677,1965275,1965275,12TH,station+line+platform/direction+destination+absolute_time,2,medium,False,bart_live_20260911_161720,
12,792,1965697,1965697,12TH,station+line+platform/direction+destination+absolute_time,2,medium,False,bart_live_20260911_161720,
14,809,1965698,1965698,12TH,station+line+platform/direction+destination+absolute_time,2,medium,False,bart_live_20260911_161720,
140,1060,1965849,1965849,CAST,station+line+platform/direction+destination+absolute_time,2,medium,False,bart_live_20260911_161720,
241,59,1965564,1965564,EMBR,station+line+platform/direction+destination+absolute_time,2,medium,False,bart_live_20260911_161720,
271,47,1965563,1965563,FTVL,station+line+platform/direction+destination+absolute_time,2,medium,False,bart_live_20260911_161720,
286,74,1965565,1965565,GLEN,station+line+platform/direction+destination+absolute_time,2,medium,False,bart_live_20260911_161720,
321,610,1965304,1965304,LAFY,station+line+platform/direction+destination+absolute_time,2,medium,False,bart_live_20260911_161720,
357,20,1965561,1965561,MLPT,station+line+platform/direction+destination+absolute_time,2,medium,False,bart_live_20260911_161720,
513,843,1965700,1965700,SFIA,station+line+platform/direction+destination+absolute_time,2,medium,False,bart_live_20260911_161720,
514,874,1965701,1965701,SFIA,station+line+platform/direction+destination+absolute_time,2,medium,False,bart_live_20260911_161720,
568,583,1965273,1965273,WOAK,station+line+platform/direction+destination+absolute_time,2,medium,False,bart_live_20260911_161720,
587,808,1965698,1965698,WOAK,station+line+platform/direction+destination+absolute_time,2,medium,False,bart_live_20260911_161720,
94,795,1965697,1965697,ASHB,station+line+platform/direction+destination+absolute_time,3,medium,False,bart_live_20260911_161720,
264,54,1965563,1965563,FRMT,station+line+platform/direction+destination+absolute_time,3,medium,False,bart_live_20260911_161720,
281,343,1965400,1965400,FTVL,station+line+platform/direction+destination+absolute_time,3,medium,False,bart_live_20260911_161720,
282,194,1965401,1965401,FTVL,station+line+platform/direction+destination+absolute_time,3,medium,False,bart_live_20260911_161720,
350,794,1965697,1965697,MCAR,station+line+platform/direction+destination+absolute_time,3,medium,False,bart_live_20260911_161720,
64,103,1965566,1965566,24TH,station+line+platform/direction+destination+absolute_time,4,medium,False,bart_live_20260911_161720,
65,134,1965567,1965567,24TH,station+line+platform/direction+destination+absolute_time,4,medium,False,bart_live_20260911_161720,
70,1065,1965850,1965850,24TH,station+line+platform/direction+destination+absolute_time,4,medium,False,bart_live_20260911_161720,
71,963,1965851,1965851,24TH,station+line+platform/direction+destination+absolute_time,4,medium,False,bart_live_20260911_161720,
100,101,1965566,1965566,BALB,station+line+platform/direction+destination+absolute_time,4,medium,False,bart_live_20260911_161720,
101,132,1965567,1965567,BALB,station+line+platform/direction+destination+absolute_time,4,medium,False,bart_live_20260911_161720,
105,1063,1965850,1965850,BALB,station+line+platform/direction+destination+absolute_time,4,medium,False,bart_live_20260911_161720,
106,961,1965851,1965851,BALB,station+line+platform/direction+destination+absolute_time,4,medium,False,bart_live_20260911_161720,
214,821,1965699,1965699,DALY,station+line+platform/direction+destination+absolute_time,4,medium,False,bart_live_20260911_161720,
215,847,1965700,1965700,DALY,station+line+platform/direction+destination+absolute_time,4,medium,False,bart_live_20260911_161720,
216,878,1965701,1965701,DALY,station+line+platform/direction+destination+absolute_time,4,medium,False,bart_live_20260911_161720,
235,799,1965697,1965697,DELN,station+line+platform/direction+destination+absolute_time,4,medium,False,bart_live_20260911_161720,
253,566,1965303,1965303,EMBR,station+line+platform/direction+destination+absolute_time,4,medium,False,bart_live_20260911_161720,
292,1047,1965849,1965849,GLEN,station+line+platform/direction+destination+absolute_time,4,medium,False,bart_live_20260911_161720,
316,560,1965272,1965272,LAFY,station+line+platform/direction+destination+absolute_time,4,medium,False,bart_live_20260911_161720,
402,577,1965303,1965303,NCON,station+line+platform/direction+destination+absolute_time,4,medium,False,bart_live_20260911_161720,
584,604,1965304,1965304,WOAK,station+line+platform/direction+destination+absolute_time,4,medium,False,bart_live_20260911_161720,
586,791,1965697,1965697,WOAK,station+line+platform/direction+destination+absolute_time,4,medium,False,bart_live_20260911_161720,
43,627,1965274,1965274,19TH,station+line+platform/direction+destination+absolute_time,5,medium,False,bart_live_20260911_161720,
44,678,1965275,1965275,19TH,station+line+platform/direction+destination+absolute_time,5,medium,False,bart_live_20260911_161720,
204,100,1965566,1965566,DALY,station+line+platform/direction+destination+absolute_time,5,medium,False,bart_live_20260911_161720,
239,624,1965274,1965274,EMBR,station+line+platform/direction+destination+absolute_time,5,medium,False,bart_live_20260911_161720,
240,675,1965275,1965275,EMBR,station+line+platform/direction+destination+absolute_time,5,medium,False,bart_live_20260911_161720,
302,823,1965699,1965699,GLEN,station+line+platform/direction+destination+absolute_time,5,medium,False,bart_live_20260911_161720,
303,849,1965700,1965700,GLEN,station+line+platform/direction+destination+absolute_time,5,medium,False,bart_live_20260911_161720,
337,557,1965272,1965272,MCAR,station+line+platform/direction+destination+absolute_time,5,medium,False,bart_live_20260911_161720,
359,46,1965562,1965562,MLPT,station+line+platform/direction+destination+absolute_time,5,medium,False,bart_live_20260911_161720,
369,79,1965565,1965565,MONT,station+line+platform/direction+destination+absolute_time,5,medium,False,bart_live_20260911_161720,
572,81,1965565,1965565,WOAK,station+line+platform/direction+destination+absolute_time,5,medium,False,bart_live_20260911_161720,
113,800,1965698,1965698,BALB,station+line+platform/direction+destination+absolute_time,6,medium,False,bart_live_20260911_161720,
142,621,1965274,1965274,CIVC,station+line+platform/direction+destination+absolute_time,6,medium,False,bart_live_20260911_161720,
143,672,1965275,1965275,CIVC,station+line+platform/direction+destination+absolute_time,6,medium,False,bart_live_20260911_161720,
201,667,1965275,1965275,DALY,station+line+platform/direction+destination+absolute_time,6,medium,False,bart_live_20260911_161720,
202,733,1965276,1965276,DALY,station+line+platform/direction+destination+absolute_time,6,medium,False,bart_live_20260911_161720,
228,332,1965399,1965399,DBRK,station+line+platform/direction+destination+absolute_time,6,medium,False,bart_live_20260911_161720,
301,801,1965698,1965698,GLEN,station+line+platform/direction+destination+absolute_time,6,medium,False,bart_live_20260911_161720,
346,570,1965303,1965303,MCAR,station+line+platform/direction+destination+absolute_time,6,medium,False,bart_live_20260911_161720,
401,532,1965302,1965302,NCON,station+line+platform/direction+destination+absolute_time,6,medium,False,bart_live_20260911_161720,
410,572,1965303,1965303,ORIN,station+line+platform/direction+destination+absolute_time,6,medium,False,bart_live_20260911_161720,
551,186,1965401,1965401,WARM,station+line+platform/direction+destination+absolute_time,6,medium,False,bart_live_20260911_161720,
552,208,1965402,1965402,WARM,station+line+platform/direction+destination+absolute_time,6,medium,False,bart_live_20260911_161720,
553,234,1965403,1965403,WARM,station+line+platform/direction+destination+absolute_time,6,medium,False,bart_live_20260911_161720,
119,50,1965563,1965563,BAYF,station+line+platform/direction+destination+absolute_time,7,medium,False,bart_live_20260911_161720,
138,1021,1965847,1965847,CAST,station+line+platform/direction+destination+absolute_time,7,medium,False,bart_live_20260911_161720,
195,576,1965303,1965303,CONC,station+line+platform/direction+destination+absolute_time,7,medium,False,bart_live_20260911_161720,
257,829,1965699,1965699,EMBR,station+line+platform/direction+destination+absolute_time,7,medium,False,bart_live_20260911_161720,
258,855,1965700,1965700,EMBR,station+line+platform/direction+destination+absolute_time,7,medium,False,bart_live_20260911_161720,
273,62,1965564,1965564,FTVL,station+line+platform/direction+destination+absolute_time,7,medium,False,bart_live_20260911_161720,
283,618,1965274,1965274,GLEN,station+line+platform/direction+destination+absolute_time,7,medium,False,bart_live_20260911_161720,
284,669,1965275,1965275,GLEN,station+line+platform/direction+destination+absolute_time,7,medium,False,bart_live_20260911_161720,
285,735,1965276,1965276,GLEN,station+line+platform/direction+destination+absolute_time,7,medium,False,bart_live_20260911_161720,
347,607,1965304,1965304,MCAR,station+line+platform/direction+destination+absolute_time,7,medium,False,bart_live_20260911_161720,
348,653,1965305,1965305,MCAR,station+line+platform/direction+destination+absolute_time,7,medium,False,bart_live_20260911_161720,
368,58,1965564,1965564,MONT,station+line+platform/direction+destination+absolute_time,7,medium,False,bart_live_20260911_161720,
422,562,1965272,1965272,PHIL,station+line+platform/direction+destination+absolute_time,7,medium,False,bart_live_20260911_161720,
531,819,1965699,1965699,SSAN,station+line+platform/direction+destination+absolute_time,7,medium,False,bart_live_20260911_161720,
532,845,1965700,1965700,SSAN,station+line+platform/direction+destination+absolute_time,7,medium,False,bart_live_20260911_161720,
533,876,1965701,1965701,SSAN,station+line+platform/direction+destination+absolute_time,7,medium,False,bart_live_20260911_161720,
160,826,1965699,1965699,CIVC,station+line+platform/direction+destination+absolute_time,8,medium,False,bart_live_20260911_161720,
161,852,1965700,1965700,CIVC,station+line+platform/direction+destination+absolute_time,8,medium,False,bart_live_20260911_161720,
192,563,1965272,1965272,CONC,station+line+platform/direction+destination+absolute_time,8,medium,False,bart_live_20260911_161720,
365,581,1965273,1965273,MONT,station+line+platform/direction+destination+absolute_time,8,medium,False,bart_live_20260911_161720,
383,806,1965698,1965698,MONT,station+line+platform/direction+destination+absolute_time,8,medium,False,bart_live_20260911_161720,
406,559,1965272,1965272,ORIN,station+line+platform/direction+destination+absolute_time,8,medium,False,bart_live_20260911_161720,
488,1058,1965849,1965849,SANL,station+line+platform/direction+destination+absolute_time,8,medium,False,bart_live_20260911_161720,
10,605,1965304,1965304,12TH,station+line+platform/direction+destination+absolute_time,9,medium,False,bart_live_20260911_161720,
22,104,1965566,1965566,16TH,station+line+platform/direction+destination+absolute_time,9,medium,False,bart_live_20260911_161720,
23,135,1965567,1965567,16TH,station+line+platform/direction+destination+absolute_time,9,medium,False,bart_live_20260911_161720,
28,1066,1965850,1965850,16TH,station+line+platform/direction+destination+absolute_time,9,medium,False,bart_live_20260911_161720,
29,964,1965851,1965851,16TH,station+line+platform/direction+destination+absolute_time,9,medium,False,bart_live_20260911_161720,
141,579,1965273,1965273,CIVC,station+line+platform/direction+destination+absolute_time,9,medium,False,bart_live_20260911_161720,
159,804,1965698,1965698,CIVC,station+line+platform/direction+destination+absolute_time,9,medium,False,bart_live_20260911_161720,
370,107,1965566,1965566,MONT,station+line+platform/direction+destination+absolute_time,9,medium,False,bart_live_20260911_161720,
375,1069,1965850,1965850,MONT,station+line+platform/direction+destination+absolute_time,9,medium,False,bart_live_20260911_161720,
376,967,1965851,1965851,MONT,station+line+platform/direction+destination+absolute_time,9,medium,False,bart_live_20260911_161720,
411,609,1965304,1965304,ORIN,station+line+platform/direction+destination+absolute_time,9,medium,False,bart_live_20260911_161720,
524,665,1965275,1965275,SSAN,station+line+platform/direction+destination+absolute_time,9,medium,False,bart_live_20260911_161720,
525,731,1965276,1965276,SSAN,station+line+platform/direction+destination+absolute_time,9,medium,False,bart_live_20260911_161720,
543,337,1965400,1965400,UCTY,station+line+platform/direction+destination+absolute_time,9,medium,False,bart_live_20260911_161720,
171,640,1965305,1965305,COLM,station+line+platform/direction+destination+absolute_time,10,medium,False,bart_live_20260911_161720,
172,696,1965306,1965306,COLM,station+line+platform/direction+destination+absolute_time,10,medium,False,bart_live_20260911_161720,
515,42,1965562,1965562,SHAY,station+line+platform/direction+destination+absolute_time,10,medium,False,bart_live_20260911_161720,
571,60,1965564,1965564,WOAK,station+line+platform/direction+destination+absolute_time,10,medium,False,bart_live_20260911_161720,
133,206,1965402,1965402,BERY,station+line+platform/direction+destination+absolute_time,11,medium,False,bart_live_20260911_161720,
134,232,1965403,1965403,BERY,station+line+platform/direction+destination+absolute_time,11,medium,False,bart_live_20260911_161720,
182,977,1965792,1965792,COLS,station+line+platform/direction+destination+absolute_time,41,high,False,bart_live_20260911_161720,
185,1042,1965848,1965848,COLS,station+line+platform/direction+destination+absolute_time,11,medium,False,bart_live_20260911_161720,
349,318,1965398,1965398,MCAR,station+line+platform/direction+destination+absolute_time,11,medium,False,bart_live_20260911_161720,
400,473,1965301,1965301,NCON,station+line+platform/direction+destination+absolute_time,11,medium,False,bart_live_20260911_161720,
463,827,1965699,1965699,POWL,station+line+platform/direction+destination+absolute_time,11,medium,False,bart_live_20260911_161720,
464,853,1965700,1965700,POWL,station+line+platform/direction+destination+absolute_time,11,medium,False,bart_live_20260911_161720,
569,625,1965274,1965274,WOAK,station+line+platform/direction+destination+absolute_time,11,medium,False,bart_live_20260911_161720,
570,676,1965275,1965275,WOAK,station+line+platform/direction+destination+absolute_time,11,medium,False,bart_live_20260911_161720,
577,1054,1965849,1965849,WOAK,station+line+platform/direction+destination+absolute_time,11,medium,False,bart_live_20260911_161720,
76,644,1965305,1965305,24TH,station+line+platform/direction+destination+absolute_time,12,medium,False,bart_live_20260911_161720,
77,700,1965306,1965306,24TH,station+line+platform/direction+destination+absolute_time,12,medium,False,bart_live_20260911_161720,
111,642,1965305,1965305,BALB,station+line+platform/direction+destination+absolute_time,12,medium,False,bart_live_20260911_161720,
112,698,1965306,1965306,BALB,station+line+platform/direction+destination+absolute_time,12,medium,False,bart_live_20260911_161720,
165,615,1965274,1965274,COLM,station+line+platform/direction+destination+absolute_time,12,medium,False,bart_live_20260911_161720,
472,558,1965272,1965272,ROCK,station+line+platform/direction+destination+absolute_time,12,medium,False,bart_live_20260911_161720,
474,629,1965274,1965274,ROCK,station+line+platform/direction+destination+absolute_time,12,medium,False,bart_live_20260911_161720,
476,608,1965304,1965304,ROCK,station+line+platform/direction+destination+absolute_time,12,medium,False,bart_live_20260911_161720,
477,654,1965305,1965305,ROCK,station+line+platform/direction+destination+absolute_time,12,medium,False,bart_live_20260911_161720,
517,52,1965563,1965563,SHAY,station+line+platform/direction+destination+absolute_time,12,medium,False,bart_live_20260911_161720,
558,574,1965303,1965303,WCRK,station+line+platform/direction+destination+absolute_time,12,medium,False,bart_live_20260911_161720,
56,810,1965698,1965698,19TH,station+line+platform/direction+destination+absolute_time,13,medium,False,bart_live_20260911_161720,
127,1076,1965850,1965850,BAYF,station+line+platform/direction+destination+absolute_time,13,medium,False,bart_live_20260911_161720,
156,600,1965304,1965304,CIVC,station+line+platform/direction+destination+absolute_time,13,medium,False,bart_live_20260911_161720,
181,63,1965564,1965564,COLS,station+line+platform/direction+destination+absolute_time,13,medium,False,bart_live_20260911_161720,
278,1056,1965849,1965849,FTVL,station+line+platform/direction+destination+absolute_time,13,medium,False,bart_live_20260911_161720,
397,501,1965271,1965271,NCON,station+line+platform/direction+destination+absolute_time,13,medium,False,bart_live_20260911_161720,
399,593,1965273,1965273,NCON,station+line+platform/direction+destination+absolute_time,13,medium,False,bart_live_20260911_161720,
445,622,1965274,1965274,POWL,station+line+platform/direction+destination+absolute_time,13,medium,False,bart_live_20260911_161720,
446,673,1965275,1965275,POWL,station+line+platform/direction+destination+absolute_time,13,medium,False,bart_live_20260911_161720,
481,49,1965563,1965563,SANL,station+line+platform/direction+destination+absolute_time,13,medium,False,bart_live_20260911_161720,
585,650,1965305,1965305,WOAK,station+line+platform/direction+destination+absolute_time,13,medium,False,bart_live_20260911_161720,
588,830,1965699,1965699,WOAK,station+line+platform/direction+destination+absolute_time,13,medium,False,bart_live_20260911_161720,
69,1048,1965849,1965849,24TH,station+line+platform/direction+destination+absolute_time,14,medium,False,bart_live_20260911_161720,
93,319,1965398,1965398,ASHB,station+line+platform/direction+destination+absolute_time,14,medium,False,bart_live_20260911_161720,
126,1059,1965849,1965849,BAYF,station+line+platform/direction+destination+absolute_time,14,medium,False,bart_live_20260911_161720,
166,666,1965275,1965275,COLM,station+line+platform/direction+destination+absolute_time,14,medium,False,bart_live_20260911_161720,
167,732,1965276,1965276,COLM,station+line+platform/direction+destination+absolute_time,14,medium,False,bart_live_20260911_161720,
51,569,1965303,1965303,19TH,station+line+platform/direction+destination+absolute_time,15,medium,False,bart_live_20260911_161720,
84,1083,683,683,ANTC,station+line+platform/direction+destination+absolute_time,15,medium,False,bart_live_20260911_161720,
85,1086,685,685,ANTC,station+line+platform/direction+destination+absolute_time,15,medium,False,bart_live_20260911_161720,
86,1088,687,687,ANTC,station+line+platform/direction+destination+absolute_time,15,medium,False,bart_live_20260911_161720,
139,1045,1965848,1965848,CAST,station+line+platform/direction+destination+absolute_time,15,medium,False,bart_live_20260911_161720,
188,325,1965399,1965399,COLS,station+line+platform/direction+destination+absolute_time,15,medium,False,bart_live_20260911_161720,
380,602,1965304,1965304,MONT,station+line+platform/direction+destination+absolute_time,15,medium,False,bart_live_20260911_161720,
448,78,1965565,1965565,POWL,station+line+platform/direction+destination+absolute_time,15,medium,False,bart_live_20260911_161720,
449,106,1965566,1965566,POWL,station+line+platform/direction+destination+absolute_time,15,medium,False,bart_live_20260911_161720,
454,1068,1965850,1965850,POWL,station+line+platform/direction+destination+absolute_time,15,medium,False,bart_live_20260911_161720,
455,966,1965851,1965851,POWL,station+line+platform/direction+destination+absolute_time,15,medium,False,bart_live_20260911_161720,
473,587,1965273,1965273,ROCK,station+line+platform/direction+destination+absolute_time,15,medium,False,bart_live_20260911_161720,
487,1043,1965848,1965848,SANL,station+line+platform/direction+destination+absolute_time,15,medium,False,bart_live_20260911_161720,
498,638,1965305,1965305,SBRN,station+line+platform/direction+destination+absolute_time,15,medium,False,bart_live_20260911_161720,
499,694,1965306,1965306,SBRN,station+line+platform/direction+destination+absolute_time,15,medium,False,bart_live_20260911_161720,
554,498,1965271,1965271,WCRK,station+line+platform/direction+destination+absolute_time,15,medium,False,bart_live_20260911_161720,
125,1044,1965848,1965848,BAYF,station+line+platform/direction+destination+absolute_time,16,medium,False,bart_live_20260911_161720,
173,820,1965699,1965699,COLM,station+line+platform/direction+destination+absolute_time,16,medium,False,bart_live_20260911_161720,
174,846,1965700,1965700,COLM,station+line+platform/direction+destination+absolute_time,16,medium,False,bart_live_20260911_161720,
175,877,1965701,1965701,COLM,station+line+platform/direction+destination+absolute_time,16,medium,False,bart_live_20260911_161720,
189,342,1965400,1965400,COLS,station+line+platform/direction+destination+absolute_time,16,medium,False,bart_live_20260911_161720,
190,193,1965401,1965401,COLS,station+line+platform/direction+destination+absolute_time,16,medium,False,bart_live_20260911_161720,
211,595,1965304,1965304,DALY,station+line+platform/direction+destination+absolute_time,16,medium,False,bart_live_20260911_161720,
226,320,1965398,1965398,DBRK,station+line+platform/direction+destination+absolute_time,16,medium,False,bart_live_20260911_161720,
396,797,1965697,1965697,NBRK,station+line+platform/direction+destination+absolute_time,16,medium,False,bart_live_20260911_161720,
430,502,1965271,1965271,PITT,station+line+platform/direction+destination+absolute_time,16,medium,False,bart_live_20260911_161720,
441,767,1965696,1965696,PLZA,station+line+platform/direction+destination+absolute_time,16,medium,False,bart_live_20260911_161720,
483,64,1965564,1965564,SANL,station+line+platform/direction+destination+absolute_time,16,medium,False,bart_live_20260911_161720,
489,1075,1965850,1965850,SANL,station+line+platform/direction+destination+absolute_time,16,medium,False,bart_live_20260911_161720,
547,45,1965562,1965562,WARM,station+line+platform/direction+destination+absolute_time,16,medium,False,bart_live_20260911_161720,
34,645,1965305,1965305,16TH,station+line+platform/direction+destination+absolute_time,17,medium,False,bart_live_20260911_161720,
35,701,1965306,1965306,16TH,station+line+platform/direction+destination+absolute_time,17,medium,False,bart_live_20260911_161720,
37,825,1965699,1965699,16TH,station+line+platform/direction+destination+absolute_time,17,medium,False,bart_live_20260911_161720,
38,851,1965700,1965700,16TH,station+line+platform/direction+destination+absolute_time,17,medium,False,bart_live_20260911_161720,
233,768,1965696,1965696,DELN,station+line+platform/direction+destination+absolute_time,17,medium,False,bart_live_20260911_161720,
238,582,1965273,1965273,EMBR,station+line+platform/direction+destination+absolute_time,17,medium,False,bart_live_20260911_161720,
256,807,1965698,1965698,EMBR,station+line+platform/direction+destination+absolute_time,17,medium,False,bart_live_20260911_161720,
277,1041,1965848,1965848,FTVL,station+line+platform/direction+destination+absolute_time,17,medium,False,bart_live_20260911_161720,
298,597,1965304,1965304,GLEN,station+line+platform/direction+destination+absolute_time,17,medium,False,bart_live_20260911_161720,
319,528,1965302,1965302,LAFY,station+line+platform/direction+destination+absolute_time,17,medium,False,bart_live_20260911_161720,
398,564,1965272,1965272,NCON,station+line+platform/direction+destination+absolute_time,17,medium,False,bart_live_20260911_161720,
459,601,1965304,1965304,POWL,station+line+platform/direction+destination+absolute_time,17,medium,False,bart_live_20260911_161720,
475,571,1965303,1965303,ROCK,station+line+platform/direction+destination+absolute_time,17,medium,False,bart_live_20260911_161720,
157,646,1965305,1965305,CIVC,station+line+platform/direction+destination+absolute_time,18,medium,False,bart_live_20260911_161720,
158,702,1965306,1965306,CIVC,station+line+platform/direction+destination+absolute_time,18,medium,False,bart_live_20260911_161720,
196,613,1965304,1965304,CONC,station+line+platform/direction+destination+absolute_time,18,medium,False,bart_live_20260911_161720,
259,717,1965152,1965152,EMBR,station+line+platform/direction+destination+absolute_time,48,high,False,bart_live_20260911_161720,
421,499,1965271,1965271,PHIL,station+line+platform/direction+destination+absolute_time,18,medium,False,bart_live_20260911_161720,
19,620,1965274,1965274,16TH,station+line+platform/direction+destination+absolute_time,19,medium,False,bart_live_20260911_161720,
20,671,1965275,1965275,16TH,station+line+platform/direction+destination+absolute_time,19,medium,False,bart_live_20260911_161720,
27,1049,1965849,1965849,16TH,station+line+platform/direction+destination+absolute_time,19,medium,False,bart_live_20260911_161720,
128,340,1965400,1965400,BAYF,station+line+platform/direction+destination+absolute_time,19,medium,False,bart_live_20260911_161720,
129,191,1965401,1965401,BAYF,station+line+platform/direction+destination+absolute_time,19,medium,False,bart_live_20260911_161720,
130,213,1965402,1965402,BAYF,station+line+platform/direction+destination+absolute_time,19,medium,False,bart_live_20260911_161720,
186,1057,1965849,1965849,COLS,station+line+platform/direction+destination+absolute_time,19,medium,False,bart_live_20260911_161720,
254,603,1965304,1965304,EMBR,station+line+platform/direction+destination+absolute_time,19,medium,False,bart_live_20260911_161720,
255,649,1965305,1965305,EMBR,station+line+platform/direction+destination+absolute_time,19,medium,False,bart_live_20260911_161720,
313,339,1965400,1965400,HAYW,station+line+platform/direction+destination+absolute_time,19,medium,False,bart_live_20260911_161720,
314,190,1965401,1965401,HAYW,station+line+platform/direction+destination+absolute_time,19,medium,False,bart_live_20260911_161720,
315,212,1965402,1965402,HAYW,station+line+platform/direction+destination+absolute_time,19,medium,False,bart_live_20260911_161720,
351,330,1965399,1965399,MCAR,station+line+platform/direction+destination+absolute_time,19,medium,False,bart_live_20260911_161720,
355,842,1965700,1965700,MLBR,station+line+platform/direction+destination+absolute_time,19,medium,False,bart_live_20260911_161720,
356,873,1965701,1965701,MLBR,station+line+platform/direction+destination+absolute_time,19,medium,False,bart_live_20260911_161720,
407,588,1965273,1965273,ORIN,station+line+platform/direction+destination+absolute_time,19,medium,False,bart_live_20260911_161720,
500,818,1965699,1965699,SBRN,station+line+platform/direction+destination+absolute_time,19,medium,False,bart_live_20260911_161720,
501,844,1965700,1965700,SBRN,station+line+platform/direction+destination+absolute_time,19,medium,False,bart_live_20260911_161720,
502,875,1965701,1965701,SBRN,station+line+platform/direction+destination+absolute_time,19,medium,False,bart_live_20260911_161720,
21,76,1965565,1965565,16TH,station+line+platform/direction+destination+absolute_time,20,medium,False,bart_live_20260911_161720,
63,75,1965565,1965565,24TH,station+line+platform/direction+destination+absolute_time,20,medium,False,bart_live_20260911_161720,
144,77,1965565,1965565,CIVC,station+line+platform/direction+destination+absolute_time,20,medium,False,bart_live_20260911_161720,
179,48,1965563,1965563,COLS,station+line+platform/direction+destination+absolute_time,20,medium,False,bart_live_20260911_161720,
193,592,1965273,1965273,CONC,station+line+platform/direction+destination+absolute_time,20,medium,False,bart_live_20260911_161720,
320,573,1965303,1965303,LAFY,station+line+platform/direction+destination+absolute_time,20,medium,False,bart_live_20260911_161720,
418,1084,683,683,PCTR,station+line+platform/direction+destination+absolute_time,20,medium,False,bart_live_20260911_161720,
419,1087,685,685,PCTR,station+line+platform/direction+destination+absolute_time,20,medium,False,bart_live_20260911_161720,
420,1089,687,687,PCTR,station+line+platform/direction+destination+absolute_time,20,medium,False,bart_live_20260911_161720,
521,338,1965400,1965400,SHAY,station+line+platform/direction+destination+absolute_time,20,medium,False,bart_live_20260911_161720,
522,189,1965401,1965401,SHAY,station+line+platform/direction+destination+absolute_time,20,medium,False,bart_live_20260911_161720,
523,211,1965402,1965402,SHAY,station+line+platform/direction+destination+absolute_time,20,medium,False,bart_live_20260911_161720,
537,43,1965562,1965562,UCTY,station+line+platform/direction+destination+absolute_time,20,medium,False,bart_live_20260911_161720,
187,1074,1965850,1965850,COLS,station+line+platform/direction+destination+absolute_time,21,medium,False,bart_live_20260911_161720,
287,102,1965566,1965566,GLEN,station+line+platform/direction+destination+absolute_time,21,medium,False,bart_live_20260911_161720,
288,133,1965567,1965567,GLEN,station+line+platform/direction+destination+absolute_time,21,medium,False,bart_live_20260911_161720,
293,1064,1965850,1965850,GLEN,station+line+platform/direction+destination+absolute_time,21,medium,False,bart_live_20260911_161720,
294,962,1965851,1965851,GLEN,station+line+platform/direction+destination+absolute_time,21,medium,False,bart_live_20260911_161720,
327,82,1965565,1965565,LAKE,station+line+platform/direction+destination+absolute_time,21,medium,False,bart_live_20260911_161720,
331,1040,1965848,1965848,LAKE,station+line+platform/direction+destination+absolute_time,21,medium,False,bart_live_20260911_161720,
493,664,1965275,1965275,SBRN,station+line+platform/direction+destination+absolute_time,21,medium,False,bart_live_20260911_161720,
494,730,1965276,1965276,SBRN,station+line+platform/direction+destination+absolute_time,21,medium,False,bart_live_20260911_161720,
573,109,1965566,1965566,WOAK,station+line+platform/direction+destination+absolute_time,21,medium,False,bart_live_20260911_161720,
578,1071,1965850,1965850,WOAK,station+line+platform/direction+destination+absolute_time,21,medium,False,bart_live_20260911_161720,
579,969,1965851,1965851,WOAK,station+line+platform/direction+destination+absolute_time,21,medium,False,bart_live_20260911_161720,
11,651,1965305,1965305,12TH,station+line+platform/direction+destination+absolute_time,22,medium,False,bart_live_20260911_161720,
42,585,1965273,1965273,19TH,station+line+platform/direction+destination+absolute_time,22,medium,False,bart_live_20260911_161720,
79,824,1965699,1965699,24TH,station+line+platform/direction+destination+absolute_time,22,medium,False,bart_live_20260911_161720,
80,850,1965700,1965700,24TH,station+line+platform/direction+destination+absolute_time,22,medium,False,bart_live_20260911_161720,
114,822,1965699,1965699,BALB,station+line+platform/direction+destination+absolute_time,22,medium,False,bart_live_20260911_161720,
115,848,1965700,1965700,BALB,station+line+platform/direction+destination+absolute_time,22,medium,False,bart_live_20260911_161720,
269,187,1965401,1965401,FRMT,station+line+platform/direction+destination+absolute_time,22,medium,False,bart_live_20260911_161720,
270,209,1965402,1965402,FRMT,station+line+platform/direction+destination+absolute_time,22,medium,False,bart_live_20260911_161720,
318,631,1965274,1965274,LAFY,station+line+platform/direction+destination+absolute_time,22,medium,False,bart_live_20260911_161720,
338,586,1965273,1965273,MCAR,station+line+platform/direction+destination+absolute_time,22,medium,False,bart_live_20260911_161720,
444,580,1965273,1965273,POWL,station+line+platform/direction+destination+absolute_time,22,medium,False,bart_live_20260911_161720,
557,529,1965302,1965302,WCRK,station+line+platform/direction+destination+absolute_time,22,medium,False,bart_live_20260911_161720,
191,500,1965271,1965271,CONC,station+line+platform/direction+destination+absolute_time,23,medium,False,bart_live_20260911_161720,
203,72,1965565,1965565,DALY,station+line+platform/direction+destination+absolute_time,23,medium,False,bart_live_20260911_161720,
366,623,1965274,1965274,MONT,station+line+platform/direction+destination+absolute_time,23,medium,False,bart_live_20260911_161720,
367,674,1965275,1965275,MONT,station+line+platform/direction+destination+absolute_time,23,medium,False,bart_live_20260911_161720,
442,322,1965398,1965398,PLZA,station+line+platform/direction+destination+absolute_time,23,medium,False,bart_live_20260911_161720,
460,647,1965305,1965305,POWL,station+line+platform/direction+destination+absolute_time,23,medium,False,bart_live_20260911_161720,
461,703,1965306,1965306,POWL,station+line+platform/direction+destination+absolute_time,23,medium,False,bart_live_20260911_161720,
559,611,1965304,1965304,WCRK,station+line+platform/direction+destination+absolute_time,23,medium,False,bart_live_20260911_161720,
567,1061,1965849,1965849,WDUB,station+line+platform/direction+destination+absolute_time,23,medium,False,bart_live_20260911_161720,
9,568,1965303,1965303,12TH,station+line+platform/direction+destination+absolute_time,24,medium,False,bart_live_20260911_161720,
60,619,1965274,1965274,24TH,station+line+platform/direction+destination+absolute_time,24,medium,False,bart_live_20260911_161720,
61,670,1965275,1965275,24TH,station+line+platform/direction+destination+absolute_time,24,medium,False,bart_live_20260911_161720,
62,736,1965276,1965276,24TH,station+line+platform/direction+destination+absolute_time,24,medium,False,bart_live_20260911_161720,
78,802,1965698,1965698,24TH,station+line+platform/direction+destination+absolute_time,24,medium,False,bart_live_20260911_161720,
96,617,1965274,1965274,BALB,station+line+platform/direction+destination+absolute_time,24,medium,False,bart_live_20260911_161720,
97,668,1965275,1965275,BALB,station+line+platform/direction+destination+absolute_time,24,medium,False,bart_live_20260911_161720,
98,734,1965276,1965276,BALB,station+line+platform/direction+destination+absolute_time,24,medium,False,bart_live_20260911_161720,
200,616,1965274,1965274,DALY,station+line+platform/direction+destination+absolute_time,24,medium,False,bart_live_20260911_161720,
234,323,1965398,1965398,DELN,station+line+platform/direction+destination+absolute_time,24,medium,False,bart_live_20260911_161720,
510,637,1965305,1965305,SFIA,station+line+platform/direction+destination+absolute_time,24,medium,False,bart_live_20260911_161720,
511,693,1965306,1965306,SFIA,station+line+platform/direction+destination+absolute_time,24,medium,False,bart_live_20260911_161720,
539,53,1965563,1965563,UCTY,station+line+platform/direction+destination+absolute_time,24,medium,False,bart_live_20260911_161720,
544,188,1965401,1965401,UCTY,station+line+platform/direction+destination+absolute_time,24,medium,False,bart_live_20260911_161720,
545,210,1965402,1965402,UCTY,station+line+platform/direction+destination+absolute_time,24,medium,False,bart_live_20260911_161720,
566,1046,1965848,1965848,WDUB,station+line+platform/direction+destination+absolute_time,24,medium,False,bart_live_20260911_161720,
55,329,1965399,1965399,19TH,station+line+platform/direction+destination+absolute_time,25,medium,False,bart_live_20260911_161720,
121,65,1965564,1965564,BAYF,station+line+platform/direction+destination+absolute_time,25,medium,False,bart_live_20260911_161720,
227,796,1965697,1965697,DBRK,station+line+platform/direction+destination+absolute_time,25,medium,False,bart_live_20260911_161720,
384,828,1965699,1965699,MONT,station+line+platform/direction+destination+absolute_time,25,medium,False,bart_live_20260911_161720,
385,854,1965700,1965700,MONT,station+line+platform/direction+destination+absolute_time,25,medium,False,bart_live_20260911_161720,
424,530,1965302,1965302,PHIL,station+line+platform/direction+destination+absolute_time,25,medium,False,bart_live_20260911_161720,
425,575,1965303,1965303,PHIL,station+line+platform/direction+destination+absolute_time,25,medium,False,bart_live_20260911_161720,
462,805,1965698,1965698,POWL,station+line+platform/direction+destination+absolute_time,25,medium,False,bart_live_20260911_161720,
556,590,1965273,1965273,WCRK,station+line+platform/direction+destination+absolute_time,25,medium,False,bart_live_20260911_161720,
583,567,1965303,1965303,WOAK,station+line+platform/direction+destination+absolute_time,25,medium,False,bart_live_20260911_161720,
99,73,1965565,1965565,BALB,station+line+platform/direction+destination+absolute_time,26,medium,False,bart_live_20260911_161720,
145,105,1965566,1965566,CIVC,station+line+platform/direction+destination+absolute_time,26,medium,False,bart_live_20260911_161720,
146,136,1965567,1965567,CIVC,station+line+platform/direction+destination+absolute_time,26,medium,False,bart_live_20260911_161720,
151,1067,1965850,1965850,CIVC,station+line+platform/direction+destination+absolute_time,26,medium,False,bart_live_20260911_161720,
152,965,1965851,1965851,CIVC,station+line+platform/direction+destination+absolute_time,26,medium,False,bart_live_20260911_161720,
247,1053,1965849,1965849,EMBR,station+line+platform/direction+destination+absolute_time,26,medium,False,bart_live_20260911_161720,
262,44,1965562,1965562,FRMT,station+line+platform/direction+destination+absolute_time,26,medium,False,bart_live_20260911_161720,
280,326,1965399,1965399,FTVL,station+line+platform/direction+destination+absolute_time,26,medium,False,bart_live_20260911_161720,
325,61,1965564,1965564,LAKE,station+line+platform/direction+destination+absolute_time,26,medium,False,bart_live_20260911_161720,
423,591,1965273,1965273,PHIL,station+line+platform/direction+destination+absolute_time,26,medium,False,bart_live_20260911_161720,
431,565,1965272,1965272,PITT,station+line+platform/direction+destination+absolute_time,26,medium,False,bart_live_20260911_161720,
432,594,1965273,1965273,PITT,station+line+platform/direction+destination+absolute_time,26,medium,False,bart_live_20260911_161720,
33,599,1965304,1965304,16TH,station+line+platform/direction+destination+absolute_time,27,medium,False,bart_live_20260911_161720,
54,793,1965697,1965697,19TH,station+line+platform/direction+destination+absolute_time,27,medium,False,bart_live_20260911_161720,
205,131,1965567,1965567,DALY,station+line+platform/direction+destination+absolute_time,27,medium,False,bart_live_20260911_161720,
206,1062,1965850,1965850,DALY,station+line+platform/direction+destination+absolute_time,27,medium,False,bart_live_20260911_161720,
207,960,1965851,1965851,DALY,station+line+platform/direction+destination+absolute_time,27,medium,False,bart_live_20260911_161720,
243,108,1965566,1965566,EMBR,station+line+platform/direction+destination+absolute_time,27,medium,False,bart_live_20260911_161720,
248,1070,1965850,1965850,EMBR,station+line+platform/direction+destination+absolute_time,27,medium,False,bart_live_20260911_161720,
249,968,1965851,1965851,EMBR,station+line+platform/direction+destination+absolute_time,27,medium,False,bart_live_20260911_161720,
279,1073,1965850,1965850,FTVL,station+line+platform/direction+destination+absolute_time,27,medium,False,bart_live_20260911_161720,
308,51,1965563,1965563,HAYW,station+line+platform/direction+destination+absolute_time,27,medium,False,bart_live_20260911_161720,
317,589,1965273,1965273,LAFY,station+line+platform/direction+destination+absolute_time,27,medium,False,bart_live_20260911_161720,
408,630,1965274,1965274,ORIN,station+line+platform/direction+destination+absolute_time,27,medium,False,bart_live_20260911_161720,
443,798,1965697,1965697,PLZA,station+line+platform/direction+destination+absolute_time,27,medium,False,bart_live_20260911_161720,
490,324,1965399,1965399,SANL,station+line+platform/direction+destination+absolute_time,27,medium,False,bart_live_20260911_161720,
529,639,1965305,1965305,SSAN,station+line+platform/direction+destination+absolute_time,27,medium,False,bart_live_20260911_161720,
530,695,1965306,1965306,SSAN,station+line+platform/direction+destination+absolute_time,27,medium,False,bart_live_20260911_161720,
13,328,1965399,1965399,12TH,station+line+platform/direction+destination+absolute_time,28,medium,False,bart_live_20260911_161720,
52,606,1965304,1965304,19TH,station+line+platform/direction+destination+absolute_time,28,medium,False,bart_live_20260911_161720,
110,596,1965304,1965304,BALB,station+line+platform/direction+destination+absolute_time,28,medium,False,bart_live_20260911_161720,
333,1072,1965850,1965850,LAKE,station+line+platform/direction+destination+absolute_time,28,medium,False,bart_live_20260911_161720,
334,327,1965399,1965399,LAKE,station+line+platform/direction+destination+absolute_time,28,medium,False,bart_live_20260911_161720,
335,344,1965400,1965400,LAKE,station+line+platform/direction+destination+absolute_time,28,medium,False,bart_live_20260911_161720,
336,195,1965401,1965401,LAKE,station+line+platform/direction+destination+absolute_time,28,medium,False,bart_live_20260911_161720,
409,527,1965302,1965302,ORIN,station+line+platform/direction+destination+absolute_time,28,medium,False,bart_live_20260911_161720,
426,612,1965304,1965304,PHIL,station+line+platform/direction+destination+absolute_time,28,medium,False,bart_live_20260911_161720,
565,1022,1965847,1965847,WDUB,station+line+platform/direction+destination+absolute_time,28,medium,False,bart_live_20260911_161720,
6,896,1965656,1965656,12TH,station+line+platform/direction+destination+absolute_time,59,high,False,bart_live_20260911_161720,
36,803,1965698,1965698,16TH,station+line+platform/direction+destination+absolute_time,29,medium,False,bart_live_20260911_161720,
53,652,1965305,1965305,19TH,station+line+platform/direction+destination+absolute_time,29,medium,False,bart_live_20260911_161720,
299,643,1965305,1965305,GLEN,station+line+platform/direction+destination+absolute_time,29,medium,False,bart_live_20260911_161720,
332,1055,1965849,1965849,LAKE,station+line+platform/direction+destination+absolute_time,29,medium,False,bart_live_20260911_161720,
339,628,1965274,1965274,MCAR,station+line+platform/direction+destination+absolute_time,29,medium,False,bart_live_20260911_161720,
394,766,1965696,1965696,NBRK,station+line+platform/direction+destination+absolute_time,29,medium,False,bart_live_20260911_161720,
453,1051,1965849,1965849,POWL,station+line+platform/direction+destination+absolute_time,29,medium,False,bart_live_20260911_161720,
491,341,1965400,1965400,SANL,station+line+platform/direction+destination+absolute_time,29,medium,False,bart_live_20260911_161720,
492,192,1965401,1965401,SANL,station+line+platform/direction+destination+absolute_time,29,medium,False,bart_live_20260911_161720,
95,331,1965399,1965399,ASHB,station+line+platform/direction+destination+absolute_time,30,medium,False,bart_live_20260911_161720,
194,531,1965302,1965302,CONC,station+line+platform/direction+destination+absolute_time,30,medium,False,bart_live_20260911_161720,
212,641,1965305,1965305,DALY,station+line+platform/direction+destination+absolute_time,30,medium,False,bart_live_20260911_161720,
213,697,1965306,1965306,DALY,station+line+platform/direction+destination+absolute_time,30,medium,False,bart_live_20260911_161720,
242,80,1965565,1965565,EMBR,station+line+platform/direction+destination+absolute_time,30,medium,False,bart_live_20260911_161720,
362,185,1965401,1965401,MLPT,station+line+platform/direction+destination+absolute_time,30,medium,False,bart_live_20260911_161720,
363,207,1965402,1965402,MLPT,station+line+platform/direction+destination+absolute_time,30,medium,False,bart_live_20260911_161720,
364,233,1965403,1965403,MLPT,station+line+platform/direction+destination+absolute_time,30,medium,False,bart_live_20260911_161720,
300,699,1965306,1965306,GLEN,station+line+platform/direction+destination+absolute_time,31,medium,False,bart_live_20260911_161720,
447,57,1965564,1965564,POWL,station+line+platform/direction+destination+absolute_time,31,medium,False,bart_live_20260911_161720,
268,336,1965400,1965400,FRMT,station+line+platform/direction+destination+absolute_time,38,medium,False,bart_live_20260911_161720,
18,578,1965273,1965273,16TH,station+line+platform/direction+destination+absolute_time,47,medium,False,bart_live_20260911_161720,
512,817,1965699,1965699,SFIA,station+line+platform/direction+destination+absolute_time,62,medium,False,bart_live_20260911_161720,
132,184,1965401,1965401,BERY,station+line+platform/direction+destination+absolute_time,71,medium,False,bart_live_20260911_161720,
415,1079,676,676,PCTR,station+line+platform/direction+destination+absolute_time,12,medium,False,bart_live_20260911_161720,
416,1080,678,678,PCTR,station+line+platform/direction+destination+absolute_time,12,medium,False,bart_live_20260911_161720,
417,1081,680,680,PCTR,station+line+platform/direction+destination+absolute_time,12,medium,False,bart_live_20260911_161720,
403,426,1965155,1965155,NCON,station+line+platform/direction+destination+absolute_time,108,medium,False,bart_live_20260911_161720,
526,839,1965654,1965654,SSAN,station+line+platform/direction+destination+absolute_time,133,medium,False,bart_live_20260911_161720,
433,425,1965155,1965155,PITT,station+line+platform/direction+destination+absolute_time,149,medium,False,bart_live_20260911_161720,
,6,1965520,1965520,BAYF,gtfsrt_only,,unmatched,False,bart_live_20260911_161720,no ETD row with compatible station/line/time
,7,1965520,1965520,SANL,gtfsrt_only,,unmatched,False,bart_live_20260911_161720,no ETD row with compatible station/line/time
,8,1965520,1965520,COLS,gtfsrt_only,,unmatched,False,bart_live_20260911_161720,no ETD row with compatible station/line/time
,9,1965520,1965520,FTVL,gtfsrt_only,,unmatched,False,bart_live_20260911_161720,no ETD row with compatible station/line/time
,10,1965520,1965520,LAKE,gtfsrt_only,,unmatched,False,bart_live_20260911_161720,no ETD row with compatible station/line/time
,11,1965520,1965520,WOAK,gtfsrt_only,,unmatched,False,bart_live_20260911_161720,no ETD row with compatible station/line/time
,12,1965520,1965520,EMBR,gtfsrt_only,,unmatched,False,bart_live_20260911_161720,no ETD row with compatible station/line/time
,13,1965520,1965520,MONT,gtfsrt_only,,unmatched,False,bart_live_20260911_161720,no ETD row with compatible station/line/time
,14,1965520,1965520,POWL,gtfsrt_only,,unmatched,False,bart_live_20260911_161720,no ETD row with compatible station/line/time
,15,1965520,1965520,CIVC,gtfsrt_only,,unmatched,False,bart_live_20260911_161720,no ETD row with compatible station/line/time
,16,1965520,1965520,16TH,gtfsrt_only,,unmatched,False,bart_live_20260911_161720,no ETD row with compatible station/line/time
,17,1965520,1965520,24TH,gtfsrt_only,,unmatched,False,bart_live_20260911_161720,no ETD row with compatible station/line/time
,18,1965520,1965520,GLEN,gtfsrt_only,,unmatched,False,bart_live_20260911_161720,no ETD row with compatible station/line/time
,19,1965520,1965520,BALB,gtfsrt_only,,unmatched,False,bart_live_20260911_161720,no ETD row with compatible station/line/time
,28,1965521,1965521,BAYF,gtfsrt_only,,unmatched,False,bart_live_20260911_161720,no ETD row with compatible station/line/time
,29,1965521,1965521,SANL,gtfsrt_only,,unmatched,False,bart_live_20260911_161720,no ETD row with compatible station/line/time
,30,1965521,1965521,COLS,gtfsrt_only,,unmatched,False,bart_live_20260911_161720,no ETD row with compatible station/line/time
,31,1965521,1965521,FTVL,gtfsrt_only,,unmatched,False,bart_live_20260911_161720,no ETD row with compatible station/line/time
,32,1965521,1965521,LAKE,gtfsrt_only,,unmatched,False,bart_live_20260911_161720,no ETD row with compatible station/line/time
,33,1965521,1965521,WOAK,gtfsrt_only,,unmatched,False,bart_live_20260911_161720,no ETD row with compatible station/line/time
,34,1965521,1965521,EMBR,gtfsrt_only,,unmatched,False,bart_live_20260911_161720,no ETD row with compatible station/line/time
,35,1965521,1965521,MONT,gtfsrt_only,,unmatched,False,bart_live_20260911_161720,no ETD row with compatible station/line/time
,36,1965521,1965521,POWL,gtfsrt_only,,unmatched,False,bart_live_20260911_161720,no ETD row with compatible station/line/time
,37,1965521,1965521,CIVC,gtfsrt_only,,unmatched,False,bart_live_20260911_161720,no ETD row with compatible station/line/time
,38,1965521,1965521,16TH,gtfsrt_only,,unmatched,False,bart_live_20260911_161720,no ETD row with compatible station/line/time
,39,1965521,1965521,24TH,gtfsrt_only,,unmatched,False,bart_live_20260911_161720,no ETD row with compatible station/line/time
,40,1965521,1965521,GLEN,gtfsrt_only,,unmatched,False,bart_live_20260911_161720,no ETD row with compatible station/line/time
,41,1965521,1965521,BALB,gtfsrt_only,,unmatched,False,bart_live_20260911_161720,no ETD row with compatible station/line/time
,55,1965563,1965563,WARM,gtfsrt_only,,unmatched,False,bart_live_20260911_161720,no ETD row with compatible station/line/time
,56,1965563,1965563,MLPT,gtfsrt_only,,unmatched,False,bart_live_20260911_161720,no ETD row with compatible station/line/time
,66,1965564,1965564,HAYW,gtfsrt_only,,unmatched,False,bart_live_20260911_161720,no ETD row with compatible station/line/time
,67,1965564,1965564,SHAY,gtfsrt_only,,unmatched,False,bart_live_20260911_161720,no ETD row with compatible station/line/time
,68,1965564,1965564,UCTY,gtfsrt_only,,unmatched,False,bart_live_20260911_161720,no ETD row with compatible station/line/time
,69,1965564,1965564,FRMT,gtfsrt_only,,unmatched,False,bart_live_20260911_161720,no ETD row with compatible station/line/time
,70,1965564,1965564,WARM,gtfsrt_only,,unmatched,False,bart_live_20260911_161720,no ETD row with compatible station/line/time
,71,1965564,1965564,MLPT,gtfsrt_only,,unmatched,False,bart_live_20260911_161720,no ETD row with compatible station/line/time
,83,1965565,1965565,FTVL,gtfsrt_only,,unmatched,False,bart_live_20260911_161720,no ETD row with compatible station/line/time
,84,1965565,1965565,COLS,gtfsrt_only,,unmatched,False,bart_live_20260911_161720,no ETD row with compatible station/line/time
,85,1965565,1965565,SANL,gtfsrt_only,,unmatched,False,bart_live_20260911_161720,no ETD row with compatible station/line/time
,86,1965565,1965565,BAYF,gtfsrt_only,,unmatched,False,bart_live_20260911_161720,no ETD row with compatible station/line/time
,87,1965565,1965565,HAYW,gtfsrt_only,,unmatched,False,bart_live_20260911_161720,no ETD row with compatible station/line/time
,88,1965565,1965565,SHAY,gtfsrt_only,,unmatched,False,bart_live_20260911_161720,no ETD row with compatible station/line/time
,89,1965565,1965565,UCTY,gtfsrt_only,,unmatched,False,bart_live_20260911_161720,no ETD row with compatible station/line/time
,90,1965565,1965565,FRMT,gtfsrt_only,,unmatched,False,bart_live_20260911_161720,no ETD row with compatible station/line/time
,91,1965565,1965565,WARM,gtfsrt_only,,unmatched,False,bart_live_20260911_161720,no ETD row with compatible station/line/time
,92,1965565,1965565,MLPT,gtfsrt_only,,unmatched,False,bart_live_20260911_161720,no ETD row with compatible station/line/time
,110,1965566,1965566,LAKE,gtfsrt_only,,unmatched,False,bart_live_20260911_161720,no ETD row with compatible station/line/time
,111,1965566,1965566,FTVL,gtfsrt_only,,unmatched,False,bart_live_20260911_161720,no ETD row with compatible station/line/time
,112,1965566,1965566,COLS,gtfsrt_only,,unmatched,False,bart_live_20260911_161720,no ETD row with compatible station/line/time
,113,1965566,1965566,SANL,gtfsrt_only,,unmatched,False,bart_live_20260911_161720,no ETD row with compatible station/line/time
,114,1965566,1965566,BAYF,gtfsrt_only,,unmatched,False,bart_live_20260911_161720,no ETD row with compatible station/line/time
,115,1965566,1965566,HAYW,gtfsrt_only,,unmatched,False,bart_live_20260911_161720,no ETD row with compatible station/line/time
,116,1965566,1965566,SHAY,gtfsrt_only,,unmatched,False,bart_live_20260911_161720,no ETD row with compatible station/line/time
,117,1965566,1965566,UCTY,gtfsrt_only,,unmatched,False,bart_live_20260911_161720,no ETD row with compatible station/line/time
,118,1965566,1965566,FRMT,gtfsrt_only,,unmatched,False,bart_live_20260911_161720,no ETD row with compatible station/line/time
,119,1965566,1965566,WARM,gtfsrt_only,,unmatched,False,bart_live_20260911_161720,no ETD row with compatible station/line/time
,120,1965566,1965566,MLPT,gtfsrt_only,,unmatched,False,bart_live_20260911_161720,no ETD row with compatible station/line/time
,137,1965567,1965567,POWL,gtfsrt_only,,unmatched,False,bart_live_20260911_161720,no ETD row with compatible station/line/time
,138,1965567,1965567,MONT,gtfsrt_only,,unmatched,False,bart_live_20260911_161720,no ETD row with compatible station/line/time
,139,1965567,1965567,EMBR,gtfsrt_only,,unmatched,False,bart_live_20260911_161720,no ETD row with compatible station/line/time
,140,1965567,1965567,WOAK,gtfsrt_only,,unmatched,False,bart_live_20260911_161720,no ETD row with compatible station/line/time
,141,1965567,1965567,LAKE,gtfsrt_only,,unmatched,False,bart_live_20260911_161720,no ETD row with compatible station/line/time
,142,1965567,1965567,FTVL,gtfsrt_only,,unmatched,False,bart_live_20260911_161720,no ETD row with compatible station/line/time
,143,1965567,1965567,COLS,gtfsrt_only,,unmatched,False,bart_live_20260911_161720,no ETD row with compatible station/line/time
,144,1965567,1965567,SANL,gtfsrt_only,,unmatched,False,bart_live_20260911_161720,no ETD row with compatible station/line/time
,145,1965567,1965567,BAYF,gtfsrt_only,,unmatched,False,bart_live_20260911_161720,no ETD row with compatible station/line/time
,146,1965567,1965567,HAYW,gtfsrt_only,,unmatched,False,bart_live_20260911_161720,no ETD row with compatible station/line/time
,147,1965567,1965567,SHAY,gtfsrt_only,,unmatched,False,bart_live_20260911_161720,no ETD row with compatible station/line/time
,148,1965567,1965567,UCTY,gtfsrt_only,,unmatched,False,bart_live_20260911_161720,no ETD row with compatible station/line/time
,149,1965567,1965567,FRMT,gtfsrt_only,,unmatched,False,bart_live_20260911_161720,no ETD row with compatible station/line/time
,150,1965567,1965567,WARM,gtfsrt_only,,unmatched,False,bart_live_20260911_161720,no ETD row with compatible station/line/time
,151,1965567,1965567,MLPT,gtfsrt_only,,unmatched,False,bart_live_20260911_161720,no ETD row with compatible station/line/time
,158,1965518,1965518,EMBR,gtfsrt_only,,unmatched,False,bart_live_20260911_161720,no ETD row with compatible station/line/time
,159,1965518,1965518,MONT,gtfsrt_only,,unmatched,False,bart_live_20260911_161720,no ETD row with compatible station/line/time
,160,1965518,1965518,POWL,gtfsrt_only,,unmatched,False,bart_live_20260911_161720,no ETD row with compatible station/line/time
,161,1965518,1965518,CIVC,gtfsrt_only,,unmatched,False,bart_live_20260911_161720,no ETD row with compatible station/line/time
,162,1965518,1965518,16TH,gtfsrt_only,,unmatched,False,bart_live_20260911_161720,no ETD row with compatible station/line/time
,163,1965518,1965518,24TH,gtfsrt_only,,unmatched,False,bart_live_20260911_161720,no ETD row with compatible station/line/time
,164,1965518,1965518,GLEN,gtfsrt_only,,unmatched,False,bart_live_20260911_161720,no ETD row with compatible station/line/time
,165,1965518,1965518,BALB,gtfsrt_only,,unmatched,False,bart_live_20260911_161720,no ETD row with compatible station/line/time
,172,1965519,1965519,COLS,gtfsrt_only,,unmatched,False,bart_live_20260911_161720,no ETD row with compatible station/line/time
,173,1965519,1965519,FTVL,gtfsrt_only,,unmatched,False,bart_live_20260911_161720,no ETD row with compatible station/line/time
,174,1965519,1965519,LAKE,gtfsrt_only,,unmatched,False,bart_live_20260911_161720,no ETD row with compatible station/line/time
,175,1965519,1965519,WOAK,gtfsrt_only,,unmatched,False,bart_live_20260911_161720,no ETD row with compatible station/line/time
,176,1965519,1965519,EMBR,gtfsrt_only,,unmatched,False,bart_live_20260911_161720,no ETD row with compatible station/line/time
,177,1965519,1965519,MONT,gtfsrt_only,,unmatched,False,bart_live_20260911_161720,no ETD row with compatible station/line/time
,178,1965519,1965519,POWL,gtfsrt_only,,unmatched,False,bart_live_20260911_161720,no ETD row with compatible station/line/time
,179,1965519,1965519,CIVC,gtfsrt_only,,unmatched,False,bart_live_20260911_161720,no ETD row with compatible station/line/time
,180,1965519,1965519,16TH,gtfsrt_only,,unmatched,False,bart_live_20260911_161720,no ETD row with compatible station/line/time
,181,1965519,1965519,24TH,gtfsrt_only,,unmatched,False,bart_live_20260911_161720,no ETD row with compatible station/line/time
,182,1965519,1965519,GLEN,gtfsrt_only,,unmatched,False,bart_live_20260911_161720,no ETD row with compatible station/line/time
,183,1965519,1965519,BALB,gtfsrt_only,,unmatched,False,bart_live_20260911_161720,no ETD row with compatible station/line/time
,196,1965401,1965401,12TH,gtfsrt_only,,unmatched,False,bart_live_20260911_161720,no ETD row with compatible station/line/time
,197,1965401,1965401,19TH,gtfsrt_only,,unmatched,False,bart_live_20260911_161720,no ETD row with compatible station/line/time
,198,1965401,1965401,MCAR,gtfsrt_only,,unmatched,False,bart_live_20260911_161720,no ETD row with compatible station/line/time
,199,1965401,1965401,ASHB,gtfsrt_only,,unmatched,False,bart_live_20260911_161720,no ETD row with compatible station/line/time
,200,1965401,1965401,DBRK,gtfsrt_only,,unmatched,False,bart_live_20260911_161720,no ETD row with compatible station/line/time
,201,1965401,1965401,NBRK,gtfsrt_only,,unmatched,False,bart_live_20260911_161720,no ETD row with compatible station/line/time
,202,1965401,1965401,PLZA,gtfsrt_only,,unmatched,False,bart_live_20260911_161720,no ETD row with compatible station/line/time
,203,1965401,1965401,DELN,gtfsrt_only,,unmatched,False,bart_live_20260911_161720,no ETD row with compatible station/line/time
,214,1965402,1965402,SANL,gtfsrt_only,,unmatched,False,bart_live_20260911_161720,no ETD row with compatible station/line/time
,215,1965402,1965402,COLS,gtfsrt_only,,unmatched,False,bart_live_20260911_161720,no ETD row with compatible station/line/time
,216,1965402,1965402,FTVL,gtfsrt_only,,unmatched,False,bart_live_20260911_161720,no ETD row with compatible station/line/time
,217,1965402,1965402,LAKE,gtfsrt_only,,unmatched,False,bart_live_20260911_161720,no ETD row with compatible station/line/time
,218,1965402,1965402,12TH,gtfsrt_only,,unmatched,False,bart_live_20260911_161720,no ETD row with compatible station/line/time
,219,1965402,1965402,19TH,gtfsrt_only,,unmatched,False,bart_live_20260911_161720,no ETD row with compatible station/line/time
,220,1965402,1965402,MCAR,gtfsrt_only,,unmatched,False,bart_live_20260911_161720,no ETD row with compatible station/line/time
,221,1965402,1965402,ASHB,gtfsrt_only,,unmatched,False,bart_live_20260911_161720,no ETD row with compatible station/line/time
,222,1965402,1965402,DBRK,gtfsrt_only,,unmatched,False,bart_live_20260911_161720,no ETD row with compatible station/line/time
,223,1965402,1965402,NBRK,gtfsrt_only,,unmatched,False,bart_live_20260911_161720,no ETD row with compatible station/line/time
,224,1965402,1965402,PLZA,gtfsrt_only,,unmatched,False,bart_live_20260911_161720,no ETD row with compatible station/line/time
,225,1965402,1965402,DELN,gtfsrt_only,,unmatched,False,bart_live_20260911_161720,no ETD row with compatible station/line/time
,231,1965456,1965456,MLPT,gtfsrt_only,,unmatched,False,bart_live_20260911_161720,no ETD row with compatible station/line/time
,235,1965403,1965403,FRMT,gtfsrt_only,,unmatched,False,bart_live_20260911_161720,no ETD row with compatible station/line/time
,236,1965403,1965403,UCTY,gtfsrt_only,,unmatched,False,bart_live_20260911_161720,no ETD row with compatible station/line/time
,237,1965403,1965403,SHAY,gtfsrt_only,,unmatched,False,bart_live_20260911_161720,no ETD row with compatible station/line/time
,238,1965403,1965403,HAYW,gtfsrt_only,,unmatched,False,bart_live_20260911_161720,no ETD row with compatible station/line/time
,239,1965403,1965403,BAYF,gtfsrt_only,,unmatched,False,bart_live_20260911_161720,no ETD row with compatible station/line/time
,240,1965403,1965403,SANL,gtfsrt_only,,unmatched,False,bart_live_20260911_161720,no ETD row with compatible station/line/time
,241,1965403,1965403,COLS,gtfsrt_only,,unmatched,False,bart_live_20260911_161720,no ETD row with compatible station/line/time
,242,1965403,1965403,FTVL,gtfsrt_only,,unmatched,False,bart_live_20260911_161720,no ETD row with compatible station/line/time
,243,1965403,1965403,LAKE,gtfsrt_only,,unmatched,False,bart_live_20260911_161720,no ETD row with compatible station/line/time
,244,1965403,1965403,12TH,gtfsrt_only,,unmatched,False,bart_live_20260911_161720,no ETD row with compatible station/line/time
,245,1965403,1965403,19TH,gtfsrt_only,,unmatched,False,bart_live_20260911_161720,no ETD row with compatible station/line/time
,246,1965403,1965403,MCAR,gtfsrt_only,,unmatched,False,bart_live_20260911_161720,no ETD row with compatible station/line/time
,247,1965403,1965403,ASHB,gtfsrt_only,,unmatched,False,bart_live_20260911_161720,no ETD row with compatible station/line/time
,248,1965403,1965403,DBRK,gtfsrt_only,,unmatched,False,bart_live_20260911_161720,no ETD row with compatible station/line/time
,249,1965403,1965403,NBRK,gtfsrt_only,,unmatched,False,bart_live_20260911_161720,no ETD row with compatible station/line/time
,250,1965403,1965403,PLZA,gtfsrt_only,,unmatched,False,bart_live_20260911_161720,no ETD row with compatible station/line/time
,251,1965403,1965403,DELN,gtfsrt_only,,unmatched,False,bart_live_20260911_161720,no ETD row with compatible station/line/time
,257,1965458,1965458,SHAY,gtfsrt_only,,unmatched,False,bart_live_20260911_161720,no ETD row with compatible station/line/time
,258,1965458,1965458,UCTY,gtfsrt_only,,unmatched,False,bart_live_20260911_161720,no ETD row with compatible station/line/time
,259,1965458,1965458,FRMT,gtfsrt_only,,unmatched,False,bart_live_20260911_161720,no ETD row with compatible station/line/time
,260,1965458,1965458,WARM,gtfsrt_only,,unmatched,False,bart_live_20260911_161720,no ETD row with compatible station/line/time
,261,1965458,1965458,MLPT,gtfsrt_only,,unmatched,False,bart_live_20260911_161720,no ETD row with compatible station/line/time
,268,1965459,1965459,FTVL,gtfsrt_only,,unmatched,False,bart_live_20260911_161720,no ETD row with compatible station/line/time
,269,1965459,1965459,COLS,gtfsrt_only,,unmatched,False,bart_live_20260911_161720,no ETD row with compatible station/line/time
,270,1965459,1965459,SANL,gtfsrt_only,,unmatched,False,bart_live_20260911_161720,no ETD row with compatible station/line/time
,271,1965459,1965459,BAYF,gtfsrt_only,,unmatched,False,bart_live_20260911_161720,no ETD row with compatible station/line/time
,272,1965459,1965459,HAYW,gtfsrt_only,,unmatched,False,bart_live_20260911_161720,no ETD row with compatible station/line/time
,273,1965459,1965459,SHAY,gtfsrt_only,,unmatched,False,bart_live_20260911_161720,no ETD row with compatible station/line/time
,274,1965459,1965459,UCTY,gtfsrt_only,,unmatched,False,bart_live_20260911_161720,no ETD row with compatible station/line/time
,275,1965459,1965459,FRMT,gtfsrt_only,,unmatched,False,bart_live_20260911_161720,no ETD row with compatible station/line/time
,276,1965459,1965459,WARM,gtfsrt_only,,unmatched,False,bart_live_20260911_161720,no ETD row with compatible station/line/time
,277,1965459,1965459,MLPT,gtfsrt_only,,unmatched,False,bart_live_20260911_161720,no ETD row with compatible station/line/time
,287,1965460,1965460,LAKE,gtfsrt_only,,unmatched,False,bart_live_20260911_161720,no ETD row with compatible station/line/time
,288,1965460,1965460,FTVL,gtfsrt_only,,unmatched,False,bart_live_20260911_161720,no ETD row with compatible station/line/time
,289,1965460,1965460,COLS,gtfsrt_only,,unmatched,False,bart_live_20260911_161720,no ETD row with compatible station/line/time
,290,1965460,1965460,SANL,gtfsrt_only,,unmatched,False,bart_live_20260911_161720,no ETD row with compatible station/line/time
,291,1965460,1965460,BAYF,gtfsrt_only,,unmatched,False,bart_live_20260911_161720,no ETD row with compatible station/line/time
,292,1965460,1965460,HAYW,gtfsrt_only,,unmatched,False,bart_live_20260911_161720,no ETD row with compatible station/line/time
,293,1965460,1965460,SHAY,gtfsrt_only,,unmatched,False,bart_live_20260911_161720,no ETD row with compatible station/line/time
,294,1965460,1965460,UCTY,gtfsrt_only,,unmatched,False,bart_live_20260911_161720,no ETD row with compatible station/line/time
,295,1965460,1965460,FRMT,gtfsrt_only,,unmatched,False,bart_live_20260911_161720,no ETD row with compatible station/line/time
,296,1965460,1965460,WARM,gtfsrt_only,,unmatched,False,bart_live_20260911_161720,no ETD row with compatible station/line/time
,297,1965460,1965460,MLPT,gtfsrt_only,,unmatched,False,bart_live_20260911_161720,no ETD row with compatible station/line/time
,307,1965457,1965457,LAKE,gtfsrt_only,,unmatched,False,bart_live_20260911_161720,no ETD row with compatible station/line/time
,308,1965457,1965457,FTVL,gtfsrt_only,,unmatched,False,bart_live_20260911_161720,no ETD row with compatible station/line/time
,309,1965457,1965457,COLS,gtfsrt_only,,unmatched,False,bart_live_20260911_161720,no ETD row with compatible station/line/time
,310,1965457,1965457,SANL,gtfsrt_only,,unmatched,False,bart_live_20260911_161720,no ETD row with compatible station/line/time
,311,1965457,1965457,BAYF,gtfsrt_only,,unmatched,False,bart_live_20260911_161720,no ETD row with compatible station/line/time
,312,1965457,1965457,HAYW,gtfsrt_only,,unmatched,False,bart_live_20260911_161720,no ETD row with compatible station/line/time
,313,1965457,1965457,SHAY,gtfsrt_only,,unmatched,False,bart_live_20260911_161720,no ETD row with compatible station/line/time
,314,1965457,1965457,UCTY,gtfsrt_only,,unmatched,False,bart_live_20260911_161720,no ETD row with compatible station/line/time
,315,1965457,1965457,FRMT,gtfsrt_only,,unmatched,False,bart_live_20260911_161720,no ETD row with compatible station/line/time
,316,1965457,1965457,WARM,gtfsrt_only,,unmatched,False,bart_live_20260911_161720,no ETD row with compatible station/line/time
,317,1965457,1965457,MLPT,gtfsrt_only,,unmatched,False,bart_live_20260911_161720,no ETD row with compatible station/line/time
,333,1965399,1965399,NBRK,gtfsrt_only,,unmatched,False,bart_live_20260911_161720,no ETD row with compatible station/line/time
,334,1965399,1965399,PLZA,gtfsrt_only,,unmatched,False,bart_live_20260911_161720,no ETD row with compatible station/line/time
,335,1965399,1965399,DELN,gtfsrt_only,,unmatched,False,bart_live_20260911_161720,no ETD row with compatible station/line/time
,345,1965400,1965400,12TH,gtfsrt_only,,unmatched,False,bart_live_20260911_161720,no ETD row with compatible station/line/time
,346,1965400,1965400,19TH,gtfsrt_only,,unmatched,False,bart_live_20260911_161720,no ETD row with compatible station/line/time
,347,1965400,1965400,MCAR,gtfsrt_only,,unmatched,False,bart_live_20260911_161720,no ETD row with compatible station/line/time
,348,1965400,1965400,ASHB,gtfsrt_only,,unmatched,False,bart_live_20260911_161720,no ETD row with compatible station/line/time
,349,1965400,1965400,DBRK,gtfsrt_only,,unmatched,False,bart_live_20260911_161720,no ETD row with compatible station/line/time
,350,1965400,1965400,NBRK,gtfsrt_only,,unmatched,False,bart_live_20260911_161720,no ETD row with compatible station/line/time
,351,1965400,1965400,PLZA,gtfsrt_only,,unmatched,False,bart_live_20260911_161720,no ETD row with compatible station/line/time
,352,1965400,1965400,DELN,gtfsrt_only,,unmatched,False,bart_live_20260911_161720,no ETD row with compatible station/line/time
,363,1965153,1965153,BALB,gtfsrt_only,,unmatched,False,bart_live_20260911_161720,no ETD row with compatible station/line/time
,364,1965153,1965153,DALY,gtfsrt_only,,unmatched,False,bart_live_20260911_161720,no ETD row with compatible station/line/time
,365,1965153,1965153,COLM,gtfsrt_only,,unmatched,False,bart_live_20260911_161720,no ETD row with compatible station/line/time
,366,1965153,1965153,SSAN,gtfsrt_only,,unmatched,False,bart_live_20260911_161720,no ETD row with compatible station/line/time
,367,1965153,1965153,SBRN,gtfsrt_only,,unmatched,False,bart_live_20260911_161720,no ETD row with compatible station/line/time
,373,1965196,1965196,EMBR,gtfsrt_only,,unmatched,False,bart_live_20260911_161720,no ETD row with compatible station/line/time
,374,1965196,1965196,MONT,gtfsrt_only,,unmatched,False,bart_live_20260911_161720,no ETD row with compatible station/line/time
,375,1965196,1965196,POWL,gtfsrt_only,,unmatched,False,bart_live_20260911_161720,no ETD row with compatible station/line/time
,376,1965196,1965196,CIVC,gtfsrt_only,,unmatched,False,bart_live_20260911_161720,no ETD row with compatible station/line/time
,377,1965196,1965196,16TH,gtfsrt_only,,unmatched,False,bart_live_20260911_161720,no ETD row with compatible station/line/time
,378,1965196,1965196,24TH,gtfsrt_only,,unmatched,False,bart_live_20260911_161720,no ETD row with compatible station/line/time
,379,1965196,1965196,GLEN,gtfsrt_only,,unmatched,False,bart_live_20260911_161720,no ETD row with compatible station/line/time
,380,1965196,1965196,BALB,gtfsrt_only,,unmatched,False,bart_live_20260911_161720,no ETD row with compatible station/line/time
,381,1965196,1965196,DALY,gtfsrt_only,,unmatched,False,bart_live_20260911_161720,no ETD row with compatible station/line/time
,382,1965196,1965196,COLM,gtfsrt_only,,unmatched,False,bart_live_20260911_161720,no ETD row with compatible station/line/time
,383,1965196,1965196,SSAN,gtfsrt_only,,unmatched,False,bart_live_20260911_161720,no ETD row with compatible station/line/time
,384,1965196,1965196,SBRN,gtfsrt_only,,unmatched,False,bart_live_20260911_161720,no ETD row with compatible station/line/time
,392,1965154,1965154,EMBR,gtfsrt_only,,unmatched,False,bart_live_20260911_161720,no ETD row with compatible station/line/time
,393,1965154,1965154,MONT,gtfsrt_only,,unmatched,False,bart_live_20260911_161720,no ETD row with compatible station/line/time
,394,1965154,1965154,POWL,gtfsrt_only,,unmatched,False,bart_live_20260911_161720,no ETD row with compatible station/line/time
,395,1965154,1965154,CIVC,gtfsrt_only,,unmatched,False,bart_live_20260911_161720,no ETD row with compatible station/line/time
,396,1965154,1965154,16TH,gtfsrt_only,,unmatched,False,bart_live_20260911_161720,no ETD row with compatible station/line/time
,397,1965154,1965154,24TH,gtfsrt_only,,unmatched,False,bart_live_20260911_161720,no ETD row with compatible station/line/time
,398,1965154,1965154,GLEN,gtfsrt_only,,unmatched,False,bart_live_20260911_161720,no ETD row with compatible station/line/time
,399,1965154,1965154,BALB,gtfsrt_only,,unmatched,False,bart_live_20260911_161720,no ETD row with compatible station/line/time
,400,1965154,1965154,DALY,gtfsrt_only,,unmatched,False,bart_live_20260911_161720,no ETD row with compatible station/line/time
,401,1965154,1965154,COLM,gtfsrt_only,,unmatched,False,bart_live_20260911_161720,no ETD row with compatible station/line/time
,402,1965154,1965154,SSAN,gtfsrt_only,,unmatched,False,bart_live_20260911_161720,no ETD row with compatible station/line/time
,403,1965154,1965154,SBRN,gtfsrt_only,,unmatched,False,bart_live_20260911_161720,no ETD row with compatible station/line/time
,410,1965197,1965197,19TH,gtfsrt_only,,unmatched,False,bart_live_20260911_161720,no ETD row with compatible station/line/time
,411,1965197,1965197,12TH,gtfsrt_only,,unmatched,False,bart_live_20260911_161720,no ETD row with compatible station/line/time
,412,1965197,1965197,WOAK,gtfsrt_only,,unmatched,False,bart_live_20260911_161720,no ETD row with compatible station/line/time
,413,1965197,1965197,EMBR,gtfsrt_only,,unmatched,False,bart_live_20260911_161720,no ETD row with compatible station/line/time
,414,1965197,1965197,MONT,gtfsrt_only,,unmatched,False,bart_live_20260911_161720,no ETD row with compatible station/line/time
,415,1965197,1965197,POWL,gtfsrt_only,,unmatched,False,bart_live_20260911_161720,no ETD row with compatible station/line/time
,416,1965197,1965197,CIVC,gtfsrt_only,,unmatched,False,bart_live_20260911_161720,no ETD row with compatible station/line/time
,417,1965197,1965197,16TH,gtfsrt_only,,unmatched,False,bart_live_20260911_161720,no ETD row with compatible station/line/time
,418,1965197,1965197,24TH,gtfsrt_only,,unmatched,False,bart_live_20260911_161720,no ETD row with compatible station/line/time
,419,1965197,1965197,GLEN,gtfsrt_only,,unmatched,False,bart_live_20260911_161720,no ETD row with compatible station/line/time
,420,1965197,1965197,BALB,gtfsrt_only,,unmatched,False,bart_live_20260911_161720,no ETD row with compatible station/line/time
,421,1965197,1965197,DALY,gtfsrt_only,,unmatched,False,bart_live_20260911_161720,no ETD row with compatible station/line/time
,422,1965197,1965197,COLM,gtfsrt_only,,unmatched,False,bart_live_20260911_161720,no ETD row with compatible station/line/time
,423,1965197,1965197,SSAN,gtfsrt_only,,unmatched,False,bart_live_20260911_161720,no ETD row with compatible station/line/time
,424,1965197,1965197,SBRN,gtfsrt_only,,unmatched,False,bart_live_20260911_161720,no ETD row with compatible station/line/time
,432,1965155,1965155,ROCK,gtfsrt_only,,unmatched,False,bart_live_20260911_161720,no ETD row with compatible station/line/time
,433,1965155,1965155,MCAR,gtfsrt_only,,unmatched,False,bart_live_20260911_161720,no ETD row with compatible station/line/time
,434,1965155,1965155,19TH,gtfsrt_only,,unmatched,False,bart_live_20260911_161720,no ETD row with compatible station/line/time
,435,1965155,1965155,12TH,gtfsrt_only,,unmatched,False,bart_live_20260911_161720,no ETD row with compatible station/line/time
,436,1965155,1965155,WOAK,gtfsrt_only,,unmatched,False,bart_live_20260911_161720,no ETD row with compatible station/line/time
,437,1965155,1965155,EMBR,gtfsrt_only,,unmatched,False,bart_live_20260911_161720,no ETD row with compatible station/line/time
,438,1965155,1965155,MONT,gtfsrt_only,,unmatched,False,bart_live_20260911_161720,no ETD row with compatible station/line/time
,439,1965155,1965155,POWL,gtfsrt_only,,unmatched,False,bart_live_20260911_161720,no ETD row with compatible station/line/time
,440,1965155,1965155,CIVC,gtfsrt_only,,unmatched,False,bart_live_20260911_161720,no ETD row with compatible station/line/time
,441,1965155,1965155,16TH,gtfsrt_only,,unmatched,False,bart_live_20260911_161720,no ETD row with compatible station/line/time
,442,1965155,1965155,24TH,gtfsrt_only,,unmatched,False,bart_live_20260911_161720,no ETD row with compatible station/line/time
,443,1965155,1965155,GLEN,gtfsrt_only,,unmatched,False,bart_live_20260911_161720,no ETD row with compatible station/line/time
,444,1965155,1965155,BALB,gtfsrt_only,,unmatched,False,bart_live_20260911_161720,no ETD row with compatible station/line/time
,445,1965155,1965155,DALY,gtfsrt_only,,unmatched,False,bart_live_20260911_161720,no ETD row with compatible station/line/time
,446,1965155,1965155,COLM,gtfsrt_only,,unmatched,False,bart_live_20260911_161720,no ETD row with compatible station/line/time
,447,1965155,1965155,SSAN,gtfsrt_only,,unmatched,False,bart_live_20260911_161720,no ETD row with compatible station/line/time
,448,1965155,1965155,SBRN,gtfsrt_only,,unmatched,False,bart_live_20260911_161720,no ETD row with compatible station/line/time
,454,1965198,1965198,LAFY,gtfsrt_only,,unmatched,False,bart_live_20260911_161720,no ETD row with compatible station/line/time
,455,1965198,1965198,ORIN,gtfsrt_only,,unmatched,False,bart_live_20260911_161720,no ETD row with compatible station/line/time
,456,1965198,1965198,ROCK,gtfsrt_only,,unmatched,False,bart_live_20260911_161720,no ETD row with compatible station/line/time
,457,1965198,1965198,MCAR,gtfsrt_only,,unmatched,False,bart_live_20260911_161720,no ETD row with compatible station/line/time
,458,1965198,1965198,19TH,gtfsrt_only,,unmatched,False,bart_live_20260911_161720,no ETD row with compatible station/line/time
,459,1965198,1965198,12TH,gtfsrt_only,,unmatched,False,bart_live_20260911_161720,no ETD row with compatible station/line/time
,460,1965198,1965198,WOAK,gtfsrt_only,,unmatched,False,bart_live_20260911_161720,no ETD row with compatible station/line/time
,461,1965198,1965198,EMBR,gtfsrt_only,,unmatched,False,bart_live_20260911_161720,no ETD row with compatible station/line/time
,462,1965198,1965198,MONT,gtfsrt_only,,unmatched,False,bart_live_20260911_161720,no ETD row with compatible station/line/time
,463,1965198,1965198,POWL,gtfsrt_only,,unmatched,False,bart_live_20260911_161720,no ETD row with compatible station/line/time
,464,1965198,1965198,CIVC,gtfsrt_only,,unmatched,False,bart_live_20260911_161720,no ETD row with compatible station/line/time
,465,1965198,1965198,16TH,gtfsrt_only,,unmatched,False,bart_live_20260911_161720,no ETD row with compatible station/line/time
,466,1965198,1965198,24TH,gtfsrt_only,,unmatched,False,bart_live_20260911_161720,no ETD row with compatible station/line/time
,467,1965198,1965198,GLEN,gtfsrt_only,,unmatched,False,bart_live_20260911_161720,no ETD row with compatible station/line/time
,468,1965198,1965198,BALB,gtfsrt_only,,unmatched,False,bart_live_20260911_161720,no ETD row with compatible station/line/time
,469,1965198,1965198,DALY,gtfsrt_only,,unmatched,False,bart_live_20260911_161720,no ETD row with compatible station/line/time
,470,1965198,1965198,COLM,gtfsrt_only,,unmatched,False,bart_live_20260911_161720,no ETD row with compatible station/line/time
,471,1965198,1965198,SSAN,gtfsrt_only,,unmatched,False,bart_live_20260911_161720,no ETD row with compatible station/line/time
,472,1965198,1965198,SBRN,gtfsrt_only,,unmatched,False,bart_live_20260911_161720,no ETD row with compatible station/line/time
,477,1965156,1965156,PHIL,gtfsrt_only,,unmatched,False,bart_live_20260911_161720,no ETD row with compatible station/line/time
,478,1965156,1965156,WCRK,gtfsrt_only,,unmatched,False,bart_live_20260911_161720,no ETD row with compatible station/line/time
,479,1965156,1965156,LAFY,gtfsrt_only,,unmatched,False,bart_live_20260911_161720,no ETD row with compatible station/line/time
,480,1965156,1965156,ORIN,gtfsrt_only,,unmatched,False,bart_live_20260911_161720,no ETD row with compatible station/line/time
,481,1965156,1965156,ROCK,gtfsrt_only,,unmatched,False,bart_live_20260911_161720,no ETD row with compatible station/line/time
,482,1965156,1965156,MCAR,gtfsrt_only,,unmatched,False,bart_live_20260911_161720,no ETD row with compatible station/line/time
,483,1965156,1965156,19TH,gtfsrt_only,,unmatched,False,bart_live_20260911_161720,no ETD row with compatible station/line/time
,484,1965156,1965156,12TH,gtfsrt_only,,unmatched,False,bart_live_20260911_161720,no ETD row with compatible station/line/time
,485,1965156,1965156,WOAK,gtfsrt_only,,unmatched,False,bart_live_20260911_161720,no ETD row with compatible station/line/time
,486,1965156,1965156,EMBR,gtfsrt_only,,unmatched,False,bart_live_20260911_161720,no ETD row with compatible station/line/time
,487,1965156,1965156,MONT,gtfsrt_only,,unmatched,False,bart_live_20260911_161720,no ETD row with compatible station/line/time
,488,1965156,1965156,POWL,gtfsrt_only,,unmatched,False,bart_live_20260911_161720,no ETD row with compatible station/line/time
,489,1965156,1965156,CIVC,gtfsrt_only,,unmatched,False,bart_live_20260911_161720,no ETD row with compatible station/line/time
,490,1965156,1965156,16TH,gtfsrt_only,,unmatched,False,bart_live_20260911_161720,no ETD row with compatible station/line/time
,491,1965156,1965156,24TH,gtfsrt_only,,unmatched,False,bart_live_20260911_161720,no ETD row with compatible station/line/time
,492,1965156,1965156,GLEN,gtfsrt_only,,unmatched,False,bart_live_20260911_161720,no ETD row with compatible station/line/time
,493,1965156,1965156,BALB,gtfsrt_only,,unmatched,False,bart_live_20260911_161720,no ETD row with compatible station/line/time
,494,1965156,1965156,DALY,gtfsrt_only,,unmatched,False,bart_live_20260911_161720,no ETD row with compatible station/line/time
,495,1965156,1965156,COLM,gtfsrt_only,,unmatched,False,bart_live_20260911_161720,no ETD row with compatible station/line/time
,496,1965156,1965156,SSAN,gtfsrt_only,,unmatched,False,bart_live_20260911_161720,no ETD row with compatible station/line/time
,497,1965156,1965156,SBRN,gtfsrt_only,,unmatched,False,bart_live_20260911_161720,no ETD row with compatible station/line/time
,503,1965199,1965199,PITT,gtfsrt_only,,unmatched,False,bart_live_20260911_161720,no ETD row with compatible station/line/time
,504,1965199,1965199,NCON,gtfsrt_only,,unmatched,False,bart_live_20260911_161720,no ETD row with compatible station/line/time
,505,1965199,1965199,CONC,gtfsrt_only,,unmatched,False,bart_live_20260911_161720,no ETD row with compatible station/line/time
,506,1965199,1965199,PHIL,gtfsrt_only,,unmatched,False,bart_live_20260911_161720,no ETD row with compatible station/line/time
,507,1965199,1965199,WCRK,gtfsrt_only,,unmatched,False,bart_live_20260911_161720,no ETD row with compatible station/line/time
,508,1965199,1965199,LAFY,gtfsrt_only,,unmatched,False,bart_live_20260911_161720,no ETD row with compatible station/line/time
,509,1965199,1965199,ORIN,gtfsrt_only,,unmatched,False,bart_live_20260911_161720,no ETD row with compatible station/line/time
,510,1965199,1965199,ROCK,gtfsrt_only,,unmatched,False,bart_live_20260911_161720,no ETD row with compatible station/line/time
,511,1965199,1965199,MCAR,gtfsrt_only,,unmatched,False,bart_live_20260911_161720,no ETD row with compatible station/line/time
,512,1965199,1965199,19TH,gtfsrt_only,,unmatched,False,bart_live_20260911_161720,no ETD row with compatible station/line/time
,513,1965199,1965199,12TH,gtfsrt_only,,unmatched,False,bart_live_20260911_161720,no ETD row with compatible station/line/time
,514,1965199,1965199,WOAK,gtfsrt_only,,unmatched,False,bart_live_20260911_161720,no ETD row with compatible station/line/time
,515,1965199,1965199,EMBR,gtfsrt_only,,unmatched,False,bart_live_20260911_161720,no ETD row with compatible station/line/time
,516,1965199,1965199,MONT,gtfsrt_only,,unmatched,False,bart_live_20260911_161720,no ETD row with compatible station/line/time
,517,1965199,1965199,POWL,gtfsrt_only,,unmatched,False,bart_live_20260911_161720,no ETD row with compatible station/line/time
,518,1965199,1965199,CIVC,gtfsrt_only,,unmatched,False,bart_live_20260911_161720,no ETD row with compatible station/line/time
,519,1965199,1965199,16TH,gtfsrt_only,,unmatched,False,bart_live_20260911_161720,no ETD row with compatible station/line/time
,520,1965199,1965199,24TH,gtfsrt_only,,unmatched,False,bart_live_20260911_161720,no ETD row with compatible station/line/time
,521,1965199,1965199,GLEN,gtfsrt_only,,unmatched,False,bart_live_20260911_161720,no ETD row with compatible station/line/time
,522,1965199,1965199,BALB,gtfsrt_only,,unmatched,False,bart_live_20260911_161720,no ETD row with compatible station/line/time
,523,1965199,1965199,DALY,gtfsrt_only,,unmatched,False,bart_live_20260911_161720,no ETD row with compatible station/line/time
,524,1965199,1965199,COLM,gtfsrt_only,,unmatched,False,bart_live_20260911_161720,no ETD row with compatible station/line/time
,525,1965199,1965199,SSAN,gtfsrt_only,,unmatched,False,bart_live_20260911_161720,no ETD row with compatible station/line/time
,526,1965199,1965199,SBRN,gtfsrt_only,,unmatched,False,bart_live_20260911_161720,no ETD row with compatible station/line/time
,533,1965157,1965157,PITT,gtfsrt_only,,unmatched,False,bart_live_20260911_161720,no ETD row with compatible station/line/time
,534,1965157,1965157,NCON,gtfsrt_only,,unmatched,False,bart_live_20260911_161720,no ETD row with compatible station/line/time
,535,1965157,1965157,CONC,gtfsrt_only,,unmatched,False,bart_live_20260911_161720,no ETD row with compatible station/line/time
,536,1965157,1965157,PHIL,gtfsrt_only,,unmatched,False,bart_live_20260911_161720,no ETD row with compatible station/line/time
,537,1965157,1965157,WCRK,gtfsrt_only,,unmatched,False,bart_live_20260911_161720,no ETD row with compatible station/line/time
,538,1965157,1965157,LAFY,gtfsrt_only,,unmatched,False,bart_live_20260911_161720,no ETD row with compatible station/line/time
,539,1965157,1965157,ORIN,gtfsrt_only,,unmatched,False,bart_live_20260911_161720,no ETD row with compatible station/line/time
,540,1965157,1965157,ROCK,gtfsrt_only,,unmatched,False,bart_live_20260911_161720,no ETD row with compatible station/line/time
,541,1965157,1965157,MCAR,gtfsrt_only,,unmatched,False,bart_live_20260911_161720,no ETD row with compatible station/line/time
,542,1965157,1965157,19TH,gtfsrt_only,,unmatched,False,bart_live_20260911_161720,no ETD row with compatible station/line/time
,543,1965157,1965157,12TH,gtfsrt_only,,unmatched,False,bart_live_20260911_161720,no ETD row with compatible station/line/time
,544,1965157,1965157,WOAK,gtfsrt_only,,unmatched,False,bart_live_20260911_161720,no ETD row with compatible station/line/time
,545,1965157,1965157,EMBR,gtfsrt_only,,unmatched,False,bart_live_20260911_161720,no ETD row with compatible station/line/time
,546,1965157,1965157,MONT,gtfsrt_only,,unmatched,False,bart_live_20260911_161720,no ETD row with compatible station/line/time
,547,1965157,1965157,POWL,gtfsrt_only,,unmatched,False,bart_live_20260911_161720,no ETD row with compatible station/line/time
,548,1965157,1965157,CIVC,gtfsrt_only,,unmatched,False,bart_live_20260911_161720,no ETD row with compatible station/line/time
,549,1965157,1965157,16TH,gtfsrt_only,,unmatched,False,bart_live_20260911_161720,no ETD row with compatible station/line/time
,550,1965157,1965157,24TH,gtfsrt_only,,unmatched,False,bart_live_20260911_161720,no ETD row with compatible station/line/time
,551,1965157,1965157,GLEN,gtfsrt_only,,unmatched,False,bart_live_20260911_161720,no ETD row with compatible station/line/time
,552,1965157,1965157,BALB,gtfsrt_only,,unmatched,False,bart_live_20260911_161720,no ETD row with compatible station/line/time
,553,1965157,1965157,DALY,gtfsrt_only,,unmatched,False,bart_live_20260911_161720,no ETD row with compatible station/line/time
,554,1965157,1965157,COLM,gtfsrt_only,,unmatched,False,bart_live_20260911_161720,no ETD row with compatible station/line/time
,555,1965157,1965157,SSAN,gtfsrt_only,,unmatched,False,bart_live_20260911_161720,no ETD row with compatible station/line/time
,556,1965157,1965157,SBRN,gtfsrt_only,,unmatched,False,bart_live_20260911_161720,no ETD row with compatible station/line/time
,614,1965304,1965304,NCON,gtfsrt_only,,unmatched,False,bart_live_20260911_161720,no ETD row with compatible station/line/time
,632,1965274,1965274,WCRK,gtfsrt_only,,unmatched,False,bart_live_20260911_161720,no ETD row with compatible station/line/time
,633,1965274,1965274,PHIL,gtfsrt_only,,unmatched,False,bart_live_20260911_161720,no ETD row with compatible station/line/time
,634,1965274,1965274,CONC,gtfsrt_only,,unmatched,False,bart_live_20260911_161720,no ETD row with compatible station/line/time
,635,1965274,1965274,NCON,gtfsrt_only,,unmatched,False,bart_live_20260911_161720,no ETD row with compatible station/line/time
,636,1965274,1965274,PITT,gtfsrt_only,,unmatched,False,bart_live_20260911_161720,no ETD row with compatible station/line/time
,655,1965305,1965305,ORIN,gtfsrt_only,,unmatched,False,bart_live_20260911_161720,no ETD row with compatible station/line/time
,656,1965305,1965305,LAFY,gtfsrt_only,,unmatched,False,bart_live_20260911_161720,no ETD row with compatible station/line/time
,657,1965305,1965305,WCRK,gtfsrt_only,,unmatched,False,bart_live_20260911_161720,no ETD row with compatible station/line/time
,658,1965305,1965305,PHIL,gtfsrt_only,,unmatched,False,bart_live_20260911_161720,no ETD row with compatible station/line/time
,659,1965305,1965305,CONC,gtfsrt_only,,unmatched,False,bart_live_20260911_161720,no ETD row with compatible station/line/time
,660,1965305,1965305,NCON,gtfsrt_only,,unmatched,False,bart_live_20260911_161720,no ETD row with compatible station/line/time
,679,1965275,1965275,MCAR,gtfsrt_only,,unmatched,False,bart_live_20260911_161720,no ETD row with compatible station/line/time
,680,1965275,1965275,ROCK,gtfsrt_only,,unmatched,False,bart_live_20260911_161720,no ETD row with compatible station/line/time
,681,1965275,1965275,ORIN,gtfsrt_only,,unmatched,False,bart_live_20260911_161720,no ETD row with compatible station/line/time
,682,1965275,1965275,LAFY,gtfsrt_only,,unmatched,False,bart_live_20260911_161720,no ETD row with compatible station/line/time
,683,1965275,1965275,WCRK,gtfsrt_only,,unmatched,False,bart_live_20260911_161720,no ETD row with compatible station/line/time
,684,1965275,1965275,PHIL,gtfsrt_only,,unmatched,False,bart_live_20260911_161720,no ETD row with compatible station/line/time
,685,1965275,1965275,CONC,gtfsrt_only,,unmatched,False,bart_live_20260911_161720,no ETD row with compatible station/line/time
,686,1965275,1965275,NCON,gtfsrt_only,,unmatched,False,bart_live_20260911_161720,no ETD row with compatible station/line/time
,687,1965275,1965275,PITT,gtfsrt_only,,unmatched,False,bart_live_20260911_161720,no ETD row with compatible station/line/time
,705,1965306,1965306,EMBR,gtfsrt_only,,unmatched,False,bart_live_20260911_161720,no ETD row with compatible station/line/time
,706,1965306,1965306,WOAK,gtfsrt_only,,unmatched,False,bart_live_20260911_161720,no ETD row with compatible station/line/time
,707,1965306,1965306,12TH,gtfsrt_only,,unmatched,False,bart_live_20260911_161720,no ETD row with compatible station/line/time
,708,1965306,1965306,19TH,gtfsrt_only,,unmatched,False,bart_live_20260911_161720,no ETD row with compatible station/line/time
,709,1965306,1965306,MCAR,gtfsrt_only,,unmatched,False,bart_live_20260911_161720,no ETD row with compatible station/line/time
,710,1965306,1965306,ROCK,gtfsrt_only,,unmatched,False,bart_live_20260911_161720,no ETD row with compatible station/line/time
,711,1965306,1965306,ORIN,gtfsrt_only,,unmatched,False,bart_live_20260911_161720,no ETD row with compatible station/line/time
,712,1965306,1965306,LAFY,gtfsrt_only,,unmatched,False,bart_live_20260911_161720,no ETD row with compatible station/line/time
,713,1965306,1965306,WCRK,gtfsrt_only,,unmatched,False,bart_live_20260911_161720,no ETD row with compatible station/line/time
,714,1965306,1965306,PHIL,gtfsrt_only,,unmatched,False,bart_live_20260911_161720,no ETD row with compatible station/line/time
,715,1965306,1965306,CONC,gtfsrt_only,,unmatched,False,bart_live_20260911_161720,no ETD row with compatible station/line/time
,716,1965306,1965306,NCON,gtfsrt_only,,unmatched,False,bart_live_20260911_161720,no ETD row with compatible station/line/time
,737,1965276,1965276,16TH,gtfsrt_only,,unmatched,False,bart_live_20260911_161720,no ETD row with compatible station/line/time
,738,1965276,1965276,CIVC,gtfsrt_only,,unmatched,False,bart_live_20260911_161720,no ETD row with compatible station/line/time
,739,1965276,1965276,POWL,gtfsrt_only,,unmatched,False,bart_live_20260911_161720,no ETD row with compatible station/line/time
,740,1965276,1965276,MONT,gtfsrt_only,,unmatched,False,bart_live_20260911_161720,no ETD row with compatible station/line/time
,741,1965276,1965276,EMBR,gtfsrt_only,,unmatched,False,bart_live_20260911_161720,no ETD row with compatible station/line/time
,742,1965276,1965276,WOAK,gtfsrt_only,,unmatched,False,bart_live_20260911_161720,no ETD row with compatible station/line/time
,743,1965276,1965276,12TH,gtfsrt_only,,unmatched,False,bart_live_20260911_161720,no ETD row with compatible station/line/time
,744,1965276,1965276,19TH,gtfsrt_only,,unmatched,False,bart_live_20260911_161720,no ETD row with compatible station/line/time
,745,1965276,1965276,MCAR,gtfsrt_only,,unmatched,False,bart_live_20260911_161720,no ETD row with compatible station/line/time
,746,1965276,1965276,ROCK,gtfsrt_only,,unmatched,False,bart_live_20260911_161720,no ETD row with compatible station/line/time
,747,1965276,1965276,ORIN,gtfsrt_only,,unmatched,False,bart_live_20260911_161720,no ETD row with compatible station/line/time
,748,1965276,1965276,LAFY,gtfsrt_only,,unmatched,False,bart_live_20260911_161720,no ETD row with compatible station/line/time
,749,1965276,1965276,WCRK,gtfsrt_only,,unmatched,False,bart_live_20260911_161720,no ETD row with compatible station/line/time
,750,1965276,1965276,PHIL,gtfsrt_only,,unmatched,False,bart_live_20260911_161720,no ETD row with compatible station/line/time
,751,1965276,1965276,CONC,gtfsrt_only,,unmatched,False,bart_live_20260911_161720,no ETD row with compatible station/line/time
,752,1965276,1965276,NCON,gtfsrt_only,,unmatched,False,bart_live_20260911_161720,no ETD row with compatible station/line/time
,753,1965276,1965276,PITT,gtfsrt_only,,unmatched,False,bart_live_20260911_161720,no ETD row with compatible station/line/time
,764,1965195,1965195,SSAN,gtfsrt_only,,unmatched,False,bart_live_20260911_161720,no ETD row with compatible station/line/time
,765,1965195,1965195,SBRN,gtfsrt_only,,unmatched,False,bart_live_20260911_161720,no ETD row with compatible station/line/time
,777,1965659,1965659,12TH,gtfsrt_only,,unmatched,False,bart_live_20260911_161720,no ETD row with compatible station/line/time
,778,1965659,1965659,WOAK,gtfsrt_only,,unmatched,False,bart_live_20260911_161720,no ETD row with compatible station/line/time
,779,1965659,1965659,EMBR,gtfsrt_only,,unmatched,False,bart_live_20260911_161720,no ETD row with compatible station/line/time
,780,1965659,1965659,MONT,gtfsrt_only,,unmatched,False,bart_live_20260911_161720,no ETD row with compatible station/line/time
,781,1965659,1965659,POWL,gtfsrt_only,,unmatched,False,bart_live_20260911_161720,no ETD row with compatible station/line/time
,782,1965659,1965659,CIVC,gtfsrt_only,,unmatched,False,bart_live_20260911_161720,no ETD row with compatible station/line/time
,783,1965659,1965659,16TH,gtfsrt_only,,unmatched,False,bart_live_20260911_161720,no ETD row with compatible station/line/time
,784,1965659,1965659,24TH,gtfsrt_only,,unmatched,False,bart_live_20260911_161720,no ETD row with compatible station/line/time
,785,1965659,1965659,GLEN,gtfsrt_only,,unmatched,False,bart_live_20260911_161720,no ETD row with compatible station/line/time
,786,1965659,1965659,BALB,gtfsrt_only,,unmatched,False,bart_live_20260911_161720,no ETD row with compatible station/line/time
,787,1965659,1965659,DALY,gtfsrt_only,,unmatched,False,bart_live_20260911_161720,no ETD row with compatible station/line/time
,788,1965659,1965659,COLM,gtfsrt_only,,unmatched,False,bart_live_20260911_161720,no ETD row with compatible station/line/time
,789,1965659,1965659,SSAN,gtfsrt_only,,unmatched,False,bart_live_20260911_161720,no ETD row with compatible station/line/time
,790,1965659,1965659,SBRN,gtfsrt_only,,unmatched,False,bart_live_20260911_161720,no ETD row with compatible station/line/time
,811,1965698,1965698,MCAR,gtfsrt_only,,unmatched,False,bart_live_20260911_161720,no ETD row with compatible station/line/time
,812,1965698,1965698,ASHB,gtfsrt_only,,unmatched,False,bart_live_20260911_161720,no ETD row with compatible station/line/time
,813,1965698,1965698,DBRK,gtfsrt_only,,unmatched,False,bart_live_20260911_161720,no ETD row with compatible station/line/time
,814,1965698,1965698,NBRK,gtfsrt_only,,unmatched,False,bart_live_20260911_161720,no ETD row with compatible station/line/time
,815,1965698,1965698,PLZA,gtfsrt_only,,unmatched,False,bart_live_20260911_161720,no ETD row with compatible station/line/time
,816,1965698,1965698,DELN,gtfsrt_only,,unmatched,False,bart_live_20260911_161720,no ETD row with compatible station/line/time
,831,1965699,1965699,12TH,gtfsrt_only,,unmatched,False,bart_live_20260911_161720,no ETD row with compatible station/line/time
,832,1965699,1965699,19TH,gtfsrt_only,,unmatched,False,bart_live_20260911_161720,no ETD row with compatible station/line/time
,833,1965699,1965699,MCAR,gtfsrt_only,,unmatched,False,bart_live_20260911_161720,no ETD row with compatible station/line/time
,834,1965699,1965699,ASHB,gtfsrt_only,,unmatched,False,bart_live_20260911_161720,no ETD row with compatible station/line/time
,835,1965699,1965699,DBRK,gtfsrt_only,,unmatched,False,bart_live_20260911_161720,no ETD row with compatible station/line/time
,836,1965699,1965699,NBRK,gtfsrt_only,,unmatched,False,bart_live_20260911_161720,no ETD row with compatible station/line/time
,837,1965699,1965699,PLZA,gtfsrt_only,,unmatched,False,bart_live_20260911_161720,no ETD row with compatible station/line/time
,838,1965699,1965699,DELN,gtfsrt_only,,unmatched,False,bart_live_20260911_161720,no ETD row with compatible station/line/time
,856,1965700,1965700,WOAK,gtfsrt_only,,unmatched,False,bart_live_20260911_161720,no ETD row with compatible station/line/time
,857,1965700,1965700,12TH,gtfsrt_only,,unmatched,False,bart_live_20260911_161720,no ETD row with compatible station/line/time
,858,1965700,1965700,19TH,gtfsrt_only,,unmatched,False,bart_live_20260911_161720,no ETD row with compatible station/line/time
,859,1965700,1965700,MCAR,gtfsrt_only,,unmatched,False,bart_live_20260911_161720,no ETD row with compatible station/line/time
,860,1965700,1965700,ASHB,gtfsrt_only,,unmatched,False,bart_live_20260911_161720,no ETD row with compatible station/line/time
,861,1965700,1965700,DBRK,gtfsrt_only,,unmatched,False,bart_live_20260911_161720,no ETD row with compatible station/line/time
,862,1965700,1965700,NBRK,gtfsrt_only,,unmatched,False,bart_live_20260911_161720,no ETD row with compatible station/line/time
,863,1965700,1965700,PLZA,gtfsrt_only,,unmatched,False,bart_live_20260911_161720,no ETD row with compatible station/line/time
,864,1965700,1965700,DELN,gtfsrt_only,,unmatched,False,bart_live_20260911_161720,no ETD row with compatible station/line/time
,879,1965701,1965701,BALB,gtfsrt_only,,unmatched,False,bart_live_20260911_161720,no ETD row with compatible station/line/time
,880,1965701,1965701,GLEN,gtfsrt_only,,unmatched,False,bart_live_20260911_161720,no ETD row with compatible station/line/time
,881,1965701,1965701,24TH,gtfsrt_only,,unmatched,False,bart_live_20260911_161720,no ETD row with compatible station/line/time
,882,1965701,1965701,16TH,gtfsrt_only,,unmatched,False,bart_live_20260911_161720,no ETD row with compatible station/line/time
,883,1965701,1965701,CIVC,gtfsrt_only,,unmatched,False,bart_live_20260911_161720,no ETD row with compatible station/line/time
,884,1965701,1965701,POWL,gtfsrt_only,,unmatched,False,bart_live_20260911_161720,no ETD row with compatible station/line/time
,885,1965701,1965701,MONT,gtfsrt_only,,unmatched,False,bart_live_20260911_161720,no ETD row with compatible station/line/time
,886,1965701,1965701,EMBR,gtfsrt_only,,unmatched,False,bart_live_20260911_161720,no ETD row with compatible station/line/time
,887,1965701,1965701,WOAK,gtfsrt_only,,unmatched,False,bart_live_20260911_161720,no ETD row with compatible station/line/time
,888,1965701,1965701,12TH,gtfsrt_only,,unmatched,False,bart_live_20260911_161720,no ETD row with compatible station/line/time
,889,1965701,1965701,19TH,gtfsrt_only,,unmatched,False,bart_live_20260911_161720,no ETD row with compatible station/line/time
,890,1965701,1965701,MCAR,gtfsrt_only,,unmatched,False,bart_live_20260911_161720,no ETD row with compatible station/line/time
,891,1965701,1965701,ASHB,gtfsrt_only,,unmatched,False,bart_live_20260911_161720,no ETD row with compatible station/line/time
,892,1965701,1965701,DBRK,gtfsrt_only,,unmatched,False,bart_live_20260911_161720,no ETD row with compatible station/line/time
,893,1965701,1965701,NBRK,gtfsrt_only,,unmatched,False,bart_live_20260911_161720,no ETD row with compatible station/line/time
,894,1965701,1965701,PLZA,gtfsrt_only,,unmatched,False,bart_live_20260911_161720,no ETD row with compatible station/line/time
,895,1965701,1965701,DELN,gtfsrt_only,,unmatched,False,bart_live_20260911_161720,no ETD row with compatible station/line/time
,928,1965657,1965657,SSAN,gtfsrt_only,,unmatched,False,bart_live_20260911_161720,no ETD row with compatible station/line/time
,929,1965657,1965657,SBRN,gtfsrt_only,,unmatched,False,bart_live_20260911_161720,no ETD row with compatible station/line/time
,945,1965658,1965658,24TH,gtfsrt_only,,unmatched,False,bart_live_20260911_161720,no ETD row with compatible station/line/time
,946,1965658,1965658,GLEN,gtfsrt_only,,unmatched,False,bart_live_20260911_161720,no ETD row with compatible station/line/time
,947,1965658,1965658,BALB,gtfsrt_only,,unmatched,False,bart_live_20260911_161720,no ETD row with compatible station/line/time
,948,1965658,1965658,DALY,gtfsrt_only,,unmatched,False,bart_live_20260911_161720,no ETD row with compatible station/line/time
,949,1965658,1965658,COLM,gtfsrt_only,,unmatched,False,bart_live_20260911_161720,no ETD row with compatible station/line/time
,950,1965658,1965658,SSAN,gtfsrt_only,,unmatched,False,bart_live_20260911_161720,no ETD row with compatible station/line/time
,951,1965658,1965658,SBRN,gtfsrt_only,,unmatched,False,bart_live_20260911_161720,no ETD row with compatible station/line/time
,970,1965851,1965851,LAKE,gtfsrt_only,,unmatched,False,bart_live_20260911_161720,no ETD row with compatible station/line/time
,971,1965851,1965851,FTVL,gtfsrt_only,,unmatched,False,bart_live_20260911_161720,no ETD row with compatible station/line/time
,972,1965851,1965851,COLS,gtfsrt_only,,unmatched,False,bart_live_20260911_161720,no ETD row with compatible station/line/time
,973,1965851,1965851,SANL,gtfsrt_only,,unmatched,False,bart_live_20260911_161720,no ETD row with compatible station/line/time
,974,1965851,1965851,BAYF,gtfsrt_only,,unmatched,False,bart_live_20260911_161720,no ETD row with compatible station/line/time
,975,1965851,1965851,CAST,gtfsrt_only,,unmatched,False,bart_live_20260911_161720,no ETD row with compatible station/line/time
,976,1965851,1965851,WDUB,gtfsrt_only,,unmatched,False,bart_live_20260911_161720,no ETD row with compatible station/line/time
,982,1965792,1965792,MONT,gtfsrt_only,,unmatched,False,bart_live_20260911_161720,no ETD row with compatible station/line/time
,983,1965792,1965792,POWL,gtfsrt_only,,unmatched,False,bart_live_20260911_161720,no ETD row with compatible station/line/time
,984,1965792,1965792,CIVC,gtfsrt_only,,unmatched,False,bart_live_20260911_161720,no ETD row with compatible station/line/time
,985,1965792,1965792,16TH,gtfsrt_only,,unmatched,False,bart_live_20260911_161720,no ETD row with compatible station/line/time
,986,1965792,1965792,24TH,gtfsrt_only,,unmatched,False,bart_live_20260911_161720,no ETD row with compatible station/line/time
,987,1965792,1965792,GLEN,gtfsrt_only,,unmatched,False,bart_live_20260911_161720,no ETD row with compatible station/line/time
,988,1965792,1965792,BALB,gtfsrt_only,,unmatched,False,bart_live_20260911_161720,no ETD row with compatible station/line/time
,994,1965793,1965793,LAKE,gtfsrt_only,,unmatched,False,bart_live_20260911_161720,no ETD row with compatible station/line/time
,995,1965793,1965793,WOAK,gtfsrt_only,,unmatched,False,bart_live_20260911_161720,no ETD row with compatible station/line/time
,996,1965793,1965793,EMBR,gtfsrt_only,,unmatched,False,bart_live_20260911_161720,no ETD row with compatible station/line/time
,997,1965793,1965793,MONT,gtfsrt_only,,unmatched,False,bart_live_20260911_161720,no ETD row with compatible station/line/time
,998,1965793,1965793,POWL,gtfsrt_only,,unmatched,False,bart_live_20260911_161720,no ETD row with compatible station/line/time
,999,1965793,1965793,CIVC,gtfsrt_only,,unmatched,False,bart_live_20260911_161720,no ETD row with compatible station/line/time
,1000,1965793,1965793,16TH,gtfsrt_only,,unmatched,False,bart_live_20260911_161720,no ETD row with compatible station/line/time
,1001,1965793,1965793,24TH,gtfsrt_only,,unmatched,False,bart_live_20260911_161720,no ETD row with compatible station/line/time
,1002,1965793,1965793,GLEN,gtfsrt_only,,unmatched,False,bart_live_20260911_161720,no ETD row with compatible station/line/time
,1003,1965793,1965793,BALB,gtfsrt_only,,unmatched,False,bart_live_20260911_161720,no ETD row with compatible station/line/time
,1007,1965794,1965794,BAYF,gtfsrt_only,,unmatched,False,bart_live_20260911_161720,no ETD row with compatible station/line/time
,1008,1965794,1965794,SANL,gtfsrt_only,,unmatched,False,bart_live_20260911_161720,no ETD row with compatible station/line/time
,1009,1965794,1965794,COLS,gtfsrt_only,,unmatched,False,bart_live_20260911_161720,no ETD row with compatible station/line/time
,1010,1965794,1965794,FTVL,gtfsrt_only,,unmatched,False,bart_live_20260911_161720,no ETD row with compatible station/line/time
,1011,1965794,1965794,LAKE,gtfsrt_only,,unmatched,False,bart_live_20260911_161720,no ETD row with compatible station/line/time
,1012,1965794,1965794,WOAK,gtfsrt_only,,unmatched,False,bart_live_20260911_161720,no ETD row with compatible station/line/time
,1013,1965794,1965794,EMBR,gtfsrt_only,,unmatched,False,bart_live_20260911_161720,no ETD row with compatible station/line/time
,1014,1965794,1965794,MONT,gtfsrt_only,,unmatched,False,bart_live_20260911_161720,no ETD row with compatible station/line/time
,1015,1965794,1965794,POWL,gtfsrt_only,,unmatched,False,bart_live_20260911_161720,no ETD row with compatible station/line/time
,1016,1965794,1965794,CIVC,gtfsrt_only,,unmatched,False,bart_live_20260911_161720,no ETD row with compatible station/line/time
,1017,1965794,1965794,16TH,gtfsrt_only,,unmatched,False,bart_live_20260911_161720,no ETD row with compatible station/line/time
,1018,1965794,1965794,24TH,gtfsrt_only,,unmatched,False,bart_live_20260911_161720,no ETD row with compatible station/line/time
,1019,1965794,1965794,GLEN,gtfsrt_only,,unmatched,False,bart_live_20260911_161720,no ETD row with compatible station/line/time
,1020,1965794,1965794,BALB,gtfsrt_only,,unmatched,False,bart_live_20260911_161720,no ETD row with compatible station/line/time
,1026,1965795,1965795,BAYF,gtfsrt_only,,unmatched,False,bart_live_20260911_161720,no ETD row with compatible station/line/time
,1027,1965795,1965795,SANL,gtfsrt_only,,unmatched,False,bart_live_20260911_161720,no ETD row with compatible station/line/time
,1028,1965795,1965795,COLS,gtfsrt_only,,unmatched,False,bart_live_20260911_161720,no ETD row with compatible station/line/time
,1029,1965795,1965795,FTVL,gtfsrt_only,,unmatched,False,bart_live_20260911_161720,no ETD row with compatible station/line/time
,1030,1965795,1965795,LAKE,gtfsrt_only,,unmatched,False,bart_live_20260911_161720,no ETD row with compatible station/line/time
,1031,1965795,1965795,WOAK,gtfsrt_only,,unmatched,False,bart_live_20260911_161720,no ETD row with compatible station/line/time
,1032,1965795,1965795,EMBR,gtfsrt_only,,unmatched,False,bart_live_20260911_161720,no ETD row with compatible station/line/time
,1033,1965795,1965795,MONT,gtfsrt_only,,unmatched,False,bart_live_20260911_161720,no ETD row with compatible station/line/time
,1034,1965795,1965795,POWL,gtfsrt_only,,unmatched,False,bart_live_20260911_161720,no ETD row with compatible station/line/time
,1035,1965795,1965795,CIVC,gtfsrt_only,,unmatched,False,bart_live_20260911_161720,no ETD row with compatible station/line/time
,1036,1965795,1965795,16TH,gtfsrt_only,,unmatched,False,bart_live_20260911_161720,no ETD row with compatible station/line/time
,1037,1965795,1965795,24TH,gtfsrt_only,,unmatched,False,bart_live_20260911_161720,no ETD row with compatible station/line/time
,1038,1965795,1965795,GLEN,gtfsrt_only,,unmatched,False,bart_live_20260911_161720,no ETD row with compatible station/line/time
,1039,1965795,1965795,BALB,gtfsrt_only,,unmatched,False,bart_live_20260911_161720,no ETD row with compatible station/line/time
,1077,1965850,1965850,CAST,gtfsrt_only,,unmatched,False,bart_live_20260911_161720,no ETD row with compatible station/line/time
,1078,1965850,1965850,WDUB,gtfsrt_only,,unmatched,False,bart_live_20260911_161720,no ETD row with compatible station/line/time
,1082,682,682,PCTR,gtfsrt_only,,unmatched,False,bart_live_20260911_161720,no ETD row with compatible station/line/time
,1085,684,684,PCTR,gtfsrt_only,,unmatched,False,bart_live_20260911_161720,no ETD row with compatible station/line/time
,1090,689,689,ANTC,gtfsrt_only,,unmatched,False,bart_live_20260911_161720,no ETD row with compatible station/line/time
,1091,689,689,PCTR,gtfsrt_only,,unmatched,False,bart_live_20260911_161720,no ETD row with compatible station/line/time
,1092,691,691,ANTC,gtfsrt_only,,unmatched,False,bart_live_20260911_161720,no ETD row with compatible station/line/time
256,100,1965528,1965528,FRMT,station+line+platform/direction+destination+absolute_time,0,high,False,bart_live_20260911_185819,
370,559,1965203,1965203,MONT,station+line+platform/direction+destination+absolute_time,0,high,False,bart_live_20260911_185819,
72,97,1965526,1965526,24TH,station+line+platform/direction+destination+absolute_time,1,medium,False,bart_live_20260911_185819,
106,99,1965526,1965526,BALB,station+line+platform/direction+destination+absolute_time,1,medium,False,bart_live_20260911_185819,
131,870,1965802,1965802,CAST,station+line+platform/direction+destination+absolute_time,1,high,False,bart_live_20260911_185819,
339,605,1965162,1965162,MCAR,station+line+platform/direction+destination+absolute_time,1,high,False,bart_live_20260911_185819,
474,853,1965801,1965801,SANL,station+line+platform/direction+destination+absolute_time,1,high,False,bart_live_20260911_185819,
475,105,1965528,1965528,SANL,station+line+platform/direction+destination+absolute_time,1,high,False,bart_live_20260911_185819,
3,157,1965466,1965466,12TH,station+line+platform/direction+destination+absolute_time,2,high,False,bart_live_20260911_185819,
4,177,1965467,1965467,12TH,station+line+platform/direction+destination+absolute_time,2,high,False,bart_live_20260911_185819,
5,197,1965468,1965468,12TH,station+line+platform/direction+destination+absolute_time,2,high,False,bart_live_20260911_185819,
193,372,1965206,1965206,CONC,station+line+platform/direction+destination+absolute_time,2,medium,False,bart_live_20260911_185819,
264,89,1965526,1965526,FTVL,station+line+platform/direction+destination+absolute_time,2,high,False,bart_live_20260911_185819,
371,574,1965161,1965161,MONT,station+line+platform/direction+destination+absolute_time,2,high,False,bart_live_20260911_185819,
372,591,1965204,1965204,MONT,station+line+platform/direction+destination+absolute_time,2,high,False,bart_live_20260911_185819,
417,373,1965206,1965206,PHIL,station+line+platform/direction+destination+absolute_time,2,medium,False,bart_live_20260911_185819,
458,764,1965666,1965666,RICH,station+line+platform/direction+destination+absolute_time,2,high,False,bart_live_20260911_185819,
459,792,1965667,1965667,RICH,station+line+platform/direction+destination+absolute_time,2,high,False,bart_live_20260911_185819,
523,120,1965464,1965464,UCTY,station+line+platform/direction+destination+absolute_time,2,high,False,bart_live_20260911_185819,
524,150,1965465,1965465,UCTY,station+line+platform/direction+destination+absolute_time,2,high,False,bart_live_20260911_185819,
31,96,1965526,1965526,16TH,station+line+platform/direction+destination+absolute_time,3,medium,False,bart_live_20260911_185819,
84,154,1965466,1965466,ASHB,station+line+platform/direction+destination+absolute_time,3,high,False,bart_live_20260911_185819,
85,174,1965467,1965467,ASHB,station+line+platform/direction+destination+absolute_time,3,high,False,bart_live_20260911_185819,
86,194,1965468,1965468,ASHB,station+line+platform/direction+destination+absolute_time,3,high,False,bart_live_20260911_185819,
401,376,1965206,1965206,ORIN,station+line+platform/direction+destination+absolute_time,3,medium,False,bart_live_20260911_185819,
492,523,1965202,1965202,SBRN,station+line+platform/direction+destination+absolute_time,3,high,False,bart_live_20260911_185819,
23,818,1965799,1965799,16TH,station+line+platform/direction+destination+absolute_time,4,high,False,bart_live_20260911_185819,
47,748,1965665,1965665,19TH,station+line+platform/direction+destination+absolute_time,4,high,False,bart_live_20260911_185819,
48,771,1965666,1965666,19TH,station+line+platform/direction+destination+absolute_time,4,high,False,bart_live_20260911_185819,
49,799,1965667,1965667,19TH,station+line+platform/direction+destination+absolute_time,4,high,False,bart_live_20260911_185819,
104,701,1965663,1965663,BALB,station+line+platform/direction+destination+absolute_time,4,high,False,bart_live_20260911_185819,
115,147,1965465,1965465,BAYF,station+line+platform/direction+destination+absolute_time,4,high,False,bart_live_20260911_185819,
169,521,1965202,1965202,COLM,station+line+platform/direction+destination+absolute_time,4,high,False,bart_live_20260911_185819,
485,673,1965662,1965662,SBRN,station+line+platform/direction+destination+absolute_time,4,high,False,bart_live_20260911_185819,
222,765,1965666,1965666,DELN,station+line+platform/direction+destination+absolute_time,5,high,False,bart_live_20260911_185819,
223,793,1965667,1965667,DELN,station+line+platform/direction+destination+absolute_time,5,high,False,bart_live_20260911_185819,
327,155,1965466,1965466,MCAR,station+line+platform/direction+destination+absolute_time,5,high,False,bart_live_20260911_185819,
328,175,1965467,1965467,MCAR,station+line+platform/direction+destination+absolute_time,5,high,False,bart_live_20260911_185819,
329,195,1965468,1965468,MCAR,station+line+platform/direction+destination+absolute_time,5,high,False,bart_live_20260911_185819,
502,119,1965464,1965464,SHAY,station+line+platform/direction+destination+absolute_time,5,high,False,bart_live_20260911_185819,
557,842,1965800,1965800,WOAK,station+line+platform/direction+destination+absolute_time,5,high,False,bart_live_20260911_185819,
14,571,1965161,1965161,12TH,station+line+platform/direction+destination+absolute_time,6,high,False,bart_live_20260911_185819,
16,607,1965162,1965162,12TH,station+line+platform/direction+destination+absolute_time,6,high,False,bart_live_20260911_185819,
37,525,1965160,1965160,16TH,station+line+platform/direction+destination+absolute_time,6,high,False,bart_live_20260911_185819,
38,562,1965203,1965203,16TH,station+line+platform/direction+destination+absolute_time,6,high,False,bart_live_20260911_185819,
40,386,1965206,1965206,16TH,station+line+platform/direction+destination+absolute_time,6,medium,False,bart_live_20260911_185819,
65,819,1965799,1965799,24TH,station+line+platform/direction+destination+absolute_time,6,high,False,bart_live_20260911_185819,
70,699,1965663,1965663,24TH,station+line+platform/direction+destination+absolute_time,6,high,False,bart_live_20260911_185819,
78,563,1965203,1965203,24TH,station+line+platform/direction+destination+absolute_time,6,high,False,bart_live_20260911_185819,
80,387,1965206,1965206,24TH,station+line+platform/direction+destination+absolute_time,6,medium,False,bart_live_20260911_185819,
155,524,1965160,1965160,CIVC,station+line+platform/direction+destination+absolute_time,6,high,False,bart_live_20260911_185819,
211,390,1965206,1965206,DALY,station+line+platform/direction+destination+absolute_time,6,medium,False,bart_live_20260911_185819,
291,564,1965203,1965203,GLEN,station+line+platform/direction+destination+absolute_time,6,high,False,bart_live_20260911_185819,
293,388,1965206,1965206,GLEN,station+line+platform/direction+destination+absolute_time,6,medium,False,bart_live_20260911_185819,
314,158,1965466,1965466,LAKE,station+line+platform/direction+destination+absolute_time,6,high,False,bart_live_20260911_185819,
315,75,1965525,1965525,LAKE,station+line+platform/direction+destination+absolute_time,6,high,False,bart_live_20260911_185819,
358,844,1965800,1965800,MONT,station+line+platform/direction+destination+absolute_time,6,high,False,bart_live_20260911_185819,
399,291,1965118,1965118,ORIN,station+line+platform/direction+destination+absolute_time,6,high,False,bart_live_20260911_185819,
470,146,1965465,1965465,SANL,station+line+platform/direction+destination+absolute_time,6,high,False,bart_live_20260911_185819,
473,87,1965526,1965526,SANL,station+line+platform/direction+destination+absolute_time,6,high,False,bart_live_20260911_185819,
525,101,1965528,1965528,UCTY,station+line+platform/direction+destination+absolute_time,6,high,False,bart_live_20260911_185819,
58,379,1965206,1965206,19TH,station+line+platform/direction+destination+absolute_time,7,medium,False,bart_live_20260911_185819,
176,88,1965526,1965526,COLS,station+line+platform/direction+destination+absolute_time,7,high,False,bart_live_20260911_185819,
310,314,1965205,1965205,LAFY,station+line+platform/direction+destination+absolute_time,7,high,False,bart_live_20260911_185819,
389,310,1965205,1965205,NCON,station+line+platform/direction+destination+absolute_time,7,high,False,bart_live_20260911_185819,
487,742,1965664,1965664,SBRN,station+line+platform/direction+destination+absolute_time,7,high,False,bart_live_20260911_185819,
491,494,1965159,1965159,SBRN,station+line+platform/direction+destination+absolute_time,7,high,False,bart_live_20260911_185819,
562,730,1965664,1965664,WOAK,station+line+platform/direction+destination+absolute_time,7,high,False,bart_live_20260911_185819,
77,526,1965160,1965160,24TH,station+line+platform/direction+destination+absolute_time,8,high,False,bart_live_20260911_185819,
99,821,1965799,1965799,BALB,station+line+platform/direction+destination+absolute_time,8,high,False,bart_live_20260911_185819,
263,840,1965800,1965800,FTVL,station+line+platform/direction+destination+absolute_time,8,high,False,bart_live_20260911_185819,
283,700,1965663,1965663,GLEN,station+line+platform/direction+destination+absolute_time,8,high,False,bart_live_20260911_185819,
362,732,1965664,1965664,MONT,station+line+platform/direction+destination+absolute_time,8,high,False,bart_live_20260911_185819,
363,752,1965665,1965665,MONT,station+line+platform/direction+destination+absolute_time,8,high,False,bart_live_20260911_185819,
364,775,1965666,1965666,MONT,station+line+platform/direction+destination+absolute_time,8,high,False,bart_live_20260911_185819,
330,747,1965665,1965665,MCAR,station+line+platform/direction+destination+absolute_time,9,high,False,bart_live_20260911_185819,
331,770,1965666,1965666,MCAR,station+line+platform/direction+destination+absolute_time,9,high,False,bart_live_20260911_185819,
332,798,1965667,1965667,MCAR,station+line+platform/direction+destination+absolute_time,9,high,False,bart_live_20260911_185819,
374,172,1965467,1965467,NBRK,station+line+platform/direction+destination+absolute_time,9,high,False,bart_live_20260911_185819,
375,192,1965468,1965468,NBRK,station+line+platform/direction+destination+absolute_time,9,high,False,bart_live_20260911_185819,
486,705,1965663,1965663,SBRN,station+line+platform/direction+destination+absolute_time,9,high,False,bart_live_20260911_185819,
544,374,1965206,1965206,WCRK,station+line+platform/direction+destination+absolute_time,9,medium,False,bart_live_20260911_185819,
105,738,1965664,1965664,BALB,station+line+platform/direction+destination+absolute_time,10,high,False,bart_live_20260911_185819,
111,528,1965160,1965160,BALB,station+line+platform/direction+destination+absolute_time,10,high,False,bart_live_20260911_185819,
130,851,1965801,1965801,CAST,station+line+platform/direction+destination+absolute_time,10,high,False,bart_live_20260911_185819,
201,702,1965663,1965663,DALY,station+line+platform/direction+destination+absolute_time,10,high,False,bart_live_20260911_185819,
309,290,1965118,1965118,LAFY,station+line+platform/direction+destination+absolute_time,10,high,False,bart_live_20260911_185819,
440,845,1965800,1965800,POWL,station+line+platform/direction+destination+absolute_time,10,high,False,bart_live_20260911_185819,
444,733,1965664,1965664,POWL,station+line+platform/direction+destination+absolute_time,10,high,False,bart_live_20260911_185819,
445,753,1965665,1965665,POWL,station+line+platform/direction+destination+absolute_time,10,high,False,bart_live_20260911_185819,
446,776,1965666,1965666,POWL,station+line+platform/direction+destination+absolute_time,10,high,False,bart_live_20260911_185819,
505,102,1965528,1965528,SHAY,station+line+platform/direction+destination+absolute_time,10,high,False,bart_live_20260911_185819,
519,522,1965202,1965202,SSAN,station+line+platform/direction+destination+absolute_time,10,high,False,bart_live_20260911_185819,
162,703,1965663,1965663,COLM,station+line+platform/direction+destination+absolute_time,11,high,False,bart_live_20260911_185819,
163,740,1965664,1965664,COLM,station+line+platform/direction+destination+absolute_time,11,high,False,bart_live_20260911_185819,
164,760,1965665,1965665,COLM,station+line+platform/direction+destination+absolute_time,11,high,False,bart_live_20260911_185819,
190,287,1965118,1965118,CONC,station+line+platform/direction+destination+absolute_time,11,high,False,bart_live_20260911_185819,
214,745,1965665,1965665,DBRK,station+line+platform/direction+destination+absolute_time,11,high,False,bart_live_20260911_185819,
215,768,1965666,1965666,DBRK,station+line+platform/direction+destination+absolute_time,11,high,False,bart_live_20260911_185819,
216,796,1965667,1965667,DBRK,station+line+platform/direction+destination+absolute_time,11,high,False,bart_live_20260911_185819,
298,103,1965528,1965528,HAYW,station+line+platform/direction+destination+absolute_time,11,high,False,bart_live_20260911_185819,
388,286,1965118,1965118,NCON,station+line+platform/direction+destination+absolute_time,11,high,False,bart_live_20260911_185819,
414,288,1965118,1965118,PHIL,station+line+platform/direction+destination+absolute_time,11,high,False,bart_live_20260911_185819,
439,79,1965525,1965525,POWL,station+line+platform/direction+destination+absolute_time,11,high,False,bart_live_20260911_185819,
466,585,1965204,1965204,ROCK,station+line+platform/direction+destination+absolute_time,11,high,False,bart_live_20260911_185819,
514,741,1965664,1965664,SSAN,station+line+platform/direction+destination+absolute_time,11,high,False,bart_live_20260911_185819,
112,565,1965203,1965203,BALB,station+line+platform/direction+destination+absolute_time,12,high,False,bart_live_20260911_185819,
114,389,1965206,1965206,BALB,station+line+platform/direction+destination+absolute_time,12,medium,False,bart_live_20260911_185819,
120,104,1965528,1965528,BAYF,station+line+platform/direction+destination+absolute_time,12,high,False,bart_live_20260911_185819,
398,603,1965162,1965162,ORIN,station+line+platform/direction+destination+absolute_time,12,high,False,bart_live_20260911_185819,
400,315,1965205,1965205,ORIN,station+line+platform/direction+destination+absolute_time,12,high,False,bart_live_20260911_185819,
452,560,1965203,1965203,POWL,station+line+platform/direction+destination+absolute_time,12,high,False,bart_live_20260911_185819,
454,592,1965204,1965204,POWL,station+line+platform/direction+destination+absolute_time,12,high,False,bart_live_20260911_185819,
285,98,1965526,1965526,GLEN,station+line+platform/direction+destination+absolute_time,13,medium,False,bart_live_20260911_185819,
427,766,1965666,1965666,PLZA,station+line+platform/direction+destination+absolute_time,13,high,False,bart_live_20260911_185819,
428,794,1965667,1965667,PLZA,station+line+platform/direction+destination+absolute_time,13,high,False,bart_live_20260911_185819,
57,606,1965162,1965162,19TH,station+line+platform/direction+destination+absolute_time,14,high,False,bart_live_20260911_185819,
158,385,1965206,1965206,CIVC,station+line+platform/direction+destination+absolute_time,14,medium,False,bart_live_20260911_185819,
177,854,1965801,1965801,COLS,station+line+platform/direction+destination+absolute_time,14,high,False,bart_live_20260911_185819,
416,338,1965119,1965119,PHIL,station+line+platform/direction+destination+absolute_time,14,high,False,bart_live_20260911_185819,
438,816,1965799,1965799,POWL,station+line+platform/direction+destination+absolute_time,14,high,False,bart_live_20260911_185819,
518,493,1965159,1965159,SSAN,station+line+platform/direction+destination+absolute_time,14,high,False,bart_live_20260911_185819,
556,76,1965525,1965525,WOAK,station+line+platform/direction+destination+absolute_time,14,high,False,bart_live_20260911_185819,
571,589,1965204,1965204,WOAK,station+line+platform/direction+destination+absolute_time,14,high,False,bart_live_20260911_185819,
156,561,1965203,1965203,CIVC,station+line+platform/direction+destination+absolute_time,15,high,False,bart_live_20260911_185819,
228,888,1965803,1965803,DUBL,station+line+platform/direction+destination+absolute_time,15,high,False,bart_live_20260911_185819,
390,336,1965119,1965119,NCON,station+line+platform/direction+destination+absolute_time,15,high,False,bart_live_20260911_185819,
423,370,1965206,1965206,PITT,station+line+platform/direction+destination+absolute_time,15,medium,False,bart_live_20260911_185819,
494,393,1965206,1965206,SBRN,station+line+platform/direction+destination+absolute_time,15,medium,False,bart_live_20260911_185819,
6,749,1965665,1965665,12TH,station+line+platform/direction+destination+absolute_time,16,high,False,bart_live_20260911_185819,
7,772,1965666,1965666,12TH,station+line+platform/direction+destination+absolute_time,16,high,False,bart_live_20260911_185819,
8,800,1965667,1965667,12TH,station+line+platform/direction+destination+absolute_time,16,high,False,bart_live_20260911_185819,
25,847,1965800,1965800,16TH,station+line+platform/direction+destination+absolute_time,16,high,False,bart_live_20260911_185819,
30,735,1965664,1965664,16TH,station+line+platform/direction+destination+absolute_time,16,high,False,bart_live_20260911_185819,
71,736,1965664,1965664,24TH,station+line+platform/direction+destination+absolute_time,16,high,False,bart_live_20260911_185819,
141,817,1965799,1965799,CIVC,station+line+platform/direction+destination+absolute_time,16,high,False,bart_live_20260911_185819,
157,576,1965161,1965161,CIVC,station+line+platform/direction+destination+absolute_time,16,high,False,bart_live_20260911_185819,
209,529,1965160,1965160,DALY,station+line+platform/direction+destination+absolute_time,16,high,False,bart_live_20260911_185819,
345,265,1965463,1965463,MLPT,station+line+platform/direction+destination+absolute_time,16,high,False,bart_live_20260911_185819,
357,78,1965525,1965525,MONT,station+line+platform/direction+destination+absolute_time,16,high,False,bart_live_20260911_185819,
455,384,1965206,1965206,POWL,station+line+platform/direction+destination+absolute_time,16,medium,False,bart_live_20260911_185819,
543,339,1965119,1965119,WCRK,station+line+platform/direction+destination+absolute_time,16,high,False,bart_live_20260911_185819,
56,587,1965204,1965204,19TH,station+line+platform/direction+destination+absolute_time,17,high,False,bart_live_20260911_185819,
98,53,1965524,1965524,BALB,station+line+platform/direction+destination+absolute_time,17,high,False,bart_live_20260911_185819,
119,852,1965801,1965801,BAYF,station+line+platform/direction+destination+absolute_time,17,high,False,bart_live_20260911_185819,
149,300,1965118,1965118,CIVC,station+line+platform/direction+destination+absolute_time,17,medium,False,bart_live_20260911_185819,
202,739,1965664,1965664,DALY,station+line+platform/direction+destination+absolute_time,17,high,False,bart_live_20260911_185819,
203,759,1965665,1965665,DALY,station+line+platform/direction+destination+absolute_time,17,high,False,bart_live_20260911_185819,
252,382,1965206,1965206,EMBR,station+line+platform/direction+destination+absolute_time,17,medium,False,bart_live_20260911_185819,
493,532,1965160,1965160,SBRN,station+line+platform/direction+destination+absolute_time,17,high,False,bart_live_20260911_185819,
513,704,1965663,1965663,SSAN,station+line+platform/direction+destination+absolute_time,17,high,False,bart_live_20260911_185819,
44,156,1965466,1965466,19TH,station+line+platform/direction+destination+absolute_time,18,high,False,bart_live_20260911_185819,
45,176,1965467,1965467,19TH,station+line+platform/direction+destination+absolute_time,18,high,False,bart_live_20260911_185819,
46,196,1965468,1965468,19TH,station+line+platform/direction+destination+absolute_time,18,high,False,bart_live_20260911_185819,
142,80,1965525,1965525,CIVC,station+line+platform/direction+destination+absolute_time,18,high,False,bart_live_20260911_185819,
227,868,1965802,1965802,DUBL,station+line+platform/direction+destination+absolute_time,18,high,False,bart_live_20260911_185819,
236,77,1965525,1965525,EMBR,station+line+platform/direction+destination+absolute_time,18,high,False,bart_live_20260911_185819,
317,90,1965526,1965526,LAKE,station+line+platform/direction+destination+absolute_time,18,high,False,bart_live_20260911_185819,
356,815,1965799,1965799,MONT,station+line+platform/direction+destination+absolute_time,18,high,False,bart_live_20260911_185819,
373,383,1965206,1965206,MONT,station+line+platform/direction+destination+absolute_time,18,medium,False,bart_live_20260911_185819,
541,289,1965118,1965118,WCRK,station+line+platform/direction+destination+absolute_time,18,high,False,bart_live_20260911_185819,
546,889,1965803,1965803,WDUB,station+line+platform/direction+destination+absolute_time,18,high,False,bart_live_20260911_185819,
242,92,1965526,1965526,EMBR,station+line+platform/direction+destination+absolute_time,19,medium,False,bart_live_20260911_185819,
311,375,1965206,1965206,LAFY,station+line+platform/direction+destination+absolute_time,19,medium,False,bart_live_20260911_185819,
377,767,1965666,1965666,NBRK,station+line+platform/direction+destination+absolute_time,19,high,False,bart_live_20260911_185819,
378,795,1965667,1965667,NBRK,station+line+platform/direction+destination+absolute_time,19,high,False,bart_live_20260911_185819,
424,171,1965467,1965467,PLZA,station+line+platform/direction+destination+absolute_time,19,high,False,bart_live_20260911_185819,
425,191,1965468,1965468,PLZA,station+line+platform/direction+destination+absolute_time,19,high,False,bart_live_20260911_185819,
498,706,1965663,1965663,SFIA,station+line+platform/direction+destination+absolute_time,19,high,False,bart_live_20260911_185819,
15,588,1965204,1965204,12TH,station+line+platform/direction+destination+absolute_time,20,high,False,bart_live_20260911_185819,
29,698,1965663,1965663,16TH,station+line+platform/direction+destination+absolute_time,20,high,False,bart_live_20260911_185819,
113,580,1965161,1965161,BALB,station+line+platform/direction+destination+absolute_time,20,high,False,bart_live_20260911_185819,
118,86,1965526,1965526,BAYF,station+line+platform/direction+destination+absolute_time,20,high,False,bart_live_20260911_185819,
192,337,1965119,1965119,CONC,station+line+platform/direction+destination+absolute_time,20,high,False,bart_live_20260911_185819,
254,121,1965464,1965464,FRMT,station+line+platform/direction+destination+absolute_time,20,high,False,bart_live_20260911_185819,
255,151,1965465,1965465,FRMT,station+line+platform/direction+destination+absolute_time,20,high,False,bart_live_20260911_185819,
278,820,1965799,1965799,GLEN,station+line+platform/direction+destination+absolute_time,20,high,False,bart_live_20260911_185819,
279,83,1965525,1965525,GLEN,station+line+platform/direction+destination+absolute_time,20,high,False,bart_live_20260911_185819,
308,602,1965162,1965162,LAFY,station+line+platform/direction+destination+absolute_time,20,high,False,bart_live_20260911_185819,
391,371,1965206,1965206,NCON,station+line+platform/direction+destination+absolute_time,20,medium,False,bart_live_20260911_185819,
453,575,1965161,1965161,POWL,station+line+platform/direction+destination+absolute_time,20,high,False,bart_live_20260911_185819,
545,869,1965802,1965802,WDUB,station+line+platform/direction+destination+absolute_time,20,high,False,bart_live_20260911_185819,
210,566,1965203,1965203,DALY,station+line+platform/direction+destination+absolute_time,21,high,False,bart_live_20260911_185819,
212,173,1965467,1965467,DBRK,station+line+platform/direction+destination+absolute_time,21,high,False,bart_live_20260911_185819,
213,193,1965468,1965468,DBRK,station+line+platform/direction+destination+absolute_time,21,high,False,bart_live_20260911_185819,
294,148,1965465,1965465,HAYW,station+line+platform/direction+destination+absolute_time,21,high,False,bart_live_20260911_185819,
497,674,1965662,1965662,SFIA,station+line+platform/direction+destination+absolute_time,21,high,False,bart_live_20260911_185819,
250,573,1965161,1965161,EMBR,station+line+platform/direction+destination+absolute_time,22,high,False,bart_live_20260911_185819,
290,527,1965160,1965160,GLEN,station+line+platform/direction+destination+absolute_time,22,high,False,bart_live_20260911_185819,
292,579,1965161,1965161,GLEN,station+line+platform/direction+destination+absolute_time,22,high,False,bart_live_20260911_185819,
297,85,1965526,1965526,HAYW,station+line+platform/direction+destination+absolute_time,22,high,False,bart_live_20260911_185819,
316,841,1965800,1965800,LAKE,station+line+platform/direction+destination+absolute_time,22,high,False,bart_live_20260911_185819,
422,334,1965119,1965119,PITT,station+line+platform/direction+destination+absolute_time,22,high,False,bart_live_20260911_185819,
570,572,1965161,1965161,WOAK,station+line+platform/direction+destination+absolute_time,22,high,False,bart_live_20260911_185819,
572,608,1965162,1965162,WOAK,station+line+platform/direction+destination+absolute_time,22,high,False,bart_live_20260911_185819,
341,378,1965206,1965206,MCAR,station+line+platform/direction+destination+absolute_time,23,medium,False,bart_live_20260911_185819,
376,744,1965665,1965665,NBRK,station+line+platform/direction+destination+absolute_time,23,high,False,bart_live_20260911_185819,
66,82,1965525,1965525,24TH,station+line+platform/direction+destination+absolute_time,24,high,False,bart_live_20260911_185819,
100,84,1965525,1965525,BALB,station+line+platform/direction+destination+absolute_time,24,high,False,bart_live_20260911_185819,
530,122,1965464,1965464,WARM,station+line+platform/direction+destination+absolute_time,24,high,False,bart_live_20260911_185819,
531,152,1965465,1965465,WARM,station+line+platform/direction+destination+absolute_time,24,high,False,bart_live_20260911_185819,
542,313,1965205,1965205,WCRK,station+line+platform/direction+destination+absolute_time,24,high,False,bart_live_20260911_185819,
87,746,1965665,1965665,ASHB,station+line+platform/direction+destination+absolute_time,25,high,False,bart_live_20260911_185819,
88,769,1965666,1965666,ASHB,station+line+platform/direction+destination+absolute_time,25,high,False,bart_live_20260911_185819,
89,797,1965667,1965667,ASHB,station+line+platform/direction+destination+absolute_time,25,high,False,bart_live_20260911_185819,
132,890,1965803,1965803,CAST,station+line+platform/direction+destination+absolute_time,25,high,False,bart_live_20260911_185819,
170,530,1965160,1965160,COLM,station+line+platform/direction+destination+absolute_time,25,high,False,bart_live_20260911_185819,
175,839,1965800,1965800,COLS,station+line+platform/direction+destination+absolute_time,25,high,False,bart_live_20260911_185819,
426,743,1965665,1965665,PLZA,station+line+platform/direction+destination+absolute_time,25,high,False,bart_live_20260911_185819,
468,292,1965118,1965118,ROCK,station+line+platform/direction+destination+absolute_time,25,high,False,bart_live_20260911_185819,
17,380,1965206,1965206,12TH,station+line+platform/direction+destination+absolute_time,26,medium,False,bart_live_20260911_185819,
24,81,1965525,1965525,16TH,station+line+platform/direction+destination+absolute_time,26,high,False,bart_live_20260911_185819,
39,577,1965161,1965161,16TH,station+line+platform/direction+destination+absolute_time,26,high,False,bart_live_20260911_185819,
79,578,1965161,1965161,24TH,station+line+platform/direction+destination+absolute_time,26,high,False,bart_live_20260911_185819,
143,846,1965800,1965800,CIVC,station+line+platform/direction+destination+absolute_time,26,high,False,bart_live_20260911_185819,
147,734,1965664,1965664,CIVC,station+line+platform/direction+destination+absolute_time,26,high,False,bart_live_20260911_185819,
148,754,1965665,1965665,CIVC,station+line+platform/direction+destination+absolute_time,26,high,False,bart_live_20260911_185819,
251,590,1965204,1965204,EMBR,station+line+platform/direction+destination+absolute_time,26,high,False,bart_live_20260911_185819,
338,586,1965204,1965204,MCAR,station+line+platform/direction+destination+absolute_time,26,high,False,bart_live_20260911_185819,
456,169,1965467,1965467,RICH,station+line+platform/direction+destination+absolute_time,26,high,False,bart_live_20260911_185819,
457,189,1965468,1965468,RICH,station+line+platform/direction+destination+absolute_time,26,high,False,bart_live_20260911_185819,
469,377,1965206,1965206,ROCK,station+line+platform/direction+destination+absolute_time,26,medium,False,bart_live_20260911_185819,
503,149,1965465,1965465,SHAY,station+line+platform/direction+destination+absolute_time,26,high,False,bart_live_20260911_185819,
64,51,1965524,1965524,24TH,station+line+platform/direction+destination+absolute_time,27,high,False,bart_live_20260911_185819,
171,391,1965206,1965206,COLM,station+line+platform/direction+destination+absolute_time,27,medium,False,bart_live_20260911_185819,
172,145,1965465,1965465,COLS,station+line+platform/direction+destination+absolute_time,27,high,False,bart_live_20260911_185819,
220,170,1965467,1965467,DELN,station+line+platform/direction+destination+absolute_time,27,high,False,bart_live_20260911_185819,
221,190,1965468,1965468,DELN,station+line+platform/direction+destination+absolute_time,27,high,False,bart_live_20260911_185819,
235,814,1965799,1965799,EMBR,station+line+platform/direction+destination+absolute_time,27,high,False,bart_live_20260911_185819,
265,855,1965801,1965801,FTVL,station+line+platform/direction+destination+absolute_time,27,high,False,bart_live_20260911_185819,
467,604,1965162,1965162,ROCK,station+line+platform/direction+destination+absolute_time,27,high,False,bart_live_20260911_185819,
521,392,1965206,1965206,SSAN,station+line+platform/direction+destination+absolute_time,27,medium,False,bart_live_20260911_185819,
208,520,1965202,1965202,DALY,station+line+platform/direction+destination+absolute_time,28,high,False,bart_live_20260911_185819,
237,843,1965800,1965800,EMBR,station+line+platform/direction+destination+absolute_time,28,high,False,bart_live_20260911_185819,
241,731,1965664,1965664,EMBR,station+line+platform/direction+destination+absolute_time,28,high,False,bart_live_20260911_185819,
243,774,1965666,1965666,EMBR,station+line+platform/direction+destination+absolute_time,28,high,False,bart_live_20260911_185819,
284,737,1965664,1965664,GLEN,station+line+platform/direction+destination+absolute_time,28,high,False,bart_live_20260911_185819,
563,750,1965665,1965665,WOAK,station+line+platform/direction+destination+absolute_time,28,high,False,bart_live_20260911_185819,
564,773,1965666,1965666,WOAK,station+line+platform/direction+destination+absolute_time,28,high,False,bart_live_20260911_185819,
191,311,1965205,1965205,CONC,station+line+platform/direction+destination+absolute_time,29,high,False,bart_live_20260911_185819,
277,52,1965524,1965524,GLEN,station+line+platform/direction+destination+absolute_time,29,high,False,bart_live_20260911_185819,
340,293,1965118,1965118,MCAR,station+line+platform/direction+destination+absolute_time,29,high,False,bart_live_20260911_185819,
415,312,1965205,1965205,PHIL,station+line+platform/direction+destination+absolute_time,29,high,False,bart_live_20260911_185819,
520,531,1965160,1965160,SSAN,station+line+platform/direction+destination+absolute_time,29,high,False,bart_live_20260911_185819,
573,381,1965206,1965206,WOAK,station+line+platform/direction+destination+absolute_time,29,medium,False,bart_live_20260911_185819,
260,144,1965465,1965465,FTVL,station+line+platform/direction+destination+absolute_time,30,high,False,bart_live_20260911_185819,
351,478,1965282,1965282,MONT,station+line+platform/direction+destination+absolute_time,0,medium,False,bart_live_20260911_185819,
526,229,1965408,1965408,UCTY,station+line+platform/direction+destination+absolute_time,0,medium,False,bart_live_20260911_185819,
558,91,1965526,1965526,WOAK,station+line+platform/direction+destination+absolute_time,30,high,False,bart_live_20260911_185819,
92,627,1965705,1965705,ASHB,station+line+platform/direction+destination+absolute_time,1,medium,False,bart_live_20260911_185819,
108,633,1965706,1965706,BALB,station+line+platform/direction+destination+absolute_time,1,medium,False,bart_live_20260911_185819,
205,632,1965706,1965706,DALY,station+line+platform/direction+destination+absolute_time,1,medium,False,bart_live_20260911_185819,
249,558,1965203,1965203,EMBR,station+line+platform/direction+destination+absolute_time,31,high,False,bart_live_20260911_185819,
385,362,1965309,1965309,NCON,station+line+platform/direction+destination+absolute_time,1,medium,False,bart_live_20260911_185819,
472,22,1965572,1965572,SANL,station+line+platform/direction+destination+absolute_time,1,medium,False,bart_live_20260911_185819,
495,495,1965283,1965283,SFIA,station+line+platform/direction+destination+absolute_time,1,medium,False,bart_live_20260911_185819,
496,533,1965284,1965284,SFIA,station+line+platform/direction+destination+absolute_time,1,medium,False,bart_live_20260911_185819,
536,408,1965280,1965280,WCRK,station+line+platform/direction+destination+absolute_time,1,medium,False,bart_live_20260911_185819,
567,623,1965705,1965705,WOAK,station+line+platform/direction+destination+absolute_time,1,medium,False,bart_live_20260911_185819,
137,476,1965282,1965282,CIVC,station+line+platform/direction+destination+absolute_time,2,medium,False,bart_live_20260911_185819,
178,907,1965856,1965856,COLS,station+line+platform/direction+destination+absolute_time,2,medium,False,bart_live_20260911_185819,
245,456,1965341,1965341,EMBR,station+line+platform/direction+destination+absolute_time,2,medium,False,bart_live_20260911_185819,
253,1,1965570,1965570,FRMT,station+line+platform/direction+destination+absolute_time,2,medium,False,bart_live_20260911_185819,
324,404,1965280,1965280,MCAR,station+line+platform/direction+destination+absolute_time,2,medium,False,bart_live_20260911_185819,
471,7,1965571,1965571,SANL,station+line+platform/direction+destination+absolute_time,2,medium,False,bart_live_20260911_185819,
10,458,1965341,1965341,12TH,station+line+platform/direction+destination+absolute_time,3,medium,False,bart_live_20260911_185819,
261,5,1965571,1965571,FTVL,station+line+platform/direction+destination+absolute_time,3,medium,False,bart_live_20260911_185819,
270,235,1965408,1965408,FTVL,station+line+platform/direction+destination+absolute_time,3,medium,False,bart_live_20260911_185819,
271,255,1965409,1965409,FTVL,station+line+platform/direction+destination+absolute_time,3,medium,False,bart_live_20260911_185819,
273,473,1965282,1965282,GLEN,station+line+platform/direction+destination+absolute_time,3,medium,False,bart_live_20260911_185819,
353,16,1965572,1965572,MONT,station+line+platform/direction+destination+absolute_time,3,medium,False,bart_live_20260911_185819,
380,214,1965406,1965406,NBRK,station+line+platform/direction+destination+absolute_time,3,medium,False,bart_live_20260911_185819,
386,400,1965299,1965299,NCON,station+line+platform/direction+destination+absolute_time,3,medium,False,bart_live_20260911_185819,
421,309,1965205,1965205,PITT,station+line+platform/direction+destination+absolute_time,33,high,False,bart_live_20260911_185819,
432,433,1965281,1965281,POWL,station+line+platform/direction+destination+absolute_time,3,medium,False,bart_live_20260911_185819,
500,676,1965708,1965708,SFIA,station+line+platform/direction+destination+absolute_time,3,medium,False,bart_live_20260911_185819,
501,708,1965709,1965709,SFIA,station+line+platform/direction+destination+absolute_time,3,medium,False,bart_live_20260911_185819,
9,419,1965300,1965300,12TH,station+line+platform/direction+destination+absolute_time,4,medium,False,bart_live_20260911_185819,
63,57,1965574,1965574,24TH,station+line+platform/direction+destination+absolute_time,4,medium,False,bart_live_20260911_185819,
68,931,1965858,1965858,24TH,station+line+platform/direction+destination+absolute_time,4,medium,False,bart_live_20260911_185819,
69,825,1965859,1965859,24TH,station+line+platform/direction+destination+absolute_time,4,medium,False,bart_live_20260911_185819,
97,55,1965574,1965574,BALB,station+line+platform/direction+destination+absolute_time,4,medium,False,bart_live_20260911_185819,
102,929,1965858,1965858,BALB,station+line+platform/direction+destination+absolute_time,4,medium,False,bart_live_20260911_185819,
103,823,1965859,1965859,BALB,station+line+platform/direction+destination+absolute_time,4,medium,False,bart_live_20260911_185819,
159,470,1965282,1965282,COLM,station+line+platform/direction+destination+absolute_time,4,medium,False,bart_live_20260911_185819,
207,680,1965708,1965708,DALY,station+line+platform/direction+destination+absolute_time,4,medium,False,bart_live_20260911_185819,
248,662,1965707,1965707,EMBR,station+line+platform/direction+destination+absolute_time,4,medium,False,bart_live_20260911_185819,
262,20,1965572,1965572,FTVL,station+line+platform/direction+destination+absolute_time,4,medium,False,bart_live_20260911_185819,
266,906,1965856,1965856,FTVL,station+line+platform/direction+destination+absolute_time,4,medium,False,bart_live_20260911_185819,
289,682,1965708,1965708,GLEN,station+line+platform/direction+destination+absolute_time,4,medium,False,bart_live_20260911_185819,
367,621,1965705,1965705,MONT,station+line+platform/direction+destination+absolute_time,4,medium,False,bart_live_20260911_185819,
379,789,1965704,1965704,NBRK,station+line+platform/direction+destination+absolute_time,4,medium,False,bart_live_20260911_185819,
506,230,1965408,1965408,SHAY,station+line+platform/direction+destination+absolute_time,4,medium,False,bart_live_20260911_185819,
74,635,1965706,1965706,24TH,station+line+platform/direction+destination+absolute_time,5,medium,False,bart_live_20260911_185819,
326,483,1965282,1965282,MCAR,station+line+platform/direction+destination+absolute_time,5,medium,False,bart_live_20260911_185819,
387,428,1965300,1965300,NCON,station+line+platform/direction+destination+absolute_time,5,medium,False,bart_live_20260911_185819,
420,963,1965278,1965278,PITT,station+line+platform/direction+destination+absolute_time,5,medium,False,bart_live_20260911_185819,
477,924,1965857,1965857,SANL,station+line+platform/direction+destination+absolute_time,5,medium,False,bart_live_20260911_185819,
509,469,1965282,1965282,SSAN,station+line+platform/direction+destination+absolute_time,5,medium,False,bart_live_20260911_185819,
552,480,1965282,1965282,WOAK,station+line+platform/direction+destination+absolute_time,5,medium,False,bart_live_20260911_185819,
138,504,1965283,1965283,CIVC,station+line+platform/direction+destination+absolute_time,6,medium,False,bart_live_20260911_185819,
195,499,1965283,1965283,DALY,station+line+platform/direction+destination+absolute_time,6,medium,False,bart_live_20260911_185819,
196,537,1965284,1965284,DALY,station+line+platform/direction+destination+absolute_time,6,medium,False,bart_live_20260911_185819,
197,30,1965573,1965573,DALY,station+line+platform/direction+destination+absolute_time,6,medium,False,bart_live_20260911_185819,
231,507,1965283,1965283,EMBR,station+line+platform/direction+destination+absolute_time,6,medium,False,bart_live_20260911_185819,
274,501,1965283,1965283,GLEN,station+line+platform/direction+destination+absolute_time,6,medium,False,bart_live_20260911_185819,
499,650,1965707,1965707,SFIA,station+line+platform/direction+destination+absolute_time,6,medium,False,bart_live_20260911_185819,
553,18,1965572,1965572,WOAK,station+line+platform/direction+destination+absolute_time,6,medium,False,bart_live_20260911_185819,
12,624,1965705,1965705,12TH,station+line+platform/direction+destination+absolute_time,7,medium,False,bart_live_20260911_185819,
233,38,1965573,1965573,EMBR,station+line+platform/direction+destination+absolute_time,7,medium,False,bart_live_20260911_185819,
244,417,1965300,1965300,EMBR,station+line+platform/direction+destination+absolute_time,7,medium,False,bart_live_20260911_185819,
359,918,1965857,1965857,MONT,station+line+platform/direction+destination+absolute_time,7,medium,False,bart_live_20260911_185819,
384,368,1965279,1965279,NCON,station+line+platform/direction+destination+absolute_time,7,medium,False,bart_live_20260911_185819,
516,678,1965708,1965708,SSAN,station+line+platform/direction+destination+absolute_time,7,medium,False,bart_live_20260911_185819,
517,710,1965709,1965709,SSAN,station+line+platform/direction+destination+absolute_time,7,medium,False,bart_live_20260911_185819,
532,247,1965409,1965409,WARM,station+line+platform/direction+destination+absolute_time,7,medium,False,bart_live_20260911_185819,
533,268,1965410,1965410,WARM,station+line+platform/direction+destination+absolute_time,7,medium,False,bart_live_20260911_185819,
534,126,1965411,1965411,WARM,station+line+platform/direction+destination+absolute_time,7,medium,False,bart_live_20260911_185819,
154,685,1965708,1965708,CIVC,station+line+platform/direction+destination+absolute_time,8,medium,False,bart_live_20260911_185819,
355,61,1965574,1965574,MONT,station+line+platform/direction+destination+absolute_time,8,medium,False,bart_live_20260911_185819,
360,935,1965858,1965858,MONT,station+line+platform/direction+destination+absolute_time,8,medium,False,bart_live_20260911_185819,
361,829,1965859,1965859,MONT,station+line+platform/direction+destination+absolute_time,8,medium,False,bart_live_20260911_185819,
554,39,1965573,1965573,WOAK,station+line+platform/direction+destination+absolute_time,8,medium,False,bart_live_20260911_185819,
18,431,1965281,1965281,16TH,station+line+platform/direction+destination+absolute_time,9,medium,False,bart_live_20260911_185819,
34,636,1965706,1965706,16TH,station+line+platform/direction+destination+absolute_time,9,medium,False,bart_live_20260911_185819,
67,914,1965857,1965857,24TH,station+line+platform/direction+destination+absolute_time,9,medium,False,bart_live_20260911_185819,
173,6,1965571,1965571,COLS,station+line+platform/direction+destination+absolute_time,9,medium,False,bart_live_20260911_185819,
186,410,1965280,1965280,CONC,station+line+platform/direction+destination+absolute_time,9,medium,False,bart_live_20260911_185819,
229,435,1965281,1965281,EMBR,station+line+platform/direction+destination+absolute_time,9,medium,False,bart_live_20260911_185819,
304,442,1965281,1965281,LAFY,station+line+platform/direction+destination+absolute_time,9,medium,False,bart_live_20260911_185819,
333,421,1965300,1965300,MCAR,station+line+platform/direction+destination+absolute_time,9,medium,False,bart_live_20260911_185819,
383,962,1965278,1965278,NCON,station+line+platform/direction+destination+absolute_time,9,medium,False,bart_live_20260911_185819,
393,406,1965280,1965280,ORIN,station+line+platform/direction+destination+absolute_time,9,medium,False,bart_live_20260911_185819,
448,454,1965341,1965341,POWL,station+line+platform/direction+destination+absolute_time,9,medium,False,bart_live_20260911_185819,
476,908,1965856,1965856,SANL,station+line+platform/direction+destination+absolute_time,9,medium,False,bart_live_20260911_185819,
510,497,1965283,1965283,SSAN,station+line+platform/direction+destination+absolute_time,9,medium,False,bart_live_20260911_185819,
511,535,1965284,1965284,SSAN,station+line+platform/direction+destination+absolute_time,9,medium,False,bart_live_20260911_185819,
512,672,1965662,1965662,SSAN,station+line+platform/direction+destination+absolute_time,39,high,False,bart_live_20260911_185819,
522,0,1965570,1965570,UCTY,station+line+platform/direction+destination+absolute_time,9,medium,False,bart_live_20260911_185819,
565,418,1965300,1965300,WOAK,station+line+platform/direction+destination+absolute_time,9,medium,False,bart_live_20260911_185819,
22,58,1965574,1965574,16TH,station+line+platform/direction+destination+absolute_time,10,medium,False,bart_live_20260911_185819,
27,932,1965858,1965858,16TH,station+line+platform/direction+destination+absolute_time,10,medium,False,bart_live_20260911_185819,
28,826,1965859,1965859,16TH,station+line+platform/direction+destination+absolute_time,10,medium,False,bart_live_20260911_185819,
134,886,1965855,1965855,CAST,station+line+platform/direction+destination+absolute_time,10,medium,False,bart_live_20260911_185819,
152,637,1965706,1965706,CIVC,station+line+platform/direction+destination+absolute_time,10,medium,False,bart_live_20260911_185819,
174,21,1965572,1965572,COLS,station+line+platform/direction+destination+absolute_time,10,medium,False,bart_live_20260911_185819,
267,922,1965857,1965857,FTVL,station+line+platform/direction+destination+absolute_time,10,medium,False,bart_live_20260911_185819,
280,913,1965857,1965857,GLEN,station+line+platform/direction+destination+absolute_time,10,medium,False,bart_live_20260911_185819,
431,630,1965705,1965705,PLZA,station+line+platform/direction+destination+absolute_time,10,medium,False,bart_live_20260911_185819,
451,686,1965708,1965708,POWL,station+line+platform/direction+destination+absolute_time,10,medium,False,bart_live_20260911_185819,
127,245,1965409,1965409,BERY,station+line+platform/direction+destination+absolute_time,11,medium,False,bart_live_20260911_185819,
128,266,1965410,1965410,BERY,station+line+platform/direction+destination+absolute_time,11,medium,False,bart_live_20260911_185819,
129,124,1965411,1965411,BERY,station+line+platform/direction+destination+absolute_time,11,medium,False,bart_live_20260911_185819,
275,32,1965573,1965573,GLEN,station+line+platform/direction+destination+absolute_time,11,medium,False,bart_live_20260911_185819,
335,786,1965704,1965704,MCAR,station+line+platform/direction+destination+absolute_time,11,medium,False,bart_live_20260911_185819,
548,887,1965855,1965855,WDUB,station+line+platform/direction+destination+absolute_time,11,medium,False,bart_live_20260911_185819,
1,437,1965281,1965281,12TH,station+line+platform/direction+destination+absolute_time,12,medium,False,bart_live_20260911_185819,
53,625,1965705,1965705,19TH,station+line+platform/direction+destination+absolute_time,12,medium,False,bart_live_20260911_185819,
93,472,1965282,1965282,BALB,station+line+platform/direction+destination+absolute_time,12,medium,False,bart_live_20260911_185819,
336,211,1965406,1965406,MCAR,station+line+platform/direction+destination+absolute_time,12,medium,False,bart_live_20260911_185819,
368,639,1965706,1965706,MONT,station+line+platform/direction+destination+absolute_time,12,medium,False,bart_live_20260911_185819,
381,629,1965705,1965705,NBRK,station+line+platform/direction+destination+absolute_time,12,medium,False,bart_live_20260911_185819,
434,505,1965283,1965283,POWL,station+line+platform/direction+destination+absolute_time,12,medium,False,bart_live_20260911_185819,
540,425,1965300,1965300,WCRK,station+line+platform/direction+destination+absolute_time,12,medium,False,bart_live_20260911_185819,
550,401,1965280,1965280,WOAK,station+line+platform/direction+destination+absolute_time,12,medium,False,bart_live_20260911_185819,
569,663,1965707,1965707,WOAK,station+line+platform/direction+destination+absolute_time,12,medium,False,bart_live_20260911_185819,
0,402,1965280,1965280,12TH,station+line+platform/direction+destination+absolute_time,13,medium,False,bart_live_20260911_185819,
26,915,1965857,1965857,16TH,station+line+platform/direction+destination+absolute_time,13,medium,False,bart_live_20260911_185819,
42,438,1965281,1965281,19TH,station+line+platform/direction+destination+absolute_time,13,medium,False,bart_live_20260911_185819,
144,916,1965857,1965857,CIVC,station+line+platform/direction+destination+absolute_time,13,medium,False,bart_live_20260911_185819,
302,364,1965279,1965279,LAFY,station+line+platform/direction+destination+absolute_time,13,medium,False,bart_live_20260911_185819,
461,440,1965281,1965281,ROCK,station+line+platform/direction+destination+absolute_time,13,medium,False,bart_live_20260911_185819,
559,920,1965857,1965857,WOAK,station+line+platform/direction+destination+absolute_time,13,medium,False,bart_live_20260911_185819,
59,430,1965281,1965281,24TH,station+line+platform/direction+destination+absolute_time,14,medium,False,bart_live_20260911_185819,
81,949,699,699,ANTC,station+line+platform/direction+destination+absolute_time,14,medium,False,bart_live_20260911_185819,
82,951,701,701,ANTC,station+line+platform/direction+destination+absolute_time,14,medium,False,bart_live_20260911_185819,
83,954,703,703,ANTC,station+line+platform/direction+destination+absolute_time,14,medium,False,bart_live_20260911_185819,
124,232,1965408,1965408,BAYF,station+line+platform/direction+destination+absolute_time,14,medium,False,bart_live_20260911_185819,
135,910,1965856,1965856,CAST,station+line+platform/direction+destination+absolute_time,14,medium,False,bart_live_20260911_185819,
165,653,1965707,1965707,COLM,station+line+platform/direction+destination+absolute_time,14,medium,False,bart_live_20260911_185819,
204,448,1965341,1965341,DALY,station+line+platform/direction+destination+absolute_time,14,medium,False,bart_live_20260911_185819,
287,634,1965706,1965706,GLEN,station+line+platform/direction+destination+absolute_time,14,medium,False,bart_live_20260911_185819,
288,656,1965707,1965707,GLEN,station+line+platform/direction+destination+absolute_time,14,medium,False,bart_live_20260911_185819,
299,231,1965408,1965408,HAYW,station+line+platform/direction+destination+absolute_time,14,medium,False,bart_live_20260911_185819,
354,37,1965573,1965573,MONT,station+line+platform/direction+destination+absolute_time,14,medium,False,bart_live_20260911_185819,
365,416,1965300,1965300,MONT,station+line+platform/direction+destination+absolute_time,14,medium,False,bart_live_20260911_185819,
410,409,1965280,1965280,PHIL,station+line+platform/direction+destination+absolute_time,14,medium,False,bart_live_20260911_185819,
529,2,1965570,1965570,WARM,station+line+platform/direction+destination+absolute_time,14,medium,False,bart_live_20260911_185819,
539,397,1965299,1965299,WCRK,station+line+platform/direction+destination+absolute_time,14,medium,False,bart_live_20260911_185819,
33,452,1965341,1965341,16TH,station+line+platform/direction+destination+absolute_time,15,medium,False,bart_live_20260911_185819,
139,35,1965573,1965573,CIVC,station+line+platform/direction+destination+absolute_time,15,medium,False,bart_live_20260911_185819,
160,498,1965283,1965283,COLM,station+line+platform/direction+destination+absolute_time,15,medium,False,bart_live_20260911_185819,
161,536,1965284,1965284,COLM,station+line+platform/direction+destination+absolute_time,15,medium,False,bart_live_20260911_185819,
206,654,1965707,1965707,DALY,station+line+platform/direction+destination+absolute_time,15,medium,False,bart_live_20260911_185819,
334,460,1965341,1965341,MCAR,station+line+platform/direction+destination+absolute_time,15,medium,False,bart_live_20260911_185819,
337,626,1965705,1965705,MCAR,station+line+platform/direction+destination+absolute_time,15,medium,False,bart_live_20260911_185819,
36,684,1965708,1965708,16TH,station+line+platform/direction+destination+absolute_time,16,medium,False,bart_live_20260911_185819,
55,570,1965161,1965161,19TH,station+line+platform/direction+destination+absolute_time,46,high,False,bart_live_20260911_185819,
60,474,1965282,1965282,24TH,station+line+platform/direction+destination+absolute_time,16,medium,False,bart_live_20260911_185819,
90,787,1965704,1965704,ASHB,station+line+platform/direction+destination+absolute_time,16,medium,False,bart_live_20260911_185819,
133,866,1965854,1965854,CAST,station+line+platform/direction+destination+absolute_time,16,medium,False,bart_live_20260911_185819,
150,414,1965300,1965300,CIVC,station+line+platform/direction+destination+absolute_time,16,medium,False,bart_live_20260911_185819,
179,923,1965857,1965857,COLS,station+line+platform/direction+destination+absolute_time,16,medium,False,bart_live_20260911_185819,
181,218,1965407,1965407,COLS,station+line+platform/direction+destination+absolute_time,16,medium,False,bart_live_20260911_185819,
183,254,1965409,1965409,COLS,station+line+platform/direction+destination+absolute_time,16,medium,False,bart_live_20260911_185819,
184,961,1965278,1965278,CONC,station+line+platform/direction+destination+absolute_time,16,medium,False,bart_live_20260911_185819,
246,622,1965705,1965705,EMBR,station+line+platform/direction+destination+absolute_time,16,medium,False,bart_live_20260911_185819,
437,60,1965574,1965574,POWL,station+line+platform/direction+destination+absolute_time,16,medium,False,bart_live_20260911_185819,
442,934,1965858,1965858,POWL,station+line+platform/direction+destination+absolute_time,16,medium,False,bart_live_20260911_185819,
443,828,1965859,1965859,POWL,station+line+platform/direction+destination+absolute_time,16,medium,False,bart_live_20260911_185819,
449,638,1965706,1965706,POWL,station+line+platform/direction+destination+absolute_time,16,medium,False,bart_live_20260911_185819,
450,660,1965707,1965707,POWL,station+line+platform/direction+destination+absolute_time,16,medium,False,bart_live_20260911_185819,
478,941,1965858,1965858,SANL,station+line+platform/direction+destination+absolute_time,16,medium,False,bart_live_20260911_185819,
566,457,1965341,1965341,WOAK,station+line+platform/direction+destination+absolute_time,16,medium,False,bart_live_20260911_185819,
13,221,1965407,1965407,12TH,station+line+platform/direction+destination+absolute_time,17,medium,False,bart_live_20260911_185819,
43,482,1965282,1965282,19TH,station+line+platform/direction+destination+absolute_time,17,medium,False,bart_live_20260911_185819,
166,679,1965708,1965708,COLM,station+line+platform/direction+destination+absolute_time,17,medium,False,bart_live_20260911_185819,
167,711,1965709,1965709,COLM,station+line+platform/direction+destination+absolute_time,17,medium,False,bart_live_20260911_185819,
182,234,1965408,1965408,COLS,station+line+platform/direction+destination+absolute_time,17,medium,False,bart_live_20260911_185819,
224,763,1965703,1965703,DELN,station+line+platform/direction+destination+absolute_time,17,medium,False,bart_live_20260911_185819,
369,661,1965707,1965707,MONT,station+line+platform/direction+destination+absolute_time,17,medium,False,bart_live_20260911_185819,
462,484,1965282,1965282,ROCK,station+line+platform/direction+destination+absolute_time,17,medium,False,bart_live_20260911_185819,
538,359,1965309,1965309,WCRK,station+line+platform/direction+destination+absolute_time,17,medium,False,bart_live_20260911_185819,
568,641,1965706,1965706,WOAK,station+line+platform/direction+destination+absolute_time,17,medium,False,bart_live_20260911_185819,
20,503,1965283,1965283,16TH,station+line+platform/direction+destination+absolute_time,18,medium,False,bart_live_20260911_185819,
123,925,1965857,1965857,BAYF,station+line+platform/direction+destination+absolute_time,18,medium,False,bart_live_20260911_185819,
125,252,1965409,1965409,BAYF,station+line+platform/direction+destination+absolute_time,18,medium,False,bart_live_20260911_185819,
126,273,1965410,1965410,BAYF,station+line+platform/direction+destination+absolute_time,18,medium,False,bart_live_20260911_185819,
200,822,1965859,1965859,DALY,station+line+platform/direction+destination+absolute_time,18,medium,False,bart_live_20260911_185819,
480,233,1965408,1965408,SANL,station+line+platform/direction+destination+absolute_time,18,medium,False,bart_live_20260911_185819,
121,885,1965855,1965855,BAYF,station+line+platform/direction+destination+absolute_time,19,medium,False,bart_live_20260911_185819,
153,659,1965707,1965707,CIVC,station+line+platform/direction+destination+absolute_time,19,medium,False,bart_live_20260911_185819,
217,788,1965704,1965704,DBRK,station+line+platform/direction+destination+absolute_time,19,medium,False,bart_live_20260911_185819,
232,17,1965572,1965572,EMBR,station+line+platform/direction+destination+absolute_time,19,medium,False,bart_live_20260911_185819,
300,251,1965409,1965409,HAYW,station+line+platform/direction+destination+absolute_time,19,medium,False,bart_live_20260911_185819,
301,272,1965410,1965410,HAYW,station+line+platform/direction+destination+absolute_time,19,medium,False,bart_live_20260911_185819,
307,463,1965341,1965341,LAFY,station+line+platform/direction+destination+absolute_time,19,medium,False,bart_live_20260911_185819,
318,905,1965856,1965856,LAKE,station+line+platform/direction+destination+absolute_time,19,medium,False,bart_live_20260911_185819,
342,675,1965708,1965708,MLBR,station+line+platform/direction+destination+absolute_time,19,medium,False,bart_live_20260911_185819,
343,707,1965709,1965709,MLBR,station+line+platform/direction+destination+absolute_time,19,medium,False,bart_live_20260911_185819,
447,415,1965300,1965300,POWL,station+line+platform/direction+destination+absolute_time,19,medium,False,bart_live_20260911_185819,
463,394,1965299,1965299,ROCK,station+line+platform/direction+destination+absolute_time,19,medium,False,bart_live_20260911_185819,
489,677,1965708,1965708,SBRN,station+line+platform/direction+destination+absolute_time,19,medium,False,bart_live_20260911_185819,
490,709,1965709,1965709,SBRN,station+line+platform/direction+destination+absolute_time,19,medium,False,bart_live_20260911_185819,
19,475,1965282,1965282,16TH,station+line+platform/direction+destination+absolute_time,20,medium,False,bart_live_20260911_185819,
73,451,1965341,1965341,24TH,station+line+platform/direction+destination+absolute_time,20,medium,False,bart_live_20260911_185819,
189,427,1965300,1965300,CONC,station+line+platform/direction+destination+absolute_time,20,medium,False,bart_live_20260911_185819,
218,213,1965406,1965406,DBRK,station+line+platform/direction+destination+absolute_time,20,medium,False,bart_live_20260911_185819,
312,4,1965571,1965571,LAKE,station+line+platform/direction+destination+absolute_time,20,medium,False,bart_live_20260911_185819,
396,423,1965300,1965300,ORIN,station+line+platform/direction+destination+absolute_time,20,medium,False,bart_live_20260911_185819,
405,950,699,699,PCTR,station+line+platform/direction+destination+absolute_time,20,medium,False,bart_live_20260911_185819,
406,952,701,701,PCTR,station+line+platform/direction+destination+absolute_time,20,medium,False,bart_live_20260911_185819,
407,955,703,703,PCTR,station+line+platform/direction+destination+absolute_time,20,medium,False,bart_live_20260911_185819,
436,36,1965573,1965573,POWL,station+line+platform/direction+destination+absolute_time,20,medium,False,bart_live_20260911_185819,
441,917,1965857,1965857,POWL,station+line+platform/direction+destination+absolute_time,20,medium,False,bart_live_20260911_185819,
460,405,1965280,1965280,ROCK,station+line+platform/direction+destination+absolute_time,20,medium,False,bart_live_20260911_185819,
507,250,1965409,1965409,SHAY,station+line+platform/direction+destination+absolute_time,20,medium,False,bart_live_20260911_185819,
508,271,1965410,1965410,SHAY,station+line+platform/direction+destination+absolute_time,20,medium,False,bart_live_20260911_185819,
555,63,1965574,1965574,WOAK,station+line+platform/direction+destination+absolute_time,20,medium,False,bart_live_20260911_185819,
560,937,1965858,1965858,WOAK,station+line+platform/direction+destination+absolute_time,20,medium,False,bart_live_20260911_185819,
561,831,1965859,1965859,WOAK,station+line+platform/direction+destination+absolute_time,20,medium,False,bart_live_20260911_185819,
41,403,1965280,1965280,19TH,station+line+platform/direction+destination+absolute_time,21,medium,False,bart_live_20260911_185819,
180,940,1965858,1965858,COLS,station+line+platform/direction+destination+absolute_time,21,medium,False,bart_live_20260911_185819,
230,479,1965282,1965282,EMBR,station+line+platform/direction+destination+absolute_time,21,medium,False,bart_live_20260911_185819,
286,450,1965341,1965341,GLEN,station+line+platform/direction+destination+absolute_time,21,medium,False,bart_live_20260911_185819,
296,24,1965572,1965572,HAYW,station+line+platform/direction+destination+absolute_time,21,medium,False,bart_live_20260911_185819,
392,363,1965279,1965279,ORIN,station+line+platform/direction+destination+absolute_time,21,medium,False,bart_live_20260911_185819,
483,496,1965283,1965283,SBRN,station+line+platform/direction+destination+absolute_time,21,medium,False,bart_live_20260911_185819,
484,534,1965284,1965284,SBRN,station+line+platform/direction+destination+absolute_time,21,medium,False,bart_live_20260911_185819,
35,658,1965707,1965707,16TH,station+line+platform/direction+destination+absolute_time,22,medium,False,bart_live_20260911_185819,
51,459,1965341,1965341,19TH,station+line+platform/direction+destination+absolute_time,22,medium,False,bart_live_20260911_185819,
76,683,1965708,1965708,24TH,station+line+platform/direction+destination+absolute_time,22,medium,False,bart_live_20260911_185819,
110,681,1965708,1965708,BALB,station+line+platform/direction+destination+absolute_time,22,medium,False,bart_live_20260911_185819,
188,399,1965299,1965299,CONC,station+line+platform/direction+destination+absolute_time,22,medium,False,bart_live_20260911_185819,
276,56,1965574,1965574,GLEN,station+line+platform/direction+destination+absolute_time,22,medium,False,bart_live_20260911_185819,
281,930,1965858,1965858,GLEN,station+line+platform/direction+destination+absolute_time,22,medium,False,bart_live_20260911_185819,
282,824,1965859,1965859,GLEN,station+line+platform/direction+destination+absolute_time,22,medium,False,bart_live_20260911_185819,
313,19,1965572,1965572,LAKE,station+line+platform/direction+destination+absolute_time,22,medium,False,bart_live_20260911_185819,
395,395,1965299,1965299,ORIN,station+line+platform/direction+destination+absolute_time,22,medium,False,bart_live_20260911_185819,
257,248,1965409,1965409,FRMT,station+line+platform/direction+destination+absolute_time,23,medium,False,bart_live_20260911_185819,
258,269,1965410,1965410,FRMT,station+line+platform/direction+destination+absolute_time,23,medium,False,bart_live_20260911_185819,
259,127,1965411,1965411,FRMT,station+line+platform/direction+destination+absolute_time,23,medium,False,bart_live_20260911_185819,
305,396,1965299,1965299,LAFY,station+line+platform/direction+destination+absolute_time,23,medium,False,bart_live_20260911_185819,
409,366,1965279,1965279,PHIL,station+line+platform/direction+destination+absolute_time,23,medium,False,bart_live_20260911_185819,
418,959,1965277,1965277,PITT,station+line+platform/direction+destination+absolute_time,23,medium,False,bart_live_20260911_185819,
465,461,1965341,1965341,ROCK,station+line+platform/direction+destination+absolute_time,23,medium,False,bart_live_20260911_185819,
504,10,1965571,1965571,SHAY,station+line+platform/direction+destination+absolute_time,23,medium,False,bart_live_20260911_185819,
515,652,1965707,1965707,SSAN,station+line+platform/direction+destination+absolute_time,23,medium,False,bart_live_20260911_185819,
61,502,1965283,1965283,24TH,station+line+platform/direction+destination+absolute_time,24,medium,False,bart_live_20260911_185819,
94,500,1965283,1965283,BALB,station+line+platform/direction+destination+absolute_time,24,medium,False,bart_live_20260911_185819,
95,538,1965284,1965284,BALB,station+line+platform/direction+destination+absolute_time,24,medium,False,bart_live_20260911_185819,
107,449,1965341,1965341,BALB,station+line+platform/direction+destination+absolute_time,24,medium,False,bart_live_20260911_185819,
117,23,1965572,1965572,BAYF,station+line+platform/direction+destination+absolute_time,24,medium,False,bart_live_20260911_185819,
303,407,1965280,1965280,LAFY,station+line+platform/direction+destination+absolute_time,24,medium,False,bart_live_20260911_185819,
352,506,1965283,1965283,MONT,station+line+platform/direction+destination+absolute_time,24,medium,False,bart_live_20260911_185819,
366,455,1965341,1965341,MONT,station+line+platform/direction+destination+absolute_time,24,medium,False,bart_live_20260911_185819,
394,441,1965281,1965281,ORIN,station+line+platform/direction+destination+absolute_time,24,medium,False,bart_live_20260911_185819,
527,249,1965409,1965409,UCTY,station+line+platform/direction+destination+absolute_time,24,medium,False,bart_live_20260911_185819,
528,270,1965410,1965410,UCTY,station+line+platform/direction+destination+absolute_time,24,medium,False,bart_live_20260911_185819,
535,365,1965279,1965279,WCRK,station+line+platform/direction+destination+absolute_time,24,medium,False,bart_live_20260911_185819,
151,453,1965341,1965341,CIVC,station+line+platform/direction+destination+absolute_time,25,medium,False,bart_live_20260911_185819,
219,628,1965705,1965705,DBRK,station+line+platform/direction+destination+absolute_time,25,medium,False,bart_live_20260911_185819,
306,424,1965300,1965300,LAFY,station+line+platform/direction+destination+absolute_time,25,medium,False,bart_live_20260911_185819,
325,439,1965281,1965281,MCAR,station+line+platform/direction+destination+absolute_time,25,medium,False,bart_live_20260911_185819,
346,3,1965570,1965570,MLPT,station+line+platform/direction+destination+absolute_time,25,medium,False,bart_live_20260911_185819,
413,426,1965300,1965300,PHIL,station+line+platform/direction+destination+absolute_time,25,medium,False,bart_live_20260911_185819,
549,911,1965856,1965856,WDUB,station+line+platform/direction+destination+absolute_time,25,medium,False,bart_live_20260911_185819,
551,436,1965281,1965281,WOAK,station+line+platform/direction+destination+absolute_time,25,medium,False,bart_live_20260911_185819,
21,34,1965573,1965573,16TH,station+line+platform/direction+destination+absolute_time,26,medium,False,bart_live_20260911_185819,
32,413,1965300,1965300,16TH,station+line+platform/direction+destination+absolute_time,26,medium,False,bart_live_20260911_185819,
54,222,1965407,1965407,19TH,station+line+platform/direction+destination+absolute_time,26,medium,False,bart_live_20260911_185819,
96,31,1965573,1965573,BALB,station+line+platform/direction+destination+absolute_time,26,medium,False,bart_live_20260911_185819,
140,59,1965574,1965574,CIVC,station+line+platform/direction+destination+absolute_time,26,medium,False,bart_live_20260911_185819,
145,933,1965858,1965858,CIVC,station+line+platform/direction+destination+absolute_time,26,medium,False,bart_live_20260911_185819,
146,827,1965859,1965859,CIVC,station+line+platform/direction+destination+absolute_time,26,medium,False,bart_live_20260911_185819,
187,361,1965309,1965309,CONC,station+line+platform/direction+destination+absolute_time,26,medium,False,bart_live_20260911_185819,
234,62,1965574,1965574,EMBR,station+line+platform/direction+destination+absolute_time,26,medium,False,bart_live_20260911_185819,
239,936,1965858,1965858,EMBR,station+line+platform/direction+destination+absolute_time,26,medium,False,bart_live_20260911_185819,
240,830,1965859,1965859,EMBR,station+line+platform/direction+destination+absolute_time,26,medium,False,bart_live_20260911_185819,
269,219,1965407,1965407,FTVL,station+line+platform/direction+destination+absolute_time,26,medium,False,bart_live_20260911_185819,
397,462,1965341,1965341,ORIN,station+line+platform/direction+destination+absolute_time,26,medium,False,bart_live_20260911_185819,
429,790,1965704,1965704,PLZA,station+line+platform/direction+destination+absolute_time,26,medium,False,bart_live_20260911_185819,
11,209,1965406,1965406,12TH,station+line+platform/direction+destination+absolute_time,27,medium,False,bart_live_20260911_185819,
75,657,1965707,1965707,24TH,station+line+platform/direction+destination+absolute_time,27,medium,False,bart_live_20260911_185819,
198,54,1965574,1965574,DALY,station+line+platform/direction+destination+absolute_time,27,medium,False,bart_live_20260911_185819,
199,928,1965858,1965858,DALY,station+line+platform/direction+destination+absolute_time,27,medium,False,bart_live_20260911_185819,
268,939,1965858,1965858,FTVL,station+line+platform/direction+destination+absolute_time,27,medium,False,bart_live_20260911_185819,
295,9,1965571,1965571,HAYW,station+line+platform/direction+destination+absolute_time,27,medium,False,bart_live_20260911_185819,
412,398,1965299,1965299,PHIL,station+line+platform/direction+destination+absolute_time,27,medium,False,bart_live_20260911_185819,
433,477,1965282,1965282,POWL,station+line+platform/direction+destination+absolute_time,27,medium,False,bart_live_20260911_185819,
116,8,1965571,1965571,BAYF,station+line+platform/direction+destination+absolute_time,28,medium,False,bart_live_20260911_185819,
122,909,1965856,1965856,BAYF,station+line+platform/direction+destination+absolute_time,28,medium,False,bart_live_20260911_185819,
136,432,1965281,1965281,CIVC,station+line+platform/direction+destination+absolute_time,28,medium,False,bart_live_20260911_185819,
185,367,1965279,1965279,CONC,station+line+platform/direction+destination+absolute_time,28,medium,False,bart_live_20260911_185819,
194,471,1965282,1965282,DALY,station+line+platform/direction+destination+absolute_time,28,medium,False,bart_live_20260911_185819,
238,919,1965857,1965857,EMBR,station+line+platform/direction+destination+absolute_time,28,medium,False,bart_live_20260911_185819,
247,640,1965706,1965706,EMBR,station+line+platform/direction+destination+absolute_time,28,medium,False,bart_live_20260911_185819,
319,921,1965857,1965857,LAKE,station+line+platform/direction+destination+absolute_time,28,medium,False,bart_live_20260911_185819,
320,938,1965858,1965858,LAKE,station+line+platform/direction+destination+absolute_time,28,medium,False,bart_live_20260911_185819,
321,220,1965407,1965407,LAKE,station+line+platform/direction+destination+absolute_time,28,medium,False,bart_live_20260911_185819,
322,236,1965408,1965408,LAKE,station+line+platform/direction+destination+absolute_time,28,medium,False,bart_live_20260911_185819,
323,256,1965409,1965409,LAKE,station+line+platform/direction+destination+absolute_time,28,medium,False,bart_live_20260911_185819,
488,651,1965707,1965707,SBRN,station+line+platform/direction+destination+absolute_time,28,medium,False,bart_live_20260911_185819,
537,443,1965281,1965281,WCRK,station+line+platform/direction+destination+absolute_time,28,medium,False,bart_live_20260911_185819,
52,210,1965406,1965406,19TH,station+line+platform/direction+destination+absolute_time,29,medium,False,bart_live_20260911_185819,
109,655,1965707,1965707,BALB,station+line+platform/direction+destination+absolute_time,29,medium,False,bart_live_20260911_185819,
435,15,1965572,1965572,POWL,station+line+platform/direction+destination+absolute_time,29,medium,False,bart_live_20260911_185819,
481,253,1965409,1965409,SANL,station+line+platform/direction+destination+absolute_time,29,medium,False,bart_live_20260911_185819,
62,33,1965573,1965573,24TH,station+line+platform/direction+destination+absolute_time,30,medium,False,bart_live_20260911_185819,
225,791,1965704,1965704,DELN,station+line+platform/direction+destination+absolute_time,30,medium,False,bart_live_20260911_185819,
347,246,1965409,1965409,MLPT,station+line+platform/direction+destination+absolute_time,30,medium,False,bart_live_20260911_185819,
348,267,1965410,1965410,MLPT,station+line+platform/direction+destination+absolute_time,30,medium,False,bart_live_20260911_185819,
349,125,1965411,1965411,MLPT,station+line+platform/direction+destination+absolute_time,30,medium,False,bart_live_20260911_185819,
350,434,1965281,1965281,MONT,station+line+platform/direction+destination+absolute_time,30,medium,False,bart_live_20260911_185819,
547,867,1965854,1965854,WDUB,station+line+platform/direction+destination+absolute_time,30,medium,False,bart_live_20260911_185819,
50,420,1965300,1965300,19TH,station+line+platform/direction+destination+absolute_time,31,medium,False,bart_live_20260911_185819,
411,360,1965309,1965309,PHIL,station+line+platform/direction+destination+absolute_time,31,medium,False,bart_live_20260911_185819,
464,422,1965300,1965300,ROCK,station+line+platform/direction+destination+absolute_time,31,medium,False,bart_live_20260911_185819,
479,217,1965407,1965407,SANL,station+line+platform/direction+destination+absolute_time,31,medium,False,bart_live_20260911_185819,
430,215,1965406,1965406,PLZA,station+line+platform/direction+destination+absolute_time,32,medium,False,bart_live_20260911_185819,
482,468,1965282,1965282,SBRN,station+line+platform/direction+destination+absolute_time,35,medium,False,bart_live_20260911_185819,
226,216,1965406,1965406,DELN,station+line+platform/direction+destination+absolute_time,36,medium,False,bart_live_20260911_185819,
168,492,1965159,1965159,COLM,station+line+platform/direction+destination+absolute_time,68,high,False,bart_live_20260911_185819,
344,118,1965568,1965568,MLPT,station+line+platform/direction+destination+absolute_time,39,medium,False,bart_live_20260911_185819,
408,960,1965278,1965278,PHIL,station+line+platform/direction+destination+absolute_time,40,medium,False,bart_live_20260911_185819,
91,212,1965406,1965406,ASHB,station+line+platform/direction+destination+absolute_time,45,medium,False,bart_live_20260911_185819,
382,333,1965308,1965308,NCON,station+line+platform/direction+destination+absolute_time,9,medium,False,bart_live_20260911_185819,
402,945,692,692,PCTR,station+line+platform/direction+destination+absolute_time,12,medium,False,bart_live_20260911_185819,
403,946,694,694,PCTR,station+line+platform/direction+destination+absolute_time,12,medium,False,bart_live_20260911_185819,
404,947,696,696,PCTR,station+line+platform/direction+destination+absolute_time,12,medium,False,bart_live_20260911_185819,
2,481,1965282,1965282,12TH,station+line+platform/direction+destination+absolute_time,78,medium,False,bart_live_20260911_185819,
272,429,1965281,1965281,GLEN,station+line+platform/direction+destination+absolute_time,80,medium,False,bart_live_20260911_185819,
419,335,1965308,1965308,PITT,station+line+platform/direction+destination+absolute_time,30,medium,False,bart_live_20260911_185819,
101,912,1965857,1965857,BALB,station+line+platform/direction+destination+absolute_time,108,medium,False,bart_live_20260911_185819,
,11,1965571,1965571,UCTY,gtfsrt_only,,unmatched,False,bart_live_20260911_185819,no ETD row with compatible station/line/time
,12,1965571,1965571,FRMT,gtfsrt_only,,unmatched,False,bart_live_20260911_185819,no ETD row with compatible station/line/time
,13,1965571,1965571,WARM,gtfsrt_only,,unmatched,False,bart_live_20260911_185819,no ETD row with compatible station/line/time
,14,1965571,1965571,MLPT,gtfsrt_only,,unmatched,False,bart_live_20260911_185819,no ETD row with compatible station/line/time
,25,1965572,1965572,SHAY,gtfsrt_only,,unmatched,False,bart_live_20260911_185819,no ETD row with compatible station/line/time
,26,1965572,1965572,UCTY,gtfsrt_only,,unmatched,False,bart_live_20260911_185819,no ETD row with compatible station/line/time
,27,1965572,1965572,FRMT,gtfsrt_only,,unmatched,False,bart_live_20260911_185819,no ETD row with compatible station/line/time
,28,1965572,1965572,WARM,gtfsrt_only,,unmatched,False,bart_live_20260911_185819,no ETD row with compatible station/line/time
,29,1965572,1965572,MLPT,gtfsrt_only,,unmatched,False,bart_live_20260911_185819,no ETD row with compatible station/line/time
,40,1965573,1965573,LAKE,gtfsrt_only,,unmatched,False,bart_live_20260911_185819,no ETD row with compatible station/line/time
,41,1965573,1965573,FTVL,gtfsrt_only,,unmatched,False,bart_live_20260911_185819,no ETD row with compatible station/line/time
,42,1965573,1965573,COLS,gtfsrt_only,,unmatched,False,bart_live_20260911_185819,no ETD row with compatible station/line/time
,43,1965573,1965573,SANL,gtfsrt_only,,unmatched,False,bart_live_20260911_185819,no ETD row with compatible station/line/time
,44,1965573,1965573,BAYF,gtfsrt_only,,unmatched,False,bart_live_20260911_185819,no ETD row with compatible station/line/time
,45,1965573,1965573,HAYW,gtfsrt_only,,unmatched,False,bart_live_20260911_185819,no ETD row with compatible station/line/time
,46,1965573,1965573,SHAY,gtfsrt_only,,unmatched,False,bart_live_20260911_185819,no ETD row with compatible station/line/time
,47,1965573,1965573,UCTY,gtfsrt_only,,unmatched,False,bart_live_20260911_185819,no ETD row with compatible station/line/time
,48,1965573,1965573,FRMT,gtfsrt_only,,unmatched,False,bart_live_20260911_185819,no ETD row with compatible station/line/time
,49,1965573,1965573,WARM,gtfsrt_only,,unmatched,False,bart_live_20260911_185819,no ETD row with compatible station/line/time
,50,1965573,1965573,MLPT,gtfsrt_only,,unmatched,False,bart_live_20260911_185819,no ETD row with compatible station/line/time
,64,1965574,1965574,LAKE,gtfsrt_only,,unmatched,False,bart_live_20260911_185819,no ETD row with compatible station/line/time
,65,1965574,1965574,FTVL,gtfsrt_only,,unmatched,False,bart_live_20260911_185819,no ETD row with compatible station/line/time
,66,1965574,1965574,COLS,gtfsrt_only,,unmatched,False,bart_live_20260911_185819,no ETD row with compatible station/line/time
,67,1965574,1965574,SANL,gtfsrt_only,,unmatched,False,bart_live_20260911_185819,no ETD row with compatible station/line/time
,68,1965574,1965574,BAYF,gtfsrt_only,,unmatched,False,bart_live_20260911_185819,no ETD row with compatible station/line/time
,69,1965574,1965574,HAYW,gtfsrt_only,,unmatched,False,bart_live_20260911_185819,no ETD row with compatible station/line/time
,70,1965574,1965574,SHAY,gtfsrt_only,,unmatched,False,bart_live_20260911_185819,no ETD row with compatible station/line/time
,71,1965574,1965574,UCTY,gtfsrt_only,,unmatched,False,bart_live_20260911_185819,no ETD row with compatible station/line/time
,72,1965574,1965574,FRMT,gtfsrt_only,,unmatched,False,bart_live_20260911_185819,no ETD row with compatible station/line/time
,73,1965574,1965574,WARM,gtfsrt_only,,unmatched,False,bart_live_20260911_185819,no ETD row with compatible station/line/time
,74,1965574,1965574,MLPT,gtfsrt_only,,unmatched,False,bart_live_20260911_185819,no ETD row with compatible station/line/time
,93,1965526,1965526,MONT,gtfsrt_only,,unmatched,False,bart_live_20260911_185819,no ETD row with compatible station/line/time
,94,1965526,1965526,POWL,gtfsrt_only,,unmatched,False,bart_live_20260911_185819,no ETD row with compatible station/line/time
,95,1965526,1965526,CIVC,gtfsrt_only,,unmatched,False,bart_live_20260911_185819,no ETD row with compatible station/line/time
,106,1965528,1965528,COLS,gtfsrt_only,,unmatched,False,bart_live_20260911_185819,no ETD row with compatible station/line/time
,107,1965528,1965528,FTVL,gtfsrt_only,,unmatched,False,bart_live_20260911_185819,no ETD row with compatible station/line/time
,108,1965528,1965528,LAKE,gtfsrt_only,,unmatched,False,bart_live_20260911_185819,no ETD row with compatible station/line/time
,109,1965528,1965528,WOAK,gtfsrt_only,,unmatched,False,bart_live_20260911_185819,no ETD row with compatible station/line/time
,110,1965528,1965528,EMBR,gtfsrt_only,,unmatched,False,bart_live_20260911_185819,no ETD row with compatible station/line/time
,111,1965528,1965528,MONT,gtfsrt_only,,unmatched,False,bart_live_20260911_185819,no ETD row with compatible station/line/time
,112,1965528,1965528,POWL,gtfsrt_only,,unmatched,False,bart_live_20260911_185819,no ETD row with compatible station/line/time
,113,1965528,1965528,CIVC,gtfsrt_only,,unmatched,False,bart_live_20260911_185819,no ETD row with compatible station/line/time
,114,1965528,1965528,16TH,gtfsrt_only,,unmatched,False,bart_live_20260911_185819,no ETD row with compatible station/line/time
,115,1965528,1965528,24TH,gtfsrt_only,,unmatched,False,bart_live_20260911_185819,no ETD row with compatible station/line/time
,116,1965528,1965528,GLEN,gtfsrt_only,,unmatched,False,bart_live_20260911_185819,no ETD row with compatible station/line/time
,117,1965528,1965528,BALB,gtfsrt_only,,unmatched,False,bart_live_20260911_185819,no ETD row with compatible station/line/time
,123,1965464,1965464,MLPT,gtfsrt_only,,unmatched,False,bart_live_20260911_185819,no ETD row with compatible station/line/time
,128,1965411,1965411,UCTY,gtfsrt_only,,unmatched,False,bart_live_20260911_185819,no ETD row with compatible station/line/time
,129,1965411,1965411,SHAY,gtfsrt_only,,unmatched,False,bart_live_20260911_185819,no ETD row with compatible station/line/time
,130,1965411,1965411,HAYW,gtfsrt_only,,unmatched,False,bart_live_20260911_185819,no ETD row with compatible station/line/time
,131,1965411,1965411,BAYF,gtfsrt_only,,unmatched,False,bart_live_20260911_185819,no ETD row with compatible station/line/time
,132,1965411,1965411,SANL,gtfsrt_only,,unmatched,False,bart_live_20260911_185819,no ETD row with compatible station/line/time
,133,1965411,1965411,COLS,gtfsrt_only,,unmatched,False,bart_live_20260911_185819,no ETD row with compatible station/line/time
,134,1965411,1965411,FTVL,gtfsrt_only,,unmatched,False,bart_live_20260911_185819,no ETD row with compatible station/line/time
,135,1965411,1965411,LAKE,gtfsrt_only,,unmatched,False,bart_live_20260911_185819,no ETD row with compatible station/line/time
,136,1965411,1965411,12TH,gtfsrt_only,,unmatched,False,bart_live_20260911_185819,no ETD row with compatible station/line/time
,137,1965411,1965411,19TH,gtfsrt_only,,unmatched,False,bart_live_20260911_185819,no ETD row with compatible station/line/time
,138,1965411,1965411,MCAR,gtfsrt_only,,unmatched,False,bart_live_20260911_185819,no ETD row with compatible station/line/time
,139,1965411,1965411,ASHB,gtfsrt_only,,unmatched,False,bart_live_20260911_185819,no ETD row with compatible station/line/time
,140,1965411,1965411,DBRK,gtfsrt_only,,unmatched,False,bart_live_20260911_185819,no ETD row with compatible station/line/time
,141,1965411,1965411,NBRK,gtfsrt_only,,unmatched,False,bart_live_20260911_185819,no ETD row with compatible station/line/time
,142,1965411,1965411,PLZA,gtfsrt_only,,unmatched,False,bart_live_20260911_185819,no ETD row with compatible station/line/time
,143,1965411,1965411,DELN,gtfsrt_only,,unmatched,False,bart_live_20260911_185819,no ETD row with compatible station/line/time
,153,1965465,1965465,MLPT,gtfsrt_only,,unmatched,False,bart_live_20260911_185819,no ETD row with compatible station/line/time
,159,1965466,1965466,FTVL,gtfsrt_only,,unmatched,False,bart_live_20260911_185819,no ETD row with compatible station/line/time
,160,1965466,1965466,COLS,gtfsrt_only,,unmatched,False,bart_live_20260911_185819,no ETD row with compatible station/line/time
,161,1965466,1965466,SANL,gtfsrt_only,,unmatched,False,bart_live_20260911_185819,no ETD row with compatible station/line/time
,162,1965466,1965466,BAYF,gtfsrt_only,,unmatched,False,bart_live_20260911_185819,no ETD row with compatible station/line/time
,163,1965466,1965466,HAYW,gtfsrt_only,,unmatched,False,bart_live_20260911_185819,no ETD row with compatible station/line/time
,164,1965466,1965466,SHAY,gtfsrt_only,,unmatched,False,bart_live_20260911_185819,no ETD row with compatible station/line/time
,165,1965466,1965466,UCTY,gtfsrt_only,,unmatched,False,bart_live_20260911_185819,no ETD row with compatible station/line/time
,166,1965466,1965466,FRMT,gtfsrt_only,,unmatched,False,bart_live_20260911_185819,no ETD row with compatible station/line/time
,167,1965466,1965466,WARM,gtfsrt_only,,unmatched,False,bart_live_20260911_185819,no ETD row with compatible station/line/time
,168,1965466,1965466,MLPT,gtfsrt_only,,unmatched,False,bart_live_20260911_185819,no ETD row with compatible station/line/time
,178,1965467,1965467,LAKE,gtfsrt_only,,unmatched,False,bart_live_20260911_185819,no ETD row with compatible station/line/time
,179,1965467,1965467,FTVL,gtfsrt_only,,unmatched,False,bart_live_20260911_185819,no ETD row with compatible station/line/time
,180,1965467,1965467,COLS,gtfsrt_only,,unmatched,False,bart_live_20260911_185819,no ETD row with compatible station/line/time
,181,1965467,1965467,SANL,gtfsrt_only,,unmatched,False,bart_live_20260911_185819,no ETD row with compatible station/line/time
,182,1965467,1965467,BAYF,gtfsrt_only,,unmatched,False,bart_live_20260911_185819,no ETD row with compatible station/line/time
,183,1965467,1965467,HAYW,gtfsrt_only,,unmatched,False,bart_live_20260911_185819,no ETD row with compatible station/line/time
,184,1965467,1965467,SHAY,gtfsrt_only,,unmatched,False,bart_live_20260911_185819,no ETD row with compatible station/line/time
,185,1965467,1965467,UCTY,gtfsrt_only,,unmatched,False,bart_live_20260911_185819,no ETD row with compatible station/line/time
,186,1965467,1965467,FRMT,gtfsrt_only,,unmatched,False,bart_live_20260911_185819,no ETD row with compatible station/line/time
,187,1965467,1965467,WARM,gtfsrt_only,,unmatched,False,bart_live_20260911_185819,no ETD row with compatible station/line/time
,188,1965467,1965467,MLPT,gtfsrt_only,,unmatched,False,bart_live_20260911_185819,no ETD row with compatible station/line/time
,198,1965468,1965468,LAKE,gtfsrt_only,,unmatched,False,bart_live_20260911_185819,no ETD row with compatible station/line/time
,199,1965468,1965468,FTVL,gtfsrt_only,,unmatched,False,bart_live_20260911_185819,no ETD row with compatible station/line/time
,200,1965468,1965468,COLS,gtfsrt_only,,unmatched,False,bart_live_20260911_185819,no ETD row with compatible station/line/time
,201,1965468,1965468,SANL,gtfsrt_only,,unmatched,False,bart_live_20260911_185819,no ETD row with compatible station/line/time
,202,1965468,1965468,BAYF,gtfsrt_only,,unmatched,False,bart_live_20260911_185819,no ETD row with compatible station/line/time
,203,1965468,1965468,HAYW,gtfsrt_only,,unmatched,False,bart_live_20260911_185819,no ETD row with compatible station/line/time
,204,1965468,1965468,SHAY,gtfsrt_only,,unmatched,False,bart_live_20260911_185819,no ETD row with compatible station/line/time
,205,1965468,1965468,UCTY,gtfsrt_only,,unmatched,False,bart_live_20260911_185819,no ETD row with compatible station/line/time
,206,1965468,1965468,FRMT,gtfsrt_only,,unmatched,False,bart_live_20260911_185819,no ETD row with compatible station/line/time
,207,1965468,1965468,WARM,gtfsrt_only,,unmatched,False,bart_live_20260911_185819,no ETD row with compatible station/line/time
,208,1965468,1965468,MLPT,gtfsrt_only,,unmatched,False,bart_live_20260911_185819,no ETD row with compatible station/line/time
,223,1965407,1965407,MCAR,gtfsrt_only,,unmatched,False,bart_live_20260911_185819,no ETD row with compatible station/line/time
,224,1965407,1965407,ASHB,gtfsrt_only,,unmatched,False,bart_live_20260911_185819,no ETD row with compatible station/line/time
,225,1965407,1965407,DBRK,gtfsrt_only,,unmatched,False,bart_live_20260911_185819,no ETD row with compatible station/line/time
,226,1965407,1965407,NBRK,gtfsrt_only,,unmatched,False,bart_live_20260911_185819,no ETD row with compatible station/line/time
,227,1965407,1965407,PLZA,gtfsrt_only,,unmatched,False,bart_live_20260911_185819,no ETD row with compatible station/line/time
,228,1965407,1965407,DELN,gtfsrt_only,,unmatched,False,bart_live_20260911_185819,no ETD row with compatible station/line/time
,237,1965408,1965408,12TH,gtfsrt_only,,unmatched,False,bart_live_20260911_185819,no ETD row with compatible station/line/time
,238,1965408,1965408,19TH,gtfsrt_only,,unmatched,False,bart_live_20260911_185819,no ETD row with compatible station/line/time
,239,1965408,1965408,MCAR,gtfsrt_only,,unmatched,False,bart_live_20260911_185819,no ETD row with compatible station/line/time
,240,1965408,1965408,ASHB,gtfsrt_only,,unmatched,False,bart_live_20260911_185819,no ETD row with compatible station/line/time
,241,1965408,1965408,DBRK,gtfsrt_only,,unmatched,False,bart_live_20260911_185819,no ETD row with compatible station/line/time
,242,1965408,1965408,NBRK,gtfsrt_only,,unmatched,False,bart_live_20260911_185819,no ETD row with compatible station/line/time
,243,1965408,1965408,PLZA,gtfsrt_only,,unmatched,False,bart_live_20260911_185819,no ETD row with compatible station/line/time
,244,1965408,1965408,DELN,gtfsrt_only,,unmatched,False,bart_live_20260911_185819,no ETD row with compatible station/line/time
,257,1965409,1965409,12TH,gtfsrt_only,,unmatched,False,bart_live_20260911_185819,no ETD row with compatible station/line/time
,258,1965409,1965409,19TH,gtfsrt_only,,unmatched,False,bart_live_20260911_185819,no ETD row with compatible station/line/time
,259,1965409,1965409,MCAR,gtfsrt_only,,unmatched,False,bart_live_20260911_185819,no ETD row with compatible station/line/time
,260,1965409,1965409,ASHB,gtfsrt_only,,unmatched,False,bart_live_20260911_185819,no ETD row with compatible station/line/time
,261,1965409,1965409,DBRK,gtfsrt_only,,unmatched,False,bart_live_20260911_185819,no ETD row with compatible station/line/time
,262,1965409,1965409,NBRK,gtfsrt_only,,unmatched,False,bart_live_20260911_185819,no ETD row with compatible station/line/time
,263,1965409,1965409,PLZA,gtfsrt_only,,unmatched,False,bart_live_20260911_185819,no ETD row with compatible station/line/time
,264,1965409,1965409,DELN,gtfsrt_only,,unmatched,False,bart_live_20260911_185819,no ETD row with compatible station/line/time
,274,1965410,1965410,SANL,gtfsrt_only,,unmatched,False,bart_live_20260911_185819,no ETD row with compatible station/line/time
,275,1965410,1965410,COLS,gtfsrt_only,,unmatched,False,bart_live_20260911_185819,no ETD row with compatible station/line/time
,276,1965410,1965410,FTVL,gtfsrt_only,,unmatched,False,bart_live_20260911_185819,no ETD row with compatible station/line/time
,277,1965410,1965410,LAKE,gtfsrt_only,,unmatched,False,bart_live_20260911_185819,no ETD row with compatible station/line/time
,278,1965410,1965410,12TH,gtfsrt_only,,unmatched,False,bart_live_20260911_185819,no ETD row with compatible station/line/time
,279,1965410,1965410,19TH,gtfsrt_only,,unmatched,False,bart_live_20260911_185819,no ETD row with compatible station/line/time
,280,1965410,1965410,MCAR,gtfsrt_only,,unmatched,False,bart_live_20260911_185819,no ETD row with compatible station/line/time
,281,1965410,1965410,ASHB,gtfsrt_only,,unmatched,False,bart_live_20260911_185819,no ETD row with compatible station/line/time
,282,1965410,1965410,DBRK,gtfsrt_only,,unmatched,False,bart_live_20260911_185819,no ETD row with compatible station/line/time
,283,1965410,1965410,NBRK,gtfsrt_only,,unmatched,False,bart_live_20260911_185819,no ETD row with compatible station/line/time
,284,1965410,1965410,PLZA,gtfsrt_only,,unmatched,False,bart_live_20260911_185819,no ETD row with compatible station/line/time
,285,1965410,1965410,DELN,gtfsrt_only,,unmatched,False,bart_live_20260911_185819,no ETD row with compatible station/line/time
,294,1965118,1965118,19TH,gtfsrt_only,,unmatched,False,bart_live_20260911_185819,no ETD row with compatible station/line/time
,295,1965118,1965118,12TH,gtfsrt_only,,unmatched,False,bart_live_20260911_185819,no ETD row with compatible station/line/time
,296,1965118,1965118,WOAK,gtfsrt_only,,unmatched,False,bart_live_20260911_185819,no ETD row with compatible station/line/time
,297,1965118,1965118,EMBR,gtfsrt_only,,unmatched,False,bart_live_20260911_185819,no ETD row with compatible station/line/time
,298,1965118,1965118,MONT,gtfsrt_only,,unmatched,False,bart_live_20260911_185819,no ETD row with compatible station/line/time
,299,1965118,1965118,POWL,gtfsrt_only,,unmatched,False,bart_live_20260911_185819,no ETD row with compatible station/line/time
,301,1965118,1965118,16TH,gtfsrt_only,,unmatched,False,bart_live_20260911_185819,no ETD row with compatible station/line/time
,302,1965118,1965118,24TH,gtfsrt_only,,unmatched,False,bart_live_20260911_185819,no ETD row with compatible station/line/time
,303,1965118,1965118,GLEN,gtfsrt_only,,unmatched,False,bart_live_20260911_185819,no ETD row with compatible station/line/time
,304,1965118,1965118,BALB,gtfsrt_only,,unmatched,False,bart_live_20260911_185819,no ETD row with compatible station/line/time
,305,1965118,1965118,DALY,gtfsrt_only,,unmatched,False,bart_live_20260911_185819,no ETD row with compatible station/line/time
,306,1965118,1965118,COLM,gtfsrt_only,,unmatched,False,bart_live_20260911_185819,no ETD row with compatible station/line/time
,307,1965118,1965118,SSAN,gtfsrt_only,,unmatched,False,bart_live_20260911_185819,no ETD row with compatible station/line/time
,308,1965118,1965118,SBRN,gtfsrt_only,,unmatched,False,bart_live_20260911_185819,no ETD row with compatible station/line/time
,316,1965205,1965205,ROCK,gtfsrt_only,,unmatched,False,bart_live_20260911_185819,no ETD row with compatible station/line/time
,317,1965205,1965205,MCAR,gtfsrt_only,,unmatched,False,bart_live_20260911_185819,no ETD row with compatible station/line/time
,318,1965205,1965205,19TH,gtfsrt_only,,unmatched,False,bart_live_20260911_185819,no ETD row with compatible station/line/time
,319,1965205,1965205,12TH,gtfsrt_only,,unmatched,False,bart_live_20260911_185819,no ETD row with compatible station/line/time
,320,1965205,1965205,WOAK,gtfsrt_only,,unmatched,False,bart_live_20260911_185819,no ETD row with compatible station/line/time
,321,1965205,1965205,EMBR,gtfsrt_only,,unmatched,False,bart_live_20260911_185819,no ETD row with compatible station/line/time
,322,1965205,1965205,MONT,gtfsrt_only,,unmatched,False,bart_live_20260911_185819,no ETD row with compatible station/line/time
,323,1965205,1965205,POWL,gtfsrt_only,,unmatched,False,bart_live_20260911_185819,no ETD row with compatible station/line/time
,324,1965205,1965205,CIVC,gtfsrt_only,,unmatched,False,bart_live_20260911_185819,no ETD row with compatible station/line/time
,325,1965205,1965205,16TH,gtfsrt_only,,unmatched,False,bart_live_20260911_185819,no ETD row with compatible station/line/time
,326,1965205,1965205,24TH,gtfsrt_only,,unmatched,False,bart_live_20260911_185819,no ETD row with compatible station/line/time
,327,1965205,1965205,GLEN,gtfsrt_only,,unmatched,False,bart_live_20260911_185819,no ETD row with compatible station/line/time
,328,1965205,1965205,BALB,gtfsrt_only,,unmatched,False,bart_live_20260911_185819,no ETD row with compatible station/line/time
,329,1965205,1965205,DALY,gtfsrt_only,,unmatched,False,bart_live_20260911_185819,no ETD row with compatible station/line/time
,330,1965205,1965205,COLM,gtfsrt_only,,unmatched,False,bart_live_20260911_185819,no ETD row with compatible station/line/time
,331,1965205,1965205,SSAN,gtfsrt_only,,unmatched,False,bart_live_20260911_185819,no ETD row with compatible station/line/time
,332,1965205,1965205,SBRN,gtfsrt_only,,unmatched,False,bart_live_20260911_185819,no ETD row with compatible station/line/time
,340,1965119,1965119,LAFY,gtfsrt_only,,unmatched,False,bart_live_20260911_185819,no ETD row with compatible station/line/time
,341,1965119,1965119,ORIN,gtfsrt_only,,unmatched,False,bart_live_20260911_185819,no ETD row with compatible station/line/time
,342,1965119,1965119,ROCK,gtfsrt_only,,unmatched,False,bart_live_20260911_185819,no ETD row with compatible station/line/time
,343,1965119,1965119,MCAR,gtfsrt_only,,unmatched,False,bart_live_20260911_185819,no ETD row with compatible station/line/time
,344,1965119,1965119,19TH,gtfsrt_only,,unmatched,False,bart_live_20260911_185819,no ETD row with compatible station/line/time
,345,1965119,1965119,12TH,gtfsrt_only,,unmatched,False,bart_live_20260911_185819,no ETD row with compatible station/line/time
,346,1965119,1965119,WOAK,gtfsrt_only,,unmatched,False,bart_live_20260911_185819,no ETD row with compatible station/line/time
,347,1965119,1965119,EMBR,gtfsrt_only,,unmatched,False,bart_live_20260911_185819,no ETD row with compatible station/line/time
,348,1965119,1965119,MONT,gtfsrt_only,,unmatched,False,bart_live_20260911_185819,no ETD row with compatible station/line/time
,349,1965119,1965119,POWL,gtfsrt_only,,unmatched,False,bart_live_20260911_185819,no ETD row with compatible station/line/time
,350,1965119,1965119,CIVC,gtfsrt_only,,unmatched,False,bart_live_20260911_185819,no ETD row with compatible station/line/time
,351,1965119,1965119,16TH,gtfsrt_only,,unmatched,False,bart_live_20260911_185819,no ETD row with compatible station/line/time
,352,1965119,1965119,24TH,gtfsrt_only,,unmatched,False,bart_live_20260911_185819,no ETD row with compatible station/line/time
,353,1965119,1965119,GLEN,gtfsrt_only,,unmatched,False,bart_live_20260911_185819,no ETD row with compatible station/line/time
,354,1965119,1965119,BALB,gtfsrt_only,,unmatched,False,bart_live_20260911_185819,no ETD row with compatible station/line/time
,355,1965119,1965119,DALY,gtfsrt_only,,unmatched,False,bart_live_20260911_185819,no ETD row with compatible station/line/time
,356,1965119,1965119,COLM,gtfsrt_only,,unmatched,False,bart_live_20260911_185819,no ETD row with compatible station/line/time
,357,1965119,1965119,SSAN,gtfsrt_only,,unmatched,False,bart_live_20260911_185819,no ETD row with compatible station/line/time
,358,1965119,1965119,SBRN,gtfsrt_only,,unmatched,False,bart_live_20260911_185819,no ETD row with compatible station/line/time
,369,1965279,1965279,PITT,gtfsrt_only,,unmatched,False,bart_live_20260911_185819,no ETD row with compatible station/line/time
,411,1965280,1965280,NCON,gtfsrt_only,,unmatched,False,bart_live_20260911_185819,no ETD row with compatible station/line/time
,412,1965280,1965280,PITT,gtfsrt_only,,unmatched,False,bart_live_20260911_185819,no ETD row with compatible station/line/time
,444,1965281,1965281,PHIL,gtfsrt_only,,unmatched,False,bart_live_20260911_185819,no ETD row with compatible station/line/time
,445,1965281,1965281,CONC,gtfsrt_only,,unmatched,False,bart_live_20260911_185819,no ETD row with compatible station/line/time
,446,1965281,1965281,NCON,gtfsrt_only,,unmatched,False,bart_live_20260911_185819,no ETD row with compatible station/line/time
,447,1965281,1965281,PITT,gtfsrt_only,,unmatched,False,bart_live_20260911_185819,no ETD row with compatible station/line/time
,464,1965341,1965341,WCRK,gtfsrt_only,,unmatched,False,bart_live_20260911_185819,no ETD row with compatible station/line/time
,465,1965341,1965341,PHIL,gtfsrt_only,,unmatched,False,bart_live_20260911_185819,no ETD row with compatible station/line/time
,466,1965341,1965341,CONC,gtfsrt_only,,unmatched,False,bart_live_20260911_185819,no ETD row with compatible station/line/time
,467,1965341,1965341,NCON,gtfsrt_only,,unmatched,False,bart_live_20260911_185819,no ETD row with compatible station/line/time
,485,1965282,1965282,ORIN,gtfsrt_only,,unmatched,False,bart_live_20260911_185819,no ETD row with compatible station/line/time
,486,1965282,1965282,LAFY,gtfsrt_only,,unmatched,False,bart_live_20260911_185819,no ETD row with compatible station/line/time
,487,1965282,1965282,WCRK,gtfsrt_only,,unmatched,False,bart_live_20260911_185819,no ETD row with compatible station/line/time
,488,1965282,1965282,PHIL,gtfsrt_only,,unmatched,False,bart_live_20260911_185819,no ETD row with compatible station/line/time
,489,1965282,1965282,CONC,gtfsrt_only,,unmatched,False,bart_live_20260911_185819,no ETD row with compatible station/line/time
,490,1965282,1965282,NCON,gtfsrt_only,,unmatched,False,bart_live_20260911_185819,no ETD row with compatible station/line/time
,491,1965282,1965282,PITT,gtfsrt_only,,unmatched,False,bart_live_20260911_185819,no ETD row with compatible station/line/time
,508,1965283,1965283,WOAK,gtfsrt_only,,unmatched,False,bart_live_20260911_185819,no ETD row with compatible station/line/time
,509,1965283,1965283,12TH,gtfsrt_only,,unmatched,False,bart_live_20260911_185819,no ETD row with compatible station/line/time
,510,1965283,1965283,19TH,gtfsrt_only,,unmatched,False,bart_live_20260911_185819,no ETD row with compatible station/line/time
,511,1965283,1965283,MCAR,gtfsrt_only,,unmatched,False,bart_live_20260911_185819,no ETD row with compatible station/line/time
,512,1965283,1965283,ROCK,gtfsrt_only,,unmatched,False,bart_live_20260911_185819,no ETD row with compatible station/line/time
,513,1965283,1965283,ORIN,gtfsrt_only,,unmatched,False,bart_live_20260911_185819,no ETD row with compatible station/line/time
,514,1965283,1965283,LAFY,gtfsrt_only,,unmatched,False,bart_live_20260911_185819,no ETD row with compatible station/line/time
,515,1965283,1965283,WCRK,gtfsrt_only,,unmatched,False,bart_live_20260911_185819,no ETD row with compatible station/line/time
,516,1965283,1965283,PHIL,gtfsrt_only,,unmatched,False,bart_live_20260911_185819,no ETD row with compatible station/line/time
,517,1965283,1965283,CONC,gtfsrt_only,,unmatched,False,bart_live_20260911_185819,no ETD row with compatible station/line/time
,518,1965283,1965283,NCON,gtfsrt_only,,unmatched,False,bart_live_20260911_185819,no ETD row with compatible station/line/time
,519,1965283,1965283,PITT,gtfsrt_only,,unmatched,False,bart_live_20260911_185819,no ETD row with compatible station/line/time
,539,1965284,1965284,GLEN,gtfsrt_only,,unmatched,False,bart_live_20260911_185819,no ETD row with compatible station/line/time
,540,1965284,1965284,24TH,gtfsrt_only,,unmatched,False,bart_live_20260911_185819,no ETD row with compatible station/line/time
,541,1965284,1965284,16TH,gtfsrt_only,,unmatched,False,bart_live_20260911_185819,no ETD row with compatible station/line/time
,542,1965284,1965284,CIVC,gtfsrt_only,,unmatched,False,bart_live_20260911_185819,no ETD row with compatible station/line/time
,543,1965284,1965284,POWL,gtfsrt_only,,unmatched,False,bart_live_20260911_185819,no ETD row with compatible station/line/time
,544,1965284,1965284,MONT,gtfsrt_only,,unmatched,False,bart_live_20260911_185819,no ETD row with compatible station/line/time
,545,1965284,1965284,EMBR,gtfsrt_only,,unmatched,False,bart_live_20260911_185819,no ETD row with compatible station/line/time
,546,1965284,1965284,WOAK,gtfsrt_only,,unmatched,False,bart_live_20260911_185819,no ETD row with compatible station/line/time
,547,1965284,1965284,12TH,gtfsrt_only,,unmatched,False,bart_live_20260911_185819,no ETD row with compatible station/line/time
,548,1965284,1965284,19TH,gtfsrt_only,,unmatched,False,bart_live_20260911_185819,no ETD row with compatible station/line/time
,549,1965284,1965284,MCAR,gtfsrt_only,,unmatched,False,bart_live_20260911_185819,no ETD row with compatible station/line/time
,550,1965284,1965284,ROCK,gtfsrt_only,,unmatched,False,bart_live_20260911_185819,no ETD row with compatible station/line/time
,551,1965284,1965284,ORIN,gtfsrt_only,,unmatched,False,bart_live_20260911_185819,no ETD row with compatible station/line/time
,552,1965284,1965284,LAFY,gtfsrt_only,,unmatched,False,bart_live_20260911_185819,no ETD row with compatible station/line/time
,553,1965284,1965284,WCRK,gtfsrt_only,,unmatched,False,bart_live_20260911_185819,no ETD row with compatible station/line/time
,554,1965284,1965284,PHIL,gtfsrt_only,,unmatched,False,bart_live_20260911_185819,no ETD row with compatible station/line/time
,555,1965284,1965284,CONC,gtfsrt_only,,unmatched,False,bart_live_20260911_185819,no ETD row with compatible station/line/time
,556,1965284,1965284,NCON,gtfsrt_only,,unmatched,False,bart_live_20260911_185819,no ETD row with compatible station/line/time
,557,1965284,1965284,PITT,gtfsrt_only,,unmatched,False,bart_live_20260911_185819,no ETD row with compatible station/line/time
,567,1965203,1965203,COLM,gtfsrt_only,,unmatched,False,bart_live_20260911_185819,no ETD row with compatible station/line/time
,568,1965203,1965203,SSAN,gtfsrt_only,,unmatched,False,bart_live_20260911_185819,no ETD row with compatible station/line/time
,569,1965203,1965203,SBRN,gtfsrt_only,,unmatched,False,bart_live_20260911_185819,no ETD row with compatible station/line/time
,581,1965161,1965161,DALY,gtfsrt_only,,unmatched,False,bart_live_20260911_185819,no ETD row with compatible station/line/time
,582,1965161,1965161,COLM,gtfsrt_only,,unmatched,False,bart_live_20260911_185819,no ETD row with compatible station/line/time
,583,1965161,1965161,SSAN,gtfsrt_only,,unmatched,False,bart_live_20260911_185819,no ETD row with compatible station/line/time
,584,1965161,1965161,SBRN,gtfsrt_only,,unmatched,False,bart_live_20260911_185819,no ETD row with compatible station/line/time
,593,1965204,1965204,CIVC,gtfsrt_only,,unmatched,False,bart_live_20260911_185819,no ETD row with compatible station/line/time
,594,1965204,1965204,16TH,gtfsrt_only,,unmatched,False,bart_live_20260911_185819,no ETD row with compatible station/line/time
,595,1965204,1965204,24TH,gtfsrt_only,,unmatched,False,bart_live_20260911_185819,no ETD row with compatible station/line/time
,596,1965204,1965204,GLEN,gtfsrt_only,,unmatched,False,bart_live_20260911_185819,no ETD row with compatible station/line/time
,597,1965204,1965204,BALB,gtfsrt_only,,unmatched,False,bart_live_20260911_185819,no ETD row with compatible station/line/time
,598,1965204,1965204,DALY,gtfsrt_only,,unmatched,False,bart_live_20260911_185819,no ETD row with compatible station/line/time
,599,1965204,1965204,COLM,gtfsrt_only,,unmatched,False,bart_live_20260911_185819,no ETD row with compatible station/line/time
,600,1965204,1965204,SSAN,gtfsrt_only,,unmatched,False,bart_live_20260911_185819,no ETD row with compatible station/line/time
,601,1965204,1965204,SBRN,gtfsrt_only,,unmatched,False,bart_live_20260911_185819,no ETD row with compatible station/line/time
,609,1965162,1965162,EMBR,gtfsrt_only,,unmatched,False,bart_live_20260911_185819,no ETD row with compatible station/line/time
,610,1965162,1965162,MONT,gtfsrt_only,,unmatched,False,bart_live_20260911_185819,no ETD row with compatible station/line/time
,611,1965162,1965162,POWL,gtfsrt_only,,unmatched,False,bart_live_20260911_185819,no ETD row with compatible station/line/time
,612,1965162,1965162,CIVC,gtfsrt_only,,unmatched,False,bart_live_20260911_185819,no ETD row with compatible station/line/time
,613,1965162,1965162,16TH,gtfsrt_only,,unmatched,False,bart_live_20260911_185819,no ETD row with compatible station/line/time
,614,1965162,1965162,24TH,gtfsrt_only,,unmatched,False,bart_live_20260911_185819,no ETD row with compatible station/line/time
,615,1965162,1965162,GLEN,gtfsrt_only,,unmatched,False,bart_live_20260911_185819,no ETD row with compatible station/line/time
,616,1965162,1965162,BALB,gtfsrt_only,,unmatched,False,bart_live_20260911_185819,no ETD row with compatible station/line/time
,617,1965162,1965162,DALY,gtfsrt_only,,unmatched,False,bart_live_20260911_185819,no ETD row with compatible station/line/time
,618,1965162,1965162,COLM,gtfsrt_only,,unmatched,False,bart_live_20260911_185819,no ETD row with compatible station/line/time
,619,1965162,1965162,SSAN,gtfsrt_only,,unmatched,False,bart_live_20260911_185819,no ETD row with compatible station/line/time
,620,1965162,1965162,SBRN,gtfsrt_only,,unmatched,False,bart_live_20260911_185819,no ETD row with compatible station/line/time
,631,1965705,1965705,DELN,gtfsrt_only,,unmatched,False,bart_live_20260911_185819,no ETD row with compatible station/line/time
,642,1965706,1965706,12TH,gtfsrt_only,,unmatched,False,bart_live_20260911_185819,no ETD row with compatible station/line/time
,643,1965706,1965706,19TH,gtfsrt_only,,unmatched,False,bart_live_20260911_185819,no ETD row with compatible station/line/time
,644,1965706,1965706,MCAR,gtfsrt_only,,unmatched,False,bart_live_20260911_185819,no ETD row with compatible station/line/time
,645,1965706,1965706,ASHB,gtfsrt_only,,unmatched,False,bart_live_20260911_185819,no ETD row with compatible station/line/time
,646,1965706,1965706,DBRK,gtfsrt_only,,unmatched,False,bart_live_20260911_185819,no ETD row with compatible station/line/time
,647,1965706,1965706,NBRK,gtfsrt_only,,unmatched,False,bart_live_20260911_185819,no ETD row with compatible station/line/time
,648,1965706,1965706,PLZA,gtfsrt_only,,unmatched,False,bart_live_20260911_185819,no ETD row with compatible station/line/time
,649,1965706,1965706,DELN,gtfsrt_only,,unmatched,False,bart_live_20260911_185819,no ETD row with compatible station/line/time
,664,1965707,1965707,12TH,gtfsrt_only,,unmatched,False,bart_live_20260911_185819,no ETD row with compatible station/line/time
,665,1965707,1965707,19TH,gtfsrt_only,,unmatched,False,bart_live_20260911_185819,no ETD row with compatible station/line/time
,666,1965707,1965707,MCAR,gtfsrt_only,,unmatched,False,bart_live_20260911_185819,no ETD row with compatible station/line/time
,667,1965707,1965707,ASHB,gtfsrt_only,,unmatched,False,bart_live_20260911_185819,no ETD row with compatible station/line/time
,668,1965707,1965707,DBRK,gtfsrt_only,,unmatched,False,bart_live_20260911_185819,no ETD row with compatible station/line/time
,669,1965707,1965707,NBRK,gtfsrt_only,,unmatched,False,bart_live_20260911_185819,no ETD row with compatible station/line/time
,670,1965707,1965707,PLZA,gtfsrt_only,,unmatched,False,bart_live_20260911_185819,no ETD row with compatible station/line/time
,671,1965707,1965707,DELN,gtfsrt_only,,unmatched,False,bart_live_20260911_185819,no ETD row with compatible station/line/time
,687,1965708,1965708,MONT,gtfsrt_only,,unmatched,False,bart_live_20260911_185819,no ETD row with compatible station/line/time
,688,1965708,1965708,EMBR,gtfsrt_only,,unmatched,False,bart_live_20260911_185819,no ETD row with compatible station/line/time
,689,1965708,1965708,WOAK,gtfsrt_only,,unmatched,False,bart_live_20260911_185819,no ETD row with compatible station/line/time
,690,1965708,1965708,12TH,gtfsrt_only,,unmatched,False,bart_live_20260911_185819,no ETD row with compatible station/line/time
,691,1965708,1965708,19TH,gtfsrt_only,,unmatched,False,bart_live_20260911_185819,no ETD row with compatible station/line/time
,692,1965708,1965708,MCAR,gtfsrt_only,,unmatched,False,bart_live_20260911_185819,no ETD row with compatible station/line/time
,693,1965708,1965708,ASHB,gtfsrt_only,,unmatched,False,bart_live_20260911_185819,no ETD row with compatible station/line/time
,694,1965708,1965708,DBRK,gtfsrt_only,,unmatched,False,bart_live_20260911_185819,no ETD row with compatible station/line/time
,695,1965708,1965708,NBRK,gtfsrt_only,,unmatched,False,bart_live_20260911_185819,no ETD row with compatible station/line/time
,696,1965708,1965708,PLZA,gtfsrt_only,,unmatched,False,bart_live_20260911_185819,no ETD row with compatible station/line/time
,697,1965708,1965708,DELN,gtfsrt_only,,unmatched,False,bart_live_20260911_185819,no ETD row with compatible station/line/time
,712,1965709,1965709,DALY,gtfsrt_only,,unmatched,False,bart_live_20260911_185819,no ETD row with compatible station/line/time
,713,1965709,1965709,BALB,gtfsrt_only,,unmatched,False,bart_live_20260911_185819,no ETD row with compatible station/line/time
,714,1965709,1965709,GLEN,gtfsrt_only,,unmatched,False,bart_live_20260911_185819,no ETD row with compatible station/line/time
,715,1965709,1965709,24TH,gtfsrt_only,,unmatched,False,bart_live_20260911_185819,no ETD row with compatible station/line/time
,716,1965709,1965709,16TH,gtfsrt_only,,unmatched,False,bart_live_20260911_185819,no ETD row with compatible station/line/time
,717,1965709,1965709,CIVC,gtfsrt_only,,unmatched,False,bart_live_20260911_185819,no ETD row with compatible station/line/time
,718,1965709,1965709,POWL,gtfsrt_only,,unmatched,False,bart_live_20260911_185819,no ETD row with compatible station/line/time
,719,1965709,1965709,MONT,gtfsrt_only,,unmatched,False,bart_live_20260911_185819,no ETD row with compatible station/line/time
,720,1965709,1965709,EMBR,gtfsrt_only,,unmatched,False,bart_live_20260911_185819,no ETD row with compatible station/line/time
,721,1965709,1965709,WOAK,gtfsrt_only,,unmatched,False,bart_live_20260911_185819,no ETD row with compatible station/line/time
,722,1965709,1965709,12TH,gtfsrt_only,,unmatched,False,bart_live_20260911_185819,no ETD row with compatible station/line/time
,723,1965709,1965709,19TH,gtfsrt_only,,unmatched,False,bart_live_20260911_185819,no ETD row with compatible station/line/time
,724,1965709,1965709,MCAR,gtfsrt_only,,unmatched,False,bart_live_20260911_185819,no ETD row with compatible station/line/time
,725,1965709,1965709,ASHB,gtfsrt_only,,unmatched,False,bart_live_20260911_185819,no ETD row with compatible station/line/time
,726,1965709,1965709,DBRK,gtfsrt_only,,unmatched,False,bart_live_20260911_185819,no ETD row with compatible station/line/time
,727,1965709,1965709,NBRK,gtfsrt_only,,unmatched,False,bart_live_20260911_185819,no ETD row with compatible station/line/time
,728,1965709,1965709,PLZA,gtfsrt_only,,unmatched,False,bart_live_20260911_185819,no ETD row with compatible station/line/time
,729,1965709,1965709,DELN,gtfsrt_only,,unmatched,False,bart_live_20260911_185819,no ETD row with compatible station/line/time
,751,1965665,1965665,EMBR,gtfsrt_only,,unmatched,False,bart_live_20260911_185819,no ETD row with compatible station/line/time
,755,1965665,1965665,16TH,gtfsrt_only,,unmatched,False,bart_live_20260911_185819,no ETD row with compatible station/line/time
,756,1965665,1965665,24TH,gtfsrt_only,,unmatched,False,bart_live_20260911_185819,no ETD row with compatible station/line/time
,757,1965665,1965665,GLEN,gtfsrt_only,,unmatched,False,bart_live_20260911_185819,no ETD row with compatible station/line/time
,758,1965665,1965665,BALB,gtfsrt_only,,unmatched,False,bart_live_20260911_185819,no ETD row with compatible station/line/time
,761,1965665,1965665,SSAN,gtfsrt_only,,unmatched,False,bart_live_20260911_185819,no ETD row with compatible station/line/time
,762,1965665,1965665,SBRN,gtfsrt_only,,unmatched,False,bart_live_20260911_185819,no ETD row with compatible station/line/time
,777,1965666,1965666,CIVC,gtfsrt_only,,unmatched,False,bart_live_20260911_185819,no ETD row with compatible station/line/time
,778,1965666,1965666,16TH,gtfsrt_only,,unmatched,False,bart_live_20260911_185819,no ETD row with compatible station/line/time
,779,1965666,1965666,24TH,gtfsrt_only,,unmatched,False,bart_live_20260911_185819,no ETD row with compatible station/line/time
,780,1965666,1965666,GLEN,gtfsrt_only,,unmatched,False,bart_live_20260911_185819,no ETD row with compatible station/line/time
,781,1965666,1965666,BALB,gtfsrt_only,,unmatched,False,bart_live_20260911_185819,no ETD row with compatible station/line/time
,782,1965666,1965666,DALY,gtfsrt_only,,unmatched,False,bart_live_20260911_185819,no ETD row with compatible station/line/time
,783,1965666,1965666,COLM,gtfsrt_only,,unmatched,False,bart_live_20260911_185819,no ETD row with compatible station/line/time
,784,1965666,1965666,SSAN,gtfsrt_only,,unmatched,False,bart_live_20260911_185819,no ETD row with compatible station/line/time
,785,1965666,1965666,SBRN,gtfsrt_only,,unmatched,False,bart_live_20260911_185819,no ETD row with compatible station/line/time
,801,1965667,1965667,WOAK,gtfsrt_only,,unmatched,False,bart_live_20260911_185819,no ETD row with compatible station/line/time
,802,1965667,1965667,EMBR,gtfsrt_only,,unmatched,False,bart_live_20260911_185819,no ETD row with compatible station/line/time
,803,1965667,1965667,MONT,gtfsrt_only,,unmatched,False,bart_live_20260911_185819,no ETD row with compatible station/line/time
,804,1965667,1965667,POWL,gtfsrt_only,,unmatched,False,bart_live_20260911_185819,no ETD row with compatible station/line/time
,805,1965667,1965667,CIVC,gtfsrt_only,,unmatched,False,bart_live_20260911_185819,no ETD row with compatible station/line/time
,806,1965667,1965667,16TH,gtfsrt_only,,unmatched,False,bart_live_20260911_185819,no ETD row with compatible station/line/time
,807,1965667,1965667,24TH,gtfsrt_only,,unmatched,False,bart_live_20260911_185819,no ETD row with compatible station/line/time
,808,1965667,1965667,GLEN,gtfsrt_only,,unmatched,False,bart_live_20260911_185819,no ETD row with compatible station/line/time
,809,1965667,1965667,BALB,gtfsrt_only,,unmatched,False,bart_live_20260911_185819,no ETD row with compatible station/line/time
,810,1965667,1965667,DALY,gtfsrt_only,,unmatched,False,bart_live_20260911_185819,no ETD row with compatible station/line/time
,811,1965667,1965667,COLM,gtfsrt_only,,unmatched,False,bart_live_20260911_185819,no ETD row with compatible station/line/time
,812,1965667,1965667,SSAN,gtfsrt_only,,unmatched,False,bart_live_20260911_185819,no ETD row with compatible station/line/time
,813,1965667,1965667,SBRN,gtfsrt_only,,unmatched,False,bart_live_20260911_185819,no ETD row with compatible station/line/time
,832,1965859,1965859,LAKE,gtfsrt_only,,unmatched,False,bart_live_20260911_185819,no ETD row with compatible station/line/time
,833,1965859,1965859,FTVL,gtfsrt_only,,unmatched,False,bart_live_20260911_185819,no ETD row with compatible station/line/time
,834,1965859,1965859,COLS,gtfsrt_only,,unmatched,False,bart_live_20260911_185819,no ETD row with compatible station/line/time
,835,1965859,1965859,SANL,gtfsrt_only,,unmatched,False,bart_live_20260911_185819,no ETD row with compatible station/line/time
,836,1965859,1965859,BAYF,gtfsrt_only,,unmatched,False,bart_live_20260911_185819,no ETD row with compatible station/line/time
,837,1965859,1965859,CAST,gtfsrt_only,,unmatched,False,bart_live_20260911_185819,no ETD row with compatible station/line/time
,838,1965859,1965859,WDUB,gtfsrt_only,,unmatched,False,bart_live_20260911_185819,no ETD row with compatible station/line/time
,848,1965800,1965800,24TH,gtfsrt_only,,unmatched,False,bart_live_20260911_185819,no ETD row with compatible station/line/time
,849,1965800,1965800,GLEN,gtfsrt_only,,unmatched,False,bart_live_20260911_185819,no ETD row with compatible station/line/time
,850,1965800,1965800,BALB,gtfsrt_only,,unmatched,False,bart_live_20260911_185819,no ETD row with compatible station/line/time
,856,1965801,1965801,LAKE,gtfsrt_only,,unmatched,False,bart_live_20260911_185819,no ETD row with compatible station/line/time
,857,1965801,1965801,WOAK,gtfsrt_only,,unmatched,False,bart_live_20260911_185819,no ETD row with compatible station/line/time
,858,1965801,1965801,EMBR,gtfsrt_only,,unmatched,False,bart_live_20260911_185819,no ETD row with compatible station/line/time
,859,1965801,1965801,MONT,gtfsrt_only,,unmatched,False,bart_live_20260911_185819,no ETD row with compatible station/line/time
,860,1965801,1965801,POWL,gtfsrt_only,,unmatched,False,bart_live_20260911_185819,no ETD row with compatible station/line/time
,861,1965801,1965801,CIVC,gtfsrt_only,,unmatched,False,bart_live_20260911_185819,no ETD row with compatible station/line/time
,862,1965801,1965801,16TH,gtfsrt_only,,unmatched,False,bart_live_20260911_185819,no ETD row with compatible station/line/time
,863,1965801,1965801,24TH,gtfsrt_only,,unmatched,False,bart_live_20260911_185819,no ETD row with compatible station/line/time
,864,1965801,1965801,GLEN,gtfsrt_only,,unmatched,False,bart_live_20260911_185819,no ETD row with compatible station/line/time
,865,1965801,1965801,BALB,gtfsrt_only,,unmatched,False,bart_live_20260911_185819,no ETD row with compatible station/line/time
,871,1965802,1965802,BAYF,gtfsrt_only,,unmatched,False,bart_live_20260911_185819,no ETD row with compatible station/line/time
,872,1965802,1965802,SANL,gtfsrt_only,,unmatched,False,bart_live_20260911_185819,no ETD row with compatible station/line/time
,873,1965802,1965802,COLS,gtfsrt_only,,unmatched,False,bart_live_20260911_185819,no ETD row with compatible station/line/time
,874,1965802,1965802,FTVL,gtfsrt_only,,unmatched,False,bart_live_20260911_185819,no ETD row with compatible station/line/time
,875,1965802,1965802,LAKE,gtfsrt_only,,unmatched,False,bart_live_20260911_185819,no ETD row with compatible station/line/time
,876,1965802,1965802,WOAK,gtfsrt_only,,unmatched,False,bart_live_20260911_185819,no ETD row with compatible station/line/time
,877,1965802,1965802,EMBR,gtfsrt_only,,unmatched,False,bart_live_20260911_185819,no ETD row with compatible station/line/time
,878,1965802,1965802,MONT,gtfsrt_only,,unmatched,False,bart_live_20260911_185819,no ETD row with compatible station/line/time
,879,1965802,1965802,POWL,gtfsrt_only,,unmatched,False,bart_live_20260911_185819,no ETD row with compatible station/line/time
,880,1965802,1965802,CIVC,gtfsrt_only,,unmatched,False,bart_live_20260911_185819,no ETD row with compatible station/line/time
,881,1965802,1965802,16TH,gtfsrt_only,,unmatched,False,bart_live_20260911_185819,no ETD row with compatible station/line/time
,882,1965802,1965802,24TH,gtfsrt_only,,unmatched,False,bart_live_20260911_185819,no ETD row with compatible station/line/time
,883,1965802,1965802,GLEN,gtfsrt_only,,unmatched,False,bart_live_20260911_185819,no ETD row with compatible station/line/time
,884,1965802,1965802,BALB,gtfsrt_only,,unmatched,False,bart_live_20260911_185819,no ETD row with compatible station/line/time
,891,1965803,1965803,BAYF,gtfsrt_only,,unmatched,False,bart_live_20260911_185819,no ETD row with compatible station/line/time
,892,1965803,1965803,SANL,gtfsrt_only,,unmatched,False,bart_live_20260911_185819,no ETD row with compatible station/line/time
,893,1965803,1965803,COLS,gtfsrt_only,,unmatched,False,bart_live_20260911_185819,no ETD row with compatible station/line/time
,894,1965803,1965803,FTVL,gtfsrt_only,,unmatched,False,bart_live_20260911_185819,no ETD row with compatible station/line/time
,895,1965803,1965803,LAKE,gtfsrt_only,,unmatched,False,bart_live_20260911_185819,no ETD row with compatible station/line/time
,896,1965803,1965803,WOAK,gtfsrt_only,,unmatched,False,bart_live_20260911_185819,no ETD row with compatible station/line/time
,897,1965803,1965803,EMBR,gtfsrt_only,,unmatched,False,bart_live_20260911_185819,no ETD row with compatible station/line/time
,898,1965803,1965803,MONT,gtfsrt_only,,unmatched,False,bart_live_20260911_185819,no ETD row with compatible station/line/time
,899,1965803,1965803,POWL,gtfsrt_only,,unmatched,False,bart_live_20260911_185819,no ETD row with compatible station/line/time
,900,1965803,1965803,CIVC,gtfsrt_only,,unmatched,False,bart_live_20260911_185819,no ETD row with compatible station/line/time
,901,1965803,1965803,16TH,gtfsrt_only,,unmatched,False,bart_live_20260911_185819,no ETD row with compatible station/line/time
,902,1965803,1965803,24TH,gtfsrt_only,,unmatched,False,bart_live_20260911_185819,no ETD row with compatible station/line/time
,903,1965803,1965803,GLEN,gtfsrt_only,,unmatched,False,bart_live_20260911_185819,no ETD row with compatible station/line/time
,904,1965803,1965803,BALB,gtfsrt_only,,unmatched,False,bart_live_20260911_185819,no ETD row with compatible station/line/time
,926,1965857,1965857,CAST,gtfsrt_only,,unmatched,False,bart_live_20260911_185819,no ETD row with compatible station/line/time
,927,1965857,1965857,WDUB,gtfsrt_only,,unmatched,False,bart_live_20260911_185819,no ETD row with compatible station/line/time
,942,1965858,1965858,BAYF,gtfsrt_only,,unmatched,False,bart_live_20260911_185819,no ETD row with compatible station/line/time
,943,1965858,1965858,CAST,gtfsrt_only,,unmatched,False,bart_live_20260911_185819,no ETD row with compatible station/line/time
,944,1965858,1965858,WDUB,gtfsrt_only,,unmatched,False,bart_live_20260911_185819,no ETD row with compatible station/line/time
,948,698,698,PCTR,gtfsrt_only,,unmatched,False,bart_live_20260911_185819,no ETD row with compatible station/line/time
,953,702,702,PCTR,gtfsrt_only,,unmatched,False,bart_live_20260911_185819,no ETD row with compatible station/line/time
,956,705,705,ANTC,gtfsrt_only,,unmatched,False,bart_live_20260911_185819,no ETD row with compatible station/line/time
,957,705,705,PCTR,gtfsrt_only,,unmatched,False,bart_live_20260911_185819,no ETD row with compatible station/line/time
,958,707,707,ANTC,gtfsrt_only,,unmatched,False,bart_live_20260911_185819,no ETD row with compatible station/line/time
105,2,2000721,2000721,BAYF,station+line+platform/direction+destination+absolute_time,0,high,False,bart_live_20260912_071605,
335,160,2000426,2000426,PHIL,station+line+platform/direction+destination+absolute_time,0,high,False,bart_live_20260912_071605,
336,189,2000427,2000427,PHIL,station+line+platform/direction+destination+absolute_time,0,high,False,bart_live_20260912_071605,
18,564,2015187,2015187,16TH,station+line+platform/direction+destination+absolute_time,1,high,False,bart_live_20260912_071605,
19,592,2000932,2000932,16TH,station+line+platform/direction+destination+absolute_time,1,high,False,bart_live_20260912_071605,
20,607,2000933,2000933,16TH,station+line+platform/direction+destination+absolute_time,1,high,False,bart_live_20260912_071605,
25,430,2000808,2000808,16TH,station+line+platform/direction+destination+absolute_time,1,high,False,bart_live_20260912_071605,
26,451,2000809,2000809,16TH,station+line+platform/direction+destination+absolute_time,1,high,False,bart_live_20260912_071605,
159,134,2000425,2000425,CONC,station+line+platform/direction+destination+absolute_time,1,high,False,bart_live_20260912_071605,
317,158,2000426,2000426,NCON,station+line+platform/direction+destination+absolute_time,1,high,False,bart_live_20260912_071605,
318,187,2000427,2000427,NCON,station+line+platform/direction+destination+absolute_time,1,high,False,bart_live_20260912_071605,
374,327,2000424,2000424,ROCK,station+line+platform/direction+destination+absolute_time,1,high,False,bart_live_20260912_071605,
397,289,2000422,2000422,SBRN,station+line+platform/direction+destination+absolute_time,1,high,False,bart_live_20260912_071605,
398,326,2000423,2000423,SBRN,station+line+platform/direction+destination+absolute_time,1,high,False,bart_live_20260912_071605,
399,343,2000424,2000424,SBRN,station+line+platform/direction+destination+absolute_time,1,high,False,bart_live_20260912_071605,
50,565,2015187,2015187,24TH,station+line+platform/direction+destination+absolute_time,2,high,False,bart_live_20260912_071605,
51,593,2000932,2000932,24TH,station+line+platform/direction+destination+absolute_time,2,high,False,bart_live_20260912_071605,
52,608,2000933,2000933,24TH,station+line+platform/direction+destination+absolute_time,2,high,False,bart_live_20260912_071605,
56,414,2000807,2000807,24TH,station+line+platform/direction+destination+absolute_time,2,high,False,bart_live_20260912_071605,
57,431,2000808,2000808,24TH,station+line+platform/direction+destination+absolute_time,2,high,False,bart_live_20260912_071605,
58,452,2000809,2000809,24TH,station+line+platform/direction+destination+absolute_time,2,high,False,bart_live_20260912_071605,
109,596,2000933,2000933,CAST,station+line+platform/direction+destination+absolute_time,2,high,False,bart_live_20260912_071605,
389,1,2000721,2000721,SANL,station+line+platform/direction+destination+absolute_time,2,high,False,bart_live_20260912_071605,
432,161,2000426,2000426,WCRK,station+line+platform/direction+destination+absolute_time,2,high,False,bart_live_20260912_071605,
433,190,2000427,2000427,WCRK,station+line+platform/direction+destination+absolute_time,2,high,False,bart_live_20260912_071605,
129,318,2000423,2000423,CIVC,station+line+platform/direction+destination+absolute_time,3,high,False,bart_live_20260912_071605,
130,335,2000424,2000424,CIVC,station+line+platform/direction+destination+absolute_time,3,high,False,bart_live_20260912_071605,
131,147,2000425,2000425,CIVC,station+line+platform/direction+destination+absolute_time,3,high,False,bart_live_20260912_071605,
79,567,2015187,2015187,BALB,station+line+platform/direction+destination+absolute_time,4,high,False,bart_live_20260912_071605,
80,595,2000932,2000932,BALB,station+line+platform/direction+destination+absolute_time,4,high,False,bart_live_20260912_071605,
81,610,2000933,2000933,BALB,station+line+platform/direction+destination+absolute_time,4,high,False,bart_live_20260912_071605,
85,416,2000807,2000807,BALB,station+line+platform/direction+destination+absolute_time,4,high,False,bart_live_20260912_071605,
86,433,2000808,2000808,BALB,station+line+platform/direction+destination+absolute_time,4,high,False,bart_live_20260912_071605,
87,454,2000809,2000809,BALB,station+line+platform/direction+destination+absolute_time,4,high,False,bart_live_20260912_071605,
160,159,2000426,2000426,CONC,station+line+platform/direction+destination+absolute_time,5,high,False,bart_live_20260912_071605,
161,188,2000427,2000427,CONC,station+line+platform/direction+destination+absolute_time,5,high,False,bart_live_20260912_071605,
309,462,2000810,2000810,NBRK,station+line+platform/direction+destination+absolute_time,5,high,False,bart_live_20260912_071605,
310,347,2000811,2000811,NBRK,station+line+platform/direction+destination+absolute_time,5,high,False,bart_live_20260912_071605,
344,439,2000809,2000809,PLZA,station+line+platform/direction+destination+absolute_time,5,high,False,bart_live_20260912_071605,
354,590,2000932,2000932,POWL,station+line+platform/direction+destination+absolute_time,5,high,False,bart_live_20260912_071605,
355,605,2000933,2000933,POWL,station+line+platform/direction+destination+absolute_time,5,high,False,bart_live_20260912_071605,
359,428,2000808,2000808,POWL,station+line+platform/direction+destination+absolute_time,5,high,False,bart_live_20260912_071605,
360,449,2000809,2000809,POWL,station+line+platform/direction+destination+absolute_time,5,high,False,bart_live_20260912_071605,
361,471,2000810,2000810,POWL,station+line+platform/direction+destination+absolute_time,5,high,False,bart_live_20260912_071605,
278,328,2000424,2000424,MCAR,station+line+platform/direction+destination+absolute_time,6,high,False,bart_live_20260912_071605,
174,323,2000423,2000423,DALY,station+line+platform/direction+destination+absolute_time,7,high,False,bart_live_20260912_071605,
175,340,2000424,2000424,DALY,station+line+platform/direction+destination+absolute_time,7,high,False,bart_live_20260912_071605,
393,420,2000807,2000807,SBRN,station+line+platform/direction+destination+absolute_time,7,high,False,bart_live_20260912_071605,
173,286,2000422,2000422,DALY,station+line+platform/direction+destination+absolute_time,8,high,False,bart_live_20260912_071605,
210,332,2000424,2000424,EMBR,station+line+platform/direction+destination+absolute_time,8,high,False,bart_live_20260912_071605,
211,144,2000425,2000425,EMBR,station+line+platform/direction+destination+absolute_time,8,high,False,bart_live_20260912_071605,
283,123,2002130,2002130,MLPT,station+line+platform/direction+destination+absolute_time,8,high,False,bart_live_20260912_071605,
284,131,2002137,2002137,MLPT,station+line+platform/direction+destination+absolute_time,8,high,False,bart_live_20260912_071605,
285,127,2002128,2002128,MLPT,station+line+platform/direction+destination+absolute_time,8,high,False,bart_live_20260912_071605,
238,321,2000423,2000423,GLEN,station+line+platform/direction+destination+absolute_time,9,high,False,bart_live_20260912_071605,
239,338,2000424,2000424,GLEN,station+line+platform/direction+destination+absolute_time,9,high,False,bart_live_20260912_071605,
240,150,2000425,2000425,GLEN,station+line+platform/direction+destination+absolute_time,9,high,False,bart_live_20260912_071605,
308,440,2000809,2000809,NBRK,station+line+platform/direction+destination+absolute_time,9,high,False,bart_live_20260912_071605,
453,331,2000424,2000424,WOAK,station+line+platform/direction+destination+absolute_time,9,high,False,bart_live_20260912_071605,
454,143,2000425,2000425,WOAK,station+line+platform/direction+destination+absolute_time,9,high,False,bart_live_20260912_071605,
455,168,2000426,2000426,WOAK,station+line+platform/direction+destination+absolute_time,9,high,False,bart_live_20260912_071605,
39,444,2000809,2000809,19TH,station+line+platform/direction+destination+absolute_time,10,high,False,bart_live_20260912_071605,
40,466,2000810,2000810,19TH,station+line+platform/direction+destination+absolute_time,10,high,False,bart_live_20260912_071605,
71,464,2000810,2000810,ASHB,station+line+platform/direction+destination+absolute_time,10,high,False,bart_live_20260912_071605,
72,349,2000811,2000811,ASHB,station+line+platform/direction+destination+absolute_time,10,high,False,bart_live_20260912_071605,
251,137,2000425,2000425,LAFY,station+line+platform/direction+destination+absolute_time,10,high,False,bart_live_20260912_071605,
442,587,2000932,2000932,WOAK,station+line+platform/direction+destination+absolute_time,10,high,False,bart_live_20260912_071605,
257,586,2000932,2000932,LAKE,station+line+platform/direction+destination+absolute_time,11,high,False,bart_live_20260912_071605,
426,130,2002137,2002137,WARM,station+line+platform/direction+destination+absolute_time,11,high,False,bart_live_20260912_071605,
427,126,2002128,2002128,WARM,station+line+platform/direction+destination+absolute_time,11,high,False,bart_live_20260912_071605,
216,600,2000933,2000933,FTVL,station+line+platform/direction+destination+absolute_time,12,high,False,bart_live_20260912_071605,
217,487,2000934,2000934,FTVL,station+line+platform/direction+destination+absolute_time,12,high,False,bart_live_20260912_071605,
420,288,2000422,2000422,SSAN,station+line+platform/direction+destination+absolute_time,12,high,False,bart_live_20260912_071605,
421,325,2000423,2000423,SSAN,station+line+platform/direction+destination+absolute_time,12,high,False,bart_live_20260912_071605,
422,342,2000424,2000424,SSAN,station+line+platform/direction+destination+absolute_time,12,high,False,bart_live_20260912_071605,
70,442,2000809,2000809,ASHB,station+line+platform/direction+destination+absolute_time,13,high,False,bart_live_20260912_071605,
90,285,2000422,2000422,BALB,station+line+platform/direction+destination+absolute_time,13,high,False,bart_live_20260912_071605,
140,287,2000422,2000422,COLM,station+line+platform/direction+destination+absolute_time,13,high,False,bart_live_20260912_071605,
141,324,2000423,2000423,COLM,station+line+platform/direction+destination+absolute_time,13,high,False,bart_live_20260912_071605,
142,341,2000424,2000424,COLM,station+line+platform/direction+destination+absolute_time,13,high,False,bart_live_20260912_071605,
227,566,2015187,2015187,GLEN,station+line+platform/direction+destination+absolute_time,13,high,False,bart_live_20260912_071605,
228,594,2000932,2000932,GLEN,station+line+platform/direction+destination+absolute_time,13,high,False,bart_live_20260912_071605,
229,609,2000933,2000933,GLEN,station+line+platform/direction+destination+absolute_time,13,high,False,bart_live_20260912_071605,
233,415,2000807,2000807,GLEN,station+line+platform/direction+destination+absolute_time,13,high,False,bart_live_20260912_071605,
234,432,2000808,2000808,GLEN,station+line+platform/direction+destination+absolute_time,13,high,False,bart_live_20260912_071605,
235,453,2000809,2000809,GLEN,station+line+platform/direction+destination+absolute_time,13,high,False,bart_live_20260912_071605,
369,459,2000810,2000810,RICH,station+line+platform/direction+destination+absolute_time,13,high,False,bart_live_20260912_071605,
370,344,2000811,2000811,RICH,station+line+platform/direction+destination+absolute_time,13,high,False,bart_live_20260912_071605,
443,602,2000933,2000933,WOAK,station+line+platform/direction+destination+absolute_time,13,high,False,bart_live_20260912_071605,
444,489,2000934,2000934,WOAK,station+line+platform/direction+destination+absolute_time,13,high,False,bart_live_20260912_071605,
449,446,2000809,2000809,WOAK,station+line+platform/direction+destination+absolute_time,13,high,False,bart_live_20260912_071605,
450,468,2000810,2000810,WOAK,station+line+platform/direction+destination+absolute_time,13,high,False,bart_live_20260912_071605,
199,603,2000933,2000933,EMBR,station+line+platform/direction+destination+absolute_time,14,high,False,bart_live_20260912_071605,
200,490,2000934,2000934,EMBR,station+line+platform/direction+destination+absolute_time,14,high,False,bart_live_20260912_071605,
205,447,2000809,2000809,EMBR,station+line+platform/direction+destination+absolute_time,14,high,False,bart_live_20260912_071605,
206,469,2000810,2000810,EMBR,station+line+platform/direction+destination+absolute_time,14,high,False,bart_live_20260912_071605,
247,3,2000721,2000721,HAYW,station+line+platform/direction+destination+absolute_time,14,high,False,bart_live_20260912_071605,
280,165,2000426,2000426,MCAR,station+line+platform/direction+destination+absolute_time,14,high,False,bart_live_20260912_071605,
204,426,2000808,2000808,EMBR,station+line+platform/direction+destination+absolute_time,15,high,False,bart_live_20260912_071605,
380,598,2000933,2000933,SANL,station+line+platform/direction+destination+absolute_time,15,high,False,bart_live_20260912_071605,
381,485,2000934,2000934,SANL,station+line+platform/direction+destination+absolute_time,15,high,False,bart_live_20260912_071605,
382,503,2000935,2000935,SANL,station+line+platform/direction+destination+absolute_time,15,high,False,bart_live_20260912_071605,
258,601,2000933,2000933,LAKE,station+line+platform/direction+destination+absolute_time,16,high,False,bart_live_20260912_071605,
259,488,2000934,2000934,LAKE,station+line+platform/direction+destination+absolute_time,16,high,False,bart_live_20260912_071605,
304,333,2000424,2000424,MONT,station+line+platform/direction+destination+absolute_time,16,high,False,bart_live_20260912_071605,
305,145,2000425,2000425,MONT,station+line+platform/direction+destination+absolute_time,16,high,False,bart_live_20260912_071605,
7,445,2000809,2000809,12TH,station+line+platform/direction+destination+absolute_time,17,high,False,bart_live_20260912_071605,
8,467,2000810,2000810,12TH,station+line+platform/direction+destination+absolute_time,17,high,False,bart_live_20260912_071605,
24,413,2000807,2000807,16TH,station+line+platform/direction+destination+absolute_time,17,high,False,bart_live_20260912_071605,
6,424,2000808,2000808,12TH,station+line+platform/direction+destination+absolute_time,19,high,False,bart_live_20260912_071605,
118,563,2015187,2015187,CIVC,station+line+platform/direction+destination+absolute_time,19,high,False,bart_live_20260912_071605,
119,591,2000932,2000932,CIVC,station+line+platform/direction+destination+absolute_time,19,high,False,bart_live_20260912_071605,
120,606,2000933,2000933,CIVC,station+line+platform/direction+destination+absolute_time,19,high,False,bart_live_20260912_071605,
124,429,2000808,2000808,CIVC,station+line+platform/direction+destination+absolute_time,19,high,False,bart_live_20260912_071605,
125,450,2000809,2000809,CIVC,station+line+platform/direction+destination+absolute_time,19,high,False,bart_live_20260912_071605,
126,472,2000810,2000810,CIVC,station+line+platform/direction+destination+absolute_time,19,high,False,bart_live_20260912_071605,
188,460,2000810,2000810,DELN,station+line+platform/direction+destination+absolute_time,19,high,False,bart_live_20260912_071605,
189,345,2000811,2000811,DELN,station+line+platform/direction+destination+absolute_time,19,high,False,bart_live_20260912_071605,
44,329,2000424,2000424,19TH,station+line+platform/direction+destination+absolute_time,20,high,False,bart_live_20260912_071605,
61,320,2000423,2000423,24TH,station+line+platform/direction+destination+absolute_time,20,high,False,bart_live_20260912_071605,
62,337,2000424,2000424,24TH,station+line+platform/direction+destination+absolute_time,20,high,False,bart_live_20260912_071605,
63,149,2000425,2000425,24TH,station+line+platform/direction+destination+absolute_time,20,high,False,bart_live_20260912_071605,
110,483,2000934,2000934,CAST,station+line+platform/direction+destination+absolute_time,20,high,False,bart_live_20260912_071605,
111,501,2000935,2000935,CAST,station+line+platform/direction+destination+absolute_time,20,high,False,bart_live_20260912_071605,
279,140,2000425,2000425,MCAR,station+line+platform/direction+destination+absolute_time,20,high,False,bart_live_20260912_071605,
353,562,2015187,2015187,POWL,station+line+platform/direction+destination+absolute_time,20,high,False,bart_live_20260912_071605,
375,139,2000425,2000425,ROCK,station+line+platform/direction+destination+absolute_time,20,high,False,bart_live_20260912_071605,
376,164,2000426,2000426,ROCK,station+line+platform/direction+destination+absolute_time,20,high,False,bart_live_20260912_071605,
12,330,2000424,2000424,12TH,station+line+platform/direction+destination+absolute_time,21,high,False,bart_live_20260912_071605,
13,142,2000425,2000425,12TH,station+line+platform/direction+destination+absolute_time,21,high,False,bart_live_20260912_071605,
14,167,2000426,2000426,12TH,station+line+platform/direction+destination+absolute_time,21,high,False,bart_live_20260912_071605,
29,319,2000423,2000423,16TH,station+line+platform/direction+destination+absolute_time,21,high,False,bart_live_20260912_071605,
30,336,2000424,2000424,16TH,station+line+platform/direction+destination+absolute_time,21,high,False,bart_live_20260912_071605,
31,148,2000425,2000425,16TH,station+line+platform/direction+destination+absolute_time,21,high,False,bart_live_20260912_071605,
252,162,2000426,2000426,LAFY,station+line+platform/direction+destination+absolute_time,21,high,False,bart_live_20260912_071605,
253,191,2000427,2000427,LAFY,station+line+platform/direction+destination+absolute_time,21,high,False,bart_live_20260912_071605,
179,441,2000809,2000809,DBRK,station+line+platform/direction+destination+absolute_time,22,high,False,bart_live_20260912_071605,
272,443,2000809,2000809,MCAR,station+line+platform/direction+destination+absolute_time,22,high,False,bart_live_20260912_071605,
292,589,2000932,2000932,MONT,station+line+platform/direction+destination+absolute_time,22,high,False,bart_live_20260912_071605,
293,604,2000933,2000933,MONT,station+line+platform/direction+destination+absolute_time,22,high,False,bart_live_20260912_071605,
294,491,2000934,2000934,MONT,station+line+platform/direction+destination+absolute_time,22,high,False,bart_live_20260912_071605,
298,427,2000808,2000808,MONT,station+line+platform/direction+destination+absolute_time,22,high,False,bart_live_20260912_071605,
299,448,2000809,2000809,MONT,station+line+platform/direction+destination+absolute_time,22,high,False,bart_live_20260912_071605,
300,470,2000810,2000810,MONT,station+line+platform/direction+destination+absolute_time,22,high,False,bart_live_20260912_071605,
303,316,2000423,2000423,MONT,station+line+platform/direction+destination+absolute_time,22,high,False,bart_live_20260912_071605,
334,135,2000425,2000425,PHIL,station+line+platform/direction+destination+absolute_time,22,high,False,bart_live_20260912_071605,
448,425,2000808,2000808,WOAK,station+line+platform/direction+destination+absolute_time,22,high,False,bart_live_20260912_071605,
394,437,2000808,2000808,SBRN,station+line+platform/direction+destination+absolute_time,23,high,False,bart_live_20260912_071605,
155,0,2000721,2000721,COLS,station+line+platform/direction+destination+absolute_time,24,high,False,bart_live_20260912_071605,
273,465,2000810,2000810,MCAR,station+line+platform/direction+destination+absolute_time,24,high,False,bart_live_20260912_071605,
274,350,2000811,2000811,MCAR,station+line+platform/direction+destination+absolute_time,24,high,False,bart_live_20260912_071605,
340,157,2000426,2000426,PITT,station+line+platform/direction+destination+absolute_time,24,high,False,bart_live_20260912_071605,
341,186,2000427,2000427,PITT,station+line+platform/direction+destination+absolute_time,24,high,False,bart_live_20260912_071605,
38,423,2000808,2000808,19TH,station+line+platform/direction+destination+absolute_time,25,high,False,bart_live_20260912_071605,
135,418,2000807,2000807,COLM,station+line+platform/direction+destination+absolute_time,25,high,False,bart_live_20260912_071605,
136,435,2000808,2000808,COLM,station+line+platform/direction+destination+absolute_time,25,high,False,bart_live_20260912_071605,
137,456,2000809,2000809,COLM,station+line+platform/direction+destination+absolute_time,25,high,False,bart_live_20260912_071605,
198,588,2000932,2000932,EMBR,station+line+platform/direction+destination+absolute_time,25,high,False,bart_live_20260912_071605,
364,317,2000423,2000423,POWL,station+line+platform/direction+destination+absolute_time,25,high,False,bart_live_20260912_071605,
91,322,2000423,2000423,BALB,station+line+platform/direction+destination+absolute_time,26,high,False,bart_live_20260912_071605,
92,339,2000424,2000424,BALB,station+line+platform/direction+destination+absolute_time,26,high,False,bart_live_20260912_071605,
96,597,2000933,2000933,BAYF,station+line+platform/direction+destination+absolute_time,26,high,False,bart_live_20260912_071605,
97,484,2000934,2000934,BAYF,station+line+platform/direction+destination+absolute_time,26,high,False,bart_live_20260912_071605,
98,502,2000935,2000935,BAYF,station+line+platform/direction+destination+absolute_time,26,high,False,bart_live_20260912_071605,
180,463,2000810,2000810,DBRK,station+line+platform/direction+destination+absolute_time,26,high,False,bart_live_20260912_071605,
181,348,2000811,2000811,DBRK,station+line+platform/direction+destination+absolute_time,26,high,False,bart_live_20260912_071605,
322,138,2000425,2000425,ORIN,station+line+platform/direction+destination+absolute_time,26,high,False,bart_live_20260912_071605,
323,163,2000426,2000426,ORIN,station+line+platform/direction+destination+absolute_time,26,high,False,bart_live_20260912_071605,
324,192,2000427,2000427,ORIN,station+line+platform/direction+destination+absolute_time,26,high,False,bart_live_20260912_071605,
392,388,2000806,2000806,SBRN,station+line+platform/direction+destination+absolute_time,26,high,False,bart_live_20260912_071605,
415,419,2000807,2000807,SSAN,station+line+platform/direction+destination+absolute_time,26,high,False,bart_live_20260912_071605,
416,436,2000808,2000808,SSAN,station+line+platform/direction+destination+absolute_time,26,high,False,bart_live_20260912_071605,
417,457,2000809,2000809,SSAN,station+line+platform/direction+destination+absolute_time,26,high,False,bart_live_20260912_071605,
365,334,2000424,2000424,POWL,station+line+platform/direction+destination+absolute_time,27,high,False,bart_live_20260912_071605,
366,146,2000425,2000425,POWL,station+line+platform/direction+destination+absolute_time,27,high,False,bart_live_20260912_071605,
402,389,2000806,2000806,SFIA,station+line+platform/direction+destination+absolute_time,27,high,False,bart_live_20260912_071605,
403,421,2000807,2000807,SFIA,station+line+platform/direction+destination+absolute_time,27,high,False,bart_live_20260912_071605,
45,141,2000425,2000425,19TH,station+line+platform/direction+destination+absolute_time,28,high,False,bart_live_20260912_071605,
46,166,2000426,2000426,19TH,station+line+platform/direction+destination+absolute_time,28,high,False,bart_live_20260912_071605,
146,599,2000933,2000933,COLS,station+line+platform/direction+destination+absolute_time,28,high,False,bart_live_20260912_071605,
147,486,2000934,2000934,COLS,station+line+platform/direction+destination+absolute_time,28,high,False,bart_live_20260912_071605,
148,504,2000935,2000935,COLS,station+line+platform/direction+destination+absolute_time,28,high,False,bart_live_20260912_071605,
345,461,2000810,2000810,PLZA,station+line+platform/direction+destination+absolute_time,28,high,False,bart_live_20260912_071605,
346,346,2000811,2000811,PLZA,station+line+platform/direction+destination+absolute_time,28,high,False,bart_live_20260912_071605,
434,482,2000934,2000934,WDUB,station+line+platform/direction+destination+absolute_time,28,high,False,bart_live_20260912_071605,
435,500,2000935,2000935,WDUB,station+line+platform/direction+destination+absolute_time,28,high,False,bart_live_20260912_071605,
168,417,2000807,2000807,DALY,station+line+platform/direction+destination+absolute_time,29,high,False,bart_live_20260912_071605,
169,434,2000808,2000808,DALY,station+line+platform/direction+destination+absolute_time,29,high,False,bart_live_20260912_071605,
170,455,2000809,2000809,DALY,station+line+platform/direction+destination+absolute_time,29,high,False,bart_live_20260912_071605,
194,499,2000935,2000935,DUBL,station+line+platform/direction+destination+absolute_time,29,high,False,bart_live_20260912_071605,
209,315,2000423,2000423,EMBR,station+line+platform/direction+destination+absolute_time,29,high,False,bart_live_20260912_071605,
431,136,2000425,2000425,WCRK,station+line+platform/direction+destination+absolute_time,29,high,False,bart_live_20260912_071605,
64,614,621,621,ANTC,station+line+platform/direction+destination+absolute_time,0,medium,False,bart_live_20260912_071605,
65,617,623,623,ANTC,station+line+platform/direction+destination+absolute_time,0,medium,False,bart_live_20260912_071605,
66,619,625,625,ANTC,station+line+platform/direction+destination+absolute_time,0,medium,False,bart_live_20260912_071605,
27,374,2000847,2000847,16TH,station+line+platform/direction+destination+absolute_time,1,medium,False,bart_live_20260912_071605,
28,399,2000848,2000848,16TH,station+line+platform/direction+destination+absolute_time,1,medium,False,bart_live_20260912_071605,
99,517,2000988,2000988,BAYF,station+line+platform/direction+destination+absolute_time,1,medium,False,bart_live_20260912_071605,
115,221,2000495,2000495,CIVC,station+line+platform/direction+destination+absolute_time,1,medium,False,bart_live_20260912_071605,
152,5,2000566,2000566,COLS,station+line+platform/direction+destination+absolute_time,1,medium,False,bart_live_20260912_071605,
436,498,2000986,2000986,WDUB,station+line+platform/direction+destination+absolute_time,1,medium,False,bart_live_20260912_071605,
32,210,2000494,2000494,19TH,station+line+platform/direction+destination+absolute_time,2,medium,False,bart_live_20260912_071605,
101,542,2000990,2000990,BAYF,station+line+platform/direction+destination+absolute_time,2,medium,False,bart_live_20260912_071605,
314,184,2000493,2000493,NCON,station+line+platform/direction+destination+absolute_time,2,medium,False,bart_live_20260912_071605,
315,218,2000494,2000494,NCON,station+line+platform/direction+destination+absolute_time,2,medium,False,bart_live_20260912_071605,
316,235,2000495,2000495,NCON,station+line+platform/direction+destination+absolute_time,2,medium,False,bart_live_20260912_071605,
385,541,2000990,2000990,SANL,station+line+platform/direction+destination+absolute_time,2,medium,False,bart_live_20260912_071605,
16,243,2000496,2000496,16TH,station+line+platform/direction+destination+absolute_time,3,medium,False,bart_live_20260912_071605,
17,268,2000497,2000497,16TH,station+line+platform/direction+destination+absolute_time,3,medium,False,bart_live_20260912_071605,
113,526,2000989,2000989,CAST,station+line+platform/direction+destination+absolute_time,3,medium,False,bart_live_20260912_071605,
312,13,2000566,2000566,NBRK,station+line+platform/direction+destination+absolute_time,3,medium,False,bart_live_20260912_071605,
313,29,2000567,2000567,NBRK,station+line+platform/direction+destination+absolute_time,3,medium,False,bart_live_20260912_071605,
351,245,2000496,2000496,POWL,station+line+platform/direction+destination+absolute_time,3,medium,False,bart_live_20260912_071605,
352,270,2000497,2000497,POWL,station+line+platform/direction+destination+absolute_time,3,medium,False,bart_live_20260912_071605,
15,220,2000495,2000495,16TH,station+line+platform/direction+destination+absolute_time,4,medium,False,bart_live_20260912_071605,
276,10,2000566,2000566,MCAR,station+line+platform/direction+destination+absolute_time,4,medium,False,bart_live_20260912_071605,
277,26,2000567,2000567,MCAR,station+line+platform/direction+destination+absolute_time,4,medium,False,bart_live_20260912_071605,
437,519,2000988,2000988,WDUB,station+line+platform/direction+destination+absolute_time,4,medium,False,bart_live_20260912_071605,
266,211,2000494,2000494,MCAR,station+line+platform/direction+destination+absolute_time,5,medium,False,bart_live_20260912_071605,
289,223,2000495,2000495,MONT,station+line+platform/direction+destination+absolute_time,5,medium,False,bart_live_20260912_071605,
328,615,621,621,PCTR,station+line+platform/direction+destination+absolute_time,5,medium,False,bart_live_20260912_071605,
329,618,623,623,PCTR,station+line+platform/direction+destination+absolute_time,5,medium,False,bart_live_20260912_071605,
330,620,625,625,PCTR,station+line+platform/direction+destination+absolute_time,5,medium,False,bart_live_20260912_071605,
362,376,2000847,2000847,POWL,station+line+platform/direction+destination+absolute_time,5,medium,False,bart_live_20260912_071605,
363,401,2000848,2000848,POWL,station+line+platform/direction+destination+absolute_time,5,medium,False,bart_live_20260912_071605,
395,367,2000847,2000847,SBRN,station+line+platform/direction+destination+absolute_time,5,medium,False,bart_live_20260912_071605,
396,392,2000848,2000848,SBRN,station+line+platform/direction+destination+absolute_time,5,medium,False,bart_live_20260912_071605,
446,537,2000990,2000990,WOAK,station+line+platform/direction+destination+absolute_time,5,medium,False,bart_live_20260912_071605,
447,554,2000991,2000991,WOAK,station+line+platform/direction+destination+absolute_time,5,medium,False,bart_live_20260912_071605,
295,535,2000990,2000990,MONT,station+line+platform/direction+destination+absolute_time,6,medium,False,bart_live_20260912_071605,
296,552,2000991,2000991,MONT,station+line+platform/direction+destination+absolute_time,6,medium,False,bart_live_20260912_071605,
297,575,2000992,2000992,MONT,station+line+platform/direction+destination+absolute_time,6,medium,False,bart_live_20260912_071605,
331,182,2000493,2000493,PHIL,station+line+platform/direction+destination+absolute_time,6,medium,False,bart_live_20260912_071605,
332,216,2000494,2000494,PHIL,station+line+platform/direction+destination+absolute_time,6,medium,False,bart_live_20260912_071605,
333,233,2000495,2000495,PHIL,station+line+platform/direction+destination+absolute_time,6,medium,False,bart_live_20260912_071605,
412,237,2000496,2000496,SSAN,station+line+platform/direction+destination+absolute_time,6,medium,False,bart_live_20260912_071605,
413,262,2000497,2000497,SSAN,station+line+platform/direction+destination+absolute_time,6,medium,False,bart_live_20260912_071605,
414,292,2000498,2000498,SSAN,station+line+platform/direction+destination+absolute_time,6,medium,False,bart_live_20260912_071605,
42,9,2000566,2000566,19TH,station+line+platform/direction+destination+absolute_time,7,medium,False,bart_live_20260912_071605,
150,540,2000990,2000990,COLS,station+line+platform/direction+destination+absolute_time,7,medium,False,bart_live_20260912_071605,
151,557,2000991,2000991,COLS,station+line+platform/direction+destination+absolute_time,7,medium,False,bart_live_20260912_071605,
319,213,2000494,2000494,ORIN,station+line+platform/direction+destination+absolute_time,7,medium,False,bart_live_20260912_071605,
390,261,2000497,2000497,SBRN,station+line+platform/direction+destination+absolute_time,7,medium,False,bart_live_20260912_071605,
391,291,2000498,2000498,SBRN,station+line+platform/direction+destination+absolute_time,7,medium,False,bart_live_20260912_071605,
59,373,2000847,2000847,24TH,station+line+platform/direction+destination+absolute_time,8,medium,False,bart_live_20260912_071605,
60,398,2000848,2000848,24TH,station+line+platform/direction+destination+absolute_time,8,medium,False,bart_live_20260912_071605,
88,371,2000847,2000847,BALB,station+line+platform/direction+destination+absolute_time,8,medium,False,bart_live_20260912_071605,
89,396,2000848,2000848,BALB,station+line+platform/direction+destination+absolute_time,8,medium,False,bart_live_20260912_071605,
163,264,2000497,2000497,DALY,station+line+platform/direction+destination+absolute_time,8,medium,False,bart_live_20260912_071605,
164,294,2000498,2000498,DALY,station+line+platform/direction+destination+absolute_time,8,medium,False,bart_live_20260912_071605,
275,117,2000565,2000565,MCAR,station+line+platform/direction+destination+absolute_time,8,medium,False,bart_live_20260912_071605,
418,368,2000847,2000847,SSAN,station+line+platform/direction+destination+absolute_time,8,medium,False,bart_live_20260912_071605,
419,393,2000848,2000848,SSAN,station+line+platform/direction+destination+absolute_time,8,medium,False,bart_live_20260912_071605,
445,520,2000989,2000989,WOAK,station+line+platform/direction+destination+absolute_time,8,medium,False,bart_live_20260912_071605,
182,119,2000565,2000565,DBRK,station+line+platform/direction+destination+absolute_time,9,medium,False,bart_live_20260912_071605,
224,241,2000496,2000496,GLEN,station+line+platform/direction+destination+absolute_time,9,medium,False,bart_live_20260912_071605,
225,266,2000497,2000497,GLEN,station+line+platform/direction+destination+absolute_time,9,medium,False,bart_live_20260912_071605,
226,296,2000498,2000498,GLEN,station+line+platform/direction+destination+absolute_time,9,medium,False,bart_live_20260912_071605,
33,227,2000495,2000495,19TH,station+line+platform/direction+destination+absolute_time,10,medium,False,bart_live_20260912_071605,
34,250,2000496,2000496,19TH,station+line+platform/direction+destination+absolute_time,10,medium,False,bart_live_20260912_071605,
43,25,2000567,2000567,19TH,station+line+platform/direction+destination+absolute_time,10,medium,False,bart_live_20260912_071605,
47,242,2000496,2000496,24TH,station+line+platform/direction+destination+absolute_time,10,medium,False,bart_live_20260912_071605,
48,267,2000497,2000497,24TH,station+line+platform/direction+destination+absolute_time,10,medium,False,bart_live_20260912_071605,
49,297,2000498,2000498,24TH,station+line+platform/direction+destination+absolute_time,10,medium,False,bart_live_20260912_071605,
76,240,2000496,2000496,BALB,station+line+platform/direction+destination+absolute_time,10,medium,False,bart_live_20260912_071605,
77,265,2000497,2000497,BALB,station+line+platform/direction+destination+absolute_time,10,medium,False,bart_live_20260912_071605,
78,295,2000498,2000498,BALB,station+line+platform/direction+destination+absolute_time,10,medium,False,bart_live_20260912_071605,
171,370,2000847,2000847,DALY,station+line+platform/direction+destination+absolute_time,10,medium,False,bart_live_20260912_071605,
172,395,2000848,2000848,DALY,station+line+platform/direction+destination+absolute_time,10,medium,False,bart_live_20260912_071605,
191,15,2000566,2000566,DELN,station+line+platform/direction+destination+absolute_time,10,medium,False,bart_live_20260912_071605,
192,31,2000567,2000567,DELN,station+line+platform/direction+destination+absolute_time,10,medium,False,bart_live_20260912_071605,
260,521,2000989,2000989,LAKE,station+line+platform/direction+destination+absolute_time,10,medium,False,bart_live_20260912_071605,
121,533,2000990,2000990,CIVC,station+line+platform/direction+destination+absolute_time,11,medium,False,bart_live_20260912_071605,
122,550,2000991,2000991,CIVC,station+line+platform/direction+destination+absolute_time,11,medium,False,bart_live_20260912_071605,
123,573,2000992,2000992,CIVC,station+line+platform/direction+destination+absolute_time,11,medium,False,bart_live_20260912_071605,
215,585,2000932,2000932,FTVL,station+line+platform/direction+destination+absolute_time,41,high,False,bart_live_20260912_071605,
236,372,2000847,2000847,GLEN,station+line+platform/direction+destination+absolute_time,11,medium,False,bart_live_20260912_071605,
237,397,2000848,2000848,GLEN,station+line+platform/direction+destination+absolute_time,11,medium,False,bart_live_20260912_071605,
429,215,2000494,2000494,WCRK,station+line+platform/direction+destination+absolute_time,11,medium,False,bart_live_20260912_071605,
201,536,2000990,2000990,EMBR,station+line+platform/direction+destination+absolute_time,12,medium,False,bart_live_20260912_071605,
202,553,2000991,2000991,EMBR,station+line+platform/direction+destination+absolute_time,12,medium,False,bart_live_20260912_071605,
203,576,2000992,2000992,EMBR,station+line+platform/direction+destination+absolute_time,12,medium,False,bart_live_20260912_071605,
218,522,2000989,2000989,FTVL,station+line+platform/direction+destination+absolute_time,12,medium,False,bart_live_20260912_071605,
222,22,2000567,2000567,FTVL,station+line+platform/direction+destination+absolute_time,12,medium,False,bart_live_20260912_071605,
223,39,2000568,2000568,FTVL,station+line+platform/direction+destination+absolute_time,12,medium,False,bart_live_20260912_071605,
320,230,2000495,2000495,ORIN,station+line+platform/direction+destination+absolute_time,12,medium,False,bart_live_20260912_071605,
321,253,2000496,2000496,ORIN,station+line+platform/direction+destination+absolute_time,12,medium,False,bart_live_20260912_071605,
82,529,2000990,2000990,BALB,station+line+platform/direction+destination+absolute_time,13,medium,False,bart_live_20260912_071605,
9,8,2000566,2000566,12TH,station+line+platform/direction+destination+absolute_time,14,medium,False,bart_live_20260912_071605,
73,118,2000565,2000565,ASHB,station+line+platform/direction+destination+absolute_time,14,medium,False,bart_live_20260912_071605,
261,538,2000990,2000990,LAKE,station+line+platform/direction+destination+absolute_time,14,medium,False,bart_live_20260912_071605,
262,555,2000991,2000991,LAKE,station+line+platform/direction+destination+absolute_time,14,medium,False,bart_live_20260912_071605,
267,228,2000495,2000495,MCAR,station+line+platform/direction+destination+absolute_time,14,medium,False,bart_live_20260912_071605,
268,251,2000496,2000496,MCAR,station+line+platform/direction+destination+absolute_time,14,medium,False,bart_live_20260912_071605,
337,156,2000492,2000492,PITT,station+line+platform/direction+destination+absolute_time,14,medium,False,bart_live_20260912_071605,
387,20,2000567,2000567,SANL,station+line+platform/direction+destination+absolute_time,15,medium,False,bart_live_20260912_071605,
388,37,2000568,2000568,SANL,station+line+platform/direction+destination+absolute_time,15,medium,False,bart_live_20260912_071605,
400,260,2000497,2000497,SFIA,station+line+platform/direction+destination+absolute_time,15,medium,False,bart_live_20260912_071605,
401,290,2000498,2000498,SFIA,station+line+platform/direction+destination+absolute_time,15,medium,False,bart_live_20260912_071605,
430,232,2000495,2000495,WCRK,station+line+platform/direction+destination+absolute_time,15,medium,False,bart_live_20260912_071605,
0,226,2000495,2000495,12TH,station+line+platform/direction+destination+absolute_time,16,medium,False,bart_live_20260912_071605,
74,11,2000566,2000566,ASHB,station+line+platform/direction+destination+absolute_time,16,medium,False,bart_live_20260912_071605,
75,27,2000567,2000567,ASHB,station+line+platform/direction+destination+absolute_time,16,medium,False,bart_live_20260912_071605,
263,7,2000566,2000566,LAKE,station+line+platform/direction+destination+absolute_time,16,medium,False,bart_live_20260912_071605,
264,23,2000567,2000567,LAKE,station+line+platform/direction+destination+absolute_time,16,medium,False,bart_live_20260912_071605,
265,40,2000568,2000568,LAKE,station+line+platform/direction+destination+absolute_time,16,medium,False,bart_live_20260912_071605,
1,249,2000496,2000496,12TH,station+line+platform/direction+destination+absolute_time,17,medium,False,bart_live_20260912_071605,
2,274,2000497,2000497,12TH,station+line+platform/direction+destination+absolute_time,17,medium,False,bart_live_20260912_071605,
10,24,2000567,2000567,12TH,station+line+platform/direction+destination+absolute_time,17,medium,False,bart_live_20260912_071605,
132,238,2000496,2000496,COLM,station+line+platform/direction+destination+absolute_time,17,medium,False,bart_live_20260912_071605,
190,122,2000565,2000565,DELN,station+line+platform/direction+destination+absolute_time,17,medium,False,bart_live_20260912_071605,
195,224,2000495,2000495,EMBR,station+line+platform/direction+destination+absolute_time,17,medium,False,bart_live_20260912_071605,
371,212,2000494,2000494,ROCK,station+line+platform/direction+destination+absolute_time,17,medium,False,bart_live_20260912_071605,
386,4,2000566,2000566,SANL,station+line+platform/direction+destination+absolute_time,17,medium,False,bart_live_20260912_071605,
404,366,2000847,2000847,SFIA,station+line+platform/direction+destination+absolute_time,17,medium,False,bart_live_20260912_071605,
405,391,2000848,2000848,SFIA,station+line+platform/direction+destination+absolute_time,17,medium,False,bart_live_20260912_071605,
53,531,2000990,2000990,24TH,station+line+platform/direction+destination+absolute_time,18,medium,False,bart_live_20260912_071605,
54,548,2000991,2000991,24TH,station+line+platform/direction+destination+absolute_time,18,medium,False,bart_live_20260912_071605,
55,571,2000992,2000992,24TH,station+line+platform/direction+destination+absolute_time,18,medium,False,bart_live_20260912_071605,
83,546,2000991,2000991,BALB,station+line+platform/direction+destination+absolute_time,18,medium,False,bart_live_20260912_071605,
84,569,2000992,2000992,BALB,station+line+platform/direction+destination+absolute_time,18,medium,False,bart_live_20260912_071605,
219,539,2000990,2000990,FTVL,station+line+platform/direction+destination+absolute_time,18,medium,False,bart_live_20260912_071605,
220,556,2000991,2000991,FTVL,station+line+platform/direction+destination+absolute_time,18,medium,False,bart_live_20260912_071605,
347,121,2000565,2000565,PLZA,station+line+platform/direction+destination+absolute_time,18,medium,False,bart_live_20260912_071605,
11,380,2000847,2000847,12TH,station+line+platform/direction+destination+absolute_time,19,medium,False,bart_live_20260912_071605,
166,545,2000991,2000991,DALY,station+line+platform/direction+destination+absolute_time,19,medium,False,bart_live_20260912_071605,
167,568,2000992,2000992,DALY,station+line+platform/direction+destination+absolute_time,19,medium,False,bart_live_20260912_071605,
221,6,2000566,2000566,FTVL,station+line+platform/direction+destination+absolute_time,19,medium,False,bart_live_20260912_071605,
183,12,2000566,2000566,DBRK,station+line+platform/direction+destination+absolute_time,20,medium,False,bart_live_20260912_071605,
184,28,2000567,2000567,DBRK,station+line+platform/direction+destination+absolute_time,20,medium,False,bart_live_20260912_071605,
196,247,2000496,2000496,EMBR,station+line+platform/direction+destination+absolute_time,20,medium,False,bart_live_20260912_071605,
197,272,2000497,2000497,EMBR,station+line+platform/direction+destination+absolute_time,20,medium,False,bart_live_20260912_071605,
301,377,2000847,2000847,MONT,station+line+platform/direction+destination+absolute_time,20,medium,False,bart_live_20260912_071605,
302,402,2000848,2000848,MONT,station+line+platform/direction+destination+absolute_time,20,medium,False,bart_live_20260912_071605,
338,185,2000493,2000493,PITT,station+line+platform/direction+destination+absolute_time,20,medium,False,bart_live_20260912_071605,
339,219,2000494,2000494,PITT,station+line+platform/direction+destination+absolute_time,20,medium,False,bart_live_20260912_071605,
349,30,2000567,2000567,PLZA,station+line+platform/direction+destination+absolute_time,20,medium,False,bart_live_20260912_071605,
424,33,2000568,2000568,UCTY,station+line+platform/direction+destination+absolute_time,20,medium,False,bart_live_20260912_071605,
425,55,2000569,2000569,UCTY,station+line+platform/direction+destination+absolute_time,20,medium,False,bart_live_20260912_071605,
116,244,2000496,2000496,CIVC,station+line+platform/direction+destination+absolute_time,21,medium,False,bart_live_20260912_071605,
117,269,2000497,2000497,CIVC,station+line+platform/direction+destination+absolute_time,21,medium,False,bart_live_20260912_071605,
156,183,2000493,2000493,CONC,station+line+platform/direction+destination+absolute_time,21,medium,False,bart_live_20260912_071605,
157,217,2000494,2000494,CONC,station+line+platform/direction+destination+absolute_time,21,medium,False,bart_live_20260912_071605,
158,234,2000495,2000495,CONC,station+line+platform/direction+destination+absolute_time,21,medium,False,bart_live_20260912_071605,
162,239,2000496,2000496,DALY,station+line+platform/direction+destination+absolute_time,22,medium,False,bart_live_20260912_071605,
207,378,2000847,2000847,EMBR,station+line+platform/direction+destination+absolute_time,22,medium,False,bart_live_20260912_071605,
208,403,2000848,2000848,EMBR,station+line+platform/direction+destination+absolute_time,22,medium,False,bart_live_20260912_071605,
290,246,2000496,2000496,MONT,station+line+platform/direction+destination+absolute_time,22,medium,False,bart_live_20260912_071605,
291,271,2000497,2000497,MONT,station+line+platform/direction+destination+absolute_time,22,medium,False,bart_live_20260912_071605,
127,375,2000847,2000847,CIVC,station+line+platform/direction+destination+absolute_time,23,medium,False,bart_live_20260912_071605,
128,400,2000848,2000848,CIVC,station+line+platform/direction+destination+absolute_time,23,medium,False,bart_live_20260912_071605,
149,523,2000989,2000989,COLS,station+line+platform/direction+destination+absolute_time,23,medium,False,bart_live_20260912_071605,
230,530,2000990,2000990,GLEN,station+line+platform/direction+destination+absolute_time,23,medium,False,bart_live_20260912_071605,
231,547,2000991,2000991,GLEN,station+line+platform/direction+destination+absolute_time,23,medium,False,bart_live_20260912_071605,
232,570,2000992,2000992,GLEN,station+line+platform/direction+destination+absolute_time,23,medium,False,bart_live_20260912_071605,
248,214,2000494,2000494,LAFY,station+line+platform/direction+destination+absolute_time,23,medium,False,bart_live_20260912_071605,
187,438,2000809,2000809,DELN,station+line+platform/direction+destination+absolute_time,54,high,False,bart_live_20260912_071605,
249,231,2000495,2000495,LAFY,station+line+platform/direction+destination+absolute_time,24,medium,False,bart_live_20260912_071605,
250,254,2000496,2000496,LAFY,station+line+platform/direction+destination+absolute_time,24,medium,False,bart_live_20260912_071605,
409,17,2000567,2000567,SHAY,station+line+platform/direction+destination+absolute_time,24,medium,False,bart_live_20260912_071605,
410,34,2000568,2000568,SHAY,station+line+platform/direction+destination+absolute_time,24,medium,False,bart_live_20260912_071605,
411,56,2000569,2000569,SHAY,station+line+platform/direction+destination+absolute_time,24,medium,False,bart_live_20260912_071605,
21,532,2000990,2000990,16TH,station+line+platform/direction+destination+absolute_time,25,medium,False,bart_live_20260912_071605,
22,549,2000991,2000991,16TH,station+line+platform/direction+destination+absolute_time,25,medium,False,bart_live_20260912_071605,
23,572,2000992,2000992,16TH,station+line+platform/direction+destination+absolute_time,25,medium,False,bart_live_20260912_071605,
348,14,2000566,2000566,PLZA,station+line+platform/direction+destination+absolute_time,25,medium,False,bart_live_20260912_071605,
439,225,2000495,2000495,WOAK,station+line+platform/direction+destination+absolute_time,25,medium,False,bart_live_20260912_071605,
102,19,2000567,2000567,BAYF,station+line+platform/direction+destination+absolute_time,26,medium,False,bart_live_20260912_071605,
103,36,2000568,2000568,BAYF,station+line+platform/direction+destination+absolute_time,26,medium,False,bart_live_20260912_071605,
104,58,2000569,2000569,BAYF,station+line+platform/direction+destination+absolute_time,26,medium,False,bart_live_20260912_071605,
244,18,2000567,2000567,HAYW,station+line+platform/direction+destination+absolute_time,26,medium,False,bart_live_20260912_071605,
245,35,2000568,2000568,HAYW,station+line+platform/direction+destination+absolute_time,26,medium,False,bart_live_20260912_071605,
246,57,2000569,2000569,HAYW,station+line+platform/direction+destination+absolute_time,26,medium,False,bart_live_20260912_071605,
438,527,2000989,2000989,WDUB,station+line+platform/direction+destination+absolute_time,26,medium,False,bart_live_20260912_071605,
114,543,2000990,2000990,CAST,station+line+platform/direction+destination+absolute_time,27,medium,False,bart_live_20260912_071605,
281,390,2000848,2000848,MLBR,station+line+platform/direction+destination+absolute_time,27,medium,False,bart_live_20260912_071605,
282,422,2000849,2000849,MLBR,station+line+platform/direction+destination+absolute_time,27,medium,False,bart_live_20260912_071605,
440,248,2000496,2000496,WOAK,station+line+platform/direction+destination+absolute_time,27,medium,False,bart_live_20260912_071605,
441,273,2000497,2000497,WOAK,station+line+platform/direction+destination+absolute_time,27,medium,False,bart_live_20260912_071605,
100,525,2000989,2000989,BAYF,station+line+platform/direction+destination+absolute_time,28,medium,False,bart_live_20260912_071605,
153,21,2000567,2000567,COLS,station+line+platform/direction+destination+absolute_time,28,medium,False,bart_live_20260912_071605,
154,38,2000568,2000568,COLS,station+line+platform/direction+destination+absolute_time,28,medium,False,bart_live_20260912_071605,
372,229,2000495,2000495,ROCK,station+line+platform/direction+destination+absolute_time,28,medium,False,bart_live_20260912_071605,
373,252,2000496,2000496,ROCK,station+line+platform/direction+destination+absolute_time,28,medium,False,bart_live_20260912_071605,
384,524,2000989,2000989,SANL,station+line+platform/direction+destination+absolute_time,28,medium,False,bart_live_20260912_071605,
112,518,2000988,2000988,CAST,station+line+platform/direction+destination+absolute_time,29,medium,False,bart_live_20260912_071605,
133,263,2000497,2000497,COLM,station+line+platform/direction+destination+absolute_time,29,medium,False,bart_live_20260912_071605,
138,369,2000847,2000847,COLM,station+line+platform/direction+destination+absolute_time,29,medium,False,bart_live_20260912_071605,
139,394,2000848,2000848,COLM,station+line+platform/direction+destination+absolute_time,29,medium,False,bart_live_20260912_071605,
311,120,2000565,2000565,NBRK,station+line+platform/direction+destination+absolute_time,29,medium,False,bart_live_20260912_071605,
350,222,2000495,2000495,POWL,station+line+platform/direction+destination+absolute_time,29,medium,False,bart_live_20260912_071605,
356,534,2000990,2000990,POWL,station+line+platform/direction+destination+absolute_time,29,medium,False,bart_live_20260912_071605,
357,551,2000991,2000991,POWL,station+line+platform/direction+destination+absolute_time,29,medium,False,bart_live_20260912_071605,
358,574,2000992,2000992,POWL,station+line+platform/direction+destination+absolute_time,29,medium,False,bart_live_20260912_071605,
383,516,2000988,2000988,SANL,station+line+platform/direction+destination+absolute_time,29,medium,False,bart_live_20260912_071605,
451,379,2000847,2000847,WOAK,station+line+platform/direction+destination+absolute_time,29,medium,False,bart_live_20260912_071605,
452,404,2000848,2000848,WOAK,station+line+platform/direction+destination+absolute_time,29,medium,False,bart_live_20260912_071605,
134,293,2000498,2000498,COLM,station+line+platform/direction+destination+absolute_time,31,medium,False,bart_live_20260912_071605,
428,181,2000493,2000493,WCRK,station+line+platform/direction+destination+absolute_time,31,medium,False,bart_live_20260912_071605,
3,76,2000623,2000623,12TH,station+line+platform/direction+destination+absolute_time,3,medium,False,bart_live_20260912_071605,
4,92,2000624,2000624,12TH,station+line+platform/direction+destination+absolute_time,3,medium,False,bart_live_20260912_071605,
5,108,2000625,2000625,12TH,station+line+platform/direction+destination+absolute_time,3,medium,False,bart_live_20260912_071605,
41,116,2000565,2000565,19TH,station+line+platform/direction+destination+absolute_time,33,medium,False,bart_live_20260912_071605,
35,75,2000623,2000623,19TH,station+line+platform/direction+destination+absolute_time,4,medium,False,bart_live_20260912_071605,
36,91,2000624,2000624,19TH,station+line+platform/direction+destination+absolute_time,4,medium,False,bart_live_20260912_071605,
37,107,2000625,2000625,19TH,station+line+platform/direction+destination+absolute_time,4,medium,False,bart_live_20260912_071605,
212,49,2000622,2000622,FTVL,station+line+platform/direction+destination+absolute_time,4,medium,False,bart_live_20260912_071605,
213,78,2000623,2000623,FTVL,station+line+platform/direction+destination+absolute_time,4,medium,False,bart_live_20260912_071605,
214,94,2000624,2000624,FTVL,station+line+platform/direction+destination+absolute_time,4,medium,False,bart_live_20260912_071605,
342,86,2000624,2000624,PLZA,station+line+platform/direction+destination+absolute_time,4,medium,False,bart_live_20260912_071605,
343,102,2000625,2000625,PLZA,station+line+platform/direction+destination+absolute_time,4,medium,False,bart_live_20260912_071605,
177,88,2000624,2000624,DBRK,station+line+platform/direction+destination+absolute_time,6,medium,False,bart_live_20260912_071605,
178,104,2000625,2000625,DBRK,station+line+platform/direction+destination+absolute_time,6,medium,False,bart_live_20260912_071605,
254,77,2000623,2000623,LAKE,station+line+platform/direction+destination+absolute_time,8,medium,False,bart_live_20260912_071605,
255,93,2000624,2000624,LAKE,station+line+platform/direction+destination+absolute_time,8,medium,False,bart_live_20260912_071605,
256,109,2000625,2000625,LAKE,station+line+platform/direction+destination+absolute_time,8,medium,False,bart_live_20260912_071605,
270,90,2000624,2000624,MCAR,station+line+platform/direction+destination+absolute_time,10,medium,False,bart_live_20260912_071605,
271,106,2000625,2000625,MCAR,station+line+platform/direction+destination+absolute_time,10,medium,False,bart_live_20260912_071605,
67,73,2000623,2000623,ASHB,station+line+platform/direction+destination+absolute_time,12,medium,False,bart_live_20260912_071605,
68,89,2000624,2000624,ASHB,station+line+platform/direction+destination+absolute_time,12,medium,False,bart_live_20260912_071605,
69,105,2000625,2000625,ASHB,station+line+platform/direction+destination+absolute_time,12,medium,False,bart_live_20260912_071605,
269,74,2000623,2000623,MCAR,station+line+platform/direction+destination+absolute_time,12,medium,False,bart_live_20260912_071605,
407,54,2000622,2000622,SHAY,station+line+platform/direction+destination+absolute_time,12,medium,False,bart_live_20260912_071605,
408,83,2000623,2000623,SHAY,station+line+platform/direction+destination+absolute_time,12,medium,False,bart_live_20260912_071605,
185,85,2000624,2000624,DELN,station+line+platform/direction+destination+absolute_time,13,medium,False,bart_live_20260912_071605,
186,101,2000625,2000625,DELN,station+line+platform/direction+destination+absolute_time,13,medium,False,bart_live_20260912_071605,
143,50,2000622,2000622,COLS,station+line+platform/direction+destination+absolute_time,15,medium,False,bart_live_20260912_071605,
144,79,2000623,2000623,COLS,station+line+platform/direction+destination+absolute_time,15,medium,False,bart_live_20260912_071605,
145,95,2000624,2000624,COLS,station+line+platform/direction+destination+absolute_time,15,medium,False,bart_live_20260912_071605,
367,84,2000624,2000624,RICH,station+line+platform/direction+destination+absolute_time,19,medium,False,bart_live_20260912_071605,
368,100,2000625,2000625,RICH,station+line+platform/direction+destination+absolute_time,19,medium,False,bart_live_20260912_071605,
377,51,2000622,2000622,SANL,station+line+platform/direction+destination+absolute_time,20,medium,False,bart_live_20260912_071605,
378,80,2000623,2000623,SANL,station+line+platform/direction+destination+absolute_time,20,medium,False,bart_live_20260912_071605,
379,96,2000624,2000624,SANL,station+line+platform/direction+destination+absolute_time,20,medium,False,bart_live_20260912_071605,
406,32,2000621,2000621,SHAY,station+line+platform/direction+destination+absolute_time,22,medium,False,bart_live_20260912_071605,
306,87,2000624,2000624,NBRK,station+line+platform/direction+destination+absolute_time,23,medium,False,bart_live_20260912_071605,
307,103,2000625,2000625,NBRK,station+line+platform/direction+destination+absolute_time,23,medium,False,bart_live_20260912_071605,
93,52,2000622,2000622,BAYF,station+line+platform/direction+destination+absolute_time,24,medium,False,bart_live_20260912_071605,
94,81,2000623,2000623,BAYF,station+line+platform/direction+destination+absolute_time,24,medium,False,bart_live_20260912_071605,
95,97,2000624,2000624,BAYF,station+line+platform/direction+destination+absolute_time,24,medium,False,bart_live_20260912_071605,
176,72,2000623,2000623,DBRK,station+line+platform/direction+destination+absolute_time,24,medium,False,bart_live_20260912_071605,
241,53,2000622,2000622,HAYW,station+line+platform/direction+destination+absolute_time,24,medium,False,bart_live_20260912_071605,
242,82,2000623,2000623,HAYW,station+line+platform/direction+destination+absolute_time,24,medium,False,bart_live_20260912_071605,
243,98,2000624,2000624,HAYW,station+line+platform/direction+destination+absolute_time,24,medium,False,bart_live_20260912_071605,
193,481,2000934,2000934,DUBL,station+line+platform/direction+destination+absolute_time,91,medium,False,bart_live_20260912_071605,
107,124,2002131,2002131,BERY,station+line+platform/direction+destination+absolute_time,20,medium,False,bart_live_20260912_071605,
108,132,2002147,2002147,BERY,station+line+platform/direction+destination+absolute_time,20,medium,False,bart_live_20260912_071605,
423,16,2000567,2000567,UCTY,station+line+platform/direction+destination+absolute_time,80,medium,False,bart_live_20260912_071605,
286,129,2002145,2002145,MLPT,station+line+platform/direction+destination+absolute_time,22,medium,False,bart_live_20260912_071605,
287,125,2002131,2002131,MLPT,station+line+platform/direction+destination+absolute_time,22,medium,False,bart_live_20260912_071605,
288,133,2002147,2002147,MLPT,station+line+platform/direction+destination+absolute_time,22,medium,False,bart_live_20260912_071605,
325,611,616,616,PCTR,station+line+platform/direction+destination+absolute_time,27,medium,False,bart_live_20260912_071605,
326,612,618,618,PCTR,station+line+platform/direction+destination+absolute_time,27,medium,False,bart_live_20260912_071605,
327,613,620,620,PCTR,station+line+platform/direction+destination+absolute_time,27,medium,False,bart_live_20260912_071605,
106,128,2002145,2002145,BERY,station+line+platform/direction+destination+absolute_time,40,medium,False,bart_live_20260912_071605,
165,,,,DALY,unmatched,,unmatched,False,bart_live_20260912_071605,no unique GTFS-RT stop within 180 seconds
,41,2000568,2000568,12TH,gtfsrt_only,,unmatched,False,bart_live_20260912_071605,no ETD row with compatible station/line/time
,42,2000568,2000568,19TH,gtfsrt_only,,unmatched,False,bart_live_20260912_071605,no ETD row with compatible station/line/time
,43,2000568,2000568,MCAR,gtfsrt_only,,unmatched,False,bart_live_20260912_071605,no ETD row with compatible station/line/time
,44,2000568,2000568,ASHB,gtfsrt_only,,unmatched,False,bart_live_20260912_071605,no ETD row with compatible station/line/time
,45,2000568,2000568,DBRK,gtfsrt_only,,unmatched,False,bart_live_20260912_071605,no ETD row with compatible station/line/time
,46,2000568,2000568,NBRK,gtfsrt_only,,unmatched,False,bart_live_20260912_071605,no ETD row with compatible station/line/time
,47,2000568,2000568,PLZA,gtfsrt_only,,unmatched,False,bart_live_20260912_071605,no ETD row with compatible station/line/time
,48,2000568,2000568,DELN,gtfsrt_only,,unmatched,False,bart_live_20260912_071605,no ETD row with compatible station/line/time
,59,2000569,2000569,SANL,gtfsrt_only,,unmatched,False,bart_live_20260912_071605,no ETD row with compatible station/line/time
,60,2000569,2000569,COLS,gtfsrt_only,,unmatched,False,bart_live_20260912_071605,no ETD row with compatible station/line/time
,61,2000569,2000569,FTVL,gtfsrt_only,,unmatched,False,bart_live_20260912_071605,no ETD row with compatible station/line/time
,62,2000569,2000569,LAKE,gtfsrt_only,,unmatched,False,bart_live_20260912_071605,no ETD row with compatible station/line/time
,63,2000569,2000569,12TH,gtfsrt_only,,unmatched,False,bart_live_20260912_071605,no ETD row with compatible station/line/time
,64,2000569,2000569,19TH,gtfsrt_only,,unmatched,False,bart_live_20260912_071605,no ETD row with compatible station/line/time
,65,2000569,2000569,MCAR,gtfsrt_only,,unmatched,False,bart_live_20260912_071605,no ETD row with compatible station/line/time
,66,2000569,2000569,ASHB,gtfsrt_only,,unmatched,False,bart_live_20260912_071605,no ETD row with compatible station/line/time
,67,2000569,2000569,DBRK,gtfsrt_only,,unmatched,False,bart_live_20260912_071605,no ETD row with compatible station/line/time
,68,2000569,2000569,NBRK,gtfsrt_only,,unmatched,False,bart_live_20260912_071605,no ETD row with compatible station/line/time
,69,2000569,2000569,PLZA,gtfsrt_only,,unmatched,False,bart_live_20260912_071605,no ETD row with compatible station/line/time
,70,2000569,2000569,DELN,gtfsrt_only,,unmatched,False,bart_live_20260912_071605,no ETD row with compatible station/line/time
,71,2000623,2000623,NBRK,gtfsrt_only,,unmatched,False,bart_live_20260912_071605,no ETD row with compatible station/line/time
,99,2000624,2000624,SHAY,gtfsrt_only,,unmatched,False,bart_live_20260912_071605,no ETD row with compatible station/line/time
,110,2000625,2000625,FTVL,gtfsrt_only,,unmatched,False,bart_live_20260912_071605,no ETD row with compatible station/line/time
,111,2000625,2000625,COLS,gtfsrt_only,,unmatched,False,bart_live_20260912_071605,no ETD row with compatible station/line/time
,112,2000625,2000625,SANL,gtfsrt_only,,unmatched,False,bart_live_20260912_071605,no ETD row with compatible station/line/time
,113,2000625,2000625,BAYF,gtfsrt_only,,unmatched,False,bart_live_20260912_071605,no ETD row with compatible station/line/time
,114,2000625,2000625,HAYW,gtfsrt_only,,unmatched,False,bart_live_20260912_071605,no ETD row with compatible station/line/time
,115,2000625,2000625,SHAY,gtfsrt_only,,unmatched,False,bart_live_20260912_071605,no ETD row with compatible station/line/time
,151,2000425,2000425,BALB,gtfsrt_only,,unmatched,False,bart_live_20260912_071605,no ETD row with compatible station/line/time
,152,2000425,2000425,DALY,gtfsrt_only,,unmatched,False,bart_live_20260912_071605,no ETD row with compatible station/line/time
,153,2000425,2000425,COLM,gtfsrt_only,,unmatched,False,bart_live_20260912_071605,no ETD row with compatible station/line/time
,154,2000425,2000425,SSAN,gtfsrt_only,,unmatched,False,bart_live_20260912_071605,no ETD row with compatible station/line/time
,155,2000425,2000425,SBRN,gtfsrt_only,,unmatched,False,bart_live_20260912_071605,no ETD row with compatible station/line/time
,169,2000426,2000426,EMBR,gtfsrt_only,,unmatched,False,bart_live_20260912_071605,no ETD row with compatible station/line/time
,170,2000426,2000426,MONT,gtfsrt_only,,unmatched,False,bart_live_20260912_071605,no ETD row with compatible station/line/time
,171,2000426,2000426,POWL,gtfsrt_only,,unmatched,False,bart_live_20260912_071605,no ETD row with compatible station/line/time
,172,2000426,2000426,CIVC,gtfsrt_only,,unmatched,False,bart_live_20260912_071605,no ETD row with compatible station/line/time
,173,2000426,2000426,16TH,gtfsrt_only,,unmatched,False,bart_live_20260912_071605,no ETD row with compatible station/line/time
,174,2000426,2000426,24TH,gtfsrt_only,,unmatched,False,bart_live_20260912_071605,no ETD row with compatible station/line/time
,175,2000426,2000426,GLEN,gtfsrt_only,,unmatched,False,bart_live_20260912_071605,no ETD row with compatible station/line/time
,176,2000426,2000426,BALB,gtfsrt_only,,unmatched,False,bart_live_20260912_071605,no ETD row with compatible station/line/time
,177,2000426,2000426,DALY,gtfsrt_only,,unmatched,False,bart_live_20260912_071605,no ETD row with compatible station/line/time
,178,2000426,2000426,COLM,gtfsrt_only,,unmatched,False,bart_live_20260912_071605,no ETD row with compatible station/line/time
,179,2000426,2000426,SSAN,gtfsrt_only,,unmatched,False,bart_live_20260912_071605,no ETD row with compatible station/line/time
,180,2000426,2000426,SBRN,gtfsrt_only,,unmatched,False,bart_live_20260912_071605,no ETD row with compatible station/line/time
,193,2000427,2000427,ROCK,gtfsrt_only,,unmatched,False,bart_live_20260912_071605,no ETD row with compatible station/line/time
,194,2000427,2000427,MCAR,gtfsrt_only,,unmatched,False,bart_live_20260912_071605,no ETD row with compatible station/line/time
,195,2000427,2000427,19TH,gtfsrt_only,,unmatched,False,bart_live_20260912_071605,no ETD row with compatible station/line/time
,196,2000427,2000427,12TH,gtfsrt_only,,unmatched,False,bart_live_20260912_071605,no ETD row with compatible station/line/time
,197,2000427,2000427,WOAK,gtfsrt_only,,unmatched,False,bart_live_20260912_071605,no ETD row with compatible station/line/time
,198,2000427,2000427,EMBR,gtfsrt_only,,unmatched,False,bart_live_20260912_071605,no ETD row with compatible station/line/time
,199,2000427,2000427,MONT,gtfsrt_only,,unmatched,False,bart_live_20260912_071605,no ETD row with compatible station/line/time
,200,2000427,2000427,POWL,gtfsrt_only,,unmatched,False,bart_live_20260912_071605,no ETD row with compatible station/line/time
,201,2000427,2000427,CIVC,gtfsrt_only,,unmatched,False,bart_live_20260912_071605,no ETD row with compatible station/line/time
,202,2000427,2000427,16TH,gtfsrt_only,,unmatched,False,bart_live_20260912_071605,no ETD row with compatible station/line/time
,203,2000427,2000427,24TH,gtfsrt_only,,unmatched,False,bart_live_20260912_071605,no ETD row with compatible station/line/time
,204,2000427,2000427,GLEN,gtfsrt_only,,unmatched,False,bart_live_20260912_071605,no ETD row with compatible station/line/time
,205,2000427,2000427,BALB,gtfsrt_only,,unmatched,False,bart_live_20260912_071605,no ETD row with compatible station/line/time
,206,2000427,2000427,DALY,gtfsrt_only,,unmatched,False,bart_live_20260912_071605,no ETD row with compatible station/line/time
,207,2000427,2000427,COLM,gtfsrt_only,,unmatched,False,bart_live_20260912_071605,no ETD row with compatible station/line/time
,208,2000427,2000427,SSAN,gtfsrt_only,,unmatched,False,bart_live_20260912_071605,no ETD row with compatible station/line/time
,209,2000427,2000427,SBRN,gtfsrt_only,,unmatched,False,bart_live_20260912_071605,no ETD row with compatible station/line/time
,236,2000495,2000495,PITT,gtfsrt_only,,unmatched,False,bart_live_20260912_071605,no ETD row with compatible station/line/time
,255,2000496,2000496,WCRK,gtfsrt_only,,unmatched,False,bart_live_20260912_071605,no ETD row with compatible station/line/time
,256,2000496,2000496,PHIL,gtfsrt_only,,unmatched,False,bart_live_20260912_071605,no ETD row with compatible station/line/time
,257,2000496,2000496,CONC,gtfsrt_only,,unmatched,False,bart_live_20260912_071605,no ETD row with compatible station/line/time
,258,2000496,2000496,NCON,gtfsrt_only,,unmatched,False,bart_live_20260912_071605,no ETD row with compatible station/line/time
,259,2000496,2000496,PITT,gtfsrt_only,,unmatched,False,bart_live_20260912_071605,no ETD row with compatible station/line/time
,275,2000497,2000497,19TH,gtfsrt_only,,unmatched,False,bart_live_20260912_071605,no ETD row with compatible station/line/time
,276,2000497,2000497,MCAR,gtfsrt_only,,unmatched,False,bart_live_20260912_071605,no ETD row with compatible station/line/time
,277,2000497,2000497,ROCK,gtfsrt_only,,unmatched,False,bart_live_20260912_071605,no ETD row with compatible station/line/time
,278,2000497,2000497,ORIN,gtfsrt_only,,unmatched,False,bart_live_20260912_071605,no ETD row with compatible station/line/time
,279,2000497,2000497,LAFY,gtfsrt_only,,unmatched,False,bart_live_20260912_071605,no ETD row with compatible station/line/time
,280,2000497,2000497,WCRK,gtfsrt_only,,unmatched,False,bart_live_20260912_071605,no ETD row with compatible station/line/time
,281,2000497,2000497,PHIL,gtfsrt_only,,unmatched,False,bart_live_20260912_071605,no ETD row with compatible station/line/time
,282,2000497,2000497,CONC,gtfsrt_only,,unmatched,False,bart_live_20260912_071605,no ETD row with compatible station/line/time
,283,2000497,2000497,NCON,gtfsrt_only,,unmatched,False,bart_live_20260912_071605,no ETD row with compatible station/line/time
,284,2000497,2000497,PITT,gtfsrt_only,,unmatched,False,bart_live_20260912_071605,no ETD row with compatible station/line/time
,298,2000498,2000498,16TH,gtfsrt_only,,unmatched,False,bart_live_20260912_071605,no ETD row with compatible station/line/time
,299,2000498,2000498,CIVC,gtfsrt_only,,unmatched,False,bart_live_20260912_071605,no ETD row with compatible station/line/time
,300,2000498,2000498,POWL,gtfsrt_only,,unmatched,False,bart_live_20260912_071605,no ETD row with compatible station/line/time
,301,2000498,2000498,MONT,gtfsrt_only,,unmatched,False,bart_live_20260912_071605,no ETD row with compatible station/line/time
,302,2000498,2000498,EMBR,gtfsrt_only,,unmatched,False,bart_live_20260912_071605,no ETD row with compatible station/line/time
,303,2000498,2000498,WOAK,gtfsrt_only,,unmatched,False,bart_live_20260912_071605,no ETD row with compatible station/line/time
,304,2000498,2000498,12TH,gtfsrt_only,,unmatched,False,bart_live_20260912_071605,no ETD row with compatible station/line/time
,305,2000498,2000498,19TH,gtfsrt_only,,unmatched,False,bart_live_20260912_071605,no ETD row with compatible station/line/time
,306,2000498,2000498,MCAR,gtfsrt_only,,unmatched,False,bart_live_20260912_071605,no ETD row with compatible station/line/time
,307,2000498,2000498,ROCK,gtfsrt_only,,unmatched,False,bart_live_20260912_071605,no ETD row with compatible station/line/time
,308,2000498,2000498,ORIN,gtfsrt_only,,unmatched,False,bart_live_20260912_071605,no ETD row with compatible station/line/time
,309,2000498,2000498,LAFY,gtfsrt_only,,unmatched,False,bart_live_20260912_071605,no ETD row with compatible station/line/time
,310,2000498,2000498,WCRK,gtfsrt_only,,unmatched,False,bart_live_20260912_071605,no ETD row with compatible station/line/time
,311,2000498,2000498,PHIL,gtfsrt_only,,unmatched,False,bart_live_20260912_071605,no ETD row with compatible station/line/time
,312,2000498,2000498,CONC,gtfsrt_only,,unmatched,False,bart_live_20260912_071605,no ETD row with compatible station/line/time
,313,2000498,2000498,NCON,gtfsrt_only,,unmatched,False,bart_live_20260912_071605,no ETD row with compatible station/line/time
,314,2000498,2000498,PITT,gtfsrt_only,,unmatched,False,bart_live_20260912_071605,no ETD row with compatible station/line/time
,351,2000811,2000811,19TH,gtfsrt_only,,unmatched,False,bart_live_20260912_071605,no ETD row with compatible station/line/time
,352,2000811,2000811,12TH,gtfsrt_only,,unmatched,False,bart_live_20260912_071605,no ETD row with compatible station/line/time
,353,2000811,2000811,WOAK,gtfsrt_only,,unmatched,False,bart_live_20260912_071605,no ETD row with compatible station/line/time
,354,2000811,2000811,EMBR,gtfsrt_only,,unmatched,False,bart_live_20260912_071605,no ETD row with compatible station/line/time
,355,2000811,2000811,MONT,gtfsrt_only,,unmatched,False,bart_live_20260912_071605,no ETD row with compatible station/line/time
,356,2000811,2000811,POWL,gtfsrt_only,,unmatched,False,bart_live_20260912_071605,no ETD row with compatible station/line/time
,357,2000811,2000811,CIVC,gtfsrt_only,,unmatched,False,bart_live_20260912_071605,no ETD row with compatible station/line/time
,358,2000811,2000811,16TH,gtfsrt_only,,unmatched,False,bart_live_20260912_071605,no ETD row with compatible station/line/time
,359,2000811,2000811,24TH,gtfsrt_only,,unmatched,False,bart_live_20260912_071605,no ETD row with compatible station/line/time
,360,2000811,2000811,GLEN,gtfsrt_only,,unmatched,False,bart_live_20260912_071605,no ETD row with compatible station/line/time
,361,2000811,2000811,BALB,gtfsrt_only,,unmatched,False,bart_live_20260912_071605,no ETD row with compatible station/line/time
,362,2000811,2000811,DALY,gtfsrt_only,,unmatched,False,bart_live_20260912_071605,no ETD row with compatible station/line/time
,363,2000811,2000811,COLM,gtfsrt_only,,unmatched,False,bart_live_20260912_071605,no ETD row with compatible station/line/time
,364,2000811,2000811,SSAN,gtfsrt_only,,unmatched,False,bart_live_20260912_071605,no ETD row with compatible station/line/time
,365,2000811,2000811,SBRN,gtfsrt_only,,unmatched,False,bart_live_20260912_071605,no ETD row with compatible station/line/time
,381,2000847,2000847,19TH,gtfsrt_only,,unmatched,False,bart_live_20260912_071605,no ETD row with compatible station/line/time
,382,2000847,2000847,MCAR,gtfsrt_only,,unmatched,False,bart_live_20260912_071605,no ETD row with compatible station/line/time
,383,2000847,2000847,ASHB,gtfsrt_only,,unmatched,False,bart_live_20260912_071605,no ETD row with compatible station/line/time
,384,2000847,2000847,DBRK,gtfsrt_only,,unmatched,False,bart_live_20260912_071605,no ETD row with compatible station/line/time
,385,2000847,2000847,NBRK,gtfsrt_only,,unmatched,False,bart_live_20260912_071605,no ETD row with compatible station/line/time
,386,2000847,2000847,PLZA,gtfsrt_only,,unmatched,False,bart_live_20260912_071605,no ETD row with compatible station/line/time
,387,2000847,2000847,DELN,gtfsrt_only,,unmatched,False,bart_live_20260912_071605,no ETD row with compatible station/line/time
,405,2000848,2000848,12TH,gtfsrt_only,,unmatched,False,bart_live_20260912_071605,no ETD row with compatible station/line/time
,406,2000848,2000848,19TH,gtfsrt_only,,unmatched,False,bart_live_20260912_071605,no ETD row with compatible station/line/time
,407,2000848,2000848,MCAR,gtfsrt_only,,unmatched,False,bart_live_20260912_071605,no ETD row with compatible station/line/time
,408,2000848,2000848,ASHB,gtfsrt_only,,unmatched,False,bart_live_20260912_071605,no ETD row with compatible station/line/time
,409,2000848,2000848,DBRK,gtfsrt_only,,unmatched,False,bart_live_20260912_071605,no ETD row with compatible station/line/time
,410,2000848,2000848,NBRK,gtfsrt_only,,unmatched,False,bart_live_20260912_071605,no ETD row with compatible station/line/time
,411,2000848,2000848,PLZA,gtfsrt_only,,unmatched,False,bart_live_20260912_071605,no ETD row with compatible station/line/time
,412,2000848,2000848,DELN,gtfsrt_only,,unmatched,False,bart_live_20260912_071605,no ETD row with compatible station/line/time
,458,2000809,2000809,SBRN,gtfsrt_only,,unmatched,False,bart_live_20260912_071605,no ETD row with compatible station/line/time
,473,2000810,2000810,16TH,gtfsrt_only,,unmatched,False,bart_live_20260912_071605,no ETD row with compatible station/line/time
,474,2000810,2000810,24TH,gtfsrt_only,,unmatched,False,bart_live_20260912_071605,no ETD row with compatible station/line/time
,475,2000810,2000810,GLEN,gtfsrt_only,,unmatched,False,bart_live_20260912_071605,no ETD row with compatible station/line/time
,476,2000810,2000810,BALB,gtfsrt_only,,unmatched,False,bart_live_20260912_071605,no ETD row with compatible station/line/time
,477,2000810,2000810,DALY,gtfsrt_only,,unmatched,False,bart_live_20260912_071605,no ETD row with compatible station/line/time
,478,2000810,2000810,COLM,gtfsrt_only,,unmatched,False,bart_live_20260912_071605,no ETD row with compatible station/line/time
,479,2000810,2000810,SSAN,gtfsrt_only,,unmatched,False,bart_live_20260912_071605,no ETD row with compatible station/line/time
,480,2000810,2000810,SBRN,gtfsrt_only,,unmatched,False,bart_live_20260912_071605,no ETD row with compatible station/line/time
,492,2000934,2000934,POWL,gtfsrt_only,,unmatched,False,bart_live_20260912_071605,no ETD row with compatible station/line/time
,493,2000934,2000934,CIVC,gtfsrt_only,,unmatched,False,bart_live_20260912_071605,no ETD row with compatible station/line/time
,494,2000934,2000934,16TH,gtfsrt_only,,unmatched,False,bart_live_20260912_071605,no ETD row with compatible station/line/time
,495,2000934,2000934,24TH,gtfsrt_only,,unmatched,False,bart_live_20260912_071605,no ETD row with compatible station/line/time
,496,2000934,2000934,GLEN,gtfsrt_only,,unmatched,False,bart_live_20260912_071605,no ETD row with compatible station/line/time
,497,2000934,2000934,BALB,gtfsrt_only,,unmatched,False,bart_live_20260912_071605,no ETD row with compatible station/line/time
,505,2000935,2000935,FTVL,gtfsrt_only,,unmatched,False,bart_live_20260912_071605,no ETD row with compatible station/line/time
,506,2000935,2000935,LAKE,gtfsrt_only,,unmatched,False,bart_live_20260912_071605,no ETD row with compatible station/line/time
,507,2000935,2000935,WOAK,gtfsrt_only,,unmatched,False,bart_live_20260912_071605,no ETD row with compatible station/line/time
,508,2000935,2000935,EMBR,gtfsrt_only,,unmatched,False,bart_live_20260912_071605,no ETD row with compatible station/line/time
,509,2000935,2000935,MONT,gtfsrt_only,,unmatched,False,bart_live_20260912_071605,no ETD row with compatible station/line/time
,510,2000935,2000935,POWL,gtfsrt_only,,unmatched,False,bart_live_20260912_071605,no ETD row with compatible station/line/time
,511,2000935,2000935,CIVC,gtfsrt_only,,unmatched,False,bart_live_20260912_071605,no ETD row with compatible station/line/time
,512,2000935,2000935,16TH,gtfsrt_only,,unmatched,False,bart_live_20260912_071605,no ETD row with compatible station/line/time
,513,2000935,2000935,24TH,gtfsrt_only,,unmatched,False,bart_live_20260912_071605,no ETD row with compatible station/line/time
,514,2000935,2000935,GLEN,gtfsrt_only,,unmatched,False,bart_live_20260912_071605,no ETD row with compatible station/line/time
,515,2000935,2000935,BALB,gtfsrt_only,,unmatched,False,bart_live_20260912_071605,no ETD row with compatible station/line/time
,528,2000990,2000990,DALY,gtfsrt_only,,unmatched,False,bart_live_20260912_071605,no ETD row with compatible station/line/time
,544,2000990,2000990,WDUB,gtfsrt_only,,unmatched,False,bart_live_20260912_071605,no ETD row with compatible station/line/time
,558,2000991,2000991,SANL,gtfsrt_only,,unmatched,False,bart_live_20260912_071605,no ETD row with compatible station/line/time
,559,2000991,2000991,BAYF,gtfsrt_only,,unmatched,False,bart_live_20260912_071605,no ETD row with compatible station/line/time
,560,2000991,2000991,CAST,gtfsrt_only,,unmatched,False,bart_live_20260912_071605,no ETD row with compatible station/line/time
,561,2000991,2000991,WDUB,gtfsrt_only,,unmatched,False,bart_live_20260912_071605,no ETD row with compatible station/line/time
,577,2000992,2000992,WOAK,gtfsrt_only,,unmatched,False,bart_live_20260912_071605,no ETD row with compatible station/line/time
,578,2000992,2000992,LAKE,gtfsrt_only,,unmatched,False,bart_live_20260912_071605,no ETD row with compatible station/line/time
,579,2000992,2000992,FTVL,gtfsrt_only,,unmatched,False,bart_live_20260912_071605,no ETD row with compatible station/line/time
,580,2000992,2000992,COLS,gtfsrt_only,,unmatched,False,bart_live_20260912_071605,no ETD row with compatible station/line/time
,581,2000992,2000992,SANL,gtfsrt_only,,unmatched,False,bart_live_20260912_071605,no ETD row with compatible station/line/time
,582,2000992,2000992,BAYF,gtfsrt_only,,unmatched,False,bart_live_20260912_071605,no ETD row with compatible station/line/time
,583,2000992,2000992,CAST,gtfsrt_only,,unmatched,False,bart_live_20260912_071605,no ETD row with compatible station/line/time
,584,2000992,2000992,WDUB,gtfsrt_only,,unmatched,False,bart_live_20260912_071605,no ETD row with compatible station/line/time
,616,622,622,PCTR,gtfsrt_only,,unmatched,False,bart_live_20260912_071605,no ETD row with compatible station/line/time
,621,627,627,ANTC,gtfsrt_only,,unmatched,False,bart_live_20260912_071605,no ETD row with compatible station/line/time
,622,627,627,PCTR,gtfsrt_only,,unmatched,False,bart_live_20260912_071605,no ETD row with compatible station/line/time
,623,629,629,ANTC,gtfsrt_only,,unmatched,False,bart_live_20260912_071605,no ETD row with compatible station/line/time
185,231,2000418,2000418,DALY,station+line+platform/direction+destination+absolute_time,0,high,False,bart_live_20260912_192815,
25,431,2000844,2000844,16TH,station+line+platform/direction+destination+absolute_time,1,high,False,bart_live_20260912_192815,
26,449,2000845,2000845,16TH,station+line+platform/direction+destination+absolute_time,1,high,False,bart_live_20260912_192815,
27,471,2000846,2000846,16TH,station+line+platform/direction+destination+absolute_time,1,high,False,bart_live_20260912_192815,
43,442,2000845,2000845,19TH,station+line+platform/direction+destination+absolute_time,1,high,False,bart_live_20260912_192815,
61,432,2000844,2000844,24TH,station+line+platform/direction+destination+absolute_time,1,high,False,bart_live_20260912_192815,
62,450,2000845,2000845,24TH,station+line+platform/direction+destination+absolute_time,1,high,False,bart_live_20260912_192815,
63,472,2000846,2000846,24TH,station+line+platform/direction+destination+absolute_time,1,high,False,bart_live_20260912_192815,
178,399,2000843,2000843,DALY,station+line+platform/direction+destination+absolute_time,1,high,False,bart_live_20260912_192815,
403,502,2000971,2000971,SANL,station+line+platform/direction+destination+absolute_time,1,high,False,bart_live_20260912_192815,
404,519,2000972,2000972,SANL,station+line+platform/direction+destination+absolute_time,1,high,False,bart_live_20260912_192815,
462,482,2000970,2000970,WDUB,station+line+platform/direction+destination+absolute_time,1,high,False,bart_live_20260912_192815,
138,245,2000419,2000419,CIVC,station+line+platform/direction+destination+absolute_time,2,high,False,bart_live_20260912_192815,
139,268,2000460,2000460,CIVC,station+line+platform/direction+destination+absolute_time,2,medium,False,bart_live_20260912_192815,
140,296,2000461,2000461,CIVC,station+line+platform/direction+destination+absolute_time,2,medium,False,bart_live_20260912_192815,
141,328,2000462,2000462,CIVC,station+line+platform/direction+destination+absolute_time,2,medium,False,bart_live_20260912_192815,
392,457,2000846,2000846,RICH,station+line+platform/direction+destination+absolute_time,2,high,False,bart_live_20260912_192815,
99,230,2000418,2000418,BALB,station+line+platform/direction+destination+absolute_time,3,high,False,bart_live_20260912_192815,
146,436,2000844,2000844,COLM,station+line+platform/direction+destination+absolute_time,3,high,False,bart_live_20260912_192815,
381,585,2000969,2000969,POWL,station+line+platform/direction+destination+absolute_time,3,medium,False,bart_live_20260912_192815,
6,443,2000845,2000845,12TH,station+line+platform/direction+destination+absolute_time,4,high,False,bart_live_20260912_192815,
94,452,2000845,2000845,BALB,station+line+platform/direction+destination+absolute_time,4,high,False,bart_live_20260912_192815,
106,484,2000970,2000970,BAYF,station+line+platform/direction+destination+absolute_time,4,high,False,bart_live_20260912_192815,
414,438,2000844,2000844,SBRN,station+line+platform/direction+destination+absolute_time,4,high,False,bart_live_20260912_192815,
48,220,2000418,2000418,19TH,station+line+platform/direction+destination+absolute_time,5,high,False,bart_live_20260912_192815,
137,226,2000418,2000418,CIVC,station+line+platform/direction+destination+absolute_time,5,high,False,bart_live_20260912_192815,
171,283,2000461,2000461,CONC,station+line+platform/direction+destination+absolute_time,5,medium,False,bart_live_20260912_192815,
200,458,2000846,2000846,DELN,station+line+platform/direction+destination+absolute_time,5,high,False,bart_live_20260912_192815,
268,235,2000419,2000419,LAFY,station+line+platform/direction+destination+absolute_time,5,high,False,bart_live_20260912_192815,
396,237,2000419,2000419,ROCK,station+line+platform/direction+destination+absolute_time,5,high,False,bart_live_20260912_192815,
397,260,2000460,2000460,ROCK,station+line+platform/direction+destination+absolute_time,5,medium,False,bart_live_20260912_192815,
398,288,2000461,2000461,ROCK,station+line+platform/direction+destination+absolute_time,5,medium,False,bart_live_20260912_192815,
399,320,2000462,2000462,ROCK,station+line+platform/direction+destination+absolute_time,5,medium,False,bart_live_20260912_192815,
68,228,2000418,2000418,24TH,station+line+platform/direction+destination+absolute_time,6,high,False,bart_live_20260912_192815,
117,483,2000970,2000970,CAST,station+line+platform/direction+destination+absolute_time,6,high,False,bart_live_20260912_192815,
172,315,2000462,2000462,CONC,station+line+platform/direction+destination+absolute_time,6,medium,False,bart_live_20260912_192815,
223,242,2000419,2000419,EMBR,station+line+platform/direction+destination+absolute_time,6,high,False,bart_live_20260912_192815,
224,265,2000460,2000460,EMBR,station+line+platform/direction+destination+absolute_time,6,medium,False,bart_live_20260912_192815,
225,293,2000461,2000461,EMBR,station+line+platform/direction+destination+absolute_time,6,medium,False,bart_live_20260912_192815,
226,325,2000462,2000462,EMBR,station+line+platform/direction+destination+absolute_time,6,medium,False,bart_live_20260912_192815,
254,189,2000459,2000459,GLEN,station+line+platform/direction+destination+absolute_time,6,high,False,bart_live_20260912_192815,
256,248,2000419,2000419,GLEN,station+line+platform/direction+destination+absolute_time,6,high,False,bart_live_20260912_192815,
257,271,2000460,2000460,GLEN,station+line+platform/direction+destination+absolute_time,6,medium,False,bart_live_20260912_192815,
258,299,2000461,2000461,GLEN,station+line+platform/direction+destination+absolute_time,6,medium,False,bart_live_20260912_192815,
259,331,2000462,2000462,GLEN,station+line+platform/direction+destination+absolute_time,6,medium,False,bart_live_20260912_192815,
482,241,2000419,2000419,WOAK,station+line+platform/direction+destination+absolute_time,6,high,False,bart_live_20260912_192815,
483,264,2000460,2000460,WOAK,station+line+platform/direction+destination+absolute_time,6,medium,False,bart_live_20260912_192815,
484,292,2000461,2000461,WOAK,station+line+platform/direction+destination+absolute_time,6,medium,False,bart_live_20260912_192815,
485,324,2000462,2000462,WOAK,station+line+platform/direction+destination+absolute_time,6,medium,False,bart_live_20260912_192815,
184,191,2000459,2000459,DALY,station+line+platform/direction+destination+absolute_time,7,high,False,bart_live_20260912_192815,
186,250,2000419,2000419,DALY,station+line+platform/direction+destination+absolute_time,7,high,False,bart_live_20260912_192815,
187,273,2000460,2000460,DALY,station+line+platform/direction+destination+absolute_time,7,medium,False,bart_live_20260912_192815,
188,301,2000461,2000461,DALY,station+line+platform/direction+destination+absolute_time,7,medium,False,bart_live_20260912_192815,
189,333,2000462,2000462,DALY,station+line+platform/direction+destination+absolute_time,7,medium,False,bart_live_20260912_192815,
315,428,2000844,2000844,MONT,station+line+platform/direction+destination+absolute_time,7,high,False,bart_live_20260912_192815,
316,446,2000845,2000845,MONT,station+line+platform/direction+destination+absolute_time,7,high,False,bart_live_20260912_192815,
415,456,2000845,2000845,SBRN,station+line+platform/direction+destination+absolute_time,7,high,False,bart_live_20260912_192815,
32,227,2000418,2000418,16TH,station+line+platform/direction+destination+absolute_time,8,high,False,bart_live_20260912_192815,
218,583,2000969,2000969,EMBR,station+line+platform/direction+destination+absolute_time,8,medium,False,bart_live_20260912_192815,
317,468,2000846,2000846,MONT,station+line+platform/direction+destination+absolute_time,8,high,False,bart_live_20260912_192815,
476,444,2000845,2000845,WOAK,station+line+platform/direction+destination+absolute_time,8,high,False,bart_live_20260912_192815,
92,398,2000843,2000843,BALB,station+line+platform/direction+destination+absolute_time,9,high,False,bart_live_20260912_192815,
292,463,2000846,2000846,MCAR,station+line+platform/direction+destination+absolute_time,9,high,False,bart_live_20260912_192815,
356,284,2000461,2000461,PHIL,station+line+platform/direction+destination+absolute_time,9,medium,False,bart_live_20260912_192815,
440,437,2000844,2000844,SSAN,station+line+platform/direction+destination+absolute_time,9,high,False,bart_live_20260912_192815,
453,99,2002176,2002176,WARM,station+line+platform/direction+destination+absolute_time,9,high,False,bart_live_20260912_192815,
80,462,2000846,2000846,ASHB,station+line+platform/direction+destination+absolute_time,10,high,False,bart_live_20260912_192815,
302,100,2002176,2002176,MLPT,station+line+platform/direction+destination+absolute_time,10,high,False,bart_live_20260912_192815,
379,429,2000844,2000844,POWL,station+line+platform/direction+destination+absolute_time,10,high,False,bart_live_20260912_192815,
44,464,2000846,2000846,19TH,station+line+platform/direction+destination+absolute_time,11,high,False,bart_live_20260912_192815,
147,454,2000845,2000845,COLM,station+line+platform/direction+destination+absolute_time,11,high,False,bart_live_20260912_192815,
222,223,2000418,2000418,EMBR,station+line+platform/direction+destination+absolute_time,11,high,False,bart_live_20260912_192815,
380,447,2000845,2000845,POWL,station+line+platform/direction+destination+absolute_time,11,high,False,bart_live_20260912_192815,
441,455,2000845,2000845,SSAN,station+line+platform/direction+destination+absolute_time,11,high,False,bart_live_20260912_192815,
277,488,2000970,2000970,LAKE,station+line+platform/direction+destination+absolute_time,12,high,False,bart_live_20260912_192815,
386,244,2000419,2000419,POWL,station+line+platform/direction+destination+absolute_time,12,high,False,bart_live_20260912_192815,
387,267,2000460,2000460,POWL,station+line+platform/direction+destination+absolute_time,12,medium,False,bart_live_20260912_192815,
388,295,2000461,2000461,POWL,station+line+platform/direction+destination+absolute_time,12,medium,False,bart_live_20260912_192815,
389,327,2000462,2000462,POWL,station+line+platform/direction+destination+absolute_time,12,medium,False,bart_live_20260912_192815,
402,485,2000970,2000970,SANL,station+line+platform/direction+destination+absolute_time,12,high,False,bart_live_20260912_192815,
337,282,2000461,2000461,NCON,station+line+platform/direction+destination+absolute_time,13,medium,False,bart_live_20260912_192815,
366,459,2000846,2000846,PLZA,station+line+platform/direction+destination+absolute_time,13,high,False,bart_live_20260912_192815,
385,225,2000418,2000418,POWL,station+line+platform/direction+destination+absolute_time,13,high,False,bart_live_20260912_192815,
231,487,2000970,2000970,FTVL,station+line+platform/direction+destination+absolute_time,14,high,False,bart_live_20260912_192815,
357,316,2000462,2000462,PHIL,station+line+platform/direction+destination+absolute_time,14,medium,False,bart_live_20260912_192815,
477,582,2000969,2000969,WOAK,station+line+platform/direction+destination+absolute_time,14,medium,False,bart_live_20260912_192815,
336,254,2000460,2000460,NCON,station+line+platform/direction+destination+absolute_time,15,medium,False,bart_live_20260912_192815,
338,314,2000462,2000462,NCON,station+line+platform/direction+destination+absolute_time,15,medium,False,bart_live_20260912_192815,
419,194,2000459,2000459,SBRN,station+line+platform/direction+destination+absolute_time,15,high,False,bart_live_20260912_192815,
421,276,2000460,2000460,SBRN,station+line+platform/direction+destination+absolute_time,15,medium,False,bart_live_20260912_192815,
422,304,2000461,2000461,SBRN,station+line+platform/direction+destination+absolute_time,15,medium,False,bart_live_20260912_192815,
423,336,2000462,2000462,SBRN,station+line+platform/direction+destination+absolute_time,15,medium,False,bart_live_20260912_192815,
458,257,2000460,2000460,WCRK,station+line+platform/direction+destination+absolute_time,16,medium,False,bart_live_20260912_192815,
459,285,2000461,2000461,WCRK,station+line+platform/direction+destination+absolute_time,16,medium,False,bart_live_20260912_192815,
460,317,2000462,2000462,WCRK,station+line+platform/direction+destination+absolute_time,16,medium,False,bart_live_20260912_192815,
7,465,2000846,2000846,12TH,station+line+platform/direction+destination+absolute_time,17,high,False,bart_live_20260912_192815,
31,187,2000459,2000459,16TH,station+line+platform/direction+destination+absolute_time,18,high,False,bart_live_20260912_192815,
321,224,2000418,2000418,MONT,station+line+platform/direction+destination+absolute_time,18,high,False,bart_live_20260912_192815,
355,256,2000460,2000460,PHIL,station+line+platform/direction+destination+absolute_time,18,medium,False,bart_live_20260912_192815,
427,403,2000843,2000843,SFIA,station+line+platform/direction+destination+absolute_time,18,high,False,bart_live_20260912_192815,
463,499,2000971,2000971,WDUB,station+line+platform/direction+destination+absolute_time,18,high,False,bart_live_20260912_192815,
329,460,2000846,2000846,NBRK,station+line+platform/direction+destination+absolute_time,19,high,False,bart_live_20260912_192815,
418,161,2000458,2000458,SBRN,station+line+platform/direction+destination+absolute_time,19,high,False,bart_live_20260912_192815,
428,439,2000844,2000844,SFIA,station+line+platform/direction+destination+absolute_time,19,high,False,bart_live_20260912_192815,
446,233,2000418,2000418,SSAN,station+line+platform/direction+destination+absolute_time,19,high,False,bart_live_20260912_192815,
93,434,2000844,2000844,BALB,station+line+platform/direction+destination+absolute_time,20,high,False,bart_live_20260912_192815,
131,430,2000844,2000844,CIVC,station+line+platform/direction+destination+absolute_time,20,high,False,bart_live_20260912_192815,
132,448,2000845,2000845,CIVC,station+line+platform/direction+destination+absolute_time,20,high,False,bart_live_20260912_192815,
133,470,2000846,2000846,CIVC,station+line+platform/direction+destination+absolute_time,20,high,False,bart_live_20260912_192815,
303,98,2002093,2002093,MLPT,station+line+platform/direction+destination+absolute_time,20,high,False,bart_live_20260912_192815,
342,236,2000419,2000419,ORIN,station+line+platform/direction+destination+absolute_time,20,high,False,bart_live_20260912_192815,
343,259,2000460,2000460,ORIN,station+line+platform/direction+destination+absolute_time,20,medium,False,bart_live_20260912_192815,
344,287,2000461,2000461,ORIN,station+line+platform/direction+destination+absolute_time,20,medium,False,bart_live_20260912_192815,
345,319,2000462,2000462,ORIN,station+line+platform/direction+destination+absolute_time,20,medium,False,bart_live_20260912_192815,
439,401,2000843,2000843,SSAN,station+line+platform/direction+destination+absolute_time,20,high,False,bart_live_20260912_192815,
12,240,2000419,2000419,12TH,station+line+platform/direction+destination+absolute_time,21,high,False,bart_live_20260912_192815,
13,263,2000460,2000460,12TH,station+line+platform/direction+destination+absolute_time,21,medium,False,bart_live_20260912_192815,
14,291,2000461,2000461,12TH,station+line+platform/direction+destination+absolute_time,21,medium,False,bart_live_20260912_192815,
15,323,2000462,2000462,12TH,station+line+platform/direction+destination+absolute_time,21,medium,False,bart_live_20260912_192815,
33,246,2000419,2000419,16TH,station+line+platform/direction+destination+absolute_time,21,high,False,bart_live_20260912_192815,
34,269,2000460,2000460,16TH,station+line+platform/direction+destination+absolute_time,21,medium,False,bart_live_20260912_192815,
35,297,2000461,2000461,16TH,station+line+platform/direction+destination+absolute_time,21,medium,False,bart_live_20260912_192815,
36,329,2000462,2000462,16TH,station+line+platform/direction+destination+absolute_time,21,medium,False,bart_live_20260912_192815,
67,188,2000459,2000459,24TH,station+line+platform/direction+destination+absolute_time,21,high,False,bart_live_20260912_192815,
69,247,2000419,2000419,24TH,station+line+platform/direction+destination+absolute_time,21,high,False,bart_live_20260912_192815,
70,270,2000460,2000460,24TH,station+line+platform/direction+destination+absolute_time,21,medium,False,bart_live_20260912_192815,
71,298,2000461,2000461,24TH,station+line+platform/direction+destination+absolute_time,21,medium,False,bart_live_20260912_192815,
72,330,2000462,2000462,24TH,station+line+platform/direction+destination+absolute_time,21,medium,False,bart_live_20260912_192815,
118,500,2000971,2000971,CAST,station+line+platform/direction+destination+absolute_time,21,high,False,bart_live_20260912_192815,
454,97,2002093,2002093,WARM,station+line+platform/direction+destination+absolute_time,21,high,False,bart_live_20260912_192815,
217,445,2000845,2000845,EMBR,station+line+platform/direction+destination+absolute_time,22,high,False,bart_live_20260912_192815,
362,313,2000462,2000462,PITT,station+line+platform/direction+destination+absolute_time,22,medium,False,bart_live_20260912_192815,
255,229,2000418,2000418,GLEN,station+line+platform/direction+destination+absolute_time,23,high,False,bart_live_20260912_192815,
361,281,2000461,2000461,PITT,station+line+platform/direction+destination+absolute_time,23,medium,False,bart_live_20260912_192815,
160,486,2000970,2000970,COLS,station+line+platform/direction+destination+absolute_time,24,high,False,bart_live_20260912_192815,
152,232,2000418,2000418,COLM,station+line+platform/direction+destination+absolute_time,25,high,False,bart_live_20260912_192815,
193,461,2000846,2000846,DBRK,station+line+platform/direction+destination+absolute_time,25,high,False,bart_live_20260912_192815,
205,481,2000970,2000970,DUBL,station+line+platform/direction+destination+absolute_time,25,high,False,bart_live_20260912_192815,
269,258,2000460,2000460,LAFY,station+line+platform/direction+destination+absolute_time,25,medium,False,bart_live_20260912_192815,
270,286,2000461,2000461,LAFY,station+line+platform/direction+destination+absolute_time,25,medium,False,bart_live_20260912_192815,
271,318,2000462,2000462,LAFY,station+line+platform/direction+destination+absolute_time,25,medium,False,bart_live_20260912_192815,
296,238,2000419,2000419,MCAR,station+line+platform/direction+destination+absolute_time,25,high,False,bart_live_20260912_192815,
444,160,2000458,2000458,SSAN,station+line+platform/direction+destination+absolute_time,25,high,False,bart_live_20260912_192815,
79,440,2000845,2000845,ASHB,station+line+platform/direction+destination+absolute_time,26,high,False,bart_live_20260912_192815,
98,190,2000459,2000459,BALB,station+line+platform/direction+destination+absolute_time,26,high,False,bart_live_20260912_192815,
100,249,2000419,2000419,BALB,station+line+platform/direction+destination+absolute_time,26,high,False,bart_live_20260912_192815,
101,272,2000460,2000460,BALB,station+line+platform/direction+destination+absolute_time,26,medium,False,bart_live_20260912_192815,
102,300,2000461,2000461,BALB,station+line+platform/direction+destination+absolute_time,26,medium,False,bart_live_20260912_192815,
103,332,2000462,2000462,BALB,station+line+platform/direction+destination+absolute_time,26,medium,False,bart_live_20260912_192815,
145,400,2000843,2000843,COLM,station+line+platform/direction+destination+absolute_time,26,high,False,bart_live_20260912_192815,
420,234,2000418,2000418,SBRN,station+line+platform/direction+destination+absolute_time,26,high,False,bart_live_20260912_192815,
11,221,2000418,2000418,12TH,station+line+platform/direction+destination+absolute_time,27,high,False,bart_live_20260912_192815,
49,239,2000419,2000419,19TH,station+line+platform/direction+destination+absolute_time,27,high,False,bart_live_20260912_192815,
50,262,2000460,2000460,19TH,station+line+platform/direction+destination+absolute_time,27,medium,False,bart_live_20260912_192815,
51,290,2000461,2000461,19TH,station+line+platform/direction+destination+absolute_time,27,medium,False,bart_live_20260912_192815,
52,322,2000462,2000462,19TH,station+line+platform/direction+destination+absolute_time,27,medium,False,bart_live_20260912_192815,
107,501,2000971,2000971,BAYF,station+line+platform/direction+destination+absolute_time,27,high,False,bart_live_20260912_192815,
108,518,2000972,2000972,BAYF,station+line+platform/direction+destination+absolute_time,27,high,False,bart_live_20260912_192815,
151,192,2000459,2000459,COLM,station+line+platform/direction+destination+absolute_time,27,high,False,bart_live_20260912_192815,
153,251,2000419,2000419,COLM,station+line+platform/direction+destination+absolute_time,27,high,False,bart_live_20260912_192815,
154,274,2000460,2000460,COLM,station+line+platform/direction+destination+absolute_time,27,medium,False,bart_live_20260912_192815,
155,302,2000461,2000461,COLM,station+line+platform/direction+destination+absolute_time,27,medium,False,bart_live_20260912_192815,
156,334,2000462,2000462,COLM,station+line+platform/direction+destination+absolute_time,27,medium,False,bart_live_20260912_192815,
170,255,2000460,2000460,CONC,station+line+platform/direction+destination+absolute_time,27,medium,False,bart_live_20260912_192815,
232,504,2000971,2000971,FTVL,station+line+platform/direction+destination+absolute_time,27,high,False,bart_live_20260912_192815,
291,441,2000845,2000845,MCAR,station+line+platform/direction+destination+absolute_time,27,high,False,bart_live_20260912_192815,
445,193,2000459,2000459,SSAN,station+line+platform/direction+destination+absolute_time,27,high,False,bart_live_20260912_192815,
447,275,2000460,2000460,SSAN,station+line+platform/direction+destination+absolute_time,27,medium,False,bart_live_20260912_192815,
448,303,2000461,2000461,SSAN,station+line+platform/direction+destination+absolute_time,27,medium,False,bart_live_20260912_192815,
449,335,2000462,2000462,SSAN,station+line+platform/direction+destination+absolute_time,27,medium,False,bart_live_20260912_192815,
481,222,2000418,2000418,WOAK,station+line+platform/direction+destination+absolute_time,27,high,False,bart_live_20260912_192815,
161,503,2000971,2000971,COLS,station+line+platform/direction+destination+absolute_time,28,high,False,bart_live_20260912_192815,
179,435,2000844,2000844,DALY,station+line+platform/direction+destination+absolute_time,28,high,False,bart_live_20260912_192815,
248,433,2000844,2000844,GLEN,station+line+platform/direction+destination+absolute_time,28,high,False,bart_live_20260912_192815,
249,451,2000845,2000845,GLEN,station+line+platform/direction+destination+absolute_time,28,high,False,bart_live_20260912_192815,
250,473,2000846,2000846,GLEN,station+line+platform/direction+destination+absolute_time,28,high,False,bart_live_20260912_192815,
413,402,2000843,2000843,SBRN,station+line+platform/direction+destination+absolute_time,28,high,False,bart_live_20260912_192815,
180,453,2000845,2000845,DALY,station+line+platform/direction+destination+absolute_time,29,high,False,bart_live_20260912_192815,
206,498,2000971,2000971,DUBL,station+line+platform/direction+destination+absolute_time,29,high,False,bart_live_20260912_192815,
297,261,2000460,2000460,MCAR,station+line+platform/direction+destination+absolute_time,29,medium,False,bart_live_20260912_192815,
298,289,2000461,2000461,MCAR,station+line+platform/direction+destination+absolute_time,29,medium,False,bart_live_20260912_192815,
299,321,2000462,2000462,MCAR,station+line+platform/direction+destination+absolute_time,29,medium,False,bart_live_20260912_192815,
322,243,2000419,2000419,MONT,station+line+platform/direction+destination+absolute_time,30,high,False,bart_live_20260912_192815,
323,266,2000460,2000460,MONT,station+line+platform/direction+destination+absolute_time,30,medium,False,bart_live_20260912_192815,
324,294,2000461,2000461,MONT,station+line+platform/direction+destination+absolute_time,30,medium,False,bart_live_20260912_192815,
325,326,2000462,2000462,MONT,station+line+platform/direction+destination+absolute_time,30,medium,False,bart_live_20260912_192815,
29,384,2000884,2000884,16TH,station+line+platform/direction+destination+absolute_time,1,medium,False,bart_live_20260912_192815,
30,413,2000885,2000885,16TH,station+line+platform/direction+destination+absolute_time,1,medium,False,bart_live_20260912_192815,
73,602,693,693,ANTC,station+line+platform/direction+destination+absolute_time,1,medium,False,bart_live_20260912_192815,
74,605,695,695,ANTC,station+line+platform/direction+destination+absolute_time,1,medium,False,bart_live_20260912_192815,
75,608,697,697,ANTC,station+line+platform/direction+destination+absolute_time,1,medium,False,bart_live_20260912_192815,
367,342,2000881,2000881,PLZA,station+line+platform/direction+destination+absolute_time,1,medium,False,bart_live_20260912_192815,
408,67,2000604,2000604,SANL,station+line+platform/direction+destination+absolute_time,1,medium,False,bart_live_20260912_192815,
409,83,2000605,2000605,SANL,station+line+platform/direction+destination+absolute_time,1,medium,False,bart_live_20260912_192815,
425,162,2000534,2000534,SFIA,station+line+platform/direction+destination+absolute_time,1,medium,False,bart_live_20260912_192815,
426,195,2000535,2000535,SFIA,station+line+platform/direction+destination+absolute_time,1,medium,False,bart_live_20260912_192815,
456,110,2000531,2000531,WCRK,station+line+platform/direction+destination+absolute_time,1,medium,False,bart_live_20260912_192815,
457,130,2000532,2000532,WCRK,station+line+platform/direction+destination+absolute_time,1,medium,False,bart_live_20260912_192815,
168,310,2000530,2000530,CONC,station+line+platform/direction+destination+absolute_time,2,medium,False,bart_live_20260912_192815,
278,552,2001027,2001027,LAKE,station+line+platform/direction+destination+absolute_time,2,medium,False,bart_live_20260912_192815,
279,569,2001028,2001028,LAKE,station+line+platform/direction+destination+absolute_time,2,medium,False,bart_live_20260912_192815,
283,70,2000604,2000604,LAKE,station+line+platform/direction+destination+absolute_time,2,medium,False,bart_live_20260912_192815,
284,86,2000605,2000605,LAKE,station+line+platform/direction+destination+absolute_time,2,medium,False,bart_live_20260912_192815,
17,143,2000533,2000533,16TH,station+line+platform/direction+destination+absolute_time,3,medium,False,bart_live_20260912_192815,
18,170,2000534,2000534,16TH,station+line+platform/direction+destination+absolute_time,3,medium,False,bart_live_20260912_192815,
47,56,2000603,2000603,19TH,station+line+platform/direction+destination+absolute_time,3,medium,False,bart_live_20260912_192815,
233,553,2001027,2001027,FTVL,station+line+platform/direction+destination+absolute_time,3,medium,False,bart_live_20260912_192815,
234,570,2001028,2001028,FTVL,station+line+platform/direction+destination+absolute_time,3,medium,False,bart_live_20260912_192815,
306,121,2000532,2000532,MONT,station+line+platform/direction+destination+absolute_time,3,medium,False,bart_live_20260912_192815,
429,376,2000884,2000884,SFIA,station+line+platform/direction+destination+absolute_time,3,medium,False,bart_live_20260912_192815,
430,405,2000885,2000885,SFIA,station+line+platform/direction+destination+absolute_time,3,medium,False,bart_live_20260912_192815,
95,359,2000883,2000883,BALB,station+line+platform/direction+destination+absolute_time,4,medium,False,bart_live_20260912_192815,
120,557,2001027,2001027,CAST,station+line+platform/direction+destination+absolute_time,4,medium,False,bart_live_20260912_192815,
121,574,2001028,2001028,CAST,station+line+platform/direction+destination+absolute_time,4,medium,False,bart_live_20260912_192815,
202,343,2000881,2000881,DELN,station+line+platform/direction+destination+absolute_time,4,medium,False,bart_live_20260912_192815,
213,550,2001027,2001027,EMBR,station+line+platform/direction+destination+absolute_time,4,medium,False,bart_live_20260912_192815,
214,567,2001028,2001028,EMBR,station+line+platform/direction+destination+absolute_time,4,medium,False,bart_live_20260912_192815,
252,382,2000884,2000884,GLEN,station+line+platform/direction+destination+absolute_time,4,medium,False,bart_live_20260912_192815,
253,411,2000885,2000885,GLEN,station+line+platform/direction+destination+absolute_time,4,medium,False,bart_live_20260912_192815,
22,546,2001027,2001027,16TH,station+line+platform/direction+destination+absolute_time,5,medium,False,bart_live_20260912_192815,
23,563,2001028,2001028,16TH,station+line+platform/direction+destination+absolute_time,5,medium,False,bart_live_20260912_192815,
81,339,2000881,2000881,ASHB,station+line+platform/direction+destination+absolute_time,5,medium,False,bart_live_20260912_192815,
285,106,2000531,2000531,MCAR,station+line+platform/direction+destination+absolute_time,5,medium,False,bart_live_20260912_192815,
359,312,2000530,2000530,PITT,station+line+platform/direction+destination+absolute_time,5,medium,False,bart_live_20260912_192815,
64,361,2000883,2000883,24TH,station+line+platform/direction+destination+absolute_time,6,medium,False,bart_live_20260912_192815,
181,358,2000883,2000883,DALY,station+line+platform/direction+destination+absolute_time,6,medium,False,bart_live_20260912_192815,
208,147,2000533,2000533,EMBR,station+line+platform/direction+destination+absolute_time,6,medium,False,bart_live_20260912_192815,
209,174,2000534,2000534,EMBR,station+line+platform/direction+destination+absolute_time,6,medium,False,bart_live_20260912_192815,
241,141,2000533,2000533,GLEN,station+line+platform/direction+destination+absolute_time,6,medium,False,bart_live_20260912_192815,
242,168,2000534,2000534,GLEN,station+line+platform/direction+destination+absolute_time,6,medium,False,bart_live_20260912_192815,
451,63,2000604,2000604,UCTY,station+line+platform/direction+destination+absolute_time,6,medium,False,bart_live_20260912_192815,
452,79,2000605,2000605,UCTY,station+line+platform/direction+destination+absolute_time,6,medium,False,bart_live_20260912_192815,
28,362,2000883,2000883,16TH,station+line+platform/direction+destination+absolute_time,7,medium,False,bart_live_20260912_192815,
65,383,2000884,2000884,24TH,station+line+platform/direction+destination+absolute_time,7,medium,False,bart_live_20260912_192815,
66,412,2000885,2000885,24TH,station+line+platform/direction+destination+absolute_time,7,medium,False,bart_live_20260912_192815,
122,119,2000532,2000532,CIVC,station+line+platform/direction+destination+absolute_time,7,medium,False,bart_live_20260912_192815,
442,378,2000884,2000884,SSAN,station+line+platform/direction+destination+absolute_time,7,medium,False,bart_live_20260912_192815,
443,407,2000885,2000885,SSAN,station+line+platform/direction+destination+absolute_time,7,medium,False,bart_live_20260912_192815,
455,308,2000530,2000530,WCRK,station+line+platform/direction+destination+absolute_time,7,medium,False,bart_live_20260912_192815,
96,381,2000884,2000884,BALB,station+line+platform/direction+destination+absolute_time,8,medium,False,bart_live_20260912_192815,
97,410,2000885,2000885,BALB,station+line+platform/direction+destination+absolute_time,8,medium,False,bart_live_20260912_192815,
164,52,2000603,2000603,COLS,station+line+platform/direction+destination+absolute_time,8,medium,False,bart_live_20260912_192815,
173,139,2000533,2000533,DALY,station+line+platform/direction+destination+absolute_time,8,medium,False,bart_live_20260912_192815,
174,166,2000534,2000534,DALY,station+line+platform/direction+destination+absolute_time,8,medium,False,bart_live_20260912_192815,
175,199,2000535,2000535,DALY,station+line+platform/direction+destination+absolute_time,8,medium,False,bart_live_20260912_192815,
216,427,2000844,2000844,EMBR,station+line+platform/direction+destination+absolute_time,38,high,False,bart_live_20260912_192815,
219,347,2000882,2000882,EMBR,station+line+platform/direction+destination+absolute_time,8,medium,False,bart_live_20260912_192815,
221,388,2000884,2000884,EMBR,station+line+platform/direction+destination+absolute_time,8,medium,False,bart_live_20260912_192815,
240,116,2000532,2000532,GLEN,station+line+platform/direction+destination+absolute_time,8,medium,False,bart_live_20260912_192815,
246,544,2001027,2001027,GLEN,station+line+platform/direction+destination+absolute_time,8,medium,False,bart_live_20260912_192815,
247,561,2001028,2001028,GLEN,station+line+platform/direction+destination+absolute_time,8,medium,False,bart_live_20260912_192815,
354,111,2000531,2000531,PHIL,station+line+platform/direction+destination+absolute_time,8,medium,False,bart_live_20260912_192815,
54,142,2000533,2000533,24TH,station+line+platform/direction+destination+absolute_time,9,medium,False,bart_live_20260912_192815,
55,169,2000534,2000534,24TH,station+line+platform/direction+destination+absolute_time,9,medium,False,bart_live_20260912_192815,
84,115,2000532,2000532,BALB,station+line+platform/direction+destination+absolute_time,9,medium,False,bart_live_20260912_192815,
334,311,2000530,2000530,NCON,station+line+platform/direction+destination+absolute_time,9,medium,False,bart_live_20260912_192815,
436,137,2000533,2000533,SSAN,station+line+platform/direction+destination+absolute_time,9,medium,False,bart_live_20260912_192815,
437,164,2000534,2000534,SSAN,station+line+platform/direction+destination+absolute_time,9,medium,False,bart_live_20260912_192815,
438,197,2000535,2000535,SSAN,station+line+platform/direction+destination+absolute_time,9,medium,False,bart_live_20260912_192815,
85,140,2000533,2000533,BALB,station+line+platform/direction+destination+absolute_time,10,medium,False,bart_live_20260912_192815,
86,167,2000534,2000534,BALB,station+line+platform/direction+destination+absolute_time,10,medium,False,bart_live_20260912_192815,
182,380,2000884,2000884,DALY,station+line+platform/direction+destination+absolute_time,10,medium,False,bart_live_20260912_192815,
183,409,2000885,2000885,DALY,station+line+platform/direction+destination+absolute_time,10,medium,False,bart_live_20260912_192815,
251,360,2000883,2000883,GLEN,station+line+platform/direction+destination+absolute_time,10,medium,False,bart_live_20260912_192815,
333,279,2000529,2000529,NCON,station+line+platform/direction+destination+absolute_time,10,medium,False,bart_live_20260912_192815,
384,386,2000884,2000884,POWL,station+line+platform/direction+destination+absolute_time,10,medium,False,bart_live_20260912_192815,
434,64,2000604,2000604,SHAY,station+line+platform/direction+destination+absolute_time,10,medium,False,bart_live_20260912_192815,
435,80,2000605,2000605,SHAY,station+line+platform/direction+destination+absolute_time,10,medium,False,bart_live_20260912_192815,
473,551,2001027,2001027,WOAK,station+line+platform/direction+destination+absolute_time,10,medium,False,bart_live_20260912_192815,
474,568,2001028,2001028,WOAK,station+line+platform/direction+destination+absolute_time,10,medium,False,bart_live_20260912_192815,
0,104,2000531,2000531,12TH,station+line+platform/direction+destination+absolute_time,11,medium,False,bart_live_20260912_192815,
8,349,2000882,2000882,12TH,station+line+platform/direction+destination+absolute_time,11,medium,False,bart_live_20260912_192815,
10,368,2000883,2000883,12TH,station+line+platform/direction+destination+absolute_time,11,medium,False,bart_live_20260912_192815,
16,118,2000532,2000532,16TH,station+line+platform/direction+destination+absolute_time,11,medium,False,bart_live_20260912_192815,
38,125,2000532,2000532,19TH,station+line+platform/direction+destination+absolute_time,11,medium,False,bart_live_20260912_192815,
39,150,2000533,2000533,19TH,station+line+platform/direction+destination+absolute_time,11,medium,False,bart_live_20260912_192815,
59,545,2001027,2001027,24TH,station+line+platform/direction+destination+absolute_time,11,medium,False,bart_live_20260912_192815,
60,562,2001028,2001028,24TH,station+line+platform/direction+destination+absolute_time,11,medium,False,bart_live_20260912_192815,
83,352,2000882,2000882,ASHB,station+line+platform/direction+destination+absolute_time,11,medium,False,bart_live_20260912_192815,
176,542,2001027,2001027,DALY,station+line+platform/direction+destination+absolute_time,11,medium,False,bart_live_20260912_192815,
177,559,2001028,2001028,DALY,station+line+platform/direction+destination+absolute_time,11,medium,False,bart_live_20260912_192815,
263,65,2000604,2000604,HAYW,station+line+platform/direction+destination+absolute_time,11,medium,False,bart_live_20260912_192815,
264,81,2000605,2000605,HAYW,station+line+platform/direction+destination+absolute_time,11,medium,False,bart_live_20260912_192815,
383,364,2000883,2000883,POWL,station+line+platform/direction+destination+absolute_time,11,medium,False,bart_live_20260912_192815,
53,117,2000532,2000532,24TH,station+line+platform/direction+destination+absolute_time,12,medium,False,bart_live_20260912_192815,
90,543,2001027,2001027,BALB,station+line+platform/direction+destination+absolute_time,12,medium,False,bart_live_20260912_192815,
91,560,2001028,2001028,BALB,station+line+platform/direction+destination+absolute_time,12,medium,False,bart_live_20260912_192815,
335,113,2000531,2000531,NCON,station+line+platform/direction+destination+absolute_time,12,medium,False,bart_live_20260912_192815,
371,145,2000533,2000533,POWL,station+line+platform/direction+destination+absolute_time,12,medium,False,bart_live_20260912_192815,
372,172,2000534,2000534,POWL,station+line+platform/direction+destination+absolute_time,12,medium,False,bart_live_20260912_192815,
469,148,2000533,2000533,WOAK,station+line+platform/direction+destination+absolute_time,12,medium,False,bart_live_20260912_192815,
46,350,2000882,2000882,19TH,station+line+platform/direction+destination+absolute_time,13,medium,False,bart_live_20260912_192815,
220,366,2000883,2000883,EMBR,station+line+platform/direction+destination+absolute_time,13,medium,False,bart_live_20260912_192815,
395,127,2000532,2000532,ROCK,station+line+platform/direction+destination+absolute_time,13,medium,False,bart_live_20260912_192815,
358,280,2000529,2000529,PITT,station+line+platform/direction+destination+absolute_time,14,medium,False,bart_live_20260912_192815,
376,548,2001027,2001027,POWL,station+line+platform/direction+destination+absolute_time,14,medium,False,bart_live_20260912_192815,
377,565,2001028,2001028,POWL,station+line+platform/direction+destination+absolute_time,14,medium,False,bart_live_20260912_192815,
382,345,2000882,2000882,POWL,station+line+platform/direction+destination+absolute_time,14,medium,False,bart_live_20260912_192815,
405,555,2001027,2001027,SANL,station+line+platform/direction+destination+absolute_time,14,medium,False,bart_live_20260912_192815,
406,572,2001028,2001028,SANL,station+line+platform/direction+destination+absolute_time,14,medium,False,bart_live_20260912_192815,
480,389,2000884,2000884,WOAK,station+line+platform/direction+destination+absolute_time,14,medium,False,bart_live_20260912_192815,
142,138,2000533,2000533,COLM,station+line+platform/direction+destination+absolute_time,15,medium,False,bart_live_20260912_192815,
143,165,2000534,2000534,COLM,station+line+platform/direction+destination+absolute_time,15,medium,False,bart_live_20260912_192815,
144,198,2000535,2000535,COLM,station+line+platform/direction+destination+absolute_time,15,medium,False,bart_live_20260912_192815,
339,306,2000530,2000530,ORIN,station+line+platform/direction+destination+absolute_time,15,medium,False,bart_live_20260912_192815,
1,124,2000532,2000532,12TH,station+line+platform/direction+destination+absolute_time,17,medium,False,bart_live_20260912_192815,
2,149,2000533,2000533,12TH,station+line+platform/direction+destination+absolute_time,17,medium,False,bart_live_20260912_192815,
37,105,2000531,2000531,19TH,station+line+platform/direction+destination+absolute_time,17,medium,False,bart_live_20260912_192815,
149,379,2000884,2000884,COLM,station+line+platform/direction+destination+absolute_time,17,medium,False,bart_live_20260912_192815,
150,408,2000885,2000885,COLM,station+line+platform/direction+destination+absolute_time,17,medium,False,bart_live_20260912_192815,
293,338,2000881,2000881,MCAR,station+line+platform/direction+destination+absolute_time,17,medium,False,bart_live_20260912_192815,
394,107,2000531,2000531,ROCK,station+line+platform/direction+destination+absolute_time,17,medium,False,bart_live_20260912_192815,
128,547,2001027,2001027,CIVC,station+line+platform/direction+destination+absolute_time,18,medium,False,bart_live_20260912_192815,
129,564,2001028,2001028,CIVC,station+line+platform/direction+destination+absolute_time,18,medium,False,bart_live_20260912_192815,
295,351,2000882,2000882,MCAR,station+line+platform/direction+destination+absolute_time,18,medium,False,bart_live_20260912_192815,
300,404,2000885,2000885,MLBR,station+line+platform/direction+destination+absolute_time,19,medium,False,bart_live_20260912_192815,
416,377,2000884,2000884,SBRN,station+line+platform/direction+destination+absolute_time,19,medium,False,bart_live_20260912_192815,
417,406,2000885,2000885,SBRN,station+line+platform/direction+destination+absolute_time,19,medium,False,bart_live_20260912_192815,
123,144,2000533,2000533,CIVC,station+line+platform/direction+destination+absolute_time,20,medium,False,bart_live_20260912_192815,
124,171,2000534,2000534,CIVC,station+line+platform/direction+destination+absolute_time,20,medium,False,bart_live_20260912_192815,
169,112,2000531,2000531,CONC,station+line+platform/direction+destination+absolute_time,20,medium,False,bart_live_20260912_192815,
349,603,693,693,PCTR,station+line+platform/direction+destination+absolute_time,20,medium,False,bart_live_20260912_192815,
350,606,695,695,PCTR,station+line+platform/direction+destination+absolute_time,20,medium,False,bart_live_20260912_192815,
351,609,697,697,PCTR,station+line+platform/direction+destination+absolute_time,20,medium,False,bart_live_20260912_192815,
465,558,2001027,2001027,WDUB,station+line+platform/direction+destination+absolute_time,20,medium,False,bart_live_20260912_192815,
466,575,2001028,2001028,WDUB,station+line+platform/direction+destination+absolute_time,20,medium,False,bart_live_20260912_192815,
468,123,2000532,2000532,WOAK,station+line+platform/direction+destination+absolute_time,20,medium,False,bart_live_20260912_192815,
167,278,2000529,2000529,CONC,station+line+platform/direction+destination+absolute_time,21,medium,False,bart_live_20260912_192815,
318,346,2000882,2000882,MONT,station+line+platform/direction+destination+absolute_time,21,medium,False,bart_live_20260912_192815,
353,309,2000530,2000530,PHIL,station+line+platform/direction+destination+absolute_time,21,medium,False,bart_live_20260912_192815,
369,355,2000882,2000882,PLZA,station+line+platform/direction+destination+absolute_time,21,medium,False,bart_live_20260912_192815,
410,136,2000533,2000533,SBRN,station+line+platform/direction+destination+absolute_time,21,medium,False,bart_live_20260912_192815,
411,163,2000534,2000534,SBRN,station+line+platform/direction+destination+absolute_time,21,medium,False,bart_live_20260912_192815,
412,196,2000535,2000535,SBRN,station+line+platform/direction+destination+absolute_time,21,medium,False,bart_live_20260912_192815,
136,385,2000884,2000884,CIVC,station+line+platform/direction+destination+absolute_time,22,medium,False,bart_live_20260912_192815,
266,109,2000531,2000531,LAFY,station+line+platform/direction+destination+absolute_time,22,medium,False,bart_live_20260912_192815,
267,129,2000532,2000532,LAFY,station+line+platform/direction+destination+absolute_time,22,medium,False,bart_live_20260912_192815,
312,549,2001027,2001027,MONT,station+line+platform/direction+destination+absolute_time,22,medium,False,bart_live_20260912_192815,
313,566,2001028,2001028,MONT,station+line+platform/direction+destination+absolute_time,22,medium,False,bart_live_20260912_192815,
332,354,2000882,2000882,NBRK,station+line+platform/direction+destination+absolute_time,22,medium,False,bart_live_20260912_192815,
478,348,2000882,2000882,WOAK,station+line+platform/direction+destination+absolute_time,22,medium,False,bart_live_20260912_192815,
479,367,2000883,2000883,WOAK,station+line+platform/direction+destination+absolute_time,22,medium,False,bart_live_20260912_192815,
162,554,2001027,2001027,COLS,station+line+platform/direction+destination+absolute_time,23,medium,False,bart_live_20260912_192815,
163,571,2001028,2001028,COLS,station+line+platform/direction+destination+absolute_time,23,medium,False,bart_live_20260912_192815,
196,353,2000882,2000882,DBRK,station+line+platform/direction+destination+absolute_time,23,medium,False,bart_live_20260912_192815,
237,53,2000603,2000603,FTVL,station+line+platform/direction+destination+absolute_time,23,medium,False,bart_live_20260912_192815,
330,341,2000881,2000881,NBRK,station+line+platform/direction+destination+absolute_time,23,medium,False,bart_live_20260912_192815,
307,146,2000533,2000533,MONT,station+line+platform/direction+destination+absolute_time,24,medium,False,bart_live_20260912_192815,
308,173,2000534,2000534,MONT,station+line+platform/direction+destination+absolute_time,24,medium,False,bart_live_20260912_192815,
340,108,2000531,2000531,ORIN,station+line+platform/direction+destination+absolute_time,24,medium,False,bart_live_20260912_192815,
467,103,2000531,2000531,WOAK,station+line+platform/direction+destination+absolute_time,24,medium,False,bart_live_20260912_192815,
135,363,2000883,2000883,CIVC,station+line+platform/direction+destination+absolute_time,25,medium,False,bart_live_20260912_192815,
207,122,2000532,2000532,EMBR,station+line+platform/direction+destination+absolute_time,26,medium,False,bart_live_20260912_192815,
320,387,2000884,2000884,MONT,station+line+platform/direction+destination+absolute_time,26,medium,False,bart_live_20260912_192815,
341,128,2000532,2000532,ORIN,station+line+platform/direction+destination+absolute_time,26,medium,False,bart_live_20260912_192815,
360,114,2000531,2000531,PITT,station+line+platform/direction+destination+absolute_time,26,medium,False,bart_live_20260912_192815,
472,489,2000970,2000970,WOAK,station+line+platform/direction+destination+absolute_time,56,high,False,bart_live_20260912_192815,
109,556,2001027,2001027,BAYF,station+line+platform/direction+destination+absolute_time,27,medium,False,bart_live_20260912_192815,
110,573,2001028,2001028,BAYF,station+line+platform/direction+destination+absolute_time,27,medium,False,bart_live_20260912_192815,
112,66,2000604,2000604,BAYF,station+line+platform/direction+destination+absolute_time,27,medium,False,bart_live_20260912_192815,
113,82,2000605,2000605,BAYF,station+line+platform/direction+destination+absolute_time,27,medium,False,bart_live_20260912_192815,
238,69,2000604,2000604,FTVL,station+line+platform/direction+destination+absolute_time,27,medium,False,bart_live_20260912_192815,
239,85,2000605,2000605,FTVL,station+line+platform/direction+destination+absolute_time,27,medium,False,bart_live_20260912_192815,
165,68,2000604,2000604,COLS,station+line+platform/direction+destination+absolute_time,28,medium,False,bart_live_20260912_192815,
166,84,2000605,2000605,COLS,station+line+platform/direction+destination+absolute_time,28,medium,False,bart_live_20260912_192815,
194,340,2000881,2000881,DBRK,station+line+platform/direction+destination+absolute_time,28,medium,False,bart_live_20260912_192815,
262,49,2000603,2000603,HAYW,station+line+platform/direction+destination+absolute_time,28,medium,False,bart_live_20260912_192815,
370,120,2000532,2000532,POWL,station+line+platform/direction+destination+absolute_time,28,medium,False,bart_live_20260912_192815,
286,126,2000532,2000532,MCAR,station+line+platform/direction+destination+absolute_time,29,medium,False,bart_live_20260912_192815,
287,151,2000533,2000533,MCAR,station+line+platform/direction+destination+absolute_time,29,medium,False,bart_live_20260912_192815,
319,365,2000883,2000883,MONT,station+line+platform/direction+destination+absolute_time,29,medium,False,bart_live_20260912_192815,
148,357,2000883,2000883,COLM,station+line+platform/direction+destination+absolute_time,30,medium,False,bart_live_20260912_192815,
265,307,2000530,2000530,LAFY,station+line+platform/direction+destination+absolute_time,30,medium,False,bart_live_20260912_192815,
4,12,2000660,2000660,12TH,station+line+platform/direction+destination+absolute_time,3,medium,False,bart_live_20260912_192815,
5,23,2000661,2000661,12TH,station+line+platform/direction+destination+absolute_time,3,medium,False,bart_live_20260912_192815,
9,55,2000603,2000603,12TH,station+line+platform/direction+destination+absolute_time,33,medium,False,bart_live_20260912_192815,
41,11,2000660,2000660,19TH,station+line+platform/direction+destination+absolute_time,3,medium,False,bart_live_20260912_192815,
42,22,2000661,2000661,19TH,station+line+platform/direction+destination+absolute_time,3,medium,False,bart_live_20260912_192815,
290,21,2000661,2000661,MCAR,station+line+platform/direction+destination+absolute_time,5,medium,False,bart_live_20260912_192815,
273,13,2000660,2000660,LAKE,station+line+platform/direction+destination+absolute_time,6,medium,False,bart_live_20260912_192815,
274,24,2000661,2000661,LAKE,station+line+platform/direction+destination+absolute_time,6,medium,False,bart_live_20260912_192815,
400,27,2000661,2000661,SANL,station+line+platform/direction+destination+absolute_time,6,medium,False,bart_live_20260912_192815,
401,43,2000662,2000662,SANL,station+line+platform/direction+destination+absolute_time,6,medium,False,bart_live_20260912_192815,
190,8,2000660,2000660,DBRK,station+line+platform/direction+destination+absolute_time,7,medium,False,bart_live_20260912_192815,
191,19,2000661,2000661,DBRK,station+line+platform/direction+destination+absolute_time,7,medium,False,bart_live_20260912_192815,
192,35,2000662,2000662,DBRK,station+line+platform/direction+destination+absolute_time,7,medium,False,bart_live_20260912_192815,
433,48,2000603,2000603,SHAY,station+line+platform/direction+destination+absolute_time,38,medium,False,bart_live_20260912_192815,
327,18,2000661,2000661,NBRK,station+line+platform/direction+destination+absolute_time,9,medium,False,bart_live_20260912_192815,
328,34,2000662,2000662,NBRK,station+line+platform/direction+destination+absolute_time,9,medium,False,bart_live_20260912_192815,
229,14,2000660,2000660,FTVL,station+line+platform/direction+destination+absolute_time,11,medium,False,bart_live_20260912_192815,
282,54,2000603,2000603,LAKE,station+line+platform/direction+destination+absolute_time,41,medium,False,bart_live_20260912_192815,
363,6,2000660,2000660,PLZA,station+line+platform/direction+destination+absolute_time,11,medium,False,bart_live_20260912_192815,
76,9,2000660,2000660,ASHB,station+line+platform/direction+destination+absolute_time,12,medium,False,bart_live_20260912_192815,
77,20,2000661,2000661,ASHB,station+line+platform/direction+destination+absolute_time,12,medium,False,bart_live_20260912_192815,
78,36,2000662,2000662,ASHB,station+line+platform/direction+destination+absolute_time,12,medium,False,bart_live_20260912_192815,
134,344,2000882,2000882,CIVC,station+line+platform/direction+destination+absolute_time,45,medium,False,bart_live_20260912_192815,
157,26,2000661,2000661,COLS,station+line+platform/direction+destination+absolute_time,15,medium,False,bart_live_20260912_192815,
158,42,2000662,2000662,COLS,station+line+platform/direction+destination+absolute_time,15,medium,False,bart_live_20260912_192815,
393,305,2000530,2000530,ROCK,station+line+platform/direction+destination+absolute_time,46,medium,False,bart_live_20260912_192815,
272,3,2000659,2000659,LAKE,station+line+platform/direction+destination+absolute_time,17,medium,False,bart_live_20260912_192815,
352,277,2000529,2000529,PHIL,station+line+platform/direction+destination+absolute_time,47,medium,False,bart_live_20260912_192815,
364,17,2000661,2000661,PLZA,station+line+platform/direction+destination+absolute_time,19,medium,False,bart_live_20260912_192815,
365,33,2000662,2000662,PLZA,station+line+platform/direction+destination+absolute_time,19,medium,False,bart_live_20260912_192815,
260,29,2000661,2000661,HAYW,station+line+platform/direction+destination+absolute_time,21,medium,False,bart_live_20260912_192815,
261,45,2000662,2000662,HAYW,station+line+platform/direction+destination+absolute_time,21,medium,False,bart_live_20260912_192815,
40,1,2000659,2000659,19TH,station+line+platform/direction+destination+absolute_time,22,medium,False,bart_live_20260912_192815,
326,7,2000660,2000660,NBRK,station+line+platform/direction+destination+absolute_time,22,medium,False,bart_live_20260912_192815,
104,28,2000661,2000661,BAYF,station+line+platform/direction+destination+absolute_time,25,medium,False,bart_live_20260912_192815,
105,44,2000662,2000662,BAYF,station+line+platform/direction+destination+absolute_time,25,medium,False,bart_live_20260912_192815,
228,4,2000659,2000659,FTVL,station+line+platform/direction+destination+absolute_time,25,medium,False,bart_live_20260912_192815,
111,50,2000603,2000603,BAYF,station+line+platform/direction+destination+absolute_time,56,medium,False,bart_live_20260912_192815,
289,10,2000660,2000660,MCAR,station+line+platform/direction+destination+absolute_time,26,medium,False,bart_live_20260912_192815,
390,15,2000661,2000661,RICH,station+line+platform/direction+destination+absolute_time,26,medium,False,bart_live_20260912_192815,
391,31,2000662,2000662,RICH,station+line+platform/direction+destination+absolute_time,26,medium,False,bart_live_20260912_192815,
431,30,2000661,2000661,SHAY,station+line+platform/direction+destination+absolute_time,26,medium,False,bart_live_20260912_192815,
432,46,2000662,2000662,SHAY,station+line+platform/direction+destination+absolute_time,26,medium,False,bart_live_20260912_192815,
198,16,2000661,2000661,DELN,station+line+platform/direction+destination+absolute_time,27,medium,False,bart_live_20260912_192815,
199,32,2000662,2000662,DELN,station+line+platform/direction+destination+absolute_time,27,medium,False,bart_live_20260912_192815,
407,51,2000603,2000603,SANL,station+line+platform/direction+destination+absolute_time,65,medium,False,bart_live_20260912_192815,
346,600,690,690,PCTR,station+line+platform/direction+destination+absolute_time,12,medium,False,bart_live_20260912_192815,
347,601,692,692,PCTR,station+line+platform/direction+destination+absolute_time,12,medium,False,bart_live_20260912_192815,
348,604,694,694,PCTR,station+line+platform/direction+destination+absolute_time,12,medium,False,bart_live_20260912_192815,
450,47,2000603,2000603,UCTY,station+line+platform/direction+destination+absolute_time,73,medium,False,bart_live_20260912_192815,
114,95,2002094,2002094,BERY,station+line+platform/direction+destination+absolute_time,20,medium,False,bart_live_20260912_192815,
115,101,2002177,2002177,BERY,station+line+platform/direction+destination+absolute_time,20,medium,False,bart_live_20260912_192815,
304,96,2002094,2002094,MLPT,station+line+platform/direction+destination+absolute_time,24,medium,False,bart_live_20260912_192815,
305,102,2002177,2002177,MLPT,station+line+platform/direction+destination+absolute_time,24,medium,False,bart_live_20260912_192815,
197,5,2000660,2000660,DELN,station+line+platform/direction+destination+absolute_time,76,medium,False,bart_live_20260912_192815,
3,2,2000659,2000659,12TH,station+line+platform/direction+destination+absolute_time,111,medium,False,bart_live_20260912_192815,
288,0,2000659,2000659,MCAR,station+line+platform/direction+destination+absolute_time,125,low,False,bart_live_20260912_192815,
19,,,,16TH,unmatched,,unmatched,False,bart_live_20260912_192815,no unique GTFS-RT stop within 180 seconds
20,,,,16TH,unmatched,,unmatched,False,bart_live_20260912_192815,no unique GTFS-RT stop within 180 seconds
21,,,,16TH,unmatched,,unmatched,False,bart_live_20260912_192815,canceled
24,,,,16TH,unmatched,,unmatched,False,bart_live_20260912_192815,no unique GTFS-RT stop within 180 seconds
45,,,,19TH,unmatched,,unmatched,False,bart_live_20260912_192815,no unique GTFS-RT stop within 180 seconds
56,,,,24TH,unmatched,,unmatched,False,bart_live_20260912_192815,no unique GTFS-RT stop within 180 seconds
57,,,,24TH,unmatched,,unmatched,False,bart_live_20260912_192815,no unique GTFS-RT stop within 180 seconds
58,,,,24TH,unmatched,,unmatched,False,bart_live_20260912_192815,canceled
82,,,,ASHB,unmatched,,unmatched,False,bart_live_20260912_192815,no unique GTFS-RT stop within 180 seconds
87,,,,BALB,unmatched,,unmatched,False,bart_live_20260912_192815,no unique GTFS-RT stop within 180 seconds
88,,,,BALB,unmatched,,unmatched,False,bart_live_20260912_192815,no unique GTFS-RT stop within 180 seconds
89,,,,BALB,unmatched,,unmatched,False,bart_live_20260912_192815,canceled
116,,,,CAST,unmatched,,unmatched,False,bart_live_20260912_192815,canceled
119,,,,CAST,unmatched,,unmatched,False,bart_live_20260912_192815,no unique GTFS-RT stop within 180 seconds
125,,,,CIVC,unmatched,,unmatched,False,bart_live_20260912_192815,no unique GTFS-RT stop within 180 seconds
126,,,,CIVC,unmatched,,unmatched,False,bart_live_20260912_192815,no unique GTFS-RT stop within 180 seconds
127,,,,CIVC,unmatched,,unmatched,False,bart_live_20260912_192815,canceled
130,,,,CIVC,unmatched,,unmatched,False,bart_live_20260912_192815,no unique GTFS-RT stop within 180 seconds
159,,,,COLS,unmatched,,unmatched,False,bart_live_20260912_192815,canceled
195,,,,DBRK,unmatched,,unmatched,False,bart_live_20260912_192815,no unique GTFS-RT stop within 180 seconds
201,,,,DELN,unmatched,,unmatched,False,bart_live_20260912_192815,no unique GTFS-RT stop within 180 seconds
203,,,,DELN,unmatched,,unmatched,False,bart_live_20260912_192815,no unique GTFS-RT stop within 180 seconds
204,,,,DUBL,unmatched,,unmatched,False,bart_live_20260912_192815,canceled
210,,,,EMBR,unmatched,,unmatched,False,bart_live_20260912_192815,no unique GTFS-RT stop within 180 seconds
211,,,,EMBR,unmatched,,unmatched,False,bart_live_20260912_192815,no unique GTFS-RT stop within 180 seconds
212,,,,EMBR,unmatched,,unmatched,False,bart_live_20260912_192815,canceled
215,,,,EMBR,unmatched,,unmatched,False,bart_live_20260912_192815,no unique GTFS-RT stop within 180 seconds
227,,,,FTVL,unmatched,,unmatched,False,bart_live_20260912_192815,no unique GTFS-RT stop within 180 seconds
230,,,,FTVL,unmatched,,unmatched,False,bart_live_20260912_192815,canceled
235,,,,FTVL,unmatched,,unmatched,False,bart_live_20260912_192815,no unique GTFS-RT stop within 180 seconds
236,,,,FTVL,unmatched,,unmatched,False,bart_live_20260912_192815,no unique GTFS-RT stop within 180 seconds
243,,,,GLEN,unmatched,,unmatched,False,bart_live_20260912_192815,no unique GTFS-RT stop within 180 seconds
244,,,,GLEN,unmatched,,unmatched,False,bart_live_20260912_192815,no unique GTFS-RT stop within 180 seconds
245,,,,GLEN,unmatched,,unmatched,False,bart_live_20260912_192815,canceled
275,,,,LAKE,unmatched,,unmatched,False,bart_live_20260912_192815,no unique GTFS-RT stop within 180 seconds
276,,,,LAKE,unmatched,,unmatched,False,bart_live_20260912_192815,canceled
280,,,,LAKE,unmatched,,unmatched,False,bart_live_20260912_192815,no unique GTFS-RT stop within 180 seconds
281,,,,LAKE,unmatched,,unmatched,False,bart_live_20260912_192815,no unique GTFS-RT stop within 180 seconds
294,,,,MCAR,unmatched,,unmatched,False,bart_live_20260912_192815,no unique GTFS-RT stop within 180 seconds
301,,,,MLBR,unmatched,,unmatched,False,bart_live_20260912_192815,no unique GTFS-RT stop within 180 seconds
309,,,,MONT,unmatched,,unmatched,False,bart_live_20260912_192815,no unique GTFS-RT stop within 180 seconds
310,,,,MONT,unmatched,,unmatched,False,bart_live_20260912_192815,no unique GTFS-RT stop within 180 seconds
311,,,,MONT,unmatched,,unmatched,False,bart_live_20260912_192815,canceled
314,,,,MONT,unmatched,,unmatched,False,bart_live_20260912_192815,no unique GTFS-RT stop within 180 seconds
331,,,,NBRK,unmatched,,unmatched,False,bart_live_20260912_192815,no unique GTFS-RT stop within 180 seconds
368,,,,PLZA,unmatched,,unmatched,False,bart_live_20260912_192815,no unique GTFS-RT stop within 180 seconds
373,,,,POWL,unmatched,,unmatched,False,bart_live_20260912_192815,no unique GTFS-RT stop within 180 seconds
374,,,,POWL,unmatched,,unmatched,False,bart_live_20260912_192815,no unique GTFS-RT stop within 180 seconds
375,,,,POWL,unmatched,,unmatched,False,bart_live_20260912_192815,canceled
378,,,,POWL,unmatched,,unmatched,False,bart_live_20260912_192815,no unique GTFS-RT stop within 180 seconds
424,,,,SFIA,unmatched,,unmatched,False,bart_live_20260912_192815,no unique GTFS-RT stop within 180 seconds
461,,,,WDUB,unmatched,,unmatched,False,bart_live_20260912_192815,canceled
464,,,,WDUB,unmatched,,unmatched,False,bart_live_20260912_192815,no unique GTFS-RT stop within 180 seconds
470,,,,WOAK,unmatched,,unmatched,False,bart_live_20260912_192815,no unique GTFS-RT stop within 180 seconds
471,,,,WOAK,unmatched,,unmatched,False,bart_live_20260912_192815,canceled
475,,,,WOAK,unmatched,,unmatched,False,bart_live_20260912_192815,no unique GTFS-RT stop within 180 seconds
,25,2000661,2000661,FTVL,gtfsrt_only,,unmatched,False,bart_live_20260912_192815,no ETD row with compatible station/line/time
,37,2000662,2000662,MCAR,gtfsrt_only,,unmatched,False,bart_live_20260912_192815,no ETD row with compatible station/line/time
,38,2000662,2000662,19TH,gtfsrt_only,,unmatched,False,bart_live_20260912_192815,no ETD row with compatible station/line/time
,39,2000662,2000662,12TH,gtfsrt_only,,unmatched,False,bart_live_20260912_192815,no ETD row with compatible station/line/time
,40,2000662,2000662,LAKE,gtfsrt_only,,unmatched,False,bart_live_20260912_192815,no ETD row with compatible station/line/time
,41,2000662,2000662,FTVL,gtfsrt_only,,unmatched,False,bart_live_20260912_192815,no ETD row with compatible station/line/time
,57,2000603,2000603,MCAR,gtfsrt_only,,unmatched,False,bart_live_20260912_192815,no ETD row with compatible station/line/time
,58,2000603,2000603,ASHB,gtfsrt_only,,unmatched,False,bart_live_20260912_192815,no ETD row with compatible station/line/time
,59,2000603,2000603,DBRK,gtfsrt_only,,unmatched,False,bart_live_20260912_192815,no ETD row with compatible station/line/time
,60,2000603,2000603,NBRK,gtfsrt_only,,unmatched,False,bart_live_20260912_192815,no ETD row with compatible station/line/time
,61,2000603,2000603,PLZA,gtfsrt_only,,unmatched,False,bart_live_20260912_192815,no ETD row with compatible station/line/time
,62,2000603,2000603,DELN,gtfsrt_only,,unmatched,False,bart_live_20260912_192815,no ETD row with compatible station/line/time
,71,2000604,2000604,12TH,gtfsrt_only,,unmatched,False,bart_live_20260912_192815,no ETD row with compatible station/line/time
,72,2000604,2000604,19TH,gtfsrt_only,,unmatched,False,bart_live_20260912_192815,no ETD row with compatible station/line/time
,73,2000604,2000604,MCAR,gtfsrt_only,,unmatched,False,bart_live_20260912_192815,no ETD row with compatible station/line/time
,74,2000604,2000604,ASHB,gtfsrt_only,,unmatched,False,bart_live_20260912_192815,no ETD row with compatible station/line/time
,75,2000604,2000604,DBRK,gtfsrt_only,,unmatched,False,bart_live_20260912_192815,no ETD row with compatible station/line/time
,76,2000604,2000604,NBRK,gtfsrt_only,,unmatched,False,bart_live_20260912_192815,no ETD row with compatible station/line/time
,77,2000604,2000604,PLZA,gtfsrt_only,,unmatched,False,bart_live_20260912_192815,no ETD row with compatible station/line/time
,78,2000604,2000604,DELN,gtfsrt_only,,unmatched,False,bart_live_20260912_192815,no ETD row with compatible station/line/time
,87,2000605,2000605,12TH,gtfsrt_only,,unmatched,False,bart_live_20260912_192815,no ETD row with compatible station/line/time
,88,2000605,2000605,19TH,gtfsrt_only,,unmatched,False,bart_live_20260912_192815,no ETD row with compatible station/line/time
,89,2000605,2000605,MCAR,gtfsrt_only,,unmatched,False,bart_live_20260912_192815,no ETD row with compatible station/line/time
,90,2000605,2000605,ASHB,gtfsrt_only,,unmatched,False,bart_live_20260912_192815,no ETD row with compatible station/line/time
,91,2000605,2000605,DBRK,gtfsrt_only,,unmatched,False,bart_live_20260912_192815,no ETD row with compatible station/line/time
,92,2000605,2000605,NBRK,gtfsrt_only,,unmatched,False,bart_live_20260912_192815,no ETD row with compatible station/line/time
,93,2000605,2000605,PLZA,gtfsrt_only,,unmatched,False,bart_live_20260912_192815,no ETD row with compatible station/line/time
,94,2000605,2000605,DELN,gtfsrt_only,,unmatched,False,bart_live_20260912_192815,no ETD row with compatible station/line/time
,131,2000532,2000532,PHIL,gtfsrt_only,,unmatched,False,bart_live_20260912_192815,no ETD row with compatible station/line/time
,132,2000532,2000532,CONC,gtfsrt_only,,unmatched,False,bart_live_20260912_192815,no ETD row with compatible station/line/time
,133,2000532,2000532,NCON,gtfsrt_only,,unmatched,False,bart_live_20260912_192815,no ETD row with compatible station/line/time
,134,2000532,2000532,PITT,gtfsrt_only,,unmatched,False,bart_live_20260912_192815,no ETD row with compatible station/line/time
,135,2000533,2000533,SFIA,gtfsrt_only,,unmatched,False,bart_live_20260912_192815,no ETD row with compatible station/line/time
,152,2000533,2000533,ROCK,gtfsrt_only,,unmatched,False,bart_live_20260912_192815,no ETD row with compatible station/line/time
,153,2000533,2000533,ORIN,gtfsrt_only,,unmatched,False,bart_live_20260912_192815,no ETD row with compatible station/line/time
,154,2000533,2000533,LAFY,gtfsrt_only,,unmatched,False,bart_live_20260912_192815,no ETD row with compatible station/line/time
,155,2000533,2000533,WCRK,gtfsrt_only,,unmatched,False,bart_live_20260912_192815,no ETD row with compatible station/line/time
,156,2000533,2000533,PHIL,gtfsrt_only,,unmatched,False,bart_live_20260912_192815,no ETD row with compatible station/line/time
,157,2000533,2000533,CONC,gtfsrt_only,,unmatched,False,bart_live_20260912_192815,no ETD row with compatible station/line/time
,158,2000533,2000533,NCON,gtfsrt_only,,unmatched,False,bart_live_20260912_192815,no ETD row with compatible station/line/time
,159,2000533,2000533,PITT,gtfsrt_only,,unmatched,False,bart_live_20260912_192815,no ETD row with compatible station/line/time
,175,2000534,2000534,WOAK,gtfsrt_only,,unmatched,False,bart_live_20260912_192815,no ETD row with compatible station/line/time
,176,2000534,2000534,12TH,gtfsrt_only,,unmatched,False,bart_live_20260912_192815,no ETD row with compatible station/line/time
,177,2000534,2000534,19TH,gtfsrt_only,,unmatched,False,bart_live_20260912_192815,no ETD row with compatible station/line/time
,178,2000534,2000534,MCAR,gtfsrt_only,,unmatched,False,bart_live_20260912_192815,no ETD row with compatible station/line/time
,179,2000534,2000534,ROCK,gtfsrt_only,,unmatched,False,bart_live_20260912_192815,no ETD row with compatible station/line/time
,180,2000534,2000534,ORIN,gtfsrt_only,,unmatched,False,bart_live_20260912_192815,no ETD row with compatible station/line/time
,181,2000534,2000534,LAFY,gtfsrt_only,,unmatched,False,bart_live_20260912_192815,no ETD row with compatible station/line/time
,182,2000534,2000534,WCRK,gtfsrt_only,,unmatched,False,bart_live_20260912_192815,no ETD row with compatible station/line/time
,183,2000534,2000534,PHIL,gtfsrt_only,,unmatched,False,bart_live_20260912_192815,no ETD row with compatible station/line/time
,184,2000534,2000534,CONC,gtfsrt_only,,unmatched,False,bart_live_20260912_192815,no ETD row with compatible station/line/time
,185,2000534,2000534,NCON,gtfsrt_only,,unmatched,False,bart_live_20260912_192815,no ETD row with compatible station/line/time
,186,2000534,2000534,PITT,gtfsrt_only,,unmatched,False,bart_live_20260912_192815,no ETD row with compatible station/line/time
,200,2000535,2000535,BALB,gtfsrt_only,,unmatched,False,bart_live_20260912_192815,no ETD row with compatible station/line/time
,201,2000535,2000535,GLEN,gtfsrt_only,,unmatched,False,bart_live_20260912_192815,no ETD row with compatible station/line/time
,202,2000535,2000535,24TH,gtfsrt_only,,unmatched,False,bart_live_20260912_192815,no ETD row with compatible station/line/time
,203,2000535,2000535,16TH,gtfsrt_only,,unmatched,False,bart_live_20260912_192815,no ETD row with compatible station/line/time
,204,2000535,2000535,CIVC,gtfsrt_only,,unmatched,False,bart_live_20260912_192815,no ETD row with compatible station/line/time
,205,2000535,2000535,POWL,gtfsrt_only,,unmatched,False,bart_live_20260912_192815,no ETD row with compatible station/line/time
,206,2000535,2000535,MONT,gtfsrt_only,,unmatched,False,bart_live_20260912_192815,no ETD row with compatible station/line/time
,207,2000535,2000535,EMBR,gtfsrt_only,,unmatched,False,bart_live_20260912_192815,no ETD row with compatible station/line/time
,208,2000535,2000535,WOAK,gtfsrt_only,,unmatched,False,bart_live_20260912_192815,no ETD row with compatible station/line/time
,209,2000535,2000535,12TH,gtfsrt_only,,unmatched,False,bart_live_20260912_192815,no ETD row with compatible station/line/time
,210,2000535,2000535,19TH,gtfsrt_only,,unmatched,False,bart_live_20260912_192815,no ETD row with compatible station/line/time
,211,2000535,2000535,MCAR,gtfsrt_only,,unmatched,False,bart_live_20260912_192815,no ETD row with compatible station/line/time
,212,2000535,2000535,ROCK,gtfsrt_only,,unmatched,False,bart_live_20260912_192815,no ETD row with compatible station/line/time
,213,2000535,2000535,ORIN,gtfsrt_only,,unmatched,False,bart_live_20260912_192815,no ETD row with compatible station/line/time
,214,2000535,2000535,LAFY,gtfsrt_only,,unmatched,False,bart_live_20260912_192815,no ETD row with compatible station/line/time
,215,2000535,2000535,WCRK,gtfsrt_only,,unmatched,False,bart_live_20260912_192815,no ETD row with compatible station/line/time
,216,2000535,2000535,PHIL,gtfsrt_only,,unmatched,False,bart_live_20260912_192815,no ETD row with compatible station/line/time
,217,2000535,2000535,CONC,gtfsrt_only,,unmatched,False,bart_live_20260912_192815,no ETD row with compatible station/line/time
,218,2000535,2000535,NCON,gtfsrt_only,,unmatched,False,bart_live_20260912_192815,no ETD row with compatible station/line/time
,219,2000535,2000535,PITT,gtfsrt_only,,unmatched,False,bart_live_20260912_192815,no ETD row with compatible station/line/time
,252,2000419,2000419,SSAN,gtfsrt_only,,unmatched,False,bart_live_20260912_192815,no ETD row with compatible station/line/time
,253,2000419,2000419,SBRN,gtfsrt_only,,unmatched,False,bart_live_20260912_192815,no ETD row with compatible station/line/time
,337,400192630,400192630,MLBR,gtfsrt_only,,unmatched,False,bart_live_20260912_192815,no ETD row with compatible station/line/time
,356,2000882,2000882,DELN,gtfsrt_only,,unmatched,False,bart_live_20260912_192815,no ETD row with compatible station/line/time
,369,2000883,2000883,19TH,gtfsrt_only,,unmatched,False,bart_live_20260912_192815,no ETD row with compatible station/line/time
,370,2000883,2000883,MCAR,gtfsrt_only,,unmatched,False,bart_live_20260912_192815,no ETD row with compatible station/line/time
,371,2000883,2000883,ASHB,gtfsrt_only,,unmatched,False,bart_live_20260912_192815,no ETD row with compatible station/line/time
,372,2000883,2000883,DBRK,gtfsrt_only,,unmatched,False,bart_live_20260912_192815,no ETD row with compatible station/line/time
,373,2000883,2000883,NBRK,gtfsrt_only,,unmatched,False,bart_live_20260912_192815,no ETD row with compatible station/line/time
,374,2000883,2000883,PLZA,gtfsrt_only,,unmatched,False,bart_live_20260912_192815,no ETD row with compatible station/line/time
,375,2000883,2000883,DELN,gtfsrt_only,,unmatched,False,bart_live_20260912_192815,no ETD row with compatible station/line/time
,390,2000884,2000884,12TH,gtfsrt_only,,unmatched,False,bart_live_20260912_192815,no ETD row with compatible station/line/time
,391,2000884,2000884,19TH,gtfsrt_only,,unmatched,False,bart_live_20260912_192815,no ETD row with compatible station/line/time
,392,2000884,2000884,MCAR,gtfsrt_only,,unmatched,False,bart_live_20260912_192815,no ETD row with compatible station/line/time
,393,2000884,2000884,ASHB,gtfsrt_only,,unmatched,False,bart_live_20260912_192815,no ETD row with compatible station/line/time
,394,2000884,2000884,DBRK,gtfsrt_only,,unmatched,False,bart_live_20260912_192815,no ETD row with compatible station/line/time
,395,2000884,2000884,NBRK,gtfsrt_only,,unmatched,False,bart_live_20260912_192815,no ETD row with compatible station/line/time
,396,2000884,2000884,PLZA,gtfsrt_only,,unmatched,False,bart_live_20260912_192815,no ETD row with compatible station/line/time
,397,2000884,2000884,DELN,gtfsrt_only,,unmatched,False,bart_live_20260912_192815,no ETD row with compatible station/line/time
,414,2000885,2000885,CIVC,gtfsrt_only,,unmatched,False,bart_live_20260912_192815,no ETD row with compatible station/line/time
,415,2000885,2000885,POWL,gtfsrt_only,,unmatched,False,bart_live_20260912_192815,no ETD row with compatible station/line/time
,416,2000885,2000885,MONT,gtfsrt_only,,unmatched,False,bart_live_20260912_192815,no ETD row with compatible station/line/time
,417,2000885,2000885,EMBR,gtfsrt_only,,unmatched,False,bart_live_20260912_192815,no ETD row with compatible station/line/time
,418,2000885,2000885,WOAK,gtfsrt_only,,unmatched,False,bart_live_20260912_192815,no ETD row with compatible station/line/time
,419,2000885,2000885,12TH,gtfsrt_only,,unmatched,False,bart_live_20260912_192815,no ETD row with compatible station/line/time
,420,2000885,2000885,19TH,gtfsrt_only,,unmatched,False,bart_live_20260912_192815,no ETD row with compatible station/line/time
,421,2000885,2000885,MCAR,gtfsrt_only,,unmatched,False,bart_live_20260912_192815,no ETD row with compatible station/line/time
,422,2000885,2000885,ASHB,gtfsrt_only,,unmatched,False,bart_live_20260912_192815,no ETD row with compatible station/line/time
,423,2000885,2000885,DBRK,gtfsrt_only,,unmatched,False,bart_live_20260912_192815,no ETD row with compatible station/line/time
,424,2000885,2000885,NBRK,gtfsrt_only,,unmatched,False,bart_live_20260912_192815,no ETD row with compatible station/line/time
,425,2000885,2000885,PLZA,gtfsrt_only,,unmatched,False,bart_live_20260912_192815,no ETD row with compatible station/line/time
,426,2000885,2000885,DELN,gtfsrt_only,,unmatched,False,bart_live_20260912_192815,no ETD row with compatible station/line/time
,466,2000846,2000846,WOAK,gtfsrt_only,,unmatched,False,bart_live_20260912_192815,no ETD row with compatible station/line/time
,467,2000846,2000846,EMBR,gtfsrt_only,,unmatched,False,bart_live_20260912_192815,no ETD row with compatible station/line/time
,469,2000846,2000846,POWL,gtfsrt_only,,unmatched,False,bart_live_20260912_192815,no ETD row with compatible station/line/time
,474,2000846,2000846,BALB,gtfsrt_only,,unmatched,False,bart_live_20260912_192815,no ETD row with compatible station/line/time
,475,2000846,2000846,DALY,gtfsrt_only,,unmatched,False,bart_live_20260912_192815,no ETD row with compatible station/line/time
,476,2000846,2000846,COLM,gtfsrt_only,,unmatched,False,bart_live_20260912_192815,no ETD row with compatible station/line/time
,477,2000846,2000846,SSAN,gtfsrt_only,,unmatched,False,bart_live_20260912_192815,no ETD row with compatible station/line/time
,478,2000846,2000846,SBRN,gtfsrt_only,,unmatched,False,bart_live_20260912_192815,no ETD row with compatible station/line/time
,479,500192710,500192710,CAST,gtfsrt_only,,unmatched,False,bart_live_20260912_192815,no ETD row with compatible station/line/time
,480,500192710,500192710,WDUB,gtfsrt_only,,unmatched,False,bart_live_20260912_192815,no ETD row with compatible station/line/time
,490,2000970,2000970,EMBR,gtfsrt_only,,unmatched,False,bart_live_20260912_192815,no ETD row with compatible station/line/time
,491,2000970,2000970,MONT,gtfsrt_only,,unmatched,False,bart_live_20260912_192815,no ETD row with compatible station/line/time
,492,2000970,2000970,POWL,gtfsrt_only,,unmatched,False,bart_live_20260912_192815,no ETD row with compatible station/line/time
,493,2000970,2000970,CIVC,gtfsrt_only,,unmatched,False,bart_live_20260912_192815,no ETD row with compatible station/line/time
,494,2000970,2000970,16TH,gtfsrt_only,,unmatched,False,bart_live_20260912_192815,no ETD row with compatible station/line/time
,495,2000970,2000970,24TH,gtfsrt_only,,unmatched,False,bart_live_20260912_192815,no ETD row with compatible station/line/time
,496,2000970,2000970,GLEN,gtfsrt_only,,unmatched,False,bart_live_20260912_192815,no ETD row with compatible station/line/time
,497,2000970,2000970,BALB,gtfsrt_only,,unmatched,False,bart_live_20260912_192815,no ETD row with compatible station/line/time
,505,2000971,2000971,LAKE,gtfsrt_only,,unmatched,False,bart_live_20260912_192815,no ETD row with compatible station/line/time
,506,2000971,2000971,WOAK,gtfsrt_only,,unmatched,False,bart_live_20260912_192815,no ETD row with compatible station/line/time
,507,2000971,2000971,EMBR,gtfsrt_only,,unmatched,False,bart_live_20260912_192815,no ETD row with compatible station/line/time
,508,2000971,2000971,MONT,gtfsrt_only,,unmatched,False,bart_live_20260912_192815,no ETD row with compatible station/line/time
,509,2000971,2000971,POWL,gtfsrt_only,,unmatched,False,bart_live_20260912_192815,no ETD row with compatible station/line/time
,510,2000971,2000971,CIVC,gtfsrt_only,,unmatched,False,bart_live_20260912_192815,no ETD row with compatible station/line/time
,511,2000971,2000971,16TH,gtfsrt_only,,unmatched,False,bart_live_20260912_192815,no ETD row with compatible station/line/time
,512,2000971,2000971,24TH,gtfsrt_only,,unmatched,False,bart_live_20260912_192815,no ETD row with compatible station/line/time
,513,2000971,2000971,GLEN,gtfsrt_only,,unmatched,False,bart_live_20260912_192815,no ETD row with compatible station/line/time
,514,2000971,2000971,BALB,gtfsrt_only,,unmatched,False,bart_live_20260912_192815,no ETD row with compatible station/line/time
,515,2000972,2000972,DUBL,gtfsrt_only,,unmatched,False,bart_live_20260912_192815,no ETD row with compatible station/line/time
,516,2000972,2000972,WDUB,gtfsrt_only,,unmatched,False,bart_live_20260912_192815,no ETD row with compatible station/line/time
,517,2000972,2000972,CAST,gtfsrt_only,,unmatched,False,bart_live_20260912_192815,no ETD row with compatible station/line/time
,520,2000972,2000972,COLS,gtfsrt_only,,unmatched,False,bart_live_20260912_192815,no ETD row with compatible station/line/time
,521,2000972,2000972,FTVL,gtfsrt_only,,unmatched,False,bart_live_20260912_192815,no ETD row with compatible station/line/time
,522,2000972,2000972,LAKE,gtfsrt_only,,unmatched,False,bart_live_20260912_192815,no ETD row with compatible station/line/time
,523,2000972,2000972,WOAK,gtfsrt_only,,unmatched,False,bart_live_20260912_192815,no ETD row with compatible station/line/time
,524,2000972,2000972,EMBR,gtfsrt_only,,unmatched,False,bart_live_20260912_192815,no ETD row with compatible station/line/time
,525,2000972,2000972,MONT,gtfsrt_only,,unmatched,False,bart_live_20260912_192815,no ETD row with compatible station/line/time
,526,2000972,2000972,POWL,gtfsrt_only,,unmatched,False,bart_live_20260912_192815,no ETD row with compatible station/line/time
,527,2000972,2000972,CIVC,gtfsrt_only,,unmatched,False,bart_live_20260912_192815,no ETD row with compatible station/line/time
,528,2000972,2000972,16TH,gtfsrt_only,,unmatched,False,bart_live_20260912_192815,no ETD row with compatible station/line/time
,529,2000972,2000972,24TH,gtfsrt_only,,unmatched,False,bart_live_20260912_192815,no ETD row with compatible station/line/time
,530,2000972,2000972,GLEN,gtfsrt_only,,unmatched,False,bart_live_20260912_192815,no ETD row with compatible station/line/time
,531,2000972,2000972,BALB,gtfsrt_only,,unmatched,False,bart_live_20260912_192815,no ETD row with compatible station/line/time
,532,2001025,2001025,LAKE,gtfsrt_only,,unmatched,False,bart_live_20260912_192815,no ETD row with compatible station/line/time
,533,2001025,2001025,FTVL,gtfsrt_only,,unmatched,False,bart_live_20260912_192815,no ETD row with compatible station/line/time
,534,2001026,2001026,16TH,gtfsrt_only,,unmatched,False,bart_live_20260912_192815,no ETD row with compatible station/line/time
,535,2001026,2001026,CIVC,gtfsrt_only,,unmatched,False,bart_live_20260912_192815,no ETD row with compatible station/line/time
,536,2001026,2001026,POWL,gtfsrt_only,,unmatched,False,bart_live_20260912_192815,no ETD row with compatible station/line/time
,537,2001026,2001026,MONT,gtfsrt_only,,unmatched,False,bart_live_20260912_192815,no ETD row with compatible station/line/time
,538,2001026,2001026,EMBR,gtfsrt_only,,unmatched,False,bart_live_20260912_192815,no ETD row with compatible station/line/time
,539,2001026,2001026,WOAK,gtfsrt_only,,unmatched,False,bart_live_20260912_192815,no ETD row with compatible station/line/time
,540,2001026,2001026,LAKE,gtfsrt_only,,unmatched,False,bart_live_20260912_192815,no ETD row with compatible station/line/time
,541,2001026,2001026,FTVL,gtfsrt_only,,unmatched,False,bart_live_20260912_192815,no ETD row with compatible station/line/time
,576,2000969,2000969,DUBL,gtfsrt_only,,unmatched,False,bart_live_20260912_192815,no ETD row with compatible station/line/time
,577,2000969,2000969,WDUB,gtfsrt_only,,unmatched,False,bart_live_20260912_192815,no ETD row with compatible station/line/time
,578,2000969,2000969,CAST,gtfsrt_only,,unmatched,False,bart_live_20260912_192815,no ETD row with compatible station/line/time
,579,2000969,2000969,COLS,gtfsrt_only,,unmatched,False,bart_live_20260912_192815,no ETD row with compatible station/line/time
,580,2000969,2000969,FTVL,gtfsrt_only,,unmatched,False,bart_live_20260912_192815,no ETD row with compatible station/line/time
,581,2000969,2000969,LAKE,gtfsrt_only,,unmatched,False,bart_live_20260912_192815,no ETD row with compatible station/line/time
,584,2000969,2000969,MONT,gtfsrt_only,,unmatched,False,bart_live_20260912_192815,no ETD row with compatible station/line/time
,586,2000969,2000969,CIVC,gtfsrt_only,,unmatched,False,bart_live_20260912_192815,no ETD row with compatible station/line/time
,587,2000969,2000969,16TH,gtfsrt_only,,unmatched,False,bart_live_20260912_192815,no ETD row with compatible station/line/time
,588,2000969,2000969,24TH,gtfsrt_only,,unmatched,False,bart_live_20260912_192815,no ETD row with compatible station/line/time
,589,2000969,2000969,GLEN,gtfsrt_only,,unmatched,False,bart_live_20260912_192815,no ETD row with compatible station/line/time
,590,2000969,2000969,BALB,gtfsrt_only,,unmatched,False,bart_live_20260912_192815,no ETD row with compatible station/line/time
,591,631185210,631185210,DELN,gtfsrt_only,,unmatched,False,bart_live_20260912_192815,no ETD row with compatible station/line/time
,592,633191710,633191710,19TH,gtfsrt_only,,unmatched,False,bart_live_20260912_192815,no ETD row with compatible station/line/time
,593,633191710,633191710,MCAR,gtfsrt_only,,unmatched,False,bart_live_20260912_192815,no ETD row with compatible station/line/time
,594,633191710,633191710,ASHB,gtfsrt_only,,unmatched,False,bart_live_20260912_192815,no ETD row with compatible station/line/time
,595,633191710,633191710,DBRK,gtfsrt_only,,unmatched,False,bart_live_20260912_192815,no ETD row with compatible station/line/time
,596,633191710,633191710,NBRK,gtfsrt_only,,unmatched,False,bart_live_20260912_192815,no ETD row with compatible station/line/time
,597,633191710,633191710,PLZA,gtfsrt_only,,unmatched,False,bart_live_20260912_192815,no ETD row with compatible station/line/time
,598,633191710,633191710,DELN,gtfsrt_only,,unmatched,False,bart_live_20260912_192815,no ETD row with compatible station/line/time
,599,2000658,2000658,FTVL,gtfsrt_only,,unmatched,False,bart_live_20260912_192815,no ETD row with compatible station/line/time
,607,696,696,PCTR,gtfsrt_only,,unmatched,False,bart_live_20260912_192815,no ETD row with compatible station/line/time
,610,699,699,ANTC,gtfsrt_only,,unmatched,False,bart_live_20260912_192815,no ETD row with compatible station/line/time
,611,699,699,PCTR,gtfsrt_only,,unmatched,False,bart_live_20260912_192815,no ETD row with compatible station/line/time
,612,701,701,ANTC,gtfsrt_only,,unmatched,False,bart_live_20260912_192815,no ETD row with compatible station/line/time
,613,701,701,PCTR,gtfsrt_only,,unmatched,False,bart_live_20260912_192815,no ETD row with compatible station/line/time
,614,503190510,503190510,MONT,gtfsrt_only,,unmatched,False,bart_live_20260912_192815,no ETD row with compatible station/line/time
,615,503190510,503190510,EMBR,gtfsrt_only,,unmatched,False,bart_live_20260912_192815,no ETD row with compatible station/line/time
,616,503190510,503190510,POWL,gtfsrt_only,,unmatched,False,bart_live_20260912_192815,no ETD row with compatible station/line/time
,617,503190510,503190510,CIVC,gtfsrt_only,,unmatched,False,bart_live_20260912_192815,no ETD row with compatible station/line/time
,618,503190510,503190510,16TH,gtfsrt_only,,unmatched,False,bart_live_20260912_192815,no ETD row with compatible station/line/time
,619,503190510,503190510,24TH,gtfsrt_only,,unmatched,False,bart_live_20260912_192815,no ETD row with compatible station/line/time
,620,503190510,503190510,GLEN,gtfsrt_only,,unmatched,False,bart_live_20260912_192815,no ETD row with compatible station/line/time
,621,503190510,503190510,BALB,gtfsrt_only,,unmatched,False,bart_live_20260912_192815,no ETD row with compatible station/line/time
,622,905192510,905192510,LAKE,gtfsrt_only,,unmatched,False,bart_live_20260912_192815,no ETD row with compatible station/line/time
,623,905192510,905192510,WOAK,gtfsrt_only,,unmatched,False,bart_live_20260912_192815,no ETD row with compatible station/line/time
,624,905192510,905192510,EMBR,gtfsrt_only,,unmatched,False,bart_live_20260912_192815,no ETD row with compatible station/line/time
,625,905192510,905192510,MONT,gtfsrt_only,,unmatched,False,bart_live_20260912_192815,no ETD row with compatible station/line/time
,626,905192510,905192510,POWL,gtfsrt_only,,unmatched,False,bart_live_20260912_192815,no ETD row with compatible station/line/time
,627,905192510,905192510,CIVC,gtfsrt_only,,unmatched,False,bart_live_20260912_192815,no ETD row with compatible station/line/time
,628,905192510,905192510,16TH,gtfsrt_only,,unmatched,False,bart_live_20260912_192815,no ETD row with compatible station/line/time
,629,905192510,905192510,24TH,gtfsrt_only,,unmatched,False,bart_live_20260912_192815,no ETD row with compatible station/line/time
,630,905192510,905192510,GLEN,gtfsrt_only,,unmatched,False,bart_live_20260912_192815,no ETD row with compatible station/line/time
,631,905192510,905192510,BALB,gtfsrt_only,,unmatched,False,bart_live_20260912_192815,no ETD row with compatible station/line/time
51,630,2020116,2020116,24TH,station+line+platform/direction+destination+absolute_time,1,high,False,bart_live_20260913_182435,
52,643,2020117,2020117,24TH,station+line+platform/direction+destination+absolute_time,1,high,False,bart_live_20260913_182435,
53,528,2020118,2020118,24TH,station+line+platform/direction+destination+absolute_time,1,high,False,bart_live_20260913_182435,
179,474,2019993,2019993,DBRK,station+line+platform/direction+destination+absolute_time,1,high,False,bart_live_20260913_182435,
387,570,2020175,2020175,SANL,station+line+platform/direction+destination+absolute_time,1,high,False,bart_live_20260913_182435,
388,584,2020176,2020176,SANL,station+line+platform/direction+destination+absolute_time,1,high,False,bart_live_20260913_182435,
389,601,2020177,2020177,SANL,station+line+platform/direction+destination+absolute_time,1,high,False,bart_live_20260913_182435,
18,629,2020116,2020116,16TH,station+line+platform/direction+destination+absolute_time,2,high,False,bart_live_20260913_182435,
19,642,2020117,2020117,16TH,station+line+platform/direction+destination+absolute_time,2,high,False,bart_live_20260913_182435,
20,527,2020118,2020118,16TH,station+line+platform/direction+destination+absolute_time,2,high,False,bart_live_20260913_182435,
46,280,2019572,2019572,19TH,station+line+platform/direction+destination+absolute_time,2,high,False,bart_live_20260913_182435,
47,304,2019573,2019573,19TH,station+line+platform/direction+destination+absolute_time,2,high,False,bart_live_20260913_182435,
101,571,2020175,2020175,BAYF,station+line+platform/direction+destination+absolute_time,2,high,False,bart_live_20260913_182435,
102,585,2020176,2020176,BAYF,station+line+platform/direction+destination+absolute_time,2,high,False,bart_live_20260913_182435,
103,602,2020177,2020177,BAYF,station+line+platform/direction+destination+absolute_time,2,high,False,bart_live_20260913_182435,
168,469,2019992,2019992,DALY,station+line+platform/direction+destination+absolute_time,2,high,False,bart_live_20260913_182435,
169,488,2019993,2019993,DALY,station+line+platform/direction+destination+absolute_time,2,high,False,bart_live_20260913_182435,
347,494,2019994,2019994,PLZA,station+line+platform/direction+destination+absolute_time,2,high,False,bart_live_20260913_182435,
348,348,2019995,2019995,PLZA,station+line+platform/direction+destination+absolute_time,2,high,False,bart_live_20260913_182435,
405,409,2019990,2019990,SFIA,station+line+platform/direction+destination+absolute_time,3,high,False,bart_live_20260913_182435,
406,437,2019991,2019991,SFIA,station+line+platform/direction+destination+absolute_time,3,high,False,bart_live_20260913_182435,
407,473,2019992,2019992,SFIA,station+line+platform/direction+destination+absolute_time,3,high,False,bart_live_20260913_182435,
81,606,2020115,2020115,BALB,station+line+platform/direction+destination+absolute_time,4,high,False,bart_live_20260913_182435,
82,632,2020116,2020116,BALB,station+line+platform/direction+destination+absolute_time,4,high,False,bart_live_20260913_182435,
83,645,2020117,2020117,BALB,station+line+platform/direction+destination+absolute_time,4,high,False,bart_live_20260913_182435,
92,254,2019570,2019570,BALB,station+line+platform/direction+destination+absolute_time,4,high,False,bart_live_20260913_182435,
93,270,2019571,2019571,BALB,station+line+platform/direction+destination+absolute_time,4,high,False,bart_live_20260913_182435,
94,290,2019572,2019572,BALB,station+line+platform/direction+destination+absolute_time,4,high,False,bart_live_20260913_182435,
180,496,2019994,2019994,DBRK,station+line+platform/direction+destination+absolute_time,4,high,False,bart_live_20260913_182435,
181,350,2019995,2019995,DBRK,station+line+platform/direction+destination+absolute_time,4,high,False,bart_live_20260913_182435,
323,277,2019572,2019572,ORIN,station+line+platform/direction+destination+absolute_time,4,high,False,bart_live_20260913_182435,
324,301,2019573,2019573,ORIN,station+line+platform/direction+destination+absolute_time,4,high,False,bart_live_20260913_182435,
325,328,2019532,2019532,ORIN,station+line+platform/direction+destination+absolute_time,4,high,False,bart_live_20260913_182435,
355,627,2020116,2020116,POWL,station+line+platform/direction+destination+absolute_time,4,high,False,bart_live_20260913_182435,
356,640,2020117,2020117,POWL,station+line+platform/direction+destination+absolute_time,4,high,False,bart_live_20260913_182435,
357,525,2020118,2020118,POWL,station+line+platform/direction+destination+absolute_time,4,high,False,bart_live_20260913_182435,
368,265,2019571,2019571,POWL,station+line+platform/direction+destination+absolute_time,4,high,False,bart_live_20260913_182435,
369,285,2019572,2019572,POWL,station+line+platform/direction+destination+absolute_time,4,high,False,bart_live_20260913_182435,
384,633,2020117,2020117,SANL,station+line+platform/direction+destination+absolute_time,4,high,False,bart_live_20260913_182435,
135,434,2019991,2019991,COLM,station+line+platform/direction+destination+absolute_time,5,high,False,bart_live_20260913_182435,
136,470,2019992,2019992,COLM,station+line+platform/direction+destination+absolute_time,5,high,False,bart_live_20260913_182435,
137,489,2019993,2019993,COLM,station+line+platform/direction+destination+absolute_time,5,high,False,bart_live_20260913_182435,
262,581,2020176,2020176,LAKE,station+line+platform/direction+destination+absolute_time,5,high,False,bart_live_20260913_182435,
418,435,2019991,2019991,SSAN,station+line+platform/direction+destination+absolute_time,5,high,False,bart_live_20260913_182435,
419,471,2019992,2019992,SSAN,station+line+platform/direction+destination+absolute_time,5,high,False,bart_live_20260913_182435,
420,490,2019993,2019993,SSAN,station+line+platform/direction+destination+absolute_time,5,high,False,bart_live_20260913_182435,
150,569,2020175,2020175,COLS,station+line+platform/direction+destination+absolute_time,6,high,False,bart_live_20260913_182435,
151,583,2020176,2020176,COLS,station+line+platform/direction+destination+absolute_time,6,high,False,bart_live_20260913_182435,
152,600,2020177,2020177,COLS,station+line+platform/direction+destination+absolute_time,6,high,False,bart_live_20260913_182435,
341,295,2019573,2019573,PITT,station+line+platform/direction+destination+absolute_time,6,high,False,bart_live_20260913_182435,
342,322,2019532,2019532,PITT,station+line+platform/direction+destination+absolute_time,6,high,False,bart_live_20260913_182435,
343,138,2019533,2019533,PITT,station+line+platform/direction+destination+absolute_time,6,high,False,bart_live_20260913_182435,
429,123,2019863,2019863,WARM,station+line+platform/direction+destination+absolute_time,6,high,False,bart_live_20260913_182435,
430,129,2019901,2019901,WARM,station+line+platform/direction+destination+absolute_time,6,high,False,bart_live_20260913_182435,
274,498,2019994,2019994,MCAR,station+line+platform/direction+destination+absolute_time,7,high,False,bart_live_20260913_182435,
275,352,2019995,2019995,MCAR,station+line+platform/direction+destination+absolute_time,7,high,False,bart_live_20260913_182435,
72,475,2019993,2019993,ASHB,station+line+platform/direction+destination+absolute_time,8,high,False,bart_live_20260913_182435,
124,464,2019992,2019992,CIVC,station+line+platform/direction+destination+absolute_time,8,high,False,bart_live_20260913_182435,
298,481,2019993,2019993,MONT,station+line+platform/direction+destination+absolute_time,8,high,False,bart_live_20260913_182435,
299,503,2019994,2019994,MONT,station+line+platform/direction+destination+absolute_time,8,high,False,bart_live_20260913_182435,
12,261,2019571,2019571,12TH,station+line+platform/direction+destination+absolute_time,9,high,False,bart_live_20260913_182435,
13,281,2019572,2019572,12TH,station+line+platform/direction+destination+absolute_time,9,high,False,bart_live_20260913_182435,
14,305,2019573,2019573,12TH,station+line+platform/direction+destination+absolute_time,9,high,False,bart_live_20260913_182435,
45,260,2019571,2019571,19TH,station+line+platform/direction+destination+absolute_time,9,high,False,bart_live_20260913_182435,
63,252,2019570,2019570,24TH,station+line+platform/direction+destination+absolute_time,9,high,False,bart_live_20260913_182435,
64,268,2019571,2019571,24TH,station+line+platform/direction+destination+absolute_time,9,high,False,bart_live_20260913_182435,
65,288,2019572,2019572,24TH,station+line+platform/direction+destination+absolute_time,9,high,False,bart_live_20260913_182435,
229,605,2020115,2020115,GLEN,station+line+platform/direction+destination+absolute_time,9,high,False,bart_live_20260913_182435,
252,276,2019572,2019572,LAFY,station+line+platform/direction+destination+absolute_time,9,high,False,bart_live_20260913_182435,
253,300,2019573,2019573,LAFY,station+line+platform/direction+destination+absolute_time,9,high,False,bart_live_20260913_182435,
254,327,2019532,2019532,LAFY,station+line+platform/direction+destination+absolute_time,9,high,False,bart_live_20260913_182435,
424,222,2019569,2019569,SSAN,station+line+platform/direction+destination+absolute_time,9,high,False,bart_live_20260913_182435,
30,251,2019570,2019570,16TH,station+line+platform/direction+destination+absolute_time,10,high,False,bart_live_20260913_182435,
31,267,2019571,2019571,16TH,station+line+platform/direction+destination+absolute_time,10,high,False,bart_live_20260913_182435,
32,287,2019572,2019572,16TH,station+line+platform/direction+destination+absolute_time,10,high,False,bart_live_20260913_182435,
188,493,2019994,2019994,DELN,station+line+platform/direction+destination+absolute_time,10,high,False,bart_live_20260913_182435,
189,347,2019995,2019995,DELN,station+line+platform/direction+destination+absolute_time,10,high,False,bart_live_20260913_182435,
125,483,2019993,2019993,CIVC,station+line+platform/direction+destination+absolute_time,11,high,False,bart_live_20260913_182435,
126,505,2019994,2019994,CIVC,station+line+platform/direction+destination+absolute_time,11,high,False,bart_live_20260913_182435,
378,278,2019572,2019572,ROCK,station+line+platform/direction+destination+absolute_time,11,high,False,bart_live_20260913_182435,
379,302,2019573,2019573,ROCK,station+line+platform/direction+destination+absolute_time,11,high,False,bart_live_20260913_182435,
380,329,2019532,2019532,ROCK,station+line+platform/direction+destination+absolute_time,11,high,False,bart_live_20260913_182435,
6,478,2019993,2019993,12TH,station+line+platform/direction+destination+absolute_time,13,high,False,bart_live_20260913_182435,
7,500,2019994,2019994,12TH,station+line+platform/direction+destination+absolute_time,13,high,False,bart_live_20260913_182435,
8,354,2019995,2019995,12TH,station+line+platform/direction+destination+absolute_time,13,high,False,bart_live_20260913_182435,
205,461,2019992,2019992,EMBR,station+line+platform/direction+destination+absolute_time,13,high,False,bart_live_20260913_182435,
217,635,2020117,2020117,FTVL,station+line+platform/direction+destination+absolute_time,13,high,False,bart_live_20260913_182435,
218,520,2020118,2020118,FTVL,station+line+platform/direction+destination+absolute_time,13,high,False,bart_live_20260913_182435,
219,537,2020119,2020119,FTVL,station+line+platform/direction+destination+absolute_time,13,high,False,bart_live_20260913_182435,
230,631,2020116,2020116,GLEN,station+line+platform/direction+destination+absolute_time,13,high,False,bart_live_20260913_182435,
231,644,2020117,2020117,GLEN,station+line+platform/direction+destination+absolute_time,13,high,False,bart_live_20260913_182435,
279,259,2019571,2019571,MCAR,station+line+platform/direction+destination+absolute_time,13,high,False,bart_live_20260913_182435,
200,638,2020117,2020117,EMBR,station+line+platform/direction+destination+absolute_time,14,high,False,bart_live_20260913_182435,
201,523,2020118,2020118,EMBR,station+line+platform/direction+destination+absolute_time,14,high,False,bart_live_20260913_182435,
263,598,2020177,2020177,LAKE,station+line+platform/direction+destination+absolute_time,14,high,False,bart_live_20260913_182435,
303,264,2019571,2019571,MONT,station+line+platform/direction+destination+absolute_time,14,high,False,bart_live_20260913_182435,
304,284,2019572,2019572,MONT,station+line+platform/direction+destination+absolute_time,14,high,False,bart_live_20260913_182435,
305,308,2019573,2019573,MONT,station+line+platform/direction+destination+absolute_time,14,high,False,bart_live_20260913_182435,
447,637,2020117,2020117,WOAK,station+line+platform/direction+destination+absolute_time,14,high,False,bart_live_20260913_182435,
448,522,2020118,2020118,WOAK,station+line+platform/direction+destination+absolute_time,14,high,False,bart_live_20260913_182435,
141,221,2019569,2019569,COLM,station+line+platform/direction+destination+absolute_time,15,high,False,bart_live_20260913_182435,
280,279,2019572,2019572,MCAR,station+line+platform/direction+destination+absolute_time,15,high,False,bart_live_20260913_182435,
281,303,2019573,2019573,MCAR,station+line+platform/direction+destination+absolute_time,15,high,False,bart_live_20260913_182435,
291,626,2020116,2020116,MONT,station+line+platform/direction+destination+absolute_time,15,high,False,bart_live_20260913_182435,
297,462,2019992,2019992,MONT,station+line+platform/direction+destination+absolute_time,15,high,False,bart_live_20260913_182435,
39,477,2019993,2019993,19TH,station+line+platform/direction+destination+absolute_time,16,high,False,bart_live_20260913_182435,
206,480,2019993,2019993,EMBR,station+line+platform/direction+destination+absolute_time,16,high,False,bart_live_20260913_182435,
207,502,2019994,2019994,EMBR,station+line+platform/direction+destination+absolute_time,16,high,False,bart_live_20260913_182435,
258,636,2020117,2020117,LAKE,station+line+platform/direction+destination+absolute_time,16,high,False,bart_live_20260913_182435,
259,521,2020118,2020118,LAKE,station+line+platform/direction+destination+absolute_time,16,high,False,bart_live_20260913_182435,
260,538,2020119,2020119,LAKE,station+line+platform/direction+destination+absolute_time,16,high,False,bart_live_20260913_182435,
385,518,2020118,2020118,SANL,station+line+platform/direction+destination+absolute_time,16,high,False,bart_live_20260913_182435,
386,535,2020119,2020119,SANL,station+line+platform/direction+destination+absolute_time,16,high,False,bart_live_20260913_182435,
452,479,2019993,2019993,WOAK,station+line+platform/direction+destination+absolute_time,16,high,False,bart_live_20260913_182435,
453,501,2019994,2019994,WOAK,station+line+platform/direction+destination+absolute_time,16,high,False,bart_live_20260913_182435,
454,355,2019995,2019995,WOAK,station+line+platform/direction+destination+absolute_time,16,high,False,bart_live_20260913_182435,
142,256,2019570,2019570,COLM,station+line+platform/direction+destination+absolute_time,17,high,False,bart_live_20260913_182435,
143,272,2019571,2019571,COLM,station+line+platform/direction+destination+absolute_time,17,high,False,bart_live_20260913_182435,
234,467,2019992,2019992,GLEN,station+line+platform/direction+destination+absolute_time,17,high,False,bart_live_20260913_182435,
235,486,2019993,2019993,GLEN,station+line+platform/direction+destination+absolute_time,17,high,False,bart_live_20260913_182435,
236,508,2019994,2019994,GLEN,station+line+platform/direction+destination+absolute_time,17,high,False,bart_live_20260913_182435,
425,257,2019570,2019570,SSAN,station+line+platform/direction+destination+absolute_time,17,high,False,bart_live_20260913_182435,
426,273,2019571,2019571,SSAN,station+line+platform/direction+destination+absolute_time,17,high,False,bart_live_20260913_182435,
373,492,2019994,2019994,RICH,station+line+platform/direction+destination+absolute_time,18,high,False,bart_live_20260913_182435,
374,346,2019995,2019995,RICH,station+line+platform/direction+destination+absolute_time,18,high,False,bart_live_20260913_182435,
118,628,2020116,2020116,CIVC,station+line+platform/direction+destination+absolute_time,19,high,False,bart_live_20260913_182435,
119,641,2020117,2020117,CIVC,station+line+platform/direction+destination+absolute_time,19,high,False,bart_live_20260913_182435,
120,526,2020118,2020118,CIVC,station+line+platform/direction+destination+absolute_time,19,high,False,bart_live_20260913_182435,
220,568,2020175,2020175,FTVL,station+line+platform/direction+destination+absolute_time,19,high,False,bart_live_20260913_182435,
221,582,2020176,2020176,FTVL,station+line+platform/direction+destination+absolute_time,19,high,False,bart_live_20260913_182435,
222,599,2020177,2020177,FTVL,station+line+platform/direction+destination+absolute_time,19,high,False,bart_live_20260913_182435,
273,476,2019993,2019993,MCAR,station+line+platform/direction+destination+absolute_time,19,high,False,bart_live_20260913_182435,
40,499,2019994,2019994,19TH,station+line+platform/direction+destination+absolute_time,20,high,False,bart_live_20260913_182435,
41,353,2019995,2019995,19TH,station+line+platform/direction+destination+absolute_time,20,high,False,bart_live_20260913_182435,
73,497,2019994,2019994,ASHB,station+line+platform/direction+destination+absolute_time,20,high,False,bart_live_20260913_182435,
74,351,2019995,2019995,ASHB,station+line+platform/direction+destination+absolute_time,20,high,False,bart_live_20260913_182435,
446,624,2020116,2020116,WOAK,station+line+platform/direction+destination+absolute_time,20,high,False,bart_live_20260913_182435,
109,516,2020118,2020118,CAST,station+line+platform/direction+destination+absolute_time,21,high,False,bart_live_20260913_182435,
110,533,2020119,2020119,CAST,station+line+platform/direction+destination+absolute_time,21,high,False,bart_live_20260913_182435,
111,552,2020120,2020120,CAST,station+line+platform/direction+destination+absolute_time,21,high,False,bart_live_20260913_182435,
240,253,2019570,2019570,GLEN,station+line+platform/direction+destination+absolute_time,21,high,False,bart_live_20260913_182435,
241,269,2019571,2019571,GLEN,station+line+platform/direction+destination+absolute_time,21,high,False,bart_live_20260913_182435,
242,289,2019572,2019572,GLEN,station+line+platform/direction+destination+absolute_time,21,high,False,bart_live_20260913_182435,
261,567,2020175,2020175,LAKE,station+line+platform/direction+destination+absolute_time,21,high,False,bart_live_20260913_182435,
211,263,2019571,2019571,EMBR,station+line+platform/direction+destination+absolute_time,22,high,False,bart_live_20260913_182435,
212,283,2019572,2019572,EMBR,station+line+platform/direction+destination+absolute_time,22,high,False,bart_live_20260913_182435,
213,307,2019573,2019573,EMBR,station+line+platform/direction+destination+absolute_time,22,high,False,bart_live_20260913_182435,
292,639,2020117,2020117,MONT,station+line+platform/direction+destination+absolute_time,22,high,False,bart_live_20260913_182435,
293,524,2020118,2020118,MONT,station+line+platform/direction+destination+absolute_time,22,high,False,bart_live_20260913_182435,
395,436,2019991,2019991,SBRN,station+line+platform/direction+destination+absolute_time,22,high,False,bart_live_20260913_182435,
396,472,2019992,2019992,SBRN,station+line+platform/direction+destination+absolute_time,22,high,False,bart_live_20260913_182435,
397,491,2019993,2019993,SBRN,station+line+platform/direction+destination+absolute_time,22,high,False,bart_live_20260913_182435,
458,262,2019571,2019571,WOAK,station+line+platform/direction+destination+absolute_time,22,high,False,bart_live_20260913_182435,
459,282,2019572,2019572,WOAK,station+line+platform/direction+destination+absolute_time,22,high,False,bart_live_20260913_182435,
460,306,2019573,2019573,WOAK,station+line+platform/direction+destination+absolute_time,22,high,False,bart_live_20260913_182435,
167,433,2019991,2019991,DALY,station+line+platform/direction+destination+absolute_time,23,high,False,bart_live_20260913_182435,
173,255,2019570,2019570,DALY,station+line+platform/direction+destination+absolute_time,24,high,False,bart_live_20260913_182435,
174,271,2019571,2019571,DALY,station+line+platform/direction+destination+absolute_time,24,high,False,bart_live_20260913_182435,
175,291,2019572,2019572,DALY,station+line+platform/direction+destination+absolute_time,24,high,False,bart_live_20260913_182435,
199,625,2020116,2020116,EMBR,station+line+platform/direction+destination+absolute_time,24,high,False,bart_live_20260913_182435,
159,297,2019573,2019573,CONC,station+line+platform/direction+destination+absolute_time,25,high,False,bart_live_20260913_182435,
160,324,2019532,2019532,CONC,station+line+platform/direction+destination+absolute_time,25,high,False,bart_live_20260913_182435,
161,140,2019533,2019533,CONC,station+line+platform/direction+destination+absolute_time,25,high,False,bart_live_20260913_182435,
284,124,2019863,2019863,MLPT,station+line+platform/direction+destination+absolute_time,25,high,False,bart_live_20260913_182435,
285,130,2019901,2019901,MLPT,station+line+platform/direction+destination+absolute_time,25,high,False,bart_live_20260913_182435,
309,495,2019994,2019994,NBRK,station+line+platform/direction+destination+absolute_time,25,high,False,bart_live_20260913_182435,
310,349,2019995,2019995,NBRK,station+line+platform/direction+destination+absolute_time,25,high,False,bart_live_20260913_182435,
86,468,2019992,2019992,BALB,station+line+platform/direction+destination+absolute_time,26,high,False,bart_live_20260913_182435,
87,487,2019993,2019993,BALB,station+line+platform/direction+destination+absolute_time,26,high,False,bart_live_20260913_182435,
88,509,2019994,2019994,BALB,station+line+platform/direction+destination+absolute_time,26,high,False,bart_live_20260913_182435,
98,517,2020118,2020118,BAYF,station+line+platform/direction+destination+absolute_time,26,high,False,bart_live_20260913_182435,
99,534,2020119,2020119,BAYF,station+line+platform/direction+destination+absolute_time,26,high,False,bart_live_20260913_182435,
100,553,2020120,2020120,BAYF,station+line+platform/direction+destination+absolute_time,26,high,False,bart_live_20260913_182435,
362,482,2019993,2019993,POWL,station+line+platform/direction+destination+absolute_time,26,high,False,bart_live_20260913_182435,
363,504,2019994,2019994,POWL,station+line+platform/direction+destination+absolute_time,26,high,False,bart_live_20260913_182435,
131,266,2019571,2019571,CIVC,station+line+platform/direction+destination+absolute_time,27,high,False,bart_live_20260913_182435,
132,286,2019572,2019572,CIVC,station+line+platform/direction+destination+absolute_time,27,high,False,bart_live_20260913_182435,
361,463,2019992,2019992,POWL,station+line+platform/direction+destination+absolute_time,27,high,False,bart_live_20260913_182435,
367,249,2019570,2019570,POWL,station+line+platform/direction+destination+absolute_time,27,high,False,bart_live_20260913_182435,
24,465,2019992,2019992,16TH,station+line+platform/direction+destination+absolute_time,28,high,False,bart_live_20260913_182435,
25,484,2019993,2019993,16TH,station+line+platform/direction+destination+absolute_time,28,high,False,bart_live_20260913_182435,
26,506,2019994,2019994,16TH,station+line+platform/direction+destination+absolute_time,28,high,False,bart_live_20260913_182435,
435,299,2019573,2019573,WCRK,station+line+platform/direction+destination+absolute_time,28,high,False,bart_live_20260913_182435,
436,326,2019532,2019532,WCRK,station+line+platform/direction+destination+absolute_time,28,high,False,bart_live_20260913_182435,
437,515,2020118,2020118,WDUB,station+line+platform/direction+destination+absolute_time,28,high,False,bart_live_20260913_182435,
438,532,2020119,2020119,WDUB,station+line+platform/direction+destination+absolute_time,28,high,False,bart_live_20260913_182435,
439,551,2020120,2020120,WDUB,station+line+platform/direction+destination+absolute_time,28,high,False,bart_live_20260913_182435,
57,466,2019992,2019992,24TH,station+line+platform/direction+destination+absolute_time,29,high,False,bart_live_20260913_182435,
58,485,2019993,2019993,24TH,station+line+platform/direction+destination+absolute_time,29,high,False,bart_live_20260913_182435,
59,507,2019994,2019994,24TH,station+line+platform/direction+destination+absolute_time,29,high,False,bart_live_20260913_182435,
147,634,2020117,2020117,COLS,station+line+platform/direction+destination+absolute_time,29,high,False,bart_live_20260913_182435,
148,519,2020118,2020118,COLS,station+line+platform/direction+destination+absolute_time,29,high,False,bart_live_20260913_182435,
149,536,2020119,2020119,COLS,station+line+platform/direction+destination+absolute_time,29,high,False,bart_live_20260913_182435,
319,139,2019533,2019533,NCON,station+line+platform/direction+destination+absolute_time,29,high,False,bart_live_20260913_182435,
130,250,2019570,2019570,CIVC,station+line+platform/direction+destination+absolute_time,30,high,False,bart_live_20260913_182435,
335,298,2019573,2019573,PHIL,station+line+platform/direction+destination+absolute_time,30,high,False,bart_live_20260913_182435,
336,325,2019532,2019532,PHIL,station+line+platform/direction+destination+absolute_time,30,high,False,bart_live_20260913_182435,
337,141,2019533,2019533,PHIL,station+line+platform/direction+destination+absolute_time,30,high,False,bart_live_20260913_182435,
352,181,2019643,2019643,POWL,station+line+platform/direction+destination+absolute_time,0,medium,False,bart_live_20260913_182435,
400,223,2019569,2019569,SBRN,station+line+platform/direction+destination+absolute_time,30,high,False,bart_live_20260913_182435,
401,258,2019570,2019570,SBRN,station+line+platform/direction+destination+absolute_time,30,high,False,bart_live_20260913_182435,
402,274,2019571,2019571,SBRN,station+line+platform/direction+destination+absolute_time,30,high,False,bart_live_20260913_182435,
133,199,2019644,2019644,COLM,station+line+platform/direction+destination+absolute_time,1,medium,False,bart_live_20260913_182435,
134,227,2019645,2019645,COLM,station+line+platform/direction+destination+absolute_time,1,medium,False,bart_live_20260913_182435,
139,414,2020032,2020032,COLM,station+line+platform/direction+destination+absolute_time,1,medium,False,bart_live_20260913_182435,
140,442,2020033,2020033,COLM,station+line+platform/direction+destination+absolute_time,1,medium,False,bart_live_20260913_182435,
154,82,2019715,2019715,COLS,station+line+platform/direction+destination+absolute_time,1,medium,False,bart_live_20260913_182435,
155,102,2019716,2019716,COLS,station+line+platform/direction+destination+absolute_time,1,medium,False,bart_live_20260913_182435,
194,531,2020119,2020119,DUBL,station+line+platform/direction+destination+absolute_time,31,high,False,bart_live_20260913_182435,
195,550,2020120,2020120,DUBL,station+line+platform/direction+destination+absolute_time,31,high,False,bart_live_20260913_182435,
316,173,2019642,2019642,NCON,station+line+platform/direction+destination+absolute_time,1,medium,False,bart_live_20260913_182435,
317,296,2019573,2019573,NCON,station+line+platform/direction+destination+absolute_time,31,high,False,bart_live_20260913_182435,
318,323,2019532,2019532,NCON,station+line+platform/direction+destination+absolute_time,31,high,False,bart_live_20260913_182435,
158,172,2019642,2019642,CONC,station+line+platform/direction+destination+absolute_time,2,medium,False,bart_live_20260913_182435,
321,168,2019642,2019642,ORIN,station+line+platform/direction+destination+absolute_time,2,medium,False,bart_live_20260913_182435,
456,400,2020031,2020031,WOAK,station+line+platform/direction+destination+absolute_time,2,medium,False,bart_live_20260913_182435,
457,424,2020032,2020032,WOAK,station+line+platform/direction+destination+absolute_time,2,medium,False,bart_live_20260913_182435,
376,188,2019643,2019643,ROCK,station+line+platform/direction+destination+absolute_time,3,medium,False,bart_live_20260913_182435,
377,213,2019644,2019644,ROCK,station+line+platform/direction+destination+absolute_time,3,medium,False,bart_live_20260913_182435,
15,179,2019643,2019643,16TH,station+line+platform/direction+destination+absolute_time,4,medium,False,bart_live_20260913_182435,
104,64,2019714,2019714,BAYF,station+line+platform/direction+destination+absolute_time,4,medium,False,bart_live_20260913_182435,
105,80,2019715,2019715,BAYF,station+line+platform/direction+destination+absolute_time,4,medium,False,bart_live_20260913_182435,
106,100,2019716,2019716,BAYF,station+line+platform/direction+destination+absolute_time,4,medium,False,bart_live_20260913_182435,
278,383,2020030,2020030,MCAR,station+line+platform/direction+destination+absolute_time,4,medium,False,bart_live_20260913_182435,
282,410,2020032,2020032,MLBR,station+line+platform/direction+destination+absolute_time,4,medium,False,bart_live_20260913_182435,
283,438,2020033,2020033,MLBR,station+line+platform/direction+destination+absolute_time,4,medium,False,bart_live_20260913_182435,
312,372,2020029,2020029,NBRK,station+line+platform/direction+destination+absolute_time,4,medium,False,bart_live_20260913_182435,
441,573,2020175,2020175,WDUB,station+line+platform/direction+destination+absolute_time,4,medium,False,bart_live_20260913_182435,
442,587,2020176,2020176,WDUB,station+line+platform/direction+destination+absolute_time,4,medium,False,bart_live_20260913_182435,
445,209,2019644,2019644,WOAK,station+line+platform/direction+destination+absolute_time,4,medium,False,bart_live_20260913_182435,
455,380,2020030,2020030,WOAK,station+line+platform/direction+destination+absolute_time,4,medium,False,bart_live_20260913_182435,
170,391,2020031,2020031,DALY,station+line+platform/direction+destination+absolute_time,5,medium,False,bart_live_20260913_182435,
247,79,2019715,2019715,HAYW,station+line+platform/direction+destination+absolute_time,5,medium,False,bart_live_20260913_182435,
248,99,2019716,2019716,HAYW,station+line+platform/direction+destination+absolute_time,5,medium,False,bart_live_20260913_182435,
276,369,2020029,2020029,MCAR,station+line+platform/direction+destination+absolute_time,5,medium,False,bart_live_20260913_182435,
414,78,2019715,2019715,SHAY,station+line+platform/direction+destination+absolute_time,5,medium,False,bart_live_20260913_182435,
415,98,2019716,2019716,SHAY,station+line+platform/direction+destination+absolute_time,5,medium,False,bart_live_20260913_182435,
78,176,2019643,2019643,BALB,station+line+platform/direction+destination+absolute_time,6,medium,False,bart_live_20260913_182435,
190,35,2019712,2019712,DELN,station+line+platform/direction+destination+absolute_time,6,medium,False,bart_live_20260913_182435,
251,190,2019643,2019643,LAFY,station+line+platform/direction+destination+absolute_time,6,medium,False,bart_live_20260913_182435,
295,595,2020177,2020177,MONT,station+line+platform/direction+destination+absolute_time,6,medium,False,bart_live_20260913_182435,
296,614,2020178,2020178,MONT,station+line+platform/direction+destination+absolute_time,6,medium,False,bart_live_20260913_182435,
349,34,2019712,2019712,PLZA,station+line+platform/direction+destination+absolute_time,6,medium,False,bart_live_20260913_182435,
351,60,2019713,2019713,PLZA,station+line+platform/direction+destination+absolute_time,6,medium,False,bart_live_20260913_182435,
358,577,2020176,2020176,POWL,station+line+platform/direction+destination+absolute_time,6,medium,False,bart_live_20260913_182435,
450,597,2020177,2020177,WOAK,station+line+platform/direction+destination+absolute_time,6,medium,False,bart_live_20260913_182435,
451,616,2020178,2020178,WOAK,station+line+platform/direction+destination+absolute_time,6,medium,False,bart_live_20260913_182435,
10,381,2020030,2020030,12TH,station+line+platform/direction+destination+absolute_time,7,medium,False,bart_live_20260913_182435,
128,396,2020031,2020031,CIVC,station+line+platform/direction+destination+absolute_time,7,medium,False,bart_live_20260913_182435,
129,420,2020032,2020032,CIVC,station+line+platform/direction+destination+absolute_time,7,medium,False,bart_live_20260913_182435,
431,133,2019641,2019641,WCRK,station+line+platform/direction+destination+absolute_time,7,medium,False,bart_live_20260913_182435,
449,580,2020176,2020176,WOAK,station+line+platform/direction+destination+absolute_time,7,medium,False,bart_live_20260913_182435,
33,165,2019642,2019642,19TH,station+line+platform/direction+destination+absolute_time,8,medium,False,bart_live_20260913_182435,
209,399,2020031,2020031,EMBR,station+line+platform/direction+destination+absolute_time,8,medium,False,bart_live_20260913_182435,
210,423,2020032,2020032,EMBR,station+line+platform/direction+destination+absolute_time,8,medium,False,bart_live_20260913_182435,
289,207,2019644,2019644,MONT,station+line+platform/direction+destination+absolute_time,8,medium,False,bart_live_20260913_182435,
290,235,2019645,2019645,MONT,station+line+platform/direction+destination+absolute_time,8,medium,False,bart_live_20260913_182435,
48,178,2019643,2019643,24TH,station+line+platform/direction+destination+absolute_time,9,medium,False,bart_live_20260913_182435,
75,370,2020029,2020029,ASHB,station+line+platform/direction+destination+absolute_time,9,medium,False,bart_live_20260913_182435,
77,384,2020030,2020030,ASHB,station+line+platform/direction+destination+absolute_time,9,medium,False,bart_live_20260913_182435,
116,205,2019644,2019644,CIVC,station+line+platform/direction+destination+absolute_time,9,medium,False,bart_live_20260913_182435,
117,233,2019645,2019645,CIVC,station+line+platform/direction+destination+absolute_time,9,medium,False,bart_live_20260913_182435,
315,136,2019641,2019641,NCON,station+line+platform/direction+destination+absolute_time,9,medium,False,bart_live_20260913_182435,
320,131,2019641,2019641,ORIN,station+line+platform/direction+destination+absolute_time,9,medium,False,bart_live_20260913_182435,
340,174,2019642,2019642,PITT,station+line+platform/direction+destination+absolute_time,9,medium,False,bart_live_20260913_182435,
427,77,2019715,2019715,UCTY,station+line+platform/direction+destination+absolute_time,9,medium,False,bart_live_20260913_182435,
428,97,2019716,2019716,UCTY,station+line+platform/direction+destination+absolute_time,9,medium,False,bart_live_20260913_182435,
184,58,2019713,2019713,DBRK,station+line+platform/direction+destination+absolute_time,10,medium,False,bart_live_20260913_182435,
198,208,2019644,2019644,EMBR,station+line+platform/direction+destination+absolute_time,10,medium,False,bart_live_20260913_182435,
226,177,2019643,2019643,GLEN,station+line+platform/direction+destination+absolute_time,10,medium,False,bart_live_20260913_182435,
267,166,2019642,2019642,MCAR,station+line+platform/direction+destination+absolute_time,10,medium,False,bart_live_20260913_182435,
301,398,2020031,2020031,MONT,station+line+platform/direction+destination+absolute_time,10,medium,False,bart_live_20260913_182435,
302,422,2020032,2020032,MONT,station+line+platform/direction+destination+absolute_time,10,medium,False,bart_live_20260913_182435,
338,321,2019640,2019640,PITT,station+line+platform/direction+destination+absolute_time,10,medium,False,bart_live_20260913_182435,
122,593,2020177,2020177,CIVC,station+line+platform/direction+destination+absolute_time,11,medium,False,bart_live_20260913_182435,
123,612,2020178,2020178,CIVC,station+line+platform/direction+destination+absolute_time,11,medium,False,bart_live_20260913_182435,
264,53,2019713,2019713,LAKE,station+line+platform/direction+destination+absolute_time,11,medium,False,bart_live_20260913_182435,
112,548,2020174,2020174,CAST,station+line+platform/direction+destination+absolute_time,12,medium,False,bart_live_20260913_182435,
203,596,2020177,2020177,EMBR,station+line+platform/direction+destination+absolute_time,12,medium,False,bart_live_20260913_182435,
204,615,2020178,2020178,EMBR,station+line+platform/direction+destination+absolute_time,12,medium,False,bart_live_20260913_182435,
208,379,2020030,2020030,EMBR,station+line+platform/direction+destination+absolute_time,12,medium,False,bart_live_20260913_182435,
0,164,2019642,2019642,12TH,station+line+platform/direction+destination+absolute_time,13,medium,False,bart_live_20260913_182435,
1,185,2019643,2019643,12TH,station+line+platform/direction+destination+absolute_time,13,medium,False,bart_live_20260913_182435,
2,210,2019644,2019644,12TH,station+line+platform/direction+destination+absolute_time,13,medium,False,bart_live_20260913_182435,
408,411,2020032,2020032,SFIA,station+line+platform/direction+destination+absolute_time,13,medium,False,bart_live_20260913_182435,
409,439,2020033,2020033,SFIA,station+line+platform/direction+destination+absolute_time,13,medium,False,bart_live_20260913_182435,
444,184,2019643,2019643,WOAK,station+line+platform/direction+destination+absolute_time,13,medium,False,bart_live_20260913_182435,
157,135,2019641,2019641,CONC,station+line+platform/direction+destination+absolute_time,14,medium,False,bart_live_20260913_182435,
197,183,2019643,2019643,EMBR,station+line+platform/direction+destination+absolute_time,14,medium,False,bart_live_20260913_182435,
266,84,2019715,2019715,LAKE,station+line+platform/direction+destination+absolute_time,14,medium,False,bart_live_20260913_182435,
364,377,2020030,2020030,POWL,station+line+platform/direction+destination+absolute_time,14,medium,False,bart_live_20260913_182435,
391,81,2019715,2019715,SANL,station+line+platform/direction+destination+absolute_time,14,medium,False,bart_live_20260913_182435,
392,101,2019716,2019716,SANL,station+line+platform/direction+destination+absolute_time,14,medium,False,bart_live_20260913_182435,
223,52,2019713,2019713,FTVL,station+line+platform/direction+destination+absolute_time,15,medium,False,bart_live_20260913_182435,
268,187,2019643,2019643,MCAR,station+line+platform/direction+destination+absolute_time,15,medium,False,bart_live_20260913_182435,
269,212,2019644,2019644,MCAR,station+line+platform/direction+destination+absolute_time,15,medium,False,bart_live_20260913_182435,
403,196,2019644,2019644,SFIA,station+line+platform/direction+destination+absolute_time,15,medium,False,bart_live_20260913_182435,
404,224,2019645,2019645,SFIA,station+line+platform/direction+destination+absolute_time,15,medium,False,bart_live_20260913_182435,
432,170,2019642,2019642,WCRK,station+line+platform/direction+destination+absolute_time,15,medium,False,bart_live_20260913_182435,
433,191,2019643,2019643,WCRK,station+line+platform/direction+destination+absolute_time,15,medium,False,bart_live_20260913_182435,
443,163,2019642,2019642,WOAK,station+line+platform/direction+destination+absolute_time,15,medium,False,bart_live_20260913_182435,
43,55,2019713,2019713,19TH,station+line+platform/direction+destination+absolute_time,16,medium,False,bart_live_20260913_182435,
76,57,2019713,2019713,ASHB,station+line+platform/direction+destination+absolute_time,16,medium,False,bart_live_20260913_182435,
300,378,2020030,2020030,MONT,station+line+platform/direction+destination+absolute_time,16,medium,False,bart_live_20260913_182435,
225,83,2019715,2019715,FTVL,station+line+platform/direction+destination+absolute_time,17,medium,False,bart_live_20260913_182435,
250,169,2019642,2019642,LAFY,station+line+platform/direction+destination+absolute_time,17,medium,False,bart_live_20260913_182435,
339,137,2019641,2019641,PITT,station+line+platform/direction+destination+absolute_time,17,medium,False,bart_live_20260913_182435,
44,382,2020030,2020030,19TH,station+line+platform/direction+destination+absolute_time,18,medium,False,bart_live_20260913_182435,
84,589,2020177,2020177,BALB,station+line+platform/direction+destination+absolute_time,18,medium,False,bart_live_20260913_182435,
85,608,2020178,2020178,BALB,station+line+platform/direction+destination+absolute_time,18,medium,False,bart_live_20260913_182435,
165,588,2020177,2020177,DALY,station+line+platform/direction+destination+absolute_time,18,medium,False,bart_live_20260913_182435,
166,607,2020178,2020178,DALY,station+line+platform/direction+destination+absolute_time,18,medium,False,bart_live_20260913_182435,
322,189,2019643,2019643,ORIN,station+line+platform/direction+destination+absolute_time,18,medium,False,bart_live_20260913_182435,
9,54,2019713,2019713,12TH,station+line+platform/direction+destination+absolute_time,19,medium,False,bart_live_20260913_182435,
55,591,2020177,2020177,24TH,station+line+platform/direction+destination+absolute_time,19,medium,False,bart_live_20260913_182435,
56,610,2020178,2020178,24TH,station+line+platform/direction+destination+absolute_time,19,medium,False,bart_live_20260913_182435,
171,415,2020032,2020032,DALY,station+line+platform/direction+destination+absolute_time,19,medium,False,bart_live_20260913_182435,
172,443,2020033,2020033,DALY,station+line+platform/direction+destination+absolute_time,19,medium,False,bart_live_20260913_182435,
182,32,2019712,2019712,DBRK,station+line+platform/direction+destination+absolute_time,19,medium,False,bart_live_20260913_182435,
191,374,2020029,2020029,DELN,station+line+platform/direction+destination+absolute_time,19,medium,False,bart_live_20260913_182435,
192,61,2019713,2019713,DELN,station+line+platform/direction+destination+absolute_time,19,medium,False,bart_live_20260913_182435,
237,393,2020031,2020031,GLEN,station+line+platform/direction+destination+absolute_time,19,medium,False,bart_live_20260913_182435,
238,417,2020032,2020032,GLEN,station+line+platform/direction+destination+absolute_time,19,medium,False,bart_live_20260913_182435,
239,445,2020033,2020033,GLEN,station+line+platform/direction+destination+absolute_time,19,medium,False,bart_live_20260913_182435,
277,56,2019713,2019713,MCAR,station+line+platform/direction+destination+absolute_time,19,medium,False,bart_live_20260913_182435,
350,373,2020029,2020029,PLZA,station+line+platform/direction+destination+absolute_time,19,medium,False,bart_live_20260913_182435,
34,186,2019643,2019643,19TH,station+line+platform/direction+destination+absolute_time,20,medium,False,bart_live_20260913_182435,
35,211,2019644,2019644,19TH,station+line+platform/direction+destination+absolute_time,20,medium,False,bart_live_20260913_182435,
79,201,2019644,2019644,BALB,station+line+platform/direction+destination+absolute_time,20,medium,False,bart_live_20260913_182435,
80,229,2019645,2019645,BALB,station+line+platform/direction+destination+absolute_time,20,medium,False,bart_live_20260913_182435,
138,390,2020031,2020031,COLM,station+line+platform/direction+destination+absolute_time,20,medium,False,bart_live_20260913_182435,
294,578,2020176,2020176,MONT,station+line+platform/direction+destination+absolute_time,20,medium,False,bart_live_20260913_182435,
332,134,2019641,2019641,PHIL,station+line+platform/direction+destination+absolute_time,20,medium,False,bart_live_20260913_182435,
49,203,2019644,2019644,24TH,station+line+platform/direction+destination+absolute_time,21,medium,False,bart_live_20260913_182435,
50,231,2019645,2019645,24TH,station+line+platform/direction+destination+absolute_time,21,medium,False,bart_live_20260913_182435,
127,376,2020030,2020030,CIVC,station+line+platform/direction+destination+absolute_time,21,medium,False,bart_live_20260913_182435,
163,200,2019644,2019644,DALY,station+line+platform/direction+destination+absolute_time,21,medium,False,bart_live_20260913_182435,
164,228,2019645,2019645,DALY,station+line+platform/direction+destination+absolute_time,21,medium,False,bart_live_20260913_182435,
227,202,2019644,2019644,GLEN,station+line+platform/direction+destination+absolute_time,21,medium,False,bart_live_20260913_182435,
228,230,2019645,2019645,GLEN,station+line+platform/direction+destination+absolute_time,21,medium,False,bart_live_20260913_182435,
89,392,2020031,2020031,BALB,station+line+platform/direction+destination+absolute_time,22,medium,False,bart_live_20260913_182435,
90,416,2020032,2020032,BALB,station+line+platform/direction+destination+absolute_time,22,medium,False,bart_live_20260913_182435,
91,444,2020033,2020033,BALB,station+line+platform/direction+destination+absolute_time,22,medium,False,bart_live_20260913_182435,
60,394,2020031,2020031,24TH,station+line+platform/direction+destination+absolute_time,23,medium,False,bart_live_20260913_182435,
61,418,2020032,2020032,24TH,station+line+platform/direction+destination+absolute_time,23,medium,False,bart_live_20260913_182435,
62,446,2020033,2020033,24TH,station+line+platform/direction+destination+absolute_time,23,medium,False,bart_live_20260913_182435,
202,579,2020176,2020176,EMBR,station+line+platform/direction+destination+absolute_time,23,medium,False,bart_live_20260913_182435,
232,590,2020177,2020177,GLEN,station+line+platform/direction+destination+absolute_time,23,medium,False,bart_live_20260913_182435,
233,609,2020178,2020178,GLEN,station+line+platform/direction+destination+absolute_time,23,medium,False,bart_live_20260913_182435,
333,171,2019642,2019642,PHIL,station+line+platform/direction+destination+absolute_time,23,medium,False,bart_live_20260913_182435,
422,413,2020032,2020032,SSAN,station+line+platform/direction+destination+absolute_time,23,medium,False,bart_live_20260913_182435,
423,441,2020033,2020033,SSAN,station+line+platform/direction+destination+absolute_time,23,medium,False,bart_live_20260913_182435,
22,592,2020177,2020177,16TH,station+line+platform/direction+destination+absolute_time,24,medium,False,bart_live_20260913_182435,
23,611,2020178,2020178,16TH,station+line+platform/direction+destination+absolute_time,24,medium,False,bart_live_20260913_182435,
115,180,2019643,2019643,CIVC,station+line+platform/direction+destination+absolute_time,24,medium,False,bart_live_20260913_182435,
329,650,687,687,PCTR,station+line+platform/direction+destination+absolute_time,24,medium,False,bart_live_20260913_182435,
330,653,689,689,PCTR,station+line+platform/direction+destination+absolute_time,24,medium,False,bart_live_20260913_182435,
331,656,691,691,PCTR,station+line+platform/direction+destination+absolute_time,24,medium,False,bart_live_20260913_182435,
334,192,2019643,2019643,PHIL,station+line+platform/direction+destination+absolute_time,24,medium,False,bart_live_20260913_182435,
393,197,2019644,2019644,SBRN,station+line+platform/direction+destination+absolute_time,24,medium,False,bart_live_20260913_182435,
394,225,2019645,2019645,SBRN,station+line+platform/direction+destination+absolute_time,24,medium,False,bart_live_20260913_182435,
416,198,2019644,2019644,SSAN,station+line+platform/direction+destination+absolute_time,25,medium,False,bart_live_20260913_182435,
417,226,2019645,2019645,SSAN,station+line+platform/direction+destination+absolute_time,25,medium,False,bart_live_20260913_182435,
16,204,2019644,2019644,16TH,station+line+platform/direction+destination+absolute_time,26,medium,False,bart_live_20260913_182435,
17,232,2019645,2019645,16TH,station+line+platform/direction+destination+absolute_time,26,medium,False,bart_live_20260913_182435,
113,572,2020175,2020175,CAST,station+line+platform/direction+destination+absolute_time,26,medium,False,bart_live_20260913_182435,
114,586,2020176,2020176,CAST,station+line+platform/direction+destination+absolute_time,26,medium,False,bart_live_20260913_182435,
183,371,2020029,2020029,DBRK,station+line+platform/direction+destination+absolute_time,26,medium,False,bart_live_20260913_182435,
288,182,2019643,2019643,MONT,station+line+platform/direction+destination+absolute_time,26,medium,False,bart_live_20260913_182435,
365,397,2020031,2020031,POWL,station+line+platform/direction+destination+absolute_time,26,medium,False,bart_live_20260913_182435,
366,421,2020032,2020032,POWL,station+line+platform/direction+destination+absolute_time,26,medium,False,bart_live_20260913_182435,
398,412,2020032,2020032,SBRN,station+line+platform/direction+destination+absolute_time,26,medium,False,bart_live_20260913_182435,
399,440,2020033,2020033,SBRN,station+line+platform/direction+destination+absolute_time,26,medium,False,bart_live_20260913_182435,
440,549,2020174,2020174,WDUB,station+line+platform/direction+destination+absolute_time,26,medium,False,bart_live_20260913_182435,
311,33,2019712,2019712,NBRK,station+line+platform/direction+destination+absolute_time,27,medium,False,bart_live_20260913_182435,
313,59,2019713,2019713,NBRK,station+line+platform/direction+destination+absolute_time,27,medium,False,bart_live_20260913_182435,
375,167,2019642,2019642,ROCK,station+line+platform/direction+destination+absolute_time,27,medium,False,bart_live_20260913_182435,
421,389,2020031,2020031,SSAN,station+line+platform/direction+destination+absolute_time,27,medium,False,bart_live_20260913_182435,
27,375,2020030,2020030,16TH,station+line+platform/direction+destination+absolute_time,28,medium,False,bart_live_20260913_182435,
28,395,2020031,2020031,16TH,station+line+platform/direction+destination+absolute_time,28,medium,False,bart_live_20260913_182435,
29,419,2020032,2020032,16TH,station+line+platform/direction+destination+absolute_time,28,medium,False,bart_live_20260913_182435,
249,132,2019641,2019641,LAFY,station+line+platform/direction+destination+absolute_time,28,medium,False,bart_live_20260913_182435,
353,206,2019644,2019644,POWL,station+line+platform/direction+destination+absolute_time,28,medium,False,bart_live_20260913_182435,
354,234,2019645,2019645,POWL,station+line+platform/direction+destination+absolute_time,28,medium,False,bart_live_20260913_182435,
42,368,2020029,2020029,19TH,station+line+platform/direction+destination+absolute_time,29,medium,False,bart_live_20260913_182435,
66,649,687,687,ANTC,station+line+platform/direction+destination+absolute_time,29,medium,False,bart_live_20260913_182435,
67,652,689,689,ANTC,station+line+platform/direction+destination+absolute_time,29,medium,False,bart_live_20260913_182435,
68,655,691,691,ANTC,station+line+platform/direction+destination+absolute_time,29,medium,False,bart_live_20260913_182435,
121,576,2020176,2020176,CIVC,station+line+platform/direction+destination+absolute_time,29,medium,False,bart_live_20260913_182435,
314,320,2019640,2019640,NCON,station+line+platform/direction+destination+absolute_time,29,medium,False,bart_live_20260913_182435,
21,575,2020176,2020176,16TH,station+line+platform/direction+destination+absolute_time,30,medium,False,bart_live_20260913_182435,
54,574,2020176,2020176,24TH,station+line+platform/direction+destination+absolute_time,30,medium,False,bart_live_20260913_182435,
359,594,2020177,2020177,POWL,station+line+platform/direction+destination+absolute_time,30,medium,False,bart_live_20260913_182435,
360,613,2020178,2020178,POWL,station+line+platform/direction+destination+absolute_time,30,medium,False,bart_live_20260913_182435,
434,275,2019572,2019572,WCRK,station+line+platform/direction+destination+absolute_time,60,high,False,bart_live_20260913_182435,
156,319,2019640,2019640,CONC,station+line+platform/direction+destination+absolute_time,31,medium,False,bart_live_20260913_182435,
196,162,2019642,2019642,EMBR,station+line+platform/direction+destination+absolute_time,33,medium,False,bart_live_20260913_182435,
243,95,2019830,2019830,HAYW,station+line+platform/direction+destination+absolute_time,5,medium,False,bart_live_20260913_182435,
244,121,2019831,2019831,HAYW,station+line+platform/direction+destination+absolute_time,5,medium,False,bart_live_20260913_182435,
245,14,2019832,2019832,HAYW,station+line+platform/direction+destination+absolute_time,5,medium,False,bart_live_20260913_182435,
96,120,2019831,2019831,BAYF,station+line+platform/direction+destination+absolute_time,6,medium,False,bart_live_20260913_182435,
97,13,2019832,2019832,BAYF,station+line+platform/direction+destination+absolute_time,6,medium,False,bart_live_20260913_182435,
307,19,2019833,2019833,NBRK,station+line+platform/direction+destination+absolute_time,7,medium,False,bart_live_20260913_182435,
308,39,2019834,2019834,NBRK,station+line+platform/direction+destination+absolute_time,7,medium,False,bart_live_20260913_182435,
306,3,2019832,2019832,NBRK,station+line+platform/direction+destination+absolute_time,9,medium,False,bart_live_20260913_182435,
382,119,2019831,2019831,SANL,station+line+platform/direction+destination+absolute_time,9,medium,False,bart_live_20260913_182435,
383,12,2019832,2019832,SANL,station+line+platform/direction+destination+absolute_time,9,medium,False,bart_live_20260913_182435,
371,16,2019833,2019833,RICH,station+line+platform/direction+destination+absolute_time,10,medium,False,bart_live_20260913_182435,
372,36,2019834,2019834,RICH,station+line+platform/direction+destination+absolute_time,10,medium,False,bart_live_20260913_182435,
144,118,2019831,2019831,COLS,station+line+platform/direction+destination+absolute_time,14,medium,False,bart_live_20260913_182435,
145,11,2019832,2019832,COLS,station+line+platform/direction+destination+absolute_time,14,medium,False,bart_live_20260913_182435,
146,27,2019833,2019833,COLS,station+line+platform/direction+destination+absolute_time,14,medium,False,bart_live_20260913_182435,
95,94,2019830,2019830,BAYF,station+line+platform/direction+destination+absolute_time,17,medium,False,bart_live_20260913_182435,
69,5,2019832,2019832,ASHB,station+line+platform/direction+destination+absolute_time,18,medium,False,bart_live_20260913_182435,
70,21,2019833,2019833,ASHB,station+line+platform/direction+destination+absolute_time,18,medium,False,bart_live_20260913_182435,
71,41,2019834,2019834,ASHB,station+line+platform/direction+destination+absolute_time,18,medium,False,bart_live_20260913_182435,
185,1,2019832,2019832,DELN,station+line+platform/direction+destination+absolute_time,18,medium,False,bart_live_20260913_182435,
186,17,2019833,2019833,DELN,station+line+platform/direction+destination+absolute_time,18,medium,False,bart_live_20260913_182435,
187,37,2019834,2019834,DELN,station+line+platform/direction+destination+absolute_time,18,medium,False,bart_live_20260913_182435,
410,96,2019830,2019830,SHAY,station+line+platform/direction+destination+absolute_time,19,medium,False,bart_live_20260913_182435,
411,122,2019831,2019831,SHAY,station+line+platform/direction+destination+absolute_time,19,medium,False,bart_live_20260913_182435,
412,15,2019832,2019832,SHAY,station+line+platform/direction+destination+absolute_time,19,medium,False,bart_live_20260913_182435,
270,113,2019831,2019831,MCAR,station+line+platform/direction+destination+absolute_time,21,medium,False,bart_live_20260913_182435,
271,6,2019832,2019832,MCAR,station+line+platform/direction+destination+absolute_time,21,medium,False,bart_live_20260913_182435,
272,22,2019833,2019833,MCAR,station+line+platform/direction+destination+absolute_time,21,medium,False,bart_live_20260913_182435,
255,116,2019831,2019831,LAKE,station+line+platform/direction+destination+absolute_time,22,medium,False,bart_live_20260913_182435,
256,9,2019832,2019832,LAKE,station+line+platform/direction+destination+absolute_time,22,medium,False,bart_live_20260913_182435,
257,25,2019833,2019833,LAKE,station+line+platform/direction+destination+absolute_time,22,medium,False,bart_live_20260913_182435,
162,175,2019643,2019643,DALY,station+line+platform/direction+destination+absolute_time,54,medium,False,bart_live_20260913_182435,
176,4,2019832,2019832,DBRK,station+line+platform/direction+destination+absolute_time,24,medium,False,bart_live_20260913_182435,
177,20,2019833,2019833,DBRK,station+line+platform/direction+destination+absolute_time,24,medium,False,bart_live_20260913_182435,
178,40,2019834,2019834,DBRK,station+line+platform/direction+destination+absolute_time,24,medium,False,bart_live_20260913_182435,
36,114,2019831,2019831,19TH,station+line+platform/direction+destination+absolute_time,26,medium,False,bart_live_20260913_182435,
37,7,2019832,2019832,19TH,station+line+platform/direction+destination+absolute_time,26,medium,False,bart_live_20260913_182435,
38,23,2019833,2019833,19TH,station+line+platform/direction+destination+absolute_time,26,medium,False,bart_live_20260913_182435,
344,2,2019832,2019832,PLZA,station+line+platform/direction+destination+absolute_time,26,medium,False,bart_live_20260913_182435,
345,18,2019833,2019833,PLZA,station+line+platform/direction+destination+absolute_time,26,medium,False,bart_live_20260913_182435,
346,38,2019834,2019834,PLZA,station+line+platform/direction+destination+absolute_time,26,medium,False,bart_live_20260913_182435,
3,115,2019831,2019831,12TH,station+line+platform/direction+destination+absolute_time,27,medium,False,bart_live_20260913_182435,
4,8,2019832,2019832,12TH,station+line+platform/direction+destination+absolute_time,27,medium,False,bart_live_20260913_182435,
5,24,2019833,2019833,12TH,station+line+platform/direction+destination+absolute_time,27,medium,False,bart_live_20260913_182435,
214,117,2019831,2019831,FTVL,station+line+platform/direction+destination+absolute_time,27,medium,False,bart_live_20260913_182435,
215,10,2019832,2019832,FTVL,station+line+platform/direction+destination+absolute_time,27,medium,False,bart_live_20260913_182435,
216,26,2019833,2019833,FTVL,station+line+platform/direction+destination+absolute_time,27,medium,False,bart_live_20260913_182435,
381,93,2019830,2019830,SANL,station+line+platform/direction+destination+absolute_time,28,medium,False,bart_live_20260913_182435,
327,647,684,684,PCTR,station+line+platform/direction+destination+absolute_time,4,medium,False,bart_live_20260913_182435,
328,648,686,686,PCTR,station+line+platform/direction+destination+absolute_time,4,medium,False,bart_live_20260913_182435,
286,128,2019782,2019782,MLPT,station+line+platform/direction+destination+absolute_time,9,medium,False,bart_live_20260913_182435,
287,126,2019743,2019743,MLPT,station+line+platform/direction+destination+absolute_time,9,medium,False,bart_live_20260913_182435,
107,127,2019782,2019782,BERY,station+line+platform/direction+destination+absolute_time,10,medium,False,bart_live_20260913_182435,
108,125,2019743,2019743,BERY,station+line+platform/direction+destination+absolute_time,10,medium,False,bart_live_20260913_182435,
370,0,2019832,2019832,RICH,station+line+platform/direction+destination+absolute_time,46,medium,False,bart_live_20260913_182435,
326,646,682,682,PCTR,station+line+platform/direction+destination+absolute_time,19,medium,False,bart_live_20260913_182435,
224,67,2019714,2019714,FTVL,station+line+platform/direction+destination+absolute_time,103,medium,False,bart_live_20260913_182435,
153,66,2019714,2019714,COLS,station+line+platform/direction+destination+absolute_time,121,medium,False,bart_live_20260913_182435,
246,63,2019714,2019714,HAYW,station+line+platform/direction+destination+absolute_time,125,medium,False,bart_live_20260913_182435,
11,69,2019714,2019714,12TH,station+line+platform/direction+destination+absolute_time,133,medium,False,bart_live_20260913_182435,
265,68,2019714,2019714,LAKE,station+line+platform/direction+destination+absolute_time,134,medium,False,bart_live_20260913_182435,
390,65,2019714,2019714,SANL,station+line+platform/direction+destination+absolute_time,134,medium,False,bart_live_20260913_182435,
193,,,,DUBL,unmatched,,unmatched,False,bart_live_20260913_182435,no unique GTFS-RT stop within 180 seconds
413,,,,SHAY,unmatched,,unmatched,False,bart_live_20260913_182435,no unique GTFS-RT stop within 180 seconds
,28,2019833,2019833,SANL,gtfsrt_only,,unmatched,False,bart_live_20260913_182435,no ETD row with compatible station/line/time
,29,2019833,2019833,BAYF,gtfsrt_only,,unmatched,False,bart_live_20260913_182435,no ETD row with compatible station/line/time
,30,2019833,2019833,HAYW,gtfsrt_only,,unmatched,False,bart_live_20260913_182435,no ETD row with compatible station/line/time
,31,2019833,2019833,SHAY,gtfsrt_only,,unmatched,False,bart_live_20260913_182435,no ETD row with compatible station/line/time
,42,2019834,2019834,MCAR,gtfsrt_only,,unmatched,False,bart_live_20260913_182435,no ETD row with compatible station/line/time
,43,2019834,2019834,19TH,gtfsrt_only,,unmatched,False,bart_live_20260913_182435,no ETD row with compatible station/line/time
,44,2019834,2019834,12TH,gtfsrt_only,,unmatched,False,bart_live_20260913_182435,no ETD row with compatible station/line/time
,45,2019834,2019834,LAKE,gtfsrt_only,,unmatched,False,bart_live_20260913_182435,no ETD row with compatible station/line/time
,46,2019834,2019834,FTVL,gtfsrt_only,,unmatched,False,bart_live_20260913_182435,no ETD row with compatible station/line/time
,47,2019834,2019834,COLS,gtfsrt_only,,unmatched,False,bart_live_20260913_182435,no ETD row with compatible station/line/time
,48,2019834,2019834,SANL,gtfsrt_only,,unmatched,False,bart_live_20260913_182435,no ETD row with compatible station/line/time
,49,2019834,2019834,BAYF,gtfsrt_only,,unmatched,False,bart_live_20260913_182435,no ETD row with compatible station/line/time
,50,2019834,2019834,HAYW,gtfsrt_only,,unmatched,False,bart_live_20260913_182435,no ETD row with compatible station/line/time
,51,2019834,2019834,SHAY,gtfsrt_only,,unmatched,False,bart_live_20260913_182435,no ETD row with compatible station/line/time
,62,2019714,2019714,SHAY,gtfsrt_only,,unmatched,False,bart_live_20260913_182435,no ETD row with compatible station/line/time
,70,2019714,2019714,19TH,gtfsrt_only,,unmatched,False,bart_live_20260913_182435,no ETD row with compatible station/line/time
,71,2019714,2019714,MCAR,gtfsrt_only,,unmatched,False,bart_live_20260913_182435,no ETD row with compatible station/line/time
,72,2019714,2019714,ASHB,gtfsrt_only,,unmatched,False,bart_live_20260913_182435,no ETD row with compatible station/line/time
,73,2019714,2019714,DBRK,gtfsrt_only,,unmatched,False,bart_live_20260913_182435,no ETD row with compatible station/line/time
,74,2019714,2019714,NBRK,gtfsrt_only,,unmatched,False,bart_live_20260913_182435,no ETD row with compatible station/line/time
,75,2019714,2019714,PLZA,gtfsrt_only,,unmatched,False,bart_live_20260913_182435,no ETD row with compatible station/line/time
,76,2019714,2019714,DELN,gtfsrt_only,,unmatched,False,bart_live_20260913_182435,no ETD row with compatible station/line/time
,85,2019715,2019715,12TH,gtfsrt_only,,unmatched,False,bart_live_20260913_182435,no ETD row with compatible station/line/time
,86,2019715,2019715,19TH,gtfsrt_only,,unmatched,False,bart_live_20260913_182435,no ETD row with compatible station/line/time
,87,2019715,2019715,MCAR,gtfsrt_only,,unmatched,False,bart_live_20260913_182435,no ETD row with compatible station/line/time
,88,2019715,2019715,ASHB,gtfsrt_only,,unmatched,False,bart_live_20260913_182435,no ETD row with compatible station/line/time
,89,2019715,2019715,DBRK,gtfsrt_only,,unmatched,False,bart_live_20260913_182435,no ETD row with compatible station/line/time
,90,2019715,2019715,NBRK,gtfsrt_only,,unmatched,False,bart_live_20260913_182435,no ETD row with compatible station/line/time
,91,2019715,2019715,PLZA,gtfsrt_only,,unmatched,False,bart_live_20260913_182435,no ETD row with compatible station/line/time
,92,2019715,2019715,DELN,gtfsrt_only,,unmatched,False,bart_live_20260913_182435,no ETD row with compatible station/line/time
,103,2019716,2019716,FTVL,gtfsrt_only,,unmatched,False,bart_live_20260913_182435,no ETD row with compatible station/line/time
,104,2019716,2019716,LAKE,gtfsrt_only,,unmatched,False,bart_live_20260913_182435,no ETD row with compatible station/line/time
,105,2019716,2019716,12TH,gtfsrt_only,,unmatched,False,bart_live_20260913_182435,no ETD row with compatible station/line/time
,106,2019716,2019716,19TH,gtfsrt_only,,unmatched,False,bart_live_20260913_182435,no ETD row with compatible station/line/time
,107,2019716,2019716,MCAR,gtfsrt_only,,unmatched,False,bart_live_20260913_182435,no ETD row with compatible station/line/time
,108,2019716,2019716,ASHB,gtfsrt_only,,unmatched,False,bart_live_20260913_182435,no ETD row with compatible station/line/time
,109,2019716,2019716,DBRK,gtfsrt_only,,unmatched,False,bart_live_20260913_182435,no ETD row with compatible station/line/time
,110,2019716,2019716,NBRK,gtfsrt_only,,unmatched,False,bart_live_20260913_182435,no ETD row with compatible station/line/time
,111,2019716,2019716,PLZA,gtfsrt_only,,unmatched,False,bart_live_20260913_182435,no ETD row with compatible station/line/time
,112,2019716,2019716,DELN,gtfsrt_only,,unmatched,False,bart_live_20260913_182435,no ETD row with compatible station/line/time
,142,2019533,2019533,WCRK,gtfsrt_only,,unmatched,False,bart_live_20260913_182435,no ETD row with compatible station/line/time
,143,2019533,2019533,LAFY,gtfsrt_only,,unmatched,False,bart_live_20260913_182435,no ETD row with compatible station/line/time
,144,2019533,2019533,ORIN,gtfsrt_only,,unmatched,False,bart_live_20260913_182435,no ETD row with compatible station/line/time
,145,2019533,2019533,ROCK,gtfsrt_only,,unmatched,False,bart_live_20260913_182435,no ETD row with compatible station/line/time
,146,2019533,2019533,MCAR,gtfsrt_only,,unmatched,False,bart_live_20260913_182435,no ETD row with compatible station/line/time
,147,2019533,2019533,19TH,gtfsrt_only,,unmatched,False,bart_live_20260913_182435,no ETD row with compatible station/line/time
,148,2019533,2019533,12TH,gtfsrt_only,,unmatched,False,bart_live_20260913_182435,no ETD row with compatible station/line/time
,149,2019533,2019533,WOAK,gtfsrt_only,,unmatched,False,bart_live_20260913_182435,no ETD row with compatible station/line/time
,150,2019533,2019533,EMBR,gtfsrt_only,,unmatched,False,bart_live_20260913_182435,no ETD row with compatible station/line/time
,151,2019533,2019533,MONT,gtfsrt_only,,unmatched,False,bart_live_20260913_182435,no ETD row with compatible station/line/time
,152,2019533,2019533,POWL,gtfsrt_only,,unmatched,False,bart_live_20260913_182435,no ETD row with compatible station/line/time
,153,2019533,2019533,CIVC,gtfsrt_only,,unmatched,False,bart_live_20260913_182435,no ETD row with compatible station/line/time
,154,2019533,2019533,16TH,gtfsrt_only,,unmatched,False,bart_live_20260913_182435,no ETD row with compatible station/line/time
,155,2019533,2019533,24TH,gtfsrt_only,,unmatched,False,bart_live_20260913_182435,no ETD row with compatible station/line/time
,156,2019533,2019533,GLEN,gtfsrt_only,,unmatched,False,bart_live_20260913_182435,no ETD row with compatible station/line/time
,157,2019533,2019533,BALB,gtfsrt_only,,unmatched,False,bart_live_20260913_182435,no ETD row with compatible station/line/time
,158,2019533,2019533,DALY,gtfsrt_only,,unmatched,False,bart_live_20260913_182435,no ETD row with compatible station/line/time
,159,2019533,2019533,COLM,gtfsrt_only,,unmatched,False,bart_live_20260913_182435,no ETD row with compatible station/line/time
,160,2019533,2019533,SSAN,gtfsrt_only,,unmatched,False,bart_live_20260913_182435,no ETD row with compatible station/line/time
,161,2019533,2019533,SBRN,gtfsrt_only,,unmatched,False,bart_live_20260913_182435,no ETD row with compatible station/line/time
,193,2019643,2019643,CONC,gtfsrt_only,,unmatched,False,bart_live_20260913_182435,no ETD row with compatible station/line/time
,194,2019643,2019643,NCON,gtfsrt_only,,unmatched,False,bart_live_20260913_182435,no ETD row with compatible station/line/time
,195,2019643,2019643,PITT,gtfsrt_only,,unmatched,False,bart_live_20260913_182435,no ETD row with compatible station/line/time
,214,2019644,2019644,ORIN,gtfsrt_only,,unmatched,False,bart_live_20260913_182435,no ETD row with compatible station/line/time
,215,2019644,2019644,LAFY,gtfsrt_only,,unmatched,False,bart_live_20260913_182435,no ETD row with compatible station/line/time
,216,2019644,2019644,WCRK,gtfsrt_only,,unmatched,False,bart_live_20260913_182435,no ETD row with compatible station/line/time
,217,2019644,2019644,PHIL,gtfsrt_only,,unmatched,False,bart_live_20260913_182435,no ETD row with compatible station/line/time
,218,2019644,2019644,CONC,gtfsrt_only,,unmatched,False,bart_live_20260913_182435,no ETD row with compatible station/line/time
,219,2019644,2019644,NCON,gtfsrt_only,,unmatched,False,bart_live_20260913_182435,no ETD row with compatible station/line/time
,220,2019644,2019644,PITT,gtfsrt_only,,unmatched,False,bart_live_20260913_182435,no ETD row with compatible station/line/time
,236,2019645,2019645,EMBR,gtfsrt_only,,unmatched,False,bart_live_20260913_182435,no ETD row with compatible station/line/time
,237,2019645,2019645,WOAK,gtfsrt_only,,unmatched,False,bart_live_20260913_182435,no ETD row with compatible station/line/time
,238,2019645,2019645,12TH,gtfsrt_only,,unmatched,False,bart_live_20260913_182435,no ETD row with compatible station/line/time
,239,2019645,2019645,19TH,gtfsrt_only,,unmatched,False,bart_live_20260913_182435,no ETD row with compatible station/line/time
,240,2019645,2019645,MCAR,gtfsrt_only,,unmatched,False,bart_live_20260913_182435,no ETD row with compatible station/line/time
,241,2019645,2019645,ROCK,gtfsrt_only,,unmatched,False,bart_live_20260913_182435,no ETD row with compatible station/line/time
,242,2019645,2019645,ORIN,gtfsrt_only,,unmatched,False,bart_live_20260913_182435,no ETD row with compatible station/line/time
,243,2019645,2019645,LAFY,gtfsrt_only,,unmatched,False,bart_live_20260913_182435,no ETD row with compatible station/line/time
,244,2019645,2019645,WCRK,gtfsrt_only,,unmatched,False,bart_live_20260913_182435,no ETD row with compatible station/line/time
,245,2019645,2019645,PHIL,gtfsrt_only,,unmatched,False,bart_live_20260913_182435,no ETD row with compatible station/line/time
,246,2019645,2019645,CONC,gtfsrt_only,,unmatched,False,bart_live_20260913_182435,no ETD row with compatible station/line/time
,247,2019645,2019645,NCON,gtfsrt_only,,unmatched,False,bart_live_20260913_182435,no ETD row with compatible station/line/time
,248,2019645,2019645,PITT,gtfsrt_only,,unmatched,False,bart_live_20260913_182435,no ETD row with compatible station/line/time
,292,2019572,2019572,COLM,gtfsrt_only,,unmatched,False,bart_live_20260913_182435,no ETD row with compatible station/line/time
,293,2019572,2019572,SSAN,gtfsrt_only,,unmatched,False,bart_live_20260913_182435,no ETD row with compatible station/line/time
,294,2019572,2019572,SBRN,gtfsrt_only,,unmatched,False,bart_live_20260913_182435,no ETD row with compatible station/line/time
,309,2019573,2019573,POWL,gtfsrt_only,,unmatched,False,bart_live_20260913_182435,no ETD row with compatible station/line/time
,310,2019573,2019573,CIVC,gtfsrt_only,,unmatched,False,bart_live_20260913_182435,no ETD row with compatible station/line/time
,311,2019573,2019573,16TH,gtfsrt_only,,unmatched,False,bart_live_20260913_182435,no ETD row with compatible station/line/time
,312,2019573,2019573,24TH,gtfsrt_only,,unmatched,False,bart_live_20260913_182435,no ETD row with compatible station/line/time
,313,2019573,2019573,GLEN,gtfsrt_only,,unmatched,False,bart_live_20260913_182435,no ETD row with compatible station/line/time
,314,2019573,2019573,BALB,gtfsrt_only,,unmatched,False,bart_live_20260913_182435,no ETD row with compatible station/line/time
,315,2019573,2019573,DALY,gtfsrt_only,,unmatched,False,bart_live_20260913_182435,no ETD row with compatible station/line/time
,316,2019573,2019573,COLM,gtfsrt_only,,unmatched,False,bart_live_20260913_182435,no ETD row with compatible station/line/time
,317,2019573,2019573,SSAN,gtfsrt_only,,unmatched,False,bart_live_20260913_182435,no ETD row with compatible station/line/time
,318,2019573,2019573,SBRN,gtfsrt_only,,unmatched,False,bart_live_20260913_182435,no ETD row with compatible station/line/time
,330,2019532,2019532,MCAR,gtfsrt_only,,unmatched,False,bart_live_20260913_182435,no ETD row with compatible station/line/time
,331,2019532,2019532,19TH,gtfsrt_only,,unmatched,False,bart_live_20260913_182435,no ETD row with compatible station/line/time
,332,2019532,2019532,12TH,gtfsrt_only,,unmatched,False,bart_live_20260913_182435,no ETD row with compatible station/line/time
,333,2019532,2019532,WOAK,gtfsrt_only,,unmatched,False,bart_live_20260913_182435,no ETD row with compatible station/line/time
,334,2019532,2019532,EMBR,gtfsrt_only,,unmatched,False,bart_live_20260913_182435,no ETD row with compatible station/line/time
,335,2019532,2019532,MONT,gtfsrt_only,,unmatched,False,bart_live_20260913_182435,no ETD row with compatible station/line/time
,336,2019532,2019532,POWL,gtfsrt_only,,unmatched,False,bart_live_20260913_182435,no ETD row with compatible station/line/time
,337,2019532,2019532,CIVC,gtfsrt_only,,unmatched,False,bart_live_20260913_182435,no ETD row with compatible station/line/time
,338,2019532,2019532,16TH,gtfsrt_only,,unmatched,False,bart_live_20260913_182435,no ETD row with compatible station/line/time
,339,2019532,2019532,24TH,gtfsrt_only,,unmatched,False,bart_live_20260913_182435,no ETD row with compatible station/line/time
,340,2019532,2019532,GLEN,gtfsrt_only,,unmatched,False,bart_live_20260913_182435,no ETD row with compatible station/line/time
,341,2019532,2019532,BALB,gtfsrt_only,,unmatched,False,bart_live_20260913_182435,no ETD row with compatible station/line/time
,342,2019532,2019532,DALY,gtfsrt_only,,unmatched,False,bart_live_20260913_182435,no ETD row with compatible station/line/time
,343,2019532,2019532,COLM,gtfsrt_only,,unmatched,False,bart_live_20260913_182435,no ETD row with compatible station/line/time
,344,2019532,2019532,SSAN,gtfsrt_only,,unmatched,False,bart_live_20260913_182435,no ETD row with compatible station/line/time
,345,2019532,2019532,SBRN,gtfsrt_only,,unmatched,False,bart_live_20260913_182435,no ETD row with compatible station/line/time
,356,2019995,2019995,EMBR,gtfsrt_only,,unmatched,False,bart_live_20260913_182435,no ETD row with compatible station/line/time
,357,2019995,2019995,MONT,gtfsrt_only,,unmatched,False,bart_live_20260913_182435,no ETD row with compatible station/line/time
,358,2019995,2019995,POWL,gtfsrt_only,,unmatched,False,bart_live_20260913_182435,no ETD row with compatible station/line/time
,359,2019995,2019995,CIVC,gtfsrt_only,,unmatched,False,bart_live_20260913_182435,no ETD row with compatible station/line/time
,360,2019995,2019995,16TH,gtfsrt_only,,unmatched,False,bart_live_20260913_182435,no ETD row with compatible station/line/time
,361,2019995,2019995,24TH,gtfsrt_only,,unmatched,False,bart_live_20260913_182435,no ETD row with compatible station/line/time
,362,2019995,2019995,GLEN,gtfsrt_only,,unmatched,False,bart_live_20260913_182435,no ETD row with compatible station/line/time
,363,2019995,2019995,BALB,gtfsrt_only,,unmatched,False,bart_live_20260913_182435,no ETD row with compatible station/line/time
,364,2019995,2019995,DALY,gtfsrt_only,,unmatched,False,bart_live_20260913_182435,no ETD row with compatible station/line/time
,365,2019995,2019995,COLM,gtfsrt_only,,unmatched,False,bart_live_20260913_182435,no ETD row with compatible station/line/time
,366,2019995,2019995,SSAN,gtfsrt_only,,unmatched,False,bart_live_20260913_182435,no ETD row with compatible station/line/time
,367,2019995,2019995,SBRN,gtfsrt_only,,unmatched,False,bart_live_20260913_182435,no ETD row with compatible station/line/time
,385,2020030,2020030,DBRK,gtfsrt_only,,unmatched,False,bart_live_20260913_182435,no ETD row with compatible station/line/time
,386,2020030,2020030,NBRK,gtfsrt_only,,unmatched,False,bart_live_20260913_182435,no ETD row with compatible station/line/time
,387,2020030,2020030,PLZA,gtfsrt_only,,unmatched,False,bart_live_20260913_182435,no ETD row with compatible station/line/time
,388,2020030,2020030,DELN,gtfsrt_only,,unmatched,False,bart_live_20260913_182435,no ETD row with compatible station/line/time
,401,2020031,2020031,12TH,gtfsrt_only,,unmatched,False,bart_live_20260913_182435,no ETD row with compatible station/line/time
,402,2020031,2020031,19TH,gtfsrt_only,,unmatched,False,bart_live_20260913_182435,no ETD row with compatible station/line/time
,403,2020031,2020031,MCAR,gtfsrt_only,,unmatched,False,bart_live_20260913_182435,no ETD row with compatible station/line/time
,404,2020031,2020031,ASHB,gtfsrt_only,,unmatched,False,bart_live_20260913_182435,no ETD row with compatible station/line/time
,405,2020031,2020031,DBRK,gtfsrt_only,,unmatched,False,bart_live_20260913_182435,no ETD row with compatible station/line/time
,406,2020031,2020031,NBRK,gtfsrt_only,,unmatched,False,bart_live_20260913_182435,no ETD row with compatible station/line/time
,407,2020031,2020031,PLZA,gtfsrt_only,,unmatched,False,bart_live_20260913_182435,no ETD row with compatible station/line/time
,408,2020031,2020031,DELN,gtfsrt_only,,unmatched,False,bart_live_20260913_182435,no ETD row with compatible station/line/time
,425,2020032,2020032,12TH,gtfsrt_only,,unmatched,False,bart_live_20260913_182435,no ETD row with compatible station/line/time
,426,2020032,2020032,19TH,gtfsrt_only,,unmatched,False,bart_live_20260913_182435,no ETD row with compatible station/line/time
,427,2020032,2020032,MCAR,gtfsrt_only,,unmatched,False,bart_live_20260913_182435,no ETD row with compatible station/line/time
,428,2020032,2020032,ASHB,gtfsrt_only,,unmatched,False,bart_live_20260913_182435,no ETD row with compatible station/line/time
,429,2020032,2020032,DBRK,gtfsrt_only,,unmatched,False,bart_live_20260913_182435,no ETD row with compatible station/line/time
,430,2020032,2020032,NBRK,gtfsrt_only,,unmatched,False,bart_live_20260913_182435,no ETD row with compatible station/line/time
,431,2020032,2020032,PLZA,gtfsrt_only,,unmatched,False,bart_live_20260913_182435,no ETD row with compatible station/line/time
,432,2020032,2020032,DELN,gtfsrt_only,,unmatched,False,bart_live_20260913_182435,no ETD row with compatible station/line/time
,447,2020033,2020033,16TH,gtfsrt_only,,unmatched,False,bart_live_20260913_182435,no ETD row with compatible station/line/time
,448,2020033,2020033,CIVC,gtfsrt_only,,unmatched,False,bart_live_20260913_182435,no ETD row with compatible station/line/time
,449,2020033,2020033,POWL,gtfsrt_only,,unmatched,False,bart_live_20260913_182435,no ETD row with compatible station/line/time
,450,2020033,2020033,MONT,gtfsrt_only,,unmatched,False,bart_live_20260913_182435,no ETD row with compatible station/line/time
,451,2020033,2020033,EMBR,gtfsrt_only,,unmatched,False,bart_live_20260913_182435,no ETD row with compatible station/line/time
,452,2020033,2020033,WOAK,gtfsrt_only,,unmatched,False,bart_live_20260913_182435,no ETD row with compatible station/line/time
,453,2020033,2020033,12TH,gtfsrt_only,,unmatched,False,bart_live_20260913_182435,no ETD row with compatible station/line/time
,454,2020033,2020033,19TH,gtfsrt_only,,unmatched,False,bart_live_20260913_182435,no ETD row with compatible station/line/time
,455,2020033,2020033,MCAR,gtfsrt_only,,unmatched,False,bart_live_20260913_182435,no ETD row with compatible station/line/time
,456,2020033,2020033,ASHB,gtfsrt_only,,unmatched,False,bart_live_20260913_182435,no ETD row with compatible station/line/time
,457,2020033,2020033,DBRK,gtfsrt_only,,unmatched,False,bart_live_20260913_182435,no ETD row with compatible station/line/time
,458,2020033,2020033,NBRK,gtfsrt_only,,unmatched,False,bart_live_20260913_182435,no ETD row with compatible station/line/time
,459,2020033,2020033,PLZA,gtfsrt_only,,unmatched,False,bart_live_20260913_182435,no ETD row with compatible station/line/time
,460,2020033,2020033,DELN,gtfsrt_only,,unmatched,False,bart_live_20260913_182435,no ETD row with compatible station/line/time
,510,2019994,2019994,DALY,gtfsrt_only,,unmatched,False,bart_live_20260913_182435,no ETD row with compatible station/line/time
,511,2019994,2019994,COLM,gtfsrt_only,,unmatched,False,bart_live_20260913_182435,no ETD row with compatible station/line/time
,512,2019994,2019994,SSAN,gtfsrt_only,,unmatched,False,bart_live_20260913_182435,no ETD row with compatible station/line/time
,513,2019994,2019994,SBRN,gtfsrt_only,,unmatched,False,bart_live_20260913_182435,no ETD row with compatible station/line/time
,514,2020118,2020118,DUBL,gtfsrt_only,,unmatched,False,bart_live_20260913_182435,no ETD row with compatible station/line/time
,529,2020118,2020118,GLEN,gtfsrt_only,,unmatched,False,bart_live_20260913_182435,no ETD row with compatible station/line/time
,530,2020118,2020118,BALB,gtfsrt_only,,unmatched,False,bart_live_20260913_182435,no ETD row with compatible station/line/time
,539,2020119,2020119,WOAK,gtfsrt_only,,unmatched,False,bart_live_20260913_182435,no ETD row with compatible station/line/time
,540,2020119,2020119,EMBR,gtfsrt_only,,unmatched,False,bart_live_20260913_182435,no ETD row with compatible station/line/time
,541,2020119,2020119,MONT,gtfsrt_only,,unmatched,False,bart_live_20260913_182435,no ETD row with compatible station/line/time
,542,2020119,2020119,POWL,gtfsrt_only,,unmatched,False,bart_live_20260913_182435,no ETD row with compatible station/line/time
,543,2020119,2020119,CIVC,gtfsrt_only,,unmatched,False,bart_live_20260913_182435,no ETD row with compatible station/line/time
,544,2020119,2020119,16TH,gtfsrt_only,,unmatched,False,bart_live_20260913_182435,no ETD row with compatible station/line/time
,545,2020119,2020119,24TH,gtfsrt_only,,unmatched,False,bart_live_20260913_182435,no ETD row with compatible station/line/time
,546,2020119,2020119,GLEN,gtfsrt_only,,unmatched,False,bart_live_20260913_182435,no ETD row with compatible station/line/time
,547,2020119,2020119,BALB,gtfsrt_only,,unmatched,False,bart_live_20260913_182435,no ETD row with compatible station/line/time
,554,2020120,2020120,SANL,gtfsrt_only,,unmatched,False,bart_live_20260913_182435,no ETD row with compatible station/line/time
,555,2020120,2020120,COLS,gtfsrt_only,,unmatched,False,bart_live_20260913_182435,no ETD row with compatible station/line/time
,556,2020120,2020120,FTVL,gtfsrt_only,,unmatched,False,bart_live_20260913_182435,no ETD row with compatible station/line/time
,557,2020120,2020120,LAKE,gtfsrt_only,,unmatched,False,bart_live_20260913_182435,no ETD row with compatible station/line/time
,558,2020120,2020120,WOAK,gtfsrt_only,,unmatched,False,bart_live_20260913_182435,no ETD row with compatible station/line/time
,559,2020120,2020120,EMBR,gtfsrt_only,,unmatched,False,bart_live_20260913_182435,no ETD row with compatible station/line/time
,560,2020120,2020120,MONT,gtfsrt_only,,unmatched,False,bart_live_20260913_182435,no ETD row with compatible station/line/time
,561,2020120,2020120,POWL,gtfsrt_only,,unmatched,False,bart_live_20260913_182435,no ETD row with compatible station/line/time
,562,2020120,2020120,CIVC,gtfsrt_only,,unmatched,False,bart_live_20260913_182435,no ETD row with compatible station/line/time
,563,2020120,2020120,16TH,gtfsrt_only,,unmatched,False,bart_live_20260913_182435,no ETD row with compatible station/line/time
,564,2020120,2020120,24TH,gtfsrt_only,,unmatched,False,bart_live_20260913_182435,no ETD row with compatible station/line/time
,565,2020120,2020120,GLEN,gtfsrt_only,,unmatched,False,bart_live_20260913_182435,no ETD row with compatible station/line/time
,566,2020120,2020120,BALB,gtfsrt_only,,unmatched,False,bart_live_20260913_182435,no ETD row with compatible station/line/time
,603,2020177,2020177,CAST,gtfsrt_only,,unmatched,False,bart_live_20260913_182435,no ETD row with compatible station/line/time
,604,2020177,2020177,WDUB,gtfsrt_only,,unmatched,False,bart_live_20260913_182435,no ETD row with compatible station/line/time
,617,2020178,2020178,LAKE,gtfsrt_only,,unmatched,False,bart_live_20260913_182435,no ETD row with compatible station/line/time
,618,2020178,2020178,FTVL,gtfsrt_only,,unmatched,False,bart_live_20260913_182435,no ETD row with compatible station/line/time
,619,2020178,2020178,COLS,gtfsrt_only,,unmatched,False,bart_live_20260913_182435,no ETD row with compatible station/line/time
,620,2020178,2020178,SANL,gtfsrt_only,,unmatched,False,bart_live_20260913_182435,no ETD row with compatible station/line/time
,621,2020178,2020178,BAYF,gtfsrt_only,,unmatched,False,bart_live_20260913_182435,no ETD row with compatible station/line/time
,622,2020178,2020178,CAST,gtfsrt_only,,unmatched,False,bart_live_20260913_182435,no ETD row with compatible station/line/time
,623,2020178,2020178,WDUB,gtfsrt_only,,unmatched,False,bart_live_20260913_182435,no ETD row with compatible station/line/time
,651,688,688,PCTR,gtfsrt_only,,unmatched,False,bart_live_20260913_182435,no ETD row with compatible station/line/time
,654,690,690,PCTR,gtfsrt_only,,unmatched,False,bart_live_20260913_182435,no ETD row with compatible station/line/time
,657,693,693,ANTC,gtfsrt_only,,unmatched,False,bart_live_20260913_182435,no ETD row with compatible station/line/time
,658,693,693,PCTR,gtfsrt_only,,unmatched,False,bart_live_20260913_182435,no ETD row with compatible station/line/time
,659,695,695,ANTC,gtfsrt_only,,unmatched,False,bart_live_20260913_182435,no ETD row with compatible station/line/time
337,517,2020123,2020123,SANL,station+line+platform/direction+destination+absolute_time,0,high,False,bart_live_20260913_201652,
338,534,2020124,2020124,SANL,station+line+platform/direction+destination+absolute_time,0,high,False,bart_live_20260913_201652,
339,552,2020125,2020125,SANL,station+line+platform/direction+destination+absolute_time,0,high,False,bart_live_20260913_201652,
206,383,2019997,2019997,GLEN,station+line+platform/direction+destination+absolute_time,1,high,False,bart_live_20260913_201652,
229,520,2020123,2020123,LAKE,station+line+platform/direction+destination+absolute_time,1,high,False,bart_live_20260913_201652,
230,537,2020124,2020124,LAKE,station+line+platform/direction+destination+absolute_time,1,high,False,bart_live_20260913_201652,
246,170,2019575,2019575,MCAR,station+line+platform/direction+destination+absolute_time,1,medium,False,bart_live_20260913_201652,
247,192,2019576,2019576,MCAR,station+line+platform/direction+destination+absolute_time,1,medium,False,bart_live_20260913_201652,
248,216,2019577,2019577,MCAR,station+line+platform/direction+destination+absolute_time,1,medium,False,bart_live_20260913_201652,
271,175,2019575,2019575,MONT,station+line+platform/direction+destination+absolute_time,1,medium,False,bart_live_20260913_201652,
272,197,2019576,2019576,MONT,station+line+platform/direction+destination+absolute_time,1,medium,False,bart_live_20260913_201652,
154,165,2019574,2019574,DALY,station+line+platform/direction+destination+absolute_time,2,medium,False,bart_live_20260913_201652,
123,166,2019574,2019574,COLM,station+line+platform/direction+destination+absolute_time,3,medium,False,bart_live_20260913_201652,
124,183,2019575,2019575,COLM,station+line+platform/direction+destination+absolute_time,3,medium,False,bart_live_20260913_201652,
125,205,2019576,2019576,COLM,station+line+platform/direction+destination+absolute_time,3,medium,False,bart_live_20260913_201652,
378,167,2019574,2019574,SSAN,station+line+platform/direction+destination+absolute_time,3,medium,False,bart_live_20260913_201652,
379,184,2019575,2019575,SSAN,station+line+platform/direction+destination+absolute_time,3,medium,False,bart_live_20260913_201652,
380,206,2019576,2019576,SSAN,station+line+platform/direction+destination+absolute_time,3,medium,False,bart_live_20260913_201652,
210,163,2019574,2019574,GLEN,station+line+platform/direction+destination+absolute_time,4,medium,False,bart_live_20260913_201652,
52,162,2019574,2019574,24TH,station+line+platform/direction+destination+absolute_time,5,medium,False,bart_live_20260913_201652,
270,158,2019574,2019574,MONT,station+line+platform/direction+destination+absolute_time,5,medium,False,bart_live_20260913_201652,
9,172,2019575,2019575,12TH,station+line+platform/direction+destination+absolute_time,6,medium,False,bart_live_20260913_201652,
10,194,2019576,2019576,12TH,station+line+platform/direction+destination+absolute_time,6,medium,False,bart_live_20260913_201652,
11,218,2019577,2019577,12TH,station+line+platform/direction+destination+absolute_time,6,medium,False,bart_live_20260913_201652,
223,213,2019577,2019577,LAFY,station+line+platform/direction+destination+absolute_time,6,medium,False,bart_live_20260913_201652,
224,242,2019578,2019578,LAFY,station+line+platform/direction+destination+absolute_time,6,medium,False,bart_live_20260913_201652,
182,157,2019574,2019574,EMBR,station+line+platform/direction+destination+absolute_time,7,medium,False,bart_live_20260913_201652,
252,123,2019903,2019903,MLPT,station+line+platform/direction+destination+absolute_time,7,high,False,bart_live_20260913_201652,
261,508,2020122,2020122,MONT,station+line+platform/direction+destination+absolute_time,7,high,False,bart_live_20260913_201652,
262,523,2020123,2020123,MONT,station+line+platform/direction+destination+absolute_time,7,high,False,bart_live_20260913_201652,
263,540,2020124,2020124,MONT,station+line+platform/direction+destination+absolute_time,7,high,False,bart_live_20260913_201652,
332,191,2019576,2019576,ROCK,station+line+platform/direction+destination+absolute_time,7,medium,False,bart_live_20260913_201652,
24,161,2019574,2019574,16TH,station+line+platform/direction+destination+absolute_time,8,medium,False,bart_live_20260913_201652,
155,182,2019575,2019575,DALY,station+line+platform/direction+destination+absolute_time,8,medium,False,bart_live_20260913_201652,
156,204,2019576,2019576,DALY,station+line+platform/direction+destination+absolute_time,8,medium,False,bart_live_20260913_201652,
304,208,2019577,2019577,PITT,station+line+platform/direction+destination+absolute_time,8,medium,False,bart_live_20260913_201652,
305,237,2019578,2019578,PITT,station+line+platform/direction+destination+absolute_time,8,medium,False,bart_live_20260913_201652,
331,169,2019575,2019575,ROCK,station+line+platform/direction+destination+absolute_time,8,medium,False,bart_live_20260913_201652,
400,506,2020122,2020122,WOAK,station+line+platform/direction+destination+absolute_time,8,high,False,bart_live_20260913_201652,
86,566,2020180,2020180,BAYF,station+line+platform/direction+destination+absolute_time,9,high,False,bart_live_20260913_201652,
142,210,2019577,2019577,CONC,station+line+platform/direction+destination+absolute_time,9,medium,False,bart_live_20260913_201652,
143,239,2019578,2019578,CONC,station+line+platform/direction+destination+absolute_time,9,medium,False,bart_live_20260913_201652,
153,128,2019533,2019533,DALY,station+line+platform/direction+destination+absolute_time,9,high,False,bart_live_20260913_201652,
384,119,2019860,2019860,WARM,station+line+platform/direction+destination+absolute_time,9,high,False,bart_live_20260913_201652,
409,173,2019575,2019575,WOAK,station+line+platform/direction+destination+absolute_time,9,medium,False,bart_live_20260913_201652,
410,195,2019576,2019576,WOAK,station+line+platform/direction+destination+absolute_time,9,medium,False,bart_live_20260913_201652,
411,219,2019577,2019577,WOAK,station+line+platform/direction+destination+absolute_time,9,medium,False,bart_live_20260913_201652,
67,487,2020121,2020121,BALB,station+line+platform/direction+destination+absolute_time,10,high,False,bart_live_20260913_201652,
68,514,2020122,2020122,BALB,station+line+platform/direction+destination+absolute_time,10,high,False,bart_live_20260913_201652,
69,529,2020123,2020123,BALB,station+line+platform/direction+destination+absolute_time,10,high,False,bart_live_20260913_201652,
287,214,2019577,2019577,ORIN,station+line+platform/direction+destination+absolute_time,10,medium,False,bart_live_20260913_201652,
288,243,2019578,2019578,ORIN,station+line+platform/direction+destination+absolute_time,10,medium,False,bart_live_20260913_201652,
314,509,2020122,2020122,POWL,station+line+platform/direction+destination+absolute_time,10,high,False,bart_live_20260913_201652,
315,524,2020123,2020123,POWL,station+line+platform/direction+destination+absolute_time,10,high,False,bart_live_20260913_201652,
316,541,2020124,2020124,POWL,station+line+platform/direction+destination+absolute_time,10,high,False,bart_live_20260913_201652,
84,533,2020124,2020124,BAYF,station+line+platform/direction+destination+absolute_time,11,high,False,bart_live_20260913_201652,
85,551,2020125,2020125,BAYF,station+line+platform/direction+destination+absolute_time,11,high,False,bart_live_20260913_201652,
122,129,2019533,2019533,COLM,station+line+platform/direction+destination+absolute_time,11,high,False,bart_live_20260913_201652,
253,120,2019860,2019860,MLPT,station+line+platform/direction+destination+absolute_time,11,high,False,bart_live_20260913_201652,
353,131,2019533,2019533,SBRN,station+line+platform/direction+destination+absolute_time,11,high,False,bart_live_20260913_201652,
38,217,2019577,2019577,19TH,station+line+platform/direction+destination+absolute_time,12,medium,False,bart_live_20260913_201652,
77,164,2019574,2019574,BALB,station+line+platform/direction+destination+absolute_time,12,medium,False,bart_live_20260913_201652,
94,515,2020123,2020123,CAST,station+line+platform/direction+destination+absolute_time,12,high,False,bart_live_20260913_201652,
359,358,2019996,2019996,SFIA,station+line+platform/direction+destination+absolute_time,12,high,False,bart_live_20260913_201652,
360,389,2019997,2019997,SFIA,station+line+platform/direction+destination+absolute_time,12,high,False,bart_live_20260913_201652,
87,447,2020181,2020181,BAYF,station+line+platform/direction+destination+absolute_time,13,high,False,bart_live_20260913_201652,
88,463,2020182,2020182,BAYF,station+line+platform/direction+destination+absolute_time,13,high,False,bart_live_20260913_201652,
323,159,2019574,2019574,POWL,station+line+platform/direction+destination+absolute_time,13,medium,False,bart_live_20260913_201652,
390,212,2019577,2019577,WCRK,station+line+platform/direction+destination+absolute_time,13,medium,False,bart_live_20260913_201652,
391,241,2019578,2019578,WCRK,station+line+platform/direction+destination+absolute_time,13,medium,False,bart_live_20260913_201652,
129,518,2020123,2020123,COLS,station+line+platform/direction+destination+absolute_time,14,high,False,bart_live_20260913_201652,
130,535,2020124,2020124,COLS,station+line+platform/direction+destination+absolute_time,14,high,False,bart_live_20260913_201652,
131,553,2020125,2020125,COLS,station+line+platform/direction+destination+absolute_time,14,high,False,bart_live_20260913_201652,
149,385,2019997,2019997,DALY,station+line+platform/direction+destination+absolute_time,14,high,False,bart_live_20260913_201652,
281,209,2019577,2019577,NCON,station+line+platform/direction+destination+absolute_time,14,medium,False,bart_live_20260913_201652,
282,238,2019578,2019578,NCON,station+line+platform/direction+destination+absolute_time,14,medium,False,bart_live_20260913_201652,
354,168,2019574,2019574,SBRN,station+line+platform/direction+destination+absolute_time,14,medium,False,bart_live_20260913_201652,
355,185,2019575,2019575,SBRN,station+line+platform/direction+destination+absolute_time,14,medium,False,bart_live_20260913_201652,
356,207,2019576,2019576,SBRN,station+line+platform/direction+destination+absolute_time,14,medium,False,bart_live_20260913_201652,
389,188,2019576,2019576,WCRK,station+line+platform/direction+destination+absolute_time,14,medium,False,bart_live_20260913_201652,
169,548,2020125,2020125,DUBL,station+line+platform/direction+destination+absolute_time,15,high,False,bart_live_20260913_201652,
15,484,2020121,2020121,16TH,station+line+platform/direction+destination+absolute_time,16,high,False,bart_live_20260913_201652,
16,511,2020122,2020122,16TH,station+line+platform/direction+destination+absolute_time,16,high,False,bart_live_20260913_201652,
17,526,2020123,2020123,16TH,station+line+platform/direction+destination+absolute_time,16,high,False,bart_live_20260913_201652,
112,160,2019574,2019574,CIVC,station+line+platform/direction+destination+absolute_time,16,medium,False,bart_live_20260913_201652,
299,211,2019577,2019577,PHIL,station+line+platform/direction+destination+absolute_time,16,medium,False,bart_live_20260913_201652,
300,240,2019578,2019578,PHIL,station+line+platform/direction+destination+absolute_time,16,medium,False,bart_live_20260913_201652,
42,485,2020121,2020121,24TH,station+line+platform/direction+destination+absolute_time,17,high,False,bart_live_20260913_201652,
43,512,2020122,2020122,24TH,station+line+platform/direction+destination+absolute_time,17,high,False,bart_live_20260913_201652,
44,527,2020123,2020123,24TH,station+line+platform/direction+destination+absolute_time,17,high,False,bart_live_20260913_201652,
113,177,2019575,2019575,CIVC,station+line+platform/direction+destination+absolute_time,17,medium,False,bart_live_20260913_201652,
114,199,2019576,2019576,CIVC,station+line+platform/direction+destination+absolute_time,17,medium,False,bart_live_20260913_201652,
341,446,2020181,2020181,SANL,station+line+platform/direction+destination+absolute_time,17,high,False,bart_live_20260913_201652,
342,462,2020182,2020182,SANL,station+line+platform/direction+destination+absolute_time,17,high,False,bart_live_20260913_201652,
377,130,2019533,2019533,SSAN,station+line+platform/direction+destination+absolute_time,17,high,False,bart_live_20260913_201652,
401,521,2020123,2020123,WOAK,station+line+platform/direction+destination+absolute_time,17,high,False,bart_live_20260913_201652,
402,538,2020124,2020124,WOAK,station+line+platform/direction+destination+absolute_time,17,high,False,bart_live_20260913_201652,
78,181,2019575,2019575,BALB,station+line+platform/direction+destination+absolute_time,18,medium,False,bart_live_20260913_201652,
79,203,2019576,2019576,BALB,station+line+platform/direction+destination+absolute_time,18,medium,False,bart_live_20260913_201652,
83,516,2020123,2020123,BAYF,station+line+platform/direction+destination+absolute_time,18,high,False,bart_live_20260913_201652,
324,176,2019575,2019575,POWL,station+line+platform/direction+destination+absolute_time,18,medium,False,bart_live_20260913_201652,
325,198,2019576,2019576,POWL,station+line+platform/direction+destination+absolute_time,18,medium,False,bart_live_20260913_201652,
392,531,2020124,2020124,WDUB,station+line+platform/direction+destination+absolute_time,18,high,False,bart_live_20260913_201652,
393,549,2020125,2020125,WDUB,station+line+platform/direction+destination+absolute_time,18,high,False,bart_live_20260913_201652,
118,386,2019997,2019997,COLM,station+line+platform/direction+destination+absolute_time,19,high,False,bart_live_20260913_201652,
254,127,2019904,2019904,MLPT,station+line+platform/direction+destination+absolute_time,19,high,False,bart_live_20260913_201652,
373,387,2019997,2019997,SSAN,station+line+platform/direction+destination+absolute_time,19,high,False,bart_live_20260913_201652,
73,384,2019997,2019997,BALB,station+line+platform/direction+destination+absolute_time,20,high,False,bart_live_20260913_201652,
231,443,2020181,2020181,LAKE,station+line+platform/direction+destination+absolute_time,20,high,False,bart_live_20260913_201652,
132,445,2020181,2020181,COLS,station+line+platform/direction+destination+absolute_time,21,high,False,bart_live_20260913_201652,
133,461,2020182,2020182,COLS,station+line+platform/direction+destination+absolute_time,21,high,False,bart_live_20260913_201652,
134,478,2020183,2020183,COLS,station+line+platform/direction+destination+absolute_time,21,high,False,bart_live_20260913_201652,
385,126,2019904,2019904,WARM,station+line+platform/direction+destination+absolute_time,21,high,False,bart_live_20260913_201652,
286,190,2019576,2019576,ORIN,station+line+platform/direction+destination+absolute_time,22,medium,False,bart_live_20260913_201652,
298,187,2019576,2019576,PHIL,station+line+platform/direction+destination+absolute_time,22,medium,False,bart_live_20260913_201652,
349,388,2019997,2019997,SBRN,station+line+platform/direction+destination+absolute_time,22,high,False,bart_live_20260913_201652,
211,180,2019575,2019575,GLEN,station+line+platform/direction+destination+absolute_time,23,medium,False,bart_live_20260913_201652,
212,202,2019576,2019576,GLEN,station+line+platform/direction+destination+absolute_time,23,medium,False,bart_live_20260913_201652,
25,178,2019575,2019575,16TH,station+line+platform/direction+destination+absolute_time,24,medium,False,bart_live_20260913_201652,
26,200,2019576,2019576,16TH,station+line+platform/direction+destination+absolute_time,24,medium,False,bart_live_20260913_201652,
95,532,2020124,2020124,CAST,station+line+platform/direction+destination+absolute_time,24,high,False,bart_live_20260913_201652,
96,550,2020125,2020125,CAST,station+line+platform/direction+destination+absolute_time,24,high,False,bart_live_20260913_201652,
141,186,2019576,2019576,CONC,station+line+platform/direction+destination+absolute_time,24,medium,False,bart_live_20260913_201652,
183,174,2019575,2019575,EMBR,station+line+platform/direction+destination+absolute_time,24,medium,False,bart_live_20260913_201652,
184,196,2019576,2019576,EMBR,station+line+platform/direction+destination+absolute_time,24,medium,False,bart_live_20260913_201652,
228,505,2020122,2020122,LAKE,station+line+platform/direction+destination+absolute_time,24,high,False,bart_live_20260913_201652,
53,179,2019575,2019575,24TH,station+line+platform/direction+destination+absolute_time,25,medium,False,bart_live_20260913_201652,
54,201,2019576,2019576,24TH,station+line+platform/direction+destination+absolute_time,25,medium,False,bart_live_20260913_201652,
104,510,2020122,2020122,CIVC,station+line+platform/direction+destination+absolute_time,25,high,False,bart_live_20260913_201652,
105,525,2020123,2020123,CIVC,station+line+platform/direction+destination+absolute_time,25,high,False,bart_live_20260913_201652,
340,565,2020180,2020180,SANL,station+line+platform/direction+destination+absolute_time,25,high,False,bart_live_20260913_201652,
173,507,2020122,2020122,EMBR,station+line+platform/direction+destination+absolute_time,26,high,False,bart_live_20260913_201652,
191,444,2020181,2020181,FTVL,station+line+platform/direction+destination+absolute_time,26,high,False,bart_live_20260913_201652,
192,460,2020182,2020182,FTVL,station+line+platform/direction+destination+absolute_time,26,high,False,bart_live_20260913_201652,
193,477,2020183,2020183,FTVL,station+line+platform/direction+destination+absolute_time,26,high,False,bart_live_20260913_201652,
333,215,2019577,2019577,ROCK,station+line+platform/direction+destination+absolute_time,26,medium,False,bart_live_20260913_201652,
348,357,2019996,2019996,SBRN,station+line+platform/direction+destination+absolute_time,26,high,False,bart_live_20260913_201652,
37,193,2019576,2019576,19TH,station+line+platform/direction+destination+absolute_time,27,medium,False,bart_live_20260913_201652,
174,522,2020123,2020123,EMBR,station+line+platform/direction+destination+absolute_time,28,high,False,bart_live_20260913_201652,
175,539,2020124,2020124,EMBR,station+line+platform/direction+destination+absolute_time,28,high,False,bart_live_20260913_201652,
188,519,2020123,2020123,FTVL,station+line+platform/direction+destination+absolute_time,28,high,False,bart_live_20260913_201652,
189,536,2020124,2020124,FTVL,station+line+platform/direction+destination+absolute_time,28,high,False,bart_live_20260913_201652,
190,554,2020125,2020125,FTVL,station+line+platform/direction+destination+absolute_time,28,high,False,bart_live_20260913_201652,
222,189,2019576,2019576,LAFY,station+line+platform/direction+destination+absolute_time,28,medium,False,bart_live_20260913_201652,
36,171,2019575,2019575,19TH,station+line+platform/direction+destination+absolute_time,29,medium,False,bart_live_20260913_201652,
48,382,2019997,2019997,24TH,station+line+platform/direction+destination+absolute_time,29,high,False,bart_live_20260913_201652,
200,486,2020121,2020121,GLEN,station+line+platform/direction+destination+absolute_time,29,high,False,bart_live_20260913_201652,
201,513,2020122,2020122,GLEN,station+line+platform/direction+destination+absolute_time,29,high,False,bart_live_20260913_201652,
202,528,2020123,2020123,GLEN,station+line+platform/direction+destination+absolute_time,29,high,False,bart_live_20260913_201652,
232,459,2020182,2020182,LAKE,station+line+platform/direction+destination+absolute_time,29,high,False,bart_live_20260913_201652,
233,476,2020183,2020183,LAKE,station+line+platform/direction+destination+absolute_time,29,high,False,bart_live_20260913_201652,
167,424,2020035,2020035,DELN,station+line+platform/direction+destination+absolute_time,0,medium,False,bart_live_20260913_201652,
394,547,2020179,2020179,WDUB,station+line+platform/direction+destination+absolute_time,0,medium,False,bart_live_20260913_201652,
62,420,2020035,2020035,ASHB,station+line+platform/direction+destination+absolute_time,1,medium,False,bart_live_20260913_201652,
179,432,2020036,2020036,EMBR,station+line+platform/direction+destination+absolute_time,1,medium,False,bart_live_20260913_201652,
239,300,2019646,2019646,MCAR,station+line+platform/direction+destination+absolute_time,1,medium,False,bart_live_20260913_201652,
310,423,2020035,2020035,PLZA,station+line+platform/direction+destination+absolute_time,1,medium,False,bart_live_20260913_201652,
0,275,2019649,2019649,12TH,station+line+platform/direction+destination+absolute_time,2,medium,False,bart_live_20260913_201652,
194,8,2019719,2019719,FTVL,station+line+platform/direction+destination+absolute_time,2,medium,False,bart_live_20260913_201652,
195,24,2019720,2019720,FTVL,station+line+platform/direction+destination+absolute_time,2,medium,False,bart_live_20260913_201652,
196,42,2019721,2019721,FTVL,station+line+platform/direction+destination+absolute_time,2,medium,False,bart_live_20260913_201652,
238,277,2019649,2019649,MCAR,station+line+platform/direction+destination+absolute_time,2,medium,False,bart_live_20260913_201652,
311,271,2019649,2019649,POWL,station+line+platform/direction+destination+absolute_time,2,medium,False,bart_live_20260913_201652,
386,232,2019647,2019647,WCRK,station+line+platform/direction+destination+absolute_time,2,medium,False,bart_live_20260913_201652,
45,452,2020182,2020182,24TH,station+line+platform/direction+destination+absolute_time,3,medium,False,bart_live_20260913_201652,
46,469,2020183,2020183,24TH,station+line+platform/direction+destination+absolute_time,3,medium,False,bart_live_20260913_201652,
47,491,2020184,2020184,24TH,station+line+platform/direction+destination+absolute_time,3,medium,False,bart_live_20260913_201652,
343,6,2019719,2019719,SANL,station+line+platform/direction+destination+absolute_time,3,medium,False,bart_live_20260913_201652,
403,442,2020181,2020181,WOAK,station+line+platform/direction+destination+absolute_time,3,medium,False,bart_live_20260913_201652,
70,450,2020182,2020182,BALB,station+line+platform/direction+destination+absolute_time,4,medium,False,bart_live_20260913_201652,
71,467,2020183,2020183,BALB,station+line+platform/direction+destination+absolute_time,4,medium,False,bart_live_20260913_201652,
72,489,2020184,2020184,BALB,station+line+platform/direction+destination+absolute_time,4,medium,False,bart_live_20260913_201652,
244,419,2020035,2020035,MCAR,station+line+platform/direction+destination+absolute_time,4,medium,False,bart_live_20260913_201652,
283,263,2019648,2019648,ORIN,station+line+platform/direction+destination+absolute_time,4,medium,False,bart_live_20260913_201652,
284,279,2019649,2019649,ORIN,station+line+platform/direction+destination+absolute_time,4,medium,False,bart_live_20260913_201652,
285,302,2019646,2019646,ORIN,station+line+platform/direction+destination+absolute_time,4,medium,False,bart_live_20260913_201652,
302,236,2019647,2019647,PITT,station+line+platform/direction+destination+absolute_time,4,medium,False,bart_live_20260913_201652,
303,269,2019648,2019648,PITT,station+line+platform/direction+destination+absolute_time,4,medium,False,bart_live_20260913_201652,
39,291,2019646,2019646,24TH,station+line+platform/direction+destination+absolute_time,5,medium,False,bart_live_20260913_201652,
40,316,2019650,2019650,24TH,station+line+platform/direction+destination+absolute_time,5,medium,False,bart_live_20260913_201652,
41,139,2019651,2019651,24TH,station+line+platform/direction+destination+absolute_time,5,medium,False,bart_live_20260913_201652,
268,346,2020037,2020037,MONT,station+line+platform/direction+destination+absolute_time,5,medium,False,bart_live_20260913_201652,
269,371,2020038,2020038,MONT,station+line+platform/direction+destination+absolute_time,5,medium,False,bart_live_20260913_201652,
6,417,2020035,2020035,12TH,station+line+platform/direction+destination+absolute_time,6,medium,False,bart_live_20260913_201652,
64,289,2019646,2019646,BALB,station+line+platform/direction+destination+absolute_time,6,medium,False,bart_live_20260913_201652,
65,314,2019650,2019650,BALB,station+line+platform/direction+destination+absolute_time,6,medium,False,bart_live_20260913_201652,
66,137,2019651,2019651,BALB,station+line+platform/direction+destination+absolute_time,6,medium,False,bart_live_20260913_201652,
162,14,2019719,2019719,DBRK,station+line+platform/direction+destination+absolute_time,6,medium,False,bart_live_20260913_201652,
320,430,2020036,2020036,POWL,station+line+platform/direction+destination+absolute_time,6,medium,False,bart_live_20260913_201652,
50,342,2020037,2020037,24TH,station+line+platform/direction+destination+absolute_time,7,medium,False,bart_live_20260913_201652,
51,367,2020038,2020038,24TH,station+line+platform/direction+destination+absolute_time,7,medium,False,bart_live_20260913_201652,
160,2,2019718,2019718,DBRK,station+line+platform/direction+destination+absolute_time,7,medium,False,bart_live_20260913_201652,
259,295,2019646,2019646,MONT,station+line+platform/direction+destination+absolute_time,7,medium,False,bart_live_20260913_201652,
260,320,2019650,2019650,MONT,station+line+platform/direction+destination+absolute_time,7,medium,False,bart_live_20260913_201652,
75,340,2020037,2020037,BALB,station+line+platform/direction+destination+absolute_time,8,medium,False,bart_live_20260913_201652,
76,365,2020038,2020038,BALB,station+line+platform/direction+destination+absolute_time,8,medium,False,bart_live_20260913_201652,
346,310,2019650,2019650,SBRN,station+line+platform/direction+destination+absolute_time,8,medium,False,bart_live_20260913_201652,
347,133,2019651,2019651,SBRN,station+line+platform/direction+destination+absolute_time,8,medium,False,bart_live_20260913_201652,
21,428,2020036,2020036,16TH,station+line+platform/direction+destination+absolute_time,9,medium,False,bart_live_20260913_201652,
35,435,2020036,2020036,19TH,station+line+platform/direction+destination+absolute_time,9,medium,False,bart_live_20260913_201652,
49,427,2020036,2020036,24TH,station+line+platform/direction+destination+absolute_time,9,medium,False,bart_live_20260913_201652,
219,264,2019648,2019648,LAFY,station+line+platform/direction+destination+absolute_time,9,medium,False,bart_live_20260913_201652,
220,280,2019649,2019649,LAFY,station+line+platform/direction+destination+absolute_time,9,medium,False,bart_live_20260913_201652,
221,303,2019646,2019646,LAFY,station+line+platform/direction+destination+absolute_time,9,medium,False,bart_live_20260913_201652,
264,456,2020182,2020182,MONT,station+line+platform/direction+destination+absolute_time,9,medium,False,bart_live_20260913_201652,
265,473,2020183,2020183,MONT,station+line+platform/direction+destination+absolute_time,9,medium,False,bart_live_20260913_201652,
266,495,2020184,2020184,MONT,station+line+platform/direction+destination+absolute_time,9,medium,False,bart_live_20260913_201652,
292,573,699,699,PCTR,station+line+platform/direction+destination+absolute_time,9,medium,False,bart_live_20260913_201652,
293,576,701,701,PCTR,station+line+platform/direction+destination+absolute_time,9,medium,False,bart_live_20260913_201652,
294,579,703,703,PCTR,station+line+platform/direction+destination+absolute_time,9,medium,False,bart_live_20260913_201652,
18,453,2020182,2020182,16TH,station+line+platform/direction+destination+absolute_time,10,medium,False,bart_live_20260913_201652,
19,470,2020183,2020183,16TH,station+line+platform/direction+destination+absolute_time,10,medium,False,bart_live_20260913_201652,
20,492,2020184,2020184,16TH,station+line+platform/direction+destination+absolute_time,10,medium,False,bart_live_20260913_201652,
100,270,2019649,2019649,CIVC,station+line+platform/direction+destination+absolute_time,10,medium,False,bart_live_20260913_201652,
350,336,2020037,2020037,SBRN,station+line+platform/direction+destination+absolute_time,10,medium,False,bart_live_20260913_201652,
351,361,2020038,2020038,SBRN,station+line+platform/direction+destination+absolute_time,10,medium,False,bart_live_20260913_201652,
352,392,2020039,2020039,SBRN,station+line+platform/direction+destination+absolute_time,10,medium,False,bart_live_20260913_201652,
395,568,2020180,2020180,WDUB,station+line+platform/direction+destination+absolute_time,10,medium,False,bart_live_20260913_201652,
396,449,2020181,2020181,WDUB,station+line+platform/direction+destination+absolute_time,10,medium,False,bart_live_20260913_201652,
406,416,2020035,2020035,WOAK,station+line+platform/direction+destination+absolute_time,10,medium,False,bart_live_20260913_201652,
97,567,2020180,2020180,CAST,station+line+platform/direction+destination+absolute_time,11,medium,False,bart_live_20260913_201652,
98,448,2020181,2020181,CAST,station+line+platform/direction+destination+absolute_time,11,medium,False,bart_live_20260913_201652,
99,464,2020182,2020182,CAST,station+line+platform/direction+destination+absolute_time,11,medium,False,bart_live_20260913_201652,
276,3,2019718,2019718,NBRK,station+line+platform/direction+destination+absolute_time,11,medium,False,bart_live_20260913_201652,
12,292,2019646,2019646,16TH,station+line+platform/direction+destination+absolute_time,12,medium,False,bart_live_20260913_201652,
13,317,2019650,2019650,16TH,station+line+platform/direction+destination+absolute_time,12,medium,False,bart_live_20260913_201652,
14,140,2019651,2019651,16TH,station+line+platform/direction+destination+absolute_time,12,medium,False,bart_live_20260913_201652,
250,359,2020038,2020038,MLBR,station+line+platform/direction+destination+absolute_time,12,medium,False,bart_live_20260913_201652,
251,390,2020039,2020039,MLBR,station+line+platform/direction+destination+absolute_time,12,medium,False,bart_live_20260913_201652,
119,338,2020037,2020037,COLM,station+line+platform/direction+destination+absolute_time,13,medium,False,bart_live_20260913_201652,
120,363,2020038,2020038,COLM,station+line+platform/direction+destination+absolute_time,13,medium,False,bart_live_20260913_201652,
121,394,2020039,2020039,COLM,station+line+platform/direction+destination+absolute_time,13,medium,False,bart_live_20260913_201652,
22,343,2020037,2020037,16TH,station+line+platform/direction+destination+absolute_time,14,medium,False,bart_live_20260913_201652,
23,368,2020038,2020038,16TH,station+line+platform/direction+destination+absolute_time,14,medium,False,bart_live_20260913_201652,
74,425,2020036,2020036,BALB,station+line+platform/direction+destination+absolute_time,14,medium,False,bart_live_20260913_201652,
103,483,2020121,2020121,CIVC,station+line+platform/direction+destination+absolute_time,44,high,False,bart_live_20260913_201652,
116,312,2019650,2019650,COLM,station+line+platform/direction+destination+absolute_time,15,medium,False,bart_live_20260913_201652,
117,135,2019651,2019651,COLM,station+line+platform/direction+destination+absolute_time,15,medium,False,bart_live_20260913_201652,
277,422,2020035,2020035,NBRK,station+line+platform/direction+destination+absolute_time,15,medium,False,bart_live_20260913_201652,
55,572,699,699,ANTC,station+line+platform/direction+destination+absolute_time,16,medium,False,bart_live_20260913_201652,
56,575,701,701,ANTC,station+line+platform/direction+destination+absolute_time,16,medium,False,bart_live_20260913_201652,
57,578,703,703,ANTC,station+line+platform/direction+destination+absolute_time,16,medium,False,bart_live_20260913_201652,
135,7,2019719,2019719,COLS,station+line+platform/direction+destination+absolute_time,16,medium,False,bart_live_20260913_201652,
136,23,2019720,2019720,COLS,station+line+platform/direction+destination+absolute_time,16,medium,False,bart_live_20260913_201652,
137,41,2019721,2019721,COLS,station+line+platform/direction+destination+absolute_time,16,medium,False,bart_live_20260913_201652,
317,455,2020182,2020182,POWL,station+line+platform/direction+destination+absolute_time,16,medium,False,bart_live_20260913_201652,
318,472,2020183,2020183,POWL,station+line+platform/direction+destination+absolute_time,16,medium,False,bart_live_20260913_201652,
319,494,2020184,2020184,POWL,station+line+platform/direction+destination+absolute_time,16,medium,False,bart_live_20260913_201652,
237,261,2019648,2019648,MCAR,station+line+platform/direction+destination+absolute_time,17,medium,False,bart_live_20260913_201652,
278,235,2019647,2019647,NCON,station+line+platform/direction+destination+absolute_time,17,medium,False,bart_live_20260913_201652,
279,268,2019648,2019648,NCON,station+line+platform/direction+destination+absolute_time,17,medium,False,bart_live_20260913_201652,
280,284,2019649,2019649,NCON,station+line+platform/direction+destination+absolute_time,17,medium,False,bart_live_20260913_201652,
312,294,2019646,2019646,POWL,station+line+platform/direction+destination+absolute_time,18,medium,False,bart_live_20260913_201652,
313,319,2019650,2019650,POWL,station+line+platform/direction+destination+absolute_time,18,medium,False,bart_live_20260913_201652,
328,262,2019648,2019648,ROCK,station+line+platform/direction+destination+absolute_time,18,medium,False,bart_live_20260913_201652,
329,278,2019649,2019649,ROCK,station+line+platform/direction+destination+absolute_time,18,medium,False,bart_live_20260913_201652,
330,301,2019646,2019646,ROCK,station+line+platform/direction+destination+absolute_time,18,medium,False,bart_live_20260913_201652,
8,434,2020036,2020036,12TH,station+line+platform/direction+destination+absolute_time,19,medium,False,bart_live_20260913_201652,
89,21,2019720,2019720,BAYF,station+line+platform/direction+destination+absolute_time,19,medium,False,bart_live_20260913_201652,
90,39,2019721,2019721,BAYF,station+line+platform/direction+destination+absolute_time,19,medium,False,bart_live_20260913_201652,
91,61,2019722,2019722,BAYF,station+line+platform/direction+destination+absolute_time,19,medium,False,bart_live_20260913_201652,
245,12,2019719,2019719,MCAR,station+line+platform/direction+destination+absolute_time,19,medium,False,bart_live_20260913_201652,
33,418,2020035,2020035,19TH,station+line+platform/direction+destination+absolute_time,20,medium,False,bart_live_20260913_201652,
170,273,2019649,2019649,EMBR,station+line+platform/direction+destination+absolute_time,20,medium,False,bart_live_20260913_201652,
216,20,2019720,2019720,HAYW,station+line+platform/direction+destination+absolute_time,20,medium,False,bart_live_20260913_201652,
217,38,2019721,2019721,HAYW,station+line+platform/direction+destination+absolute_time,20,medium,False,bart_live_20260913_201652,
218,60,2019722,2019722,HAYW,station+line+platform/direction+destination+absolute_time,20,medium,False,bart_live_20260913_201652,
309,4,2019718,2019718,PLZA,station+line+platform/direction+destination+absolute_time,20,medium,False,bart_live_20260913_201652,
321,345,2020037,2020037,POWL,station+line+platform/direction+destination+absolute_time,20,medium,False,bart_live_20260913_201652,
322,370,2020038,2020038,POWL,station+line+platform/direction+destination+absolute_time,20,medium,False,bart_live_20260913_201652,
367,19,2019720,2019720,SHAY,station+line+platform/direction+destination+absolute_time,20,medium,False,bart_live_20260913_201652,
368,37,2019721,2019721,SHAY,station+line+platform/direction+destination+absolute_time,20,medium,False,bart_live_20260913_201652,
369,59,2019722,2019722,SHAY,station+line+platform/direction+destination+absolute_time,20,medium,False,bart_live_20260913_201652,
144,288,2019646,2019646,DALY,station+line+platform/direction+destination+absolute_time,21,medium,False,bart_live_20260913_201652,
203,451,2020182,2020182,GLEN,station+line+platform/direction+destination+absolute_time,21,medium,False,bart_live_20260913_201652,
204,468,2020183,2020183,GLEN,station+line+platform/direction+destination+absolute_time,21,medium,False,bart_live_20260913_201652,
205,490,2020184,2020184,GLEN,station+line+platform/direction+destination+absolute_time,21,medium,False,bart_live_20260913_201652,
371,311,2019650,2019650,SSAN,station+line+platform/direction+destination+absolute_time,21,medium,False,bart_live_20260913_201652,
372,134,2019651,2019651,SSAN,station+line+platform/direction+destination+absolute_time,21,medium,False,bart_live_20260913_201652,
180,347,2020037,2020037,EMBR,station+line+platform/direction+destination+absolute_time,22,medium,False,bart_live_20260913_201652,
181,372,2020038,2020038,EMBR,station+line+platform/direction+destination+absolute_time,22,medium,False,bart_live_20260913_201652,
295,233,2019647,2019647,PHIL,station+line+platform/direction+destination+absolute_time,22,medium,False,bart_live_20260913_201652,
296,266,2019648,2019648,PHIL,station+line+platform/direction+destination+absolute_time,22,medium,False,bart_live_20260913_201652,
297,282,2019649,2019649,PHIL,station+line+platform/direction+destination+absolute_time,22,medium,False,bart_live_20260913_201652,
109,429,2020036,2020036,CIVC,station+line+platform/direction+destination+absolute_time,23,medium,False,bart_live_20260913_201652,
110,344,2020037,2020037,CIVC,station+line+platform/direction+destination+absolute_time,23,medium,False,bart_live_20260913_201652,
111,369,2020038,2020038,CIVC,station+line+platform/direction+destination+absolute_time,23,medium,False,bart_live_20260913_201652,
145,313,2019650,2019650,DALY,station+line+platform/direction+destination+absolute_time,23,medium,False,bart_live_20260913_201652,
146,136,2019651,2019651,DALY,station+line+platform/direction+destination+absolute_time,23,medium,False,bart_live_20260913_201652,
197,290,2019646,2019646,GLEN,station+line+platform/direction+destination+absolute_time,23,medium,False,bart_live_20260913_201652,
198,315,2019650,2019650,GLEN,station+line+platform/direction+destination+absolute_time,23,medium,False,bart_live_20260913_201652,
199,138,2019651,2019651,GLEN,station+line+platform/direction+destination+absolute_time,23,medium,False,bart_live_20260913_201652,
374,337,2020037,2020037,SSAN,station+line+platform/direction+destination+absolute_time,23,medium,False,bart_live_20260913_201652,
375,362,2020038,2020038,SSAN,station+line+platform/direction+destination+absolute_time,23,medium,False,bart_live_20260913_201652,
376,393,2020039,2020039,SSAN,station+line+platform/direction+destination+absolute_time,23,medium,False,bart_live_20260913_201652,
27,276,2019649,2019649,19TH,station+line+platform/direction+destination+absolute_time,24,medium,False,bart_live_20260913_201652,
165,415,2020034,2020034,DELN,station+line+platform/direction+destination+absolute_time,24,medium,False,bart_live_20260913_201652,
171,296,2019646,2019646,EMBR,station+line+platform/direction+destination+absolute_time,24,medium,False,bart_live_20260913_201652,
172,321,2019650,2019650,EMBR,station+line+platform/direction+destination+absolute_time,24,medium,False,bart_live_20260913_201652,
382,36,2019721,2019721,UCTY,station+line+platform/direction+destination+absolute_time,24,medium,False,bart_live_20260913_201652,
383,58,2019722,2019722,UCTY,station+line+platform/direction+destination+absolute_time,24,medium,False,bart_live_20260913_201652,
101,293,2019646,2019646,CIVC,station+line+platform/direction+destination+absolute_time,25,medium,False,bart_live_20260913_201652,
102,318,2019650,2019650,CIVC,station+line+platform/direction+destination+absolute_time,25,medium,False,bart_live_20260913_201652,
138,234,2019647,2019647,CONC,station+line+platform/direction+destination+absolute_time,25,medium,False,bart_live_20260913_201652,
139,267,2019648,2019648,CONC,station+line+platform/direction+destination+absolute_time,25,medium,False,bart_live_20260913_201652,
140,283,2019649,2019649,CONC,station+line+platform/direction+destination+absolute_time,25,medium,False,bart_live_20260913_201652,
150,339,2020037,2020037,DALY,station+line+platform/direction+destination+absolute_time,25,medium,False,bart_live_20260913_201652,
151,364,2020038,2020038,DALY,station+line+platform/direction+destination+absolute_time,25,medium,False,bart_live_20260913_201652,
152,395,2020039,2020039,DALY,station+line+platform/direction+destination+absolute_time,25,medium,False,bart_live_20260913_201652,
208,341,2020037,2020037,GLEN,station+line+platform/direction+destination+absolute_time,25,medium,False,bart_live_20260913_201652,
209,366,2020038,2020038,GLEN,station+line+platform/direction+destination+absolute_time,25,medium,False,bart_live_20260913_201652,
258,272,2019649,2019649,MONT,station+line+platform/direction+destination+absolute_time,25,medium,False,bart_live_20260913_201652,
267,431,2020036,2020036,MONT,station+line+platform/direction+destination+absolute_time,25,medium,False,bart_live_20260913_201652,
404,458,2020182,2020182,WOAK,station+line+platform/direction+destination+absolute_time,25,medium,False,bart_live_20260913_201652,
405,475,2020183,2020183,WOAK,station+line+platform/direction+destination+absolute_time,25,medium,False,bart_live_20260913_201652,
28,299,2019646,2019646,19TH,station+line+platform/direction+destination+absolute_time,26,medium,False,bart_live_20260913_201652,
29,324,2019650,2019650,19TH,station+line+platform/direction+destination+absolute_time,26,medium,False,bart_live_20260913_201652,
34,11,2019719,2019719,19TH,station+line+platform/direction+destination+absolute_time,26,medium,False,bart_live_20260913_201652,
61,1,2019718,2019718,ASHB,station+line+platform/direction+destination+absolute_time,26,medium,False,bart_live_20260913_201652,
147,466,2020183,2020183,DALY,station+line+platform/direction+destination+absolute_time,26,medium,False,bart_live_20260913_201652,
148,488,2020184,2020184,DALY,station+line+platform/direction+destination+absolute_time,26,medium,False,bart_live_20260913_201652,
166,5,2019718,2019718,DELN,station+line+platform/direction+destination+absolute_time,26,medium,False,bart_live_20260913_201652,
176,457,2020182,2020182,EMBR,station+line+platform/direction+destination+absolute_time,26,medium,False,bart_live_20260913_201652,
177,474,2020183,2020183,EMBR,station+line+platform/direction+destination+absolute_time,26,medium,False,bart_live_20260913_201652,
178,496,2020184,2020184,EMBR,station+line+platform/direction+destination+absolute_time,26,medium,False,bart_live_20260913_201652,
275,413,2020034,2020034,NBRK,station+line+platform/direction+destination+absolute_time,26,medium,False,bart_live_20260913_201652,
106,454,2020182,2020182,CIVC,station+line+platform/direction+destination+absolute_time,27,medium,False,bart_live_20260913_201652,
107,471,2020183,2020183,CIVC,station+line+platform/direction+destination+absolute_time,27,medium,False,bart_live_20260913_201652,
108,493,2020184,2020184,CIVC,station+line+platform/direction+destination+absolute_time,27,medium,False,bart_live_20260913_201652,
243,0,2019718,2019718,MCAR,station+line+platform/direction+destination+absolute_time,27,medium,False,bart_live_20260913_201652,
398,297,2019646,2019646,WOAK,station+line+platform/direction+destination+absolute_time,27,medium,False,bart_live_20260913_201652,
399,322,2019650,2019650,WOAK,station+line+platform/direction+destination+absolute_time,27,medium,False,bart_live_20260913_201652,
407,433,2020036,2020036,WOAK,station+line+platform/direction+destination+absolute_time,27,medium,False,bart_live_20260913_201652,
1,298,2019646,2019646,12TH,station+line+platform/direction+destination+absolute_time,28,medium,False,bart_live_20260913_201652,
2,323,2019650,2019650,12TH,station+line+platform/direction+destination+absolute_time,28,medium,False,bart_live_20260913_201652,
7,10,2019719,2019719,12TH,station+line+platform/direction+destination+absolute_time,28,medium,False,bart_live_20260913_201652,
207,426,2020036,2020036,GLEN,station+line+platform/direction+destination+absolute_time,28,medium,False,bart_live_20260913_201652,
362,360,2020038,2020038,SFIA,station+line+platform/direction+destination+absolute_time,28,medium,False,bart_live_20260913_201652,
363,391,2020039,2020039,SFIA,station+line+platform/direction+destination+absolute_time,28,medium,False,bart_live_20260913_201652,
397,274,2019649,2019649,WOAK,station+line+platform/direction+destination+absolute_time,28,medium,False,bart_live_20260913_201652,
234,9,2019719,2019719,LAKE,station+line+platform/direction+destination+absolute_time,29,medium,False,bart_live_20260913_201652,
235,25,2019720,2019720,LAKE,station+line+platform/direction+destination+absolute_time,29,medium,False,bart_live_20260913_201652,
236,43,2019721,2019721,LAKE,station+line+platform/direction+destination+absolute_time,29,medium,False,bart_live_20260913_201652,
308,414,2020034,2020034,PLZA,station+line+platform/direction+destination+absolute_time,29,medium,False,bart_live_20260913_201652,
408,348,2020037,2020037,WOAK,station+line+platform/direction+destination+absolute_time,29,medium,False,bart_live_20260913_201652,
63,13,2019719,2019719,ASHB,station+line+platform/direction+destination+absolute_time,30,medium,False,bart_live_20260913_201652,
115,287,2019646,2019646,COLM,station+line+platform/direction+destination+absolute_time,30,medium,False,bart_live_20260913_201652,
344,22,2019720,2019720,SANL,station+line+platform/direction+destination+absolute_time,30,medium,False,bart_live_20260913_201652,
345,40,2019721,2019721,SANL,station+line+platform/direction+destination+absolute_time,30,medium,False,bart_live_20260913_201652,
357,309,2019650,2019650,SFIA,station+line+platform/direction+destination+absolute_time,30,medium,False,bart_live_20260913_201652,
358,132,2019651,2019651,SFIA,station+line+platform/direction+destination+absolute_time,30,medium,False,bart_live_20260913_201652,
387,265,2019648,2019648,WCRK,station+line+platform/direction+destination+absolute_time,30,medium,False,bart_live_20260913_201652,
388,281,2019649,2019649,WCRK,station+line+platform/direction+destination+absolute_time,30,medium,False,bart_live_20260913_201652,
80,55,2019836,2019836,BAYF,station+line+platform/direction+destination+absolute_time,1,medium,False,bart_live_20260913_201652,
161,421,2020035,2020035,DBRK,station+line+platform/direction+destination+absolute_time,31,medium,False,bart_live_20260913_201652,
370,286,2019646,2019646,SSAN,station+line+platform/direction+destination+absolute_time,32,medium,False,bart_live_20260913_201652,
163,87,2019838,2019838,DELN,station+line+platform/direction+destination+absolute_time,3,medium,False,bart_live_20260913_201652,
164,103,2019839,2019839,DELN,station+line+platform/direction+destination+absolute_time,3,medium,False,bart_live_20260913_201652,
365,57,2019836,2019836,SHAY,station+line+platform/direction+destination+absolute_time,4,medium,False,bart_live_20260913_201652,
366,85,2019837,2019837,SHAY,station+line+platform/direction+destination+absolute_time,4,medium,False,bart_live_20260913_201652,
213,34,2019835,2019835,HAYW,station+line+platform/direction+destination+absolute_time,5,medium,False,bart_live_20260913_201652,
326,86,2019838,2019838,RICH,station+line+platform/direction+destination+absolute_time,5,medium,False,bart_live_20260913_201652,
327,102,2019839,2019839,RICH,station+line+platform/direction+destination+absolute_time,5,medium,False,bart_live_20260913_201652,
381,18,2019720,2019720,UCTY,station+line+platform/direction+destination+absolute_time,36,medium,False,bart_live_20260913_201652,
334,54,2019836,2019836,SANL,station+line+platform/direction+destination+absolute_time,7,medium,False,bart_live_20260913_201652,
364,35,2019835,2019835,SHAY,station+line+platform/direction+destination+absolute_time,7,medium,False,bart_live_20260913_201652,
158,90,2019838,2019838,DBRK,station+line+platform/direction+destination+absolute_time,8,medium,False,bart_live_20260913_201652,
159,106,2019839,2019839,DBRK,station+line+platform/direction+destination+absolute_time,8,medium,False,bart_live_20260913_201652,
214,56,2019836,2019836,HAYW,station+line+platform/direction+destination+absolute_time,10,medium,False,bart_live_20260913_201652,
215,84,2019837,2019837,HAYW,station+line+platform/direction+destination+absolute_time,10,medium,False,bart_live_20260913_201652,
306,88,2019838,2019838,PLZA,station+line+platform/direction+destination+absolute_time,11,medium,False,bart_live_20260913_201652,
307,104,2019839,2019839,PLZA,station+line+platform/direction+destination+absolute_time,11,medium,False,bart_live_20260913_201652,
30,77,2019837,2019837,19TH,station+line+platform/direction+destination+absolute_time,12,medium,False,bart_live_20260913_201652,
31,93,2019838,2019838,19TH,station+line+platform/direction+destination+absolute_time,12,medium,False,bart_live_20260913_201652,
32,109,2019839,2019839,19TH,station+line+platform/direction+destination+absolute_time,12,medium,False,bart_live_20260913_201652,
3,78,2019837,2019837,12TH,station+line+platform/direction+destination+absolute_time,18,medium,False,bart_live_20260913_201652,
4,94,2019838,2019838,12TH,station+line+platform/direction+destination+absolute_time,18,medium,False,bart_live_20260913_201652,
5,110,2019839,2019839,12TH,station+line+platform/direction+destination+absolute_time,18,medium,False,bart_live_20260913_201652,
186,80,2019837,2019837,FTVL,station+line+platform/direction+destination+absolute_time,18,medium,False,bart_live_20260913_201652,
187,96,2019838,2019838,FTVL,station+line+platform/direction+destination+absolute_time,18,medium,False,bart_live_20260913_201652,
126,53,2019836,2019836,COLS,station+line+platform/direction+destination+absolute_time,19,medium,False,bart_live_20260913_201652,
81,83,2019837,2019837,BAYF,station+line+platform/direction+destination+absolute_time,21,medium,False,bart_live_20260913_201652,
82,99,2019838,2019838,BAYF,station+line+platform/direction+destination+absolute_time,21,medium,False,bart_live_20260913_201652,
273,89,2019838,2019838,NBRK,station+line+platform/direction+destination+absolute_time,22,medium,False,bart_live_20260913_201652,
274,105,2019839,2019839,NBRK,station+line+platform/direction+destination+absolute_time,22,medium,False,bart_live_20260913_201652,
157,74,2019837,2019837,DBRK,station+line+platform/direction+destination+absolute_time,23,medium,False,bart_live_20260913_201652,
225,79,2019837,2019837,LAKE,station+line+platform/direction+destination+absolute_time,23,medium,False,bart_live_20260913_201652,
226,95,2019838,2019838,LAKE,station+line+platform/direction+destination+absolute_time,23,medium,False,bart_live_20260913_201652,
227,111,2019839,2019839,LAKE,station+line+platform/direction+destination+absolute_time,23,medium,False,bart_live_20260913_201652,
240,76,2019837,2019837,MCAR,station+line+platform/direction+destination+absolute_time,25,medium,False,bart_live_20260913_201652,
241,92,2019838,2019838,MCAR,station+line+platform/direction+destination+absolute_time,25,medium,False,bart_live_20260913_201652,
242,108,2019839,2019839,MCAR,station+line+platform/direction+destination+absolute_time,25,medium,False,bart_live_20260913_201652,
335,82,2019837,2019837,SANL,station+line+platform/direction+destination+absolute_time,25,medium,False,bart_live_20260913_201652,
336,98,2019838,2019838,SANL,station+line+platform/direction+destination+absolute_time,25,medium,False,bart_live_20260913_201652,
58,75,2019837,2019837,ASHB,station+line+platform/direction+destination+absolute_time,26,medium,False,bart_live_20260913_201652,
59,91,2019838,2019838,ASHB,station+line+platform/direction+destination+absolute_time,26,medium,False,bart_live_20260913_201652,
60,107,2019839,2019839,ASHB,station+line+platform/direction+destination+absolute_time,26,medium,False,bart_live_20260913_201652,
127,81,2019837,2019837,COLS,station+line+platform/direction+destination+absolute_time,29,medium,False,bart_live_20260913_201652,
128,97,2019838,2019838,COLS,station+line+platform/direction+destination+absolute_time,29,medium,False,bart_live_20260913_201652,
185,52,2019836,2019836,FTVL,station+line+platform/direction+destination+absolute_time,31,medium,False,bart_live_20260913_201652,
256,125,2019785,2019785,MLPT,station+line+platform/direction+destination+absolute_time,7,medium,False,bart_live_20260913_201652,
257,122,2019740,2019740,MLPT,station+line+platform/direction+destination+absolute_time,7,medium,False,bart_live_20260913_201652,
168,530,2020124,2020124,DUBL,station+line+platform/direction+destination+absolute_time,105,medium,False,bart_live_20260913_201652,
249,334,2019663,2019663,MLBR,station+line+platform/direction+destination+absolute_time,18,medium,False,bart_live_20260913_201652,
289,569,694,694,PCTR,station+line+platform/direction+destination+absolute_time,19,medium,False,bart_live_20260913_201652,
290,570,696,696,PCTR,station+line+platform/direction+destination+absolute_time,19,medium,False,bart_live_20260913_201652,
291,571,698,698,PCTR,station+line+platform/direction+destination+absolute_time,19,medium,False,bart_live_20260913_201652,
92,124,2019785,2019785,BERY,station+line+platform/direction+destination+absolute_time,26,medium,False,bart_live_20260913_201652,
93,121,2019740,2019740,BERY,station+line+platform/direction+destination+absolute_time,26,medium,False,bart_live_20260913_201652,
255,118,2019741,2019741,MLPT,station+line+platform/direction+destination+absolute_time,30,medium,False,bart_live_20260913_201652,
301,583,2019645,2019645,PITT,station+line+platform/direction+destination+absolute_time,90,medium,False,bart_live_20260913_201652,
361,335,2020037,2020037,SFIA,station+line+platform/direction+destination+absolute_time,92,medium,False,bart_live_20260913_201652,
,15,2019719,2019719,NBRK,gtfsrt_only,,unmatched,False,bart_live_20260913_201652,no ETD row with compatible station/line/time
,16,2019719,2019719,PLZA,gtfsrt_only,,unmatched,False,bart_live_20260913_201652,no ETD row with compatible station/line/time
,17,2019719,2019719,DELN,gtfsrt_only,,unmatched,False,bart_live_20260913_201652,no ETD row with compatible station/line/time
,26,2019720,2019720,12TH,gtfsrt_only,,unmatched,False,bart_live_20260913_201652,no ETD row with compatible station/line/time
,27,2019720,2019720,19TH,gtfsrt_only,,unmatched,False,bart_live_20260913_201652,no ETD row with compatible station/line/time
,28,2019720,2019720,MCAR,gtfsrt_only,,unmatched,False,bart_live_20260913_201652,no ETD row with compatible station/line/time
,29,2019720,2019720,ASHB,gtfsrt_only,,unmatched,False,bart_live_20260913_201652,no ETD row with compatible station/line/time
,30,2019720,2019720,DBRK,gtfsrt_only,,unmatched,False,bart_live_20260913_201652,no ETD row with compatible station/line/time
,31,2019720,2019720,NBRK,gtfsrt_only,,unmatched,False,bart_live_20260913_201652,no ETD row with compatible station/line/time
,32,2019720,2019720,PLZA,gtfsrt_only,,unmatched,False,bart_live_20260913_201652,no ETD row with compatible station/line/time
,33,2019720,2019720,DELN,gtfsrt_only,,unmatched,False,bart_live_20260913_201652,no ETD row with compatible station/line/time
,44,2019721,2019721,12TH,gtfsrt_only,,unmatched,False,bart_live_20260913_201652,no ETD row with compatible station/line/time
,45,2019721,2019721,19TH,gtfsrt_only,,unmatched,False,bart_live_20260913_201652,no ETD row with compatible station/line/time
,46,2019721,2019721,MCAR,gtfsrt_only,,unmatched,False,bart_live_20260913_201652,no ETD row with compatible station/line/time
,47,2019721,2019721,ASHB,gtfsrt_only,,unmatched,False,bart_live_20260913_201652,no ETD row with compatible station/line/time
,48,2019721,2019721,DBRK,gtfsrt_only,,unmatched,False,bart_live_20260913_201652,no ETD row with compatible station/line/time
,49,2019721,2019721,NBRK,gtfsrt_only,,unmatched,False,bart_live_20260913_201652,no ETD row with compatible station/line/time
,50,2019721,2019721,PLZA,gtfsrt_only,,unmatched,False,bart_live_20260913_201652,no ETD row with compatible station/line/time
,51,2019721,2019721,DELN,gtfsrt_only,,unmatched,False,bart_live_20260913_201652,no ETD row with compatible station/line/time
,62,2019722,2019722,SANL,gtfsrt_only,,unmatched,False,bart_live_20260913_201652,no ETD row with compatible station/line/time
,63,2019722,2019722,COLS,gtfsrt_only,,unmatched,False,bart_live_20260913_201652,no ETD row with compatible station/line/time
,64,2019722,2019722,FTVL,gtfsrt_only,,unmatched,False,bart_live_20260913_201652,no ETD row with compatible station/line/time
,65,2019722,2019722,LAKE,gtfsrt_only,,unmatched,False,bart_live_20260913_201652,no ETD row with compatible station/line/time
,66,2019722,2019722,12TH,gtfsrt_only,,unmatched,False,bart_live_20260913_201652,no ETD row with compatible station/line/time
,67,2019722,2019722,19TH,gtfsrt_only,,unmatched,False,bart_live_20260913_201652,no ETD row with compatible station/line/time
,68,2019722,2019722,MCAR,gtfsrt_only,,unmatched,False,bart_live_20260913_201652,no ETD row with compatible station/line/time
,69,2019722,2019722,ASHB,gtfsrt_only,,unmatched,False,bart_live_20260913_201652,no ETD row with compatible station/line/time
,70,2019722,2019722,DBRK,gtfsrt_only,,unmatched,False,bart_live_20260913_201652,no ETD row with compatible station/line/time
,71,2019722,2019722,NBRK,gtfsrt_only,,unmatched,False,bart_live_20260913_201652,no ETD row with compatible station/line/time
,72,2019722,2019722,PLZA,gtfsrt_only,,unmatched,False,bart_live_20260913_201652,no ETD row with compatible station/line/time
,73,2019722,2019722,DELN,gtfsrt_only,,unmatched,False,bart_live_20260913_201652,no ETD row with compatible station/line/time
,100,2019838,2019838,HAYW,gtfsrt_only,,unmatched,False,bart_live_20260913_201652,no ETD row with compatible station/line/time
,101,2019838,2019838,SHAY,gtfsrt_only,,unmatched,False,bart_live_20260913_201652,no ETD row with compatible station/line/time
,112,2019839,2019839,FTVL,gtfsrt_only,,unmatched,False,bart_live_20260913_201652,no ETD row with compatible station/line/time
,113,2019839,2019839,COLS,gtfsrt_only,,unmatched,False,bart_live_20260913_201652,no ETD row with compatible station/line/time
,114,2019839,2019839,SANL,gtfsrt_only,,unmatched,False,bart_live_20260913_201652,no ETD row with compatible station/line/time
,115,2019839,2019839,BAYF,gtfsrt_only,,unmatched,False,bart_live_20260913_201652,no ETD row with compatible station/line/time
,116,2019839,2019839,HAYW,gtfsrt_only,,unmatched,False,bart_live_20260913_201652,no ETD row with compatible station/line/time
,117,2019839,2019839,SHAY,gtfsrt_only,,unmatched,False,bart_live_20260913_201652,no ETD row with compatible station/line/time
,141,2019651,2019651,CIVC,gtfsrt_only,,unmatched,False,bart_live_20260913_201652,no ETD row with compatible station/line/time
,142,2019651,2019651,POWL,gtfsrt_only,,unmatched,False,bart_live_20260913_201652,no ETD row with compatible station/line/time
,143,2019651,2019651,MONT,gtfsrt_only,,unmatched,False,bart_live_20260913_201652,no ETD row with compatible station/line/time
,144,2019651,2019651,EMBR,gtfsrt_only,,unmatched,False,bart_live_20260913_201652,no ETD row with compatible station/line/time
,145,2019651,2019651,WOAK,gtfsrt_only,,unmatched,False,bart_live_20260913_201652,no ETD row with compatible station/line/time
,146,2019651,2019651,12TH,gtfsrt_only,,unmatched,False,bart_live_20260913_201652,no ETD row with compatible station/line/time
,147,2019651,2019651,19TH,gtfsrt_only,,unmatched,False,bart_live_20260913_201652,no ETD row with compatible station/line/time
,148,2019651,2019651,MCAR,gtfsrt_only,,unmatched,False,bart_live_20260913_201652,no ETD row with compatible station/line/time
,149,2019651,2019651,ROCK,gtfsrt_only,,unmatched,False,bart_live_20260913_201652,no ETD row with compatible station/line/time
,150,2019651,2019651,ORIN,gtfsrt_only,,unmatched,False,bart_live_20260913_201652,no ETD row with compatible station/line/time
,151,2019651,2019651,LAFY,gtfsrt_only,,unmatched,False,bart_live_20260913_201652,no ETD row with compatible station/line/time
,152,2019651,2019651,WCRK,gtfsrt_only,,unmatched,False,bart_live_20260913_201652,no ETD row with compatible station/line/time
,153,2019651,2019651,PHIL,gtfsrt_only,,unmatched,False,bart_live_20260913_201652,no ETD row with compatible station/line/time
,154,2019651,2019651,CONC,gtfsrt_only,,unmatched,False,bart_live_20260913_201652,no ETD row with compatible station/line/time
,155,2019651,2019651,NCON,gtfsrt_only,,unmatched,False,bart_live_20260913_201652,no ETD row with compatible station/line/time
,156,2019651,2019651,PITT,gtfsrt_only,,unmatched,False,bart_live_20260913_201652,no ETD row with compatible station/line/time
,220,2019577,2019577,EMBR,gtfsrt_only,,unmatched,False,bart_live_20260913_201652,no ETD row with compatible station/line/time
,221,2019577,2019577,MONT,gtfsrt_only,,unmatched,False,bart_live_20260913_201652,no ETD row with compatible station/line/time
,222,2019577,2019577,POWL,gtfsrt_only,,unmatched,False,bart_live_20260913_201652,no ETD row with compatible station/line/time
,223,2019577,2019577,CIVC,gtfsrt_only,,unmatched,False,bart_live_20260913_201652,no ETD row with compatible station/line/time
,224,2019577,2019577,16TH,gtfsrt_only,,unmatched,False,bart_live_20260913_201652,no ETD row with compatible station/line/time
,225,2019577,2019577,24TH,gtfsrt_only,,unmatched,False,bart_live_20260913_201652,no ETD row with compatible station/line/time
,226,2019577,2019577,GLEN,gtfsrt_only,,unmatched,False,bart_live_20260913_201652,no ETD row with compatible station/line/time
,227,2019577,2019577,BALB,gtfsrt_only,,unmatched,False,bart_live_20260913_201652,no ETD row with compatible station/line/time
,228,2019577,2019577,DALY,gtfsrt_only,,unmatched,False,bart_live_20260913_201652,no ETD row with compatible station/line/time
,229,2019577,2019577,COLM,gtfsrt_only,,unmatched,False,bart_live_20260913_201652,no ETD row with compatible station/line/time
,230,2019577,2019577,SSAN,gtfsrt_only,,unmatched,False,bart_live_20260913_201652,no ETD row with compatible station/line/time
,231,2019577,2019577,SBRN,gtfsrt_only,,unmatched,False,bart_live_20260913_201652,no ETD row with compatible station/line/time
,244,2019578,2019578,ROCK,gtfsrt_only,,unmatched,False,bart_live_20260913_201652,no ETD row with compatible station/line/time
,245,2019578,2019578,MCAR,gtfsrt_only,,unmatched,False,bart_live_20260913_201652,no ETD row with compatible station/line/time
,246,2019578,2019578,19TH,gtfsrt_only,,unmatched,False,bart_live_20260913_201652,no ETD row with compatible station/line/time
,247,2019578,2019578,12TH,gtfsrt_only,,unmatched,False,bart_live_20260913_201652,no ETD row with compatible station/line/time
,248,2019578,2019578,WOAK,gtfsrt_only,,unmatched,False,bart_live_20260913_201652,no ETD row with compatible station/line/time
,249,2019578,2019578,EMBR,gtfsrt_only,,unmatched,False,bart_live_20260913_201652,no ETD row with compatible station/line/time
,250,2019578,2019578,MONT,gtfsrt_only,,unmatched,False,bart_live_20260913_201652,no ETD row with compatible station/line/time
,251,2019578,2019578,POWL,gtfsrt_only,,unmatched,False,bart_live_20260913_201652,no ETD row with compatible station/line/time
,252,2019578,2019578,CIVC,gtfsrt_only,,unmatched,False,bart_live_20260913_201652,no ETD row with compatible station/line/time
,253,2019578,2019578,16TH,gtfsrt_only,,unmatched,False,bart_live_20260913_201652,no ETD row with compatible station/line/time
,254,2019578,2019578,24TH,gtfsrt_only,,unmatched,False,bart_live_20260913_201652,no ETD row with compatible station/line/time
,255,2019578,2019578,GLEN,gtfsrt_only,,unmatched,False,bart_live_20260913_201652,no ETD row with compatible station/line/time
,256,2019578,2019578,BALB,gtfsrt_only,,unmatched,False,bart_live_20260913_201652,no ETD row with compatible station/line/time
,257,2019578,2019578,DALY,gtfsrt_only,,unmatched,False,bart_live_20260913_201652,no ETD row with compatible station/line/time
,258,2019578,2019578,COLM,gtfsrt_only,,unmatched,False,bart_live_20260913_201652,no ETD row with compatible station/line/time
,259,2019578,2019578,SSAN,gtfsrt_only,,unmatched,False,bart_live_20260913_201652,no ETD row with compatible station/line/time
,260,2019578,2019578,SBRN,gtfsrt_only,,unmatched,False,bart_live_20260913_201652,no ETD row with compatible station/line/time
,285,2019649,2019649,PITT,gtfsrt_only,,unmatched,False,bart_live_20260913_201652,no ETD row with compatible station/line/time
,304,2019646,2019646,WCRK,gtfsrt_only,,unmatched,False,bart_live_20260913_201652,no ETD row with compatible station/line/time
,305,2019646,2019646,PHIL,gtfsrt_only,,unmatched,False,bart_live_20260913_201652,no ETD row with compatible station/line/time
,306,2019646,2019646,CONC,gtfsrt_only,,unmatched,False,bart_live_20260913_201652,no ETD row with compatible station/line/time
,307,2019646,2019646,NCON,gtfsrt_only,,unmatched,False,bart_live_20260913_201652,no ETD row with compatible station/line/time
,308,2019646,2019646,PITT,gtfsrt_only,,unmatched,False,bart_live_20260913_201652,no ETD row with compatible station/line/time
,325,2019650,2019650,MCAR,gtfsrt_only,,unmatched,False,bart_live_20260913_201652,no ETD row with compatible station/line/time
,326,2019650,2019650,ROCK,gtfsrt_only,,unmatched,False,bart_live_20260913_201652,no ETD row with compatible station/line/time
,327,2019650,2019650,ORIN,gtfsrt_only,,unmatched,False,bart_live_20260913_201652,no ETD row with compatible station/line/time
,328,2019650,2019650,LAFY,gtfsrt_only,,unmatched,False,bart_live_20260913_201652,no ETD row with compatible station/line/time
,329,2019650,2019650,WCRK,gtfsrt_only,,unmatched,False,bart_live_20260913_201652,no ETD row with compatible station/line/time
,330,2019650,2019650,PHIL,gtfsrt_only,,unmatched,False,bart_live_20260913_201652,no ETD row with compatible station/line/time
,331,2019650,2019650,CONC,gtfsrt_only,,unmatched,False,bart_live_20260913_201652,no ETD row with compatible station/line/time
,332,2019650,2019650,NCON,gtfsrt_only,,unmatched,False,bart_live_20260913_201652,no ETD row with compatible station/line/time
,333,2019650,2019650,PITT,gtfsrt_only,,unmatched,False,bart_live_20260913_201652,no ETD row with compatible station/line/time
,349,2020037,2020037,12TH,gtfsrt_only,,unmatched,False,bart_live_20260913_201652,no ETD row with compatible station/line/time
,350,2020037,2020037,19TH,gtfsrt_only,,unmatched,False,bart_live_20260913_201652,no ETD row with compatible station/line/time
,351,2020037,2020037,MCAR,gtfsrt_only,,unmatched,False,bart_live_20260913_201652,no ETD row with compatible station/line/time
,352,2020037,2020037,ASHB,gtfsrt_only,,unmatched,False,bart_live_20260913_201652,no ETD row with compatible station/line/time
,353,2020037,2020037,DBRK,gtfsrt_only,,unmatched,False,bart_live_20260913_201652,no ETD row with compatible station/line/time
,354,2020037,2020037,NBRK,gtfsrt_only,,unmatched,False,bart_live_20260913_201652,no ETD row with compatible station/line/time
,355,2020037,2020037,PLZA,gtfsrt_only,,unmatched,False,bart_live_20260913_201652,no ETD row with compatible station/line/time
,356,2020037,2020037,DELN,gtfsrt_only,,unmatched,False,bart_live_20260913_201652,no ETD row with compatible station/line/time
,373,2020038,2020038,WOAK,gtfsrt_only,,unmatched,False,bart_live_20260913_201652,no ETD row with compatible station/line/time
,374,2020038,2020038,12TH,gtfsrt_only,,unmatched,False,bart_live_20260913_201652,no ETD row with compatible station/line/time
,375,2020038,2020038,19TH,gtfsrt_only,,unmatched,False,bart_live_20260913_201652,no ETD row with compatible station/line/time
,376,2020038,2020038,MCAR,gtfsrt_only,,unmatched,False,bart_live_20260913_201652,no ETD row with compatible station/line/time
,377,2020038,2020038,ASHB,gtfsrt_only,,unmatched,False,bart_live_20260913_201652,no ETD row with compatible station/line/time
,378,2020038,2020038,DBRK,gtfsrt_only,,unmatched,False,bart_live_20260913_201652,no ETD row with compatible station/line/time
,379,2020038,2020038,NBRK,gtfsrt_only,,unmatched,False,bart_live_20260913_201652,no ETD row with compatible station/line/time
,380,2020038,2020038,PLZA,gtfsrt_only,,unmatched,False,bart_live_20260913_201652,no ETD row with compatible station/line/time
,381,2020038,2020038,DELN,gtfsrt_only,,unmatched,False,bart_live_20260913_201652,no ETD row with compatible station/line/time
,396,2020039,2020039,BALB,gtfsrt_only,,unmatched,False,bart_live_20260913_201652,no ETD row with compatible station/line/time
,397,2020039,2020039,GLEN,gtfsrt_only,,unmatched,False,bart_live_20260913_201652,no ETD row with compatible station/line/time
,398,2020039,2020039,24TH,gtfsrt_only,,unmatched,False,bart_live_20260913_201652,no ETD row with compatible station/line/time
,399,2020039,2020039,16TH,gtfsrt_only,,unmatched,False,bart_live_20260913_201652,no ETD row with compatible station/line/time
,400,2020039,2020039,CIVC,gtfsrt_only,,unmatched,False,bart_live_20260913_201652,no ETD row with compatible station/line/time
,401,2020039,2020039,POWL,gtfsrt_only,,unmatched,False,bart_live_20260913_201652,no ETD row with compatible station/line/time
,402,2020039,2020039,MONT,gtfsrt_only,,unmatched,False,bart_live_20260913_201652,no ETD row with compatible station/line/time
,403,2020039,2020039,EMBR,gtfsrt_only,,unmatched,False,bart_live_20260913_201652,no ETD row with compatible station/line/time
,404,2020039,2020039,WOAK,gtfsrt_only,,unmatched,False,bart_live_20260913_201652,no ETD row with compatible station/line/time
,405,2020039,2020039,12TH,gtfsrt_only,,unmatched,False,bart_live_20260913_201652,no ETD row with compatible station/line/time
,406,2020039,2020039,19TH,gtfsrt_only,,unmatched,False,bart_live_20260913_201652,no ETD row with compatible station/line/time
,407,2020039,2020039,MCAR,gtfsrt_only,,unmatched,False,bart_live_20260913_201652,no ETD row with compatible station/line/time
,408,2020039,2020039,ASHB,gtfsrt_only,,unmatched,False,bart_live_20260913_201652,no ETD row with compatible station/line/time
,409,2020039,2020039,DBRK,gtfsrt_only,,unmatched,False,bart_live_20260913_201652,no ETD row with compatible station/line/time
,410,2020039,2020039,NBRK,gtfsrt_only,,unmatched,False,bart_live_20260913_201652,no ETD row with compatible station/line/time
,411,2020039,2020039,PLZA,gtfsrt_only,,unmatched,False,bart_live_20260913_201652,no ETD row with compatible station/line/time
,412,2020039,2020039,DELN,gtfsrt_only,,unmatched,False,bart_live_20260913_201652,no ETD row with compatible station/line/time
,436,2020036,2020036,MCAR,gtfsrt_only,,unmatched,False,bart_live_20260913_201652,no ETD row with compatible station/line/time
,437,2020036,2020036,ASHB,gtfsrt_only,,unmatched,False,bart_live_20260913_201652,no ETD row with compatible station/line/time
,438,2020036,2020036,DBRK,gtfsrt_only,,unmatched,False,bart_live_20260913_201652,no ETD row with compatible station/line/time
,439,2020036,2020036,NBRK,gtfsrt_only,,unmatched,False,bart_live_20260913_201652,no ETD row with compatible station/line/time
,440,2020036,2020036,PLZA,gtfsrt_only,,unmatched,False,bart_live_20260913_201652,no ETD row with compatible station/line/time
,441,2020036,2020036,DELN,gtfsrt_only,,unmatched,False,bart_live_20260913_201652,no ETD row with compatible station/line/time
,465,2020182,2020182,WDUB,gtfsrt_only,,unmatched,False,bart_live_20260913_201652,no ETD row with compatible station/line/time
,479,2020183,2020183,SANL,gtfsrt_only,,unmatched,False,bart_live_20260913_201652,no ETD row with compatible station/line/time
,480,2020183,2020183,BAYF,gtfsrt_only,,unmatched,False,bart_live_20260913_201652,no ETD row with compatible station/line/time
,481,2020183,2020183,CAST,gtfsrt_only,,unmatched,False,bart_live_20260913_201652,no ETD row with compatible station/line/time
,482,2020183,2020183,WDUB,gtfsrt_only,,unmatched,False,bart_live_20260913_201652,no ETD row with compatible station/line/time
,497,2020184,2020184,WOAK,gtfsrt_only,,unmatched,False,bart_live_20260913_201652,no ETD row with compatible station/line/time
,498,2020184,2020184,LAKE,gtfsrt_only,,unmatched,False,bart_live_20260913_201652,no ETD row with compatible station/line/time
,499,2020184,2020184,FTVL,gtfsrt_only,,unmatched,False,bart_live_20260913_201652,no ETD row with compatible station/line/time
,500,2020184,2020184,COLS,gtfsrt_only,,unmatched,False,bart_live_20260913_201652,no ETD row with compatible station/line/time
,501,2020184,2020184,SANL,gtfsrt_only,,unmatched,False,bart_live_20260913_201652,no ETD row with compatible station/line/time
,502,2020184,2020184,BAYF,gtfsrt_only,,unmatched,False,bart_live_20260913_201652,no ETD row with compatible station/line/time
,503,2020184,2020184,CAST,gtfsrt_only,,unmatched,False,bart_live_20260913_201652,no ETD row with compatible station/line/time
,504,2020184,2020184,WDUB,gtfsrt_only,,unmatched,False,bart_live_20260913_201652,no ETD row with compatible station/line/time
,542,2020124,2020124,CIVC,gtfsrt_only,,unmatched,False,bart_live_20260913_201652,no ETD row with compatible station/line/time
,543,2020124,2020124,16TH,gtfsrt_only,,unmatched,False,bart_live_20260913_201652,no ETD row with compatible station/line/time
,544,2020124,2020124,24TH,gtfsrt_only,,unmatched,False,bart_live_20260913_201652,no ETD row with compatible station/line/time
,545,2020124,2020124,GLEN,gtfsrt_only,,unmatched,False,bart_live_20260913_201652,no ETD row with compatible station/line/time
,546,2020124,2020124,BALB,gtfsrt_only,,unmatched,False,bart_live_20260913_201652,no ETD row with compatible station/line/time
,555,2020125,2020125,LAKE,gtfsrt_only,,unmatched,False,bart_live_20260913_201652,no ETD row with compatible station/line/time
,556,2020125,2020125,WOAK,gtfsrt_only,,unmatched,False,bart_live_20260913_201652,no ETD row with compatible station/line/time
,557,2020125,2020125,EMBR,gtfsrt_only,,unmatched,False,bart_live_20260913_201652,no ETD row with compatible station/line/time
,558,2020125,2020125,MONT,gtfsrt_only,,unmatched,False,bart_live_20260913_201652,no ETD row with compatible station/line/time
,559,2020125,2020125,POWL,gtfsrt_only,,unmatched,False,bart_live_20260913_201652,no ETD row with compatible station/line/time
,560,2020125,2020125,CIVC,gtfsrt_only,,unmatched,False,bart_live_20260913_201652,no ETD row with compatible station/line/time
,561,2020125,2020125,16TH,gtfsrt_only,,unmatched,False,bart_live_20260913_201652,no ETD row with compatible station/line/time
,562,2020125,2020125,24TH,gtfsrt_only,,unmatched,False,bart_live_20260913_201652,no ETD row with compatible station/line/time
,563,2020125,2020125,GLEN,gtfsrt_only,,unmatched,False,bart_live_20260913_201652,no ETD row with compatible station/line/time
,564,2020125,2020125,BALB,gtfsrt_only,,unmatched,False,bart_live_20260913_201652,no ETD row with compatible station/line/time
,574,700,700,PCTR,gtfsrt_only,,unmatched,False,bart_live_20260913_201652,no ETD row with compatible station/line/time
,577,702,702,PCTR,gtfsrt_only,,unmatched,False,bart_live_20260913_201652,no ETD row with compatible station/line/time
,580,705,705,ANTC,gtfsrt_only,,unmatched,False,bart_live_20260913_201652,no ETD row with compatible station/line/time
,581,705,705,PCTR,gtfsrt_only,,unmatched,False,bart_live_20260913_201652,no ETD row with compatible station/line/time
,582,707,707,ANTC,gtfsrt_only,,unmatched,False,bart_live_20260913_201652,no ETD row with compatible station/line/time
,0,1965570,1965570,FTVL,gtfsrt_only,,unmatched,False,bart_live_terminals_20260911_183436,no ETD row with compatible station/line/time
,1,1965570,1965570,COLS,gtfsrt_only,,unmatched,False,bart_live_terminals_20260911_183436,no ETD row with compatible station/line/time
,2,1965570,1965570,SANL,gtfsrt_only,,unmatched,False,bart_live_terminals_20260911_183436,no ETD row with compatible station/line/time
,3,1965570,1965570,BAYF,gtfsrt_only,,unmatched,False,bart_live_terminals_20260911_183436,no ETD row with compatible station/line/time
,4,1965570,1965570,HAYW,gtfsrt_only,,unmatched,False,bart_live_terminals_20260911_183436,no ETD row with compatible station/line/time
,5,1965570,1965570,SHAY,gtfsrt_only,,unmatched,False,bart_live_terminals_20260911_183436,no ETD row with compatible station/line/time
,6,1965570,1965570,UCTY,gtfsrt_only,,unmatched,False,bart_live_terminals_20260911_183436,no ETD row with compatible station/line/time
,7,1965570,1965570,FRMT,gtfsrt_only,,unmatched,False,bart_live_terminals_20260911_183436,no ETD row with compatible station/line/time
,8,1965570,1965570,WARM,gtfsrt_only,,unmatched,False,bart_live_terminals_20260911_183436,no ETD row with compatible station/line/time
,9,1965570,1965570,MLPT,gtfsrt_only,,unmatched,False,bart_live_terminals_20260911_183436,no ETD row with compatible station/line/time
,10,1965571,1965571,GLEN,gtfsrt_only,,unmatched,False,bart_live_terminals_20260911_183436,no ETD row with compatible station/line/time
,11,1965571,1965571,24TH,gtfsrt_only,,unmatched,False,bart_live_terminals_20260911_183436,no ETD row with compatible station/line/time
,12,1965571,1965571,16TH,gtfsrt_only,,unmatched,False,bart_live_terminals_20260911_183436,no ETD row with compatible station/line/time
,13,1965571,1965571,CIVC,gtfsrt_only,,unmatched,False,bart_live_terminals_20260911_183436,no ETD row with compatible station/line/time
,14,1965571,1965571,POWL,gtfsrt_only,,unmatched,False,bart_live_terminals_20260911_183436,no ETD row with compatible station/line/time
,15,1965571,1965571,MONT,gtfsrt_only,,unmatched,False,bart_live_terminals_20260911_183436,no ETD row with compatible station/line/time
,16,1965571,1965571,EMBR,gtfsrt_only,,unmatched,False,bart_live_terminals_20260911_183436,no ETD row with compatible station/line/time
,17,1965571,1965571,WOAK,gtfsrt_only,,unmatched,False,bart_live_terminals_20260911_183436,no ETD row with compatible station/line/time
,18,1965571,1965571,LAKE,gtfsrt_only,,unmatched,False,bart_live_terminals_20260911_183436,no ETD row with compatible station/line/time
,19,1965571,1965571,FTVL,gtfsrt_only,,unmatched,False,bart_live_terminals_20260911_183436,no ETD row with compatible station/line/time
,20,1965571,1965571,COLS,gtfsrt_only,,unmatched,False,bart_live_terminals_20260911_183436,no ETD row with compatible station/line/time
,21,1965571,1965571,SANL,gtfsrt_only,,unmatched,False,bart_live_terminals_20260911_183436,no ETD row with compatible station/line/time
,22,1965571,1965571,BAYF,gtfsrt_only,,unmatched,False,bart_live_terminals_20260911_183436,no ETD row with compatible station/line/time
,23,1965571,1965571,HAYW,gtfsrt_only,,unmatched,False,bart_live_terminals_20260911_183436,no ETD row with compatible station/line/time
,24,1965571,1965571,SHAY,gtfsrt_only,,unmatched,False,bart_live_terminals_20260911_183436,no ETD row with compatible station/line/time
,25,1965571,1965571,UCTY,gtfsrt_only,,unmatched,False,bart_live_terminals_20260911_183436,no ETD row with compatible station/line/time
,26,1965571,1965571,FRMT,gtfsrt_only,,unmatched,False,bart_live_terminals_20260911_183436,no ETD row with compatible station/line/time
,27,1965571,1965571,WARM,gtfsrt_only,,unmatched,False,bart_live_terminals_20260911_183436,no ETD row with compatible station/line/time
,28,1965571,1965571,MLPT,gtfsrt_only,,unmatched,False,bart_live_terminals_20260911_183436,no ETD row with compatible station/line/time
,29,1965572,1965572,DALY,gtfsrt_only,,unmatched,False,bart_live_terminals_20260911_183436,no ETD row with compatible station/line/time
,30,1965572,1965572,BALB,gtfsrt_only,,unmatched,False,bart_live_terminals_20260911_183436,no ETD row with compatible station/line/time
,31,1965572,1965572,GLEN,gtfsrt_only,,unmatched,False,bart_live_terminals_20260911_183436,no ETD row with compatible station/line/time
,32,1965572,1965572,24TH,gtfsrt_only,,unmatched,False,bart_live_terminals_20260911_183436,no ETD row with compatible station/line/time
,33,1965572,1965572,16TH,gtfsrt_only,,unmatched,False,bart_live_terminals_20260911_183436,no ETD row with compatible station/line/time
,34,1965572,1965572,CIVC,gtfsrt_only,,unmatched,False,bart_live_terminals_20260911_183436,no ETD row with compatible station/line/time
,35,1965572,1965572,POWL,gtfsrt_only,,unmatched,False,bart_live_terminals_20260911_183436,no ETD row with compatible station/line/time
,36,1965572,1965572,MONT,gtfsrt_only,,unmatched,False,bart_live_terminals_20260911_183436,no ETD row with compatible station/line/time
,37,1965572,1965572,EMBR,gtfsrt_only,,unmatched,False,bart_live_terminals_20260911_183436,no ETD row with compatible station/line/time
,38,1965572,1965572,WOAK,gtfsrt_only,,unmatched,False,bart_live_terminals_20260911_183436,no ETD row with compatible station/line/time
,39,1965572,1965572,LAKE,gtfsrt_only,,unmatched,False,bart_live_terminals_20260911_183436,no ETD row with compatible station/line/time
,40,1965572,1965572,FTVL,gtfsrt_only,,unmatched,False,bart_live_terminals_20260911_183436,no ETD row with compatible station/line/time
,41,1965572,1965572,COLS,gtfsrt_only,,unmatched,False,bart_live_terminals_20260911_183436,no ETD row with compatible station/line/time
,42,1965572,1965572,SANL,gtfsrt_only,,unmatched,False,bart_live_terminals_20260911_183436,no ETD row with compatible station/line/time
,43,1965572,1965572,BAYF,gtfsrt_only,,unmatched,False,bart_live_terminals_20260911_183436,no ETD row with compatible station/line/time
,44,1965572,1965572,HAYW,gtfsrt_only,,unmatched,False,bart_live_terminals_20260911_183436,no ETD row with compatible station/line/time
,45,1965572,1965572,SHAY,gtfsrt_only,,unmatched,False,bart_live_terminals_20260911_183436,no ETD row with compatible station/line/time
,46,1965572,1965572,UCTY,gtfsrt_only,,unmatched,False,bart_live_terminals_20260911_183436,no ETD row with compatible station/line/time
,47,1965572,1965572,FRMT,gtfsrt_only,,unmatched,False,bart_live_terminals_20260911_183436,no ETD row with compatible station/line/time
,48,1965572,1965572,WARM,gtfsrt_only,,unmatched,False,bart_live_terminals_20260911_183436,no ETD row with compatible station/line/time
,49,1965572,1965572,MLPT,gtfsrt_only,,unmatched,False,bart_live_terminals_20260911_183436,no ETD row with compatible station/line/time
,50,1965523,1965523,16TH,gtfsrt_only,,unmatched,False,bart_live_terminals_20260911_183436,no ETD row with compatible station/line/time
,51,1965523,1965523,24TH,gtfsrt_only,,unmatched,False,bart_live_terminals_20260911_183436,no ETD row with compatible station/line/time
,52,1965523,1965523,GLEN,gtfsrt_only,,unmatched,False,bart_live_terminals_20260911_183436,no ETD row with compatible station/line/time
,53,1965523,1965523,BALB,gtfsrt_only,,unmatched,False,bart_live_terminals_20260911_183436,no ETD row with compatible station/line/time
,54,1965573,1965573,DALY,gtfsrt_only,,unmatched,False,bart_live_terminals_20260911_183436,no ETD row with compatible station/line/time
,55,1965573,1965573,BALB,gtfsrt_only,,unmatched,False,bart_live_terminals_20260911_183436,no ETD row with compatible station/line/time
,56,1965573,1965573,GLEN,gtfsrt_only,,unmatched,False,bart_live_terminals_20260911_183436,no ETD row with compatible station/line/time
,57,1965573,1965573,24TH,gtfsrt_only,,unmatched,False,bart_live_terminals_20260911_183436,no ETD row with compatible station/line/time
,58,1965573,1965573,16TH,gtfsrt_only,,unmatched,False,bart_live_terminals_20260911_183436,no ETD row with compatible station/line/time
,59,1965573,1965573,CIVC,gtfsrt_only,,unmatched,False,bart_live_terminals_20260911_183436,no ETD row with compatible station/line/time
,60,1965573,1965573,POWL,gtfsrt_only,,unmatched,False,bart_live_terminals_20260911_183436,no ETD row with compatible station/line/time
,61,1965573,1965573,MONT,gtfsrt_only,,unmatched,False,bart_live_terminals_20260911_183436,no ETD row with compatible station/line/time
,62,1965573,1965573,EMBR,gtfsrt_only,,unmatched,False,bart_live_terminals_20260911_183436,no ETD row with compatible station/line/time
,63,1965573,1965573,WOAK,gtfsrt_only,,unmatched,False,bart_live_terminals_20260911_183436,no ETD row with compatible station/line/time
,64,1965573,1965573,LAKE,gtfsrt_only,,unmatched,False,bart_live_terminals_20260911_183436,no ETD row with compatible station/line/time
,65,1965573,1965573,FTVL,gtfsrt_only,,unmatched,False,bart_live_terminals_20260911_183436,no ETD row with compatible station/line/time
,66,1965573,1965573,COLS,gtfsrt_only,,unmatched,False,bart_live_terminals_20260911_183436,no ETD row with compatible station/line/time
,67,1965573,1965573,SANL,gtfsrt_only,,unmatched,False,bart_live_terminals_20260911_183436,no ETD row with compatible station/line/time
,68,1965573,1965573,BAYF,gtfsrt_only,,unmatched,False,bart_live_terminals_20260911_183436,no ETD row with compatible station/line/time
,69,1965573,1965573,HAYW,gtfsrt_only,,unmatched,False,bart_live_terminals_20260911_183436,no ETD row with compatible station/line/time
,70,1965573,1965573,SHAY,gtfsrt_only,,unmatched,False,bart_live_terminals_20260911_183436,no ETD row with compatible station/line/time
,71,1965573,1965573,UCTY,gtfsrt_only,,unmatched,False,bart_live_terminals_20260911_183436,no ETD row with compatible station/line/time
,72,1965573,1965573,FRMT,gtfsrt_only,,unmatched,False,bart_live_terminals_20260911_183436,no ETD row with compatible station/line/time
,73,1965573,1965573,WARM,gtfsrt_only,,unmatched,False,bart_live_terminals_20260911_183436,no ETD row with compatible station/line/time
,74,1965573,1965573,MLPT,gtfsrt_only,,unmatched,False,bart_live_terminals_20260911_183436,no ETD row with compatible station/line/time
,75,1965524,1965524,LAKE,gtfsrt_only,,unmatched,False,bart_live_terminals_20260911_183436,no ETD row with compatible station/line/time
,76,1965524,1965524,WOAK,gtfsrt_only,,unmatched,False,bart_live_terminals_20260911_183436,no ETD row with compatible station/line/time
,77,1965524,1965524,EMBR,gtfsrt_only,,unmatched,False,bart_live_terminals_20260911_183436,no ETD row with compatible station/line/time
,78,1965524,1965524,MONT,gtfsrt_only,,unmatched,False,bart_live_terminals_20260911_183436,no ETD row with compatible station/line/time
,79,1965524,1965524,POWL,gtfsrt_only,,unmatched,False,bart_live_terminals_20260911_183436,no ETD row with compatible station/line/time
,80,1965524,1965524,CIVC,gtfsrt_only,,unmatched,False,bart_live_terminals_20260911_183436,no ETD row with compatible station/line/time
,81,1965524,1965524,16TH,gtfsrt_only,,unmatched,False,bart_live_terminals_20260911_183436,no ETD row with compatible station/line/time
,82,1965524,1965524,24TH,gtfsrt_only,,unmatched,False,bart_live_terminals_20260911_183436,no ETD row with compatible station/line/time
,83,1965524,1965524,GLEN,gtfsrt_only,,unmatched,False,bart_live_terminals_20260911_183436,no ETD row with compatible station/line/time
,84,1965524,1965524,BALB,gtfsrt_only,,unmatched,False,bart_live_terminals_20260911_183436,no ETD row with compatible station/line/time
,85,1965574,1965574,DALY,gtfsrt_only,,unmatched,False,bart_live_terminals_20260911_183436,no ETD row with compatible station/line/time
,86,1965574,1965574,BALB,gtfsrt_only,,unmatched,False,bart_live_terminals_20260911_183436,no ETD row with compatible station/line/time
,87,1965574,1965574,GLEN,gtfsrt_only,,unmatched,False,bart_live_terminals_20260911_183436,no ETD row with compatible station/line/time
,88,1965574,1965574,24TH,gtfsrt_only,,unmatched,False,bart_live_terminals_20260911_183436,no ETD row with compatible station/line/time
,89,1965574,1965574,16TH,gtfsrt_only,,unmatched,False,bart_live_terminals_20260911_183436,no ETD row with compatible station/line/time
,90,1965574,1965574,CIVC,gtfsrt_only,,unmatched,False,bart_live_terminals_20260911_183436,no ETD row with compatible station/line/time
,91,1965574,1965574,POWL,gtfsrt_only,,unmatched,False,bart_live_terminals_20260911_183436,no ETD row with compatible station/line/time
,92,1965574,1965574,MONT,gtfsrt_only,,unmatched,False,bart_live_terminals_20260911_183436,no ETD row with compatible station/line/time
,93,1965574,1965574,EMBR,gtfsrt_only,,unmatched,False,bart_live_terminals_20260911_183436,no ETD row with compatible station/line/time
,94,1965574,1965574,WOAK,gtfsrt_only,,unmatched,False,bart_live_terminals_20260911_183436,no ETD row with compatible station/line/time
,95,1965574,1965574,LAKE,gtfsrt_only,,unmatched,False,bart_live_terminals_20260911_183436,no ETD row with compatible station/line/time
,96,1965574,1965574,FTVL,gtfsrt_only,,unmatched,False,bart_live_terminals_20260911_183436,no ETD row with compatible station/line/time
,97,1965574,1965574,COLS,gtfsrt_only,,unmatched,False,bart_live_terminals_20260911_183436,no ETD row with compatible station/line/time
,98,1965574,1965574,SANL,gtfsrt_only,,unmatched,False,bart_live_terminals_20260911_183436,no ETD row with compatible station/line/time
,99,1965574,1965574,BAYF,gtfsrt_only,,unmatched,False,bart_live_terminals_20260911_183436,no ETD row with compatible station/line/time
,100,1965574,1965574,HAYW,gtfsrt_only,,unmatched,False,bart_live_terminals_20260911_183436,no ETD row with compatible station/line/time
,101,1965574,1965574,SHAY,gtfsrt_only,,unmatched,False,bart_live_terminals_20260911_183436,no ETD row with compatible station/line/time
,102,1965574,1965574,UCTY,gtfsrt_only,,unmatched,False,bart_live_terminals_20260911_183436,no ETD row with compatible station/line/time
,103,1965574,1965574,FRMT,gtfsrt_only,,unmatched,False,bart_live_terminals_20260911_183436,no ETD row with compatible station/line/time
,104,1965574,1965574,WARM,gtfsrt_only,,unmatched,False,bart_live_terminals_20260911_183436,no ETD row with compatible station/line/time
,105,1965574,1965574,MLPT,gtfsrt_only,,unmatched,False,bart_live_terminals_20260911_183436,no ETD row with compatible station/line/time
,106,1965525,1965525,SHAY,gtfsrt_only,,unmatched,False,bart_live_terminals_20260911_183436,no ETD row with compatible station/line/time
,107,1965525,1965525,HAYW,gtfsrt_only,,unmatched,False,bart_live_terminals_20260911_183436,no ETD row with compatible station/line/time
,108,1965525,1965525,BAYF,gtfsrt_only,,unmatched,False,bart_live_terminals_20260911_183436,no ETD row with compatible station/line/time
,109,1965525,1965525,SANL,gtfsrt_only,,unmatched,False,bart_live_terminals_20260911_183436,no ETD row with compatible station/line/time
,110,1965525,1965525,COLS,gtfsrt_only,,unmatched,False,bart_live_terminals_20260911_183436,no ETD row with compatible station/line/time
,111,1965525,1965525,FTVL,gtfsrt_only,,unmatched,False,bart_live_terminals_20260911_183436,no ETD row with compatible station/line/time
,112,1965525,1965525,LAKE,gtfsrt_only,,unmatched,False,bart_live_terminals_20260911_183436,no ETD row with compatible station/line/time
,113,1965525,1965525,WOAK,gtfsrt_only,,unmatched,False,bart_live_terminals_20260911_183436,no ETD row with compatible station/line/time
,114,1965525,1965525,EMBR,gtfsrt_only,,unmatched,False,bart_live_terminals_20260911_183436,no ETD row with compatible station/line/time
,115,1965525,1965525,MONT,gtfsrt_only,,unmatched,False,bart_live_terminals_20260911_183436,no ETD row with compatible station/line/time
,116,1965525,1965525,POWL,gtfsrt_only,,unmatched,False,bart_live_terminals_20260911_183436,no ETD row with compatible station/line/time
,117,1965525,1965525,CIVC,gtfsrt_only,,unmatched,False,bart_live_terminals_20260911_183436,no ETD row with compatible station/line/time
,118,1965525,1965525,16TH,gtfsrt_only,,unmatched,False,bart_live_terminals_20260911_183436,no ETD row with compatible station/line/time
,119,1965525,1965525,24TH,gtfsrt_only,,unmatched,False,bart_live_terminals_20260911_183436,no ETD row with compatible station/line/time
,120,1965525,1965525,GLEN,gtfsrt_only,,unmatched,False,bart_live_terminals_20260911_183436,no ETD row with compatible station/line/time
,121,1965525,1965525,BALB,gtfsrt_only,,unmatched,False,bart_live_terminals_20260911_183436,no ETD row with compatible station/line/time
,122,1965526,1965526,WARM,gtfsrt_only,,unmatched,False,bart_live_terminals_20260911_183436,no ETD row with compatible station/line/time
,123,1965526,1965526,FRMT,gtfsrt_only,,unmatched,False,bart_live_terminals_20260911_183436,no ETD row with compatible station/line/time
,124,1965526,1965526,UCTY,gtfsrt_only,,unmatched,False,bart_live_terminals_20260911_183436,no ETD row with compatible station/line/time
,125,1965526,1965526,SHAY,gtfsrt_only,,unmatched,False,bart_live_terminals_20260911_183436,no ETD row with compatible station/line/time
,126,1965526,1965526,HAYW,gtfsrt_only,,unmatched,False,bart_live_terminals_20260911_183436,no ETD row with compatible station/line/time
,127,1965526,1965526,BAYF,gtfsrt_only,,unmatched,False,bart_live_terminals_20260911_183436,no ETD row with compatible station/line/time
,128,1965526,1965526,SANL,gtfsrt_only,,unmatched,False,bart_live_terminals_20260911_183436,no ETD row with compatible station/line/time
,129,1965526,1965526,COLS,gtfsrt_only,,unmatched,False,bart_live_terminals_20260911_183436,no ETD row with compatible station/line/time
,130,1965526,1965526,FTVL,gtfsrt_only,,unmatched,False,bart_live_terminals_20260911_183436,no ETD row with compatible station/line/time
,131,1965526,1965526,LAKE,gtfsrt_only,,unmatched,False,bart_live_terminals_20260911_183436,no ETD row with compatible station/line/time
,132,1965526,1965526,WOAK,gtfsrt_only,,unmatched,False,bart_live_terminals_20260911_183436,no ETD row with compatible station/line/time
,133,1965526,1965526,EMBR,gtfsrt_only,,unmatched,False,bart_live_terminals_20260911_183436,no ETD row with compatible station/line/time
,134,1965526,1965526,MONT,gtfsrt_only,,unmatched,False,bart_live_terminals_20260911_183436,no ETD row with compatible station/line/time
,135,1965526,1965526,POWL,gtfsrt_only,,unmatched,False,bart_live_terminals_20260911_183436,no ETD row with compatible station/line/time
,136,1965526,1965526,CIVC,gtfsrt_only,,unmatched,False,bart_live_terminals_20260911_183436,no ETD row with compatible station/line/time
,137,1965526,1965526,16TH,gtfsrt_only,,unmatched,False,bart_live_terminals_20260911_183436,no ETD row with compatible station/line/time
,138,1965526,1965526,24TH,gtfsrt_only,,unmatched,False,bart_live_terminals_20260911_183436,no ETD row with compatible station/line/time
,139,1965526,1965526,GLEN,gtfsrt_only,,unmatched,False,bart_live_terminals_20260911_183436,no ETD row with compatible station/line/time
,140,1965526,1965526,BALB,gtfsrt_only,,unmatched,False,bart_live_terminals_20260911_183436,no ETD row with compatible station/line/time
,141,1965528,1965528,BERY,gtfsrt_only,,unmatched,False,bart_live_terminals_20260911_183436,no ETD row with compatible station/line/time
,142,1965567,1965567,FRMT,gtfsrt_only,,unmatched,False,bart_live_terminals_20260911_183436,no ETD row with compatible station/line/time
,143,1965567,1965567,WARM,gtfsrt_only,,unmatched,False,bart_live_terminals_20260911_183436,no ETD row with compatible station/line/time
,144,1965567,1965567,MLPT,gtfsrt_only,,unmatched,False,bart_live_terminals_20260911_183436,no ETD row with compatible station/line/time
,145,1965568,1965568,SHAY,gtfsrt_only,,unmatched,False,bart_live_terminals_20260911_183436,no ETD row with compatible station/line/time
,146,1965568,1965568,UCTY,gtfsrt_only,,unmatched,False,bart_live_terminals_20260911_183436,no ETD row with compatible station/line/time
,147,1965568,1965568,FRMT,gtfsrt_only,,unmatched,False,bart_live_terminals_20260911_183436,no ETD row with compatible station/line/time
,148,1965568,1965568,WARM,gtfsrt_only,,unmatched,False,bart_live_terminals_20260911_183436,no ETD row with compatible station/line/time
,149,1965568,1965568,MLPT,gtfsrt_only,,unmatched,False,bart_live_terminals_20260911_183436,no ETD row with compatible station/line/time
,150,1965569,1965569,UCTY,gtfsrt_only,,unmatched,False,bart_live_terminals_20260911_183436,no ETD row with compatible station/line/time
,151,1965569,1965569,FRMT,gtfsrt_only,,unmatched,False,bart_live_terminals_20260911_183436,no ETD row with compatible station/line/time
,152,1965569,1965569,WARM,gtfsrt_only,,unmatched,False,bart_live_terminals_20260911_183436,no ETD row with compatible station/line/time
,153,1965569,1965569,MLPT,gtfsrt_only,,unmatched,False,bart_live_terminals_20260911_183436,no ETD row with compatible station/line/time
,154,1965464,1965464,LAKE,gtfsrt_only,,unmatched,False,bart_live_terminals_20260911_183436,no ETD row with compatible station/line/time
,155,1965464,1965464,FTVL,gtfsrt_only,,unmatched,False,bart_live_terminals_20260911_183436,no ETD row with compatible station/line/time
,156,1965464,1965464,COLS,gtfsrt_only,,unmatched,False,bart_live_terminals_20260911_183436,no ETD row with compatible station/line/time
,157,1965464,1965464,SANL,gtfsrt_only,,unmatched,False,bart_live_terminals_20260911_183436,no ETD row with compatible station/line/time
,158,1965464,1965464,BAYF,gtfsrt_only,,unmatched,False,bart_live_terminals_20260911_183436,no ETD row with compatible station/line/time
,159,1965464,1965464,HAYW,gtfsrt_only,,unmatched,False,bart_live_terminals_20260911_183436,no ETD row with compatible station/line/time
,160,1965464,1965464,SHAY,gtfsrt_only,,unmatched,False,bart_live_terminals_20260911_183436,no ETD row with compatible station/line/time
,161,1965464,1965464,UCTY,gtfsrt_only,,unmatched,False,bart_live_terminals_20260911_183436,no ETD row with compatible station/line/time
,162,1965464,1965464,FRMT,gtfsrt_only,,unmatched,False,bart_live_terminals_20260911_183436,no ETD row with compatible station/line/time
,163,1965464,1965464,WARM,gtfsrt_only,,unmatched,False,bart_live_terminals_20260911_183436,no ETD row with compatible station/line/time
,164,1965464,1965464,MLPT,gtfsrt_only,,unmatched,False,bart_live_terminals_20260911_183436,no ETD row with compatible station/line/time
,165,1965465,1965465,NBRK,gtfsrt_only,,unmatched,False,bart_live_terminals_20260911_183436,no ETD row with compatible station/line/time
,166,1965465,1965465,DBRK,gtfsrt_only,,unmatched,False,bart_live_terminals_20260911_183436,no ETD row with compatible station/line/time
,167,1965465,1965465,ASHB,gtfsrt_only,,unmatched,False,bart_live_terminals_20260911_183436,no ETD row with compatible station/line/time
,168,1965465,1965465,MCAR,gtfsrt_only,,unmatched,False,bart_live_terminals_20260911_183436,no ETD row with compatible station/line/time
,169,1965465,1965465,19TH,gtfsrt_only,,unmatched,False,bart_live_terminals_20260911_183436,no ETD row with compatible station/line/time
,170,1965465,1965465,12TH,gtfsrt_only,,unmatched,False,bart_live_terminals_20260911_183436,no ETD row with compatible station/line/time
,171,1965465,1965465,LAKE,gtfsrt_only,,unmatched,False,bart_live_terminals_20260911_183436,no ETD row with compatible station/line/time
,172,1965465,1965465,FTVL,gtfsrt_only,,unmatched,False,bart_live_terminals_20260911_183436,no ETD row with compatible station/line/time
,173,1965465,1965465,COLS,gtfsrt_only,,unmatched,False,bart_live_terminals_20260911_183436,no ETD row with compatible station/line/time
,174,1965465,1965465,SANL,gtfsrt_only,,unmatched,False,bart_live_terminals_20260911_183436,no ETD row with compatible station/line/time
,175,1965465,1965465,BAYF,gtfsrt_only,,unmatched,False,bart_live_terminals_20260911_183436,no ETD row with compatible station/line/time
,176,1965465,1965465,HAYW,gtfsrt_only,,unmatched,False,bart_live_terminals_20260911_183436,no ETD row with compatible station/line/time
,177,1965465,1965465,SHAY,gtfsrt_only,,unmatched,False,bart_live_terminals_20260911_183436,no ETD row with compatible station/line/time
,178,1965465,1965465,UCTY,gtfsrt_only,,unmatched,False,bart_live_terminals_20260911_183436,no ETD row with compatible station/line/time
,179,1965465,1965465,FRMT,gtfsrt_only,,unmatched,False,bart_live_terminals_20260911_183436,no ETD row with compatible station/line/time
,180,1965465,1965465,WARM,gtfsrt_only,,unmatched,False,bart_live_terminals_20260911_183436,no ETD row with compatible station/line/time
,181,1965465,1965465,MLPT,gtfsrt_only,,unmatched,False,bart_live_terminals_20260911_183436,no ETD row with compatible station/line/time
,182,1965466,1965466,RICH,gtfsrt_only,,unmatched,False,bart_live_terminals_20260911_183436,no ETD row with compatible station/line/time
,183,1965466,1965466,DELN,gtfsrt_only,,unmatched,False,bart_live_terminals_20260911_183436,no ETD row with compatible station/line/time
,184,1965466,1965466,PLZA,gtfsrt_only,,unmatched,False,bart_live_terminals_20260911_183436,no ETD row with compatible station/line/time
,185,1965466,1965466,NBRK,gtfsrt_only,,unmatched,False,bart_live_terminals_20260911_183436,no ETD row with compatible station/line/time
,186,1965466,1965466,DBRK,gtfsrt_only,,unmatched,False,bart_live_terminals_20260911_183436,no ETD row with compatible station/line/time
,187,1965466,1965466,ASHB,gtfsrt_only,,unmatched,False,bart_live_terminals_20260911_183436,no ETD row with compatible station/line/time
,188,1965466,1965466,MCAR,gtfsrt_only,,unmatched,False,bart_live_terminals_20260911_183436,no ETD row with compatible station/line/time
,189,1965466,1965466,19TH,gtfsrt_only,,unmatched,False,bart_live_terminals_20260911_183436,no ETD row with compatible station/line/time
,190,1965466,1965466,12TH,gtfsrt_only,,unmatched,False,bart_live_terminals_20260911_183436,no ETD row with compatible station/line/time
,191,1965466,1965466,LAKE,gtfsrt_only,,unmatched,False,bart_live_terminals_20260911_183436,no ETD row with compatible station/line/time
,192,1965466,1965466,FTVL,gtfsrt_only,,unmatched,False,bart_live_terminals_20260911_183436,no ETD row with compatible station/line/time
,193,1965466,1965466,COLS,gtfsrt_only,,unmatched,False,bart_live_terminals_20260911_183436,no ETD row with compatible station/line/time
,194,1965466,1965466,SANL,gtfsrt_only,,unmatched,False,bart_live_terminals_20260911_183436,no ETD row with compatible station/line/time
,195,1965466,1965466,BAYF,gtfsrt_only,,unmatched,False,bart_live_terminals_20260911_183436,no ETD row with compatible station/line/time
,196,1965466,1965466,HAYW,gtfsrt_only,,unmatched,False,bart_live_terminals_20260911_183436,no ETD row with compatible station/line/time
,197,1965466,1965466,SHAY,gtfsrt_only,,unmatched,False,bart_live_terminals_20260911_183436,no ETD row with compatible station/line/time
,198,1965466,1965466,UCTY,gtfsrt_only,,unmatched,False,bart_live_terminals_20260911_183436,no ETD row with compatible station/line/time
,199,1965466,1965466,FRMT,gtfsrt_only,,unmatched,False,bart_live_terminals_20260911_183436,no ETD row with compatible station/line/time
,200,1965466,1965466,WARM,gtfsrt_only,,unmatched,False,bart_live_terminals_20260911_183436,no ETD row with compatible station/line/time
,201,1965466,1965466,MLPT,gtfsrt_only,,unmatched,False,bart_live_terminals_20260911_183436,no ETD row with compatible station/line/time
,202,1965467,1965467,RICH,gtfsrt_only,,unmatched,False,bart_live_terminals_20260911_183436,no ETD row with compatible station/line/time
,203,1965467,1965467,DELN,gtfsrt_only,,unmatched,False,bart_live_terminals_20260911_183436,no ETD row with compatible station/line/time
,204,1965467,1965467,PLZA,gtfsrt_only,,unmatched,False,bart_live_terminals_20260911_183436,no ETD row with compatible station/line/time
,205,1965467,1965467,NBRK,gtfsrt_only,,unmatched,False,bart_live_terminals_20260911_183436,no ETD row with compatible station/line/time
,206,1965467,1965467,DBRK,gtfsrt_only,,unmatched,False,bart_live_terminals_20260911_183436,no ETD row with compatible station/line/time
,207,1965467,1965467,ASHB,gtfsrt_only,,unmatched,False,bart_live_terminals_20260911_183436,no ETD row with compatible station/line/time
,208,1965467,1965467,MCAR,gtfsrt_only,,unmatched,False,bart_live_terminals_20260911_183436,no ETD row with compatible station/line/time
,209,1965467,1965467,19TH,gtfsrt_only,,unmatched,False,bart_live_terminals_20260911_183436,no ETD row with compatible station/line/time
,210,1965467,1965467,12TH,gtfsrt_only,,unmatched,False,bart_live_terminals_20260911_183436,no ETD row with compatible station/line/time
,211,1965467,1965467,LAKE,gtfsrt_only,,unmatched,False,bart_live_terminals_20260911_183436,no ETD row with compatible station/line/time
,212,1965467,1965467,FTVL,gtfsrt_only,,unmatched,False,bart_live_terminals_20260911_183436,no ETD row with compatible station/line/time
,213,1965467,1965467,COLS,gtfsrt_only,,unmatched,False,bart_live_terminals_20260911_183436,no ETD row with compatible station/line/time
,214,1965467,1965467,SANL,gtfsrt_only,,unmatched,False,bart_live_terminals_20260911_183436,no ETD row with compatible station/line/time
,215,1965467,1965467,BAYF,gtfsrt_only,,unmatched,False,bart_live_terminals_20260911_183436,no ETD row with compatible station/line/time
,216,1965467,1965467,HAYW,gtfsrt_only,,unmatched,False,bart_live_terminals_20260911_183436,no ETD row with compatible station/line/time
,217,1965467,1965467,SHAY,gtfsrt_only,,unmatched,False,bart_live_terminals_20260911_183436,no ETD row with compatible station/line/time
,218,1965467,1965467,UCTY,gtfsrt_only,,unmatched,False,bart_live_terminals_20260911_183436,no ETD row with compatible station/line/time
,219,1965467,1965467,FRMT,gtfsrt_only,,unmatched,False,bart_live_terminals_20260911_183436,no ETD row with compatible station/line/time
,220,1965467,1965467,WARM,gtfsrt_only,,unmatched,False,bart_live_terminals_20260911_183436,no ETD row with compatible station/line/time
,221,1965467,1965467,MLPT,gtfsrt_only,,unmatched,False,bart_live_terminals_20260911_183436,no ETD row with compatible station/line/time
,222,1965405,1965405,19TH,gtfsrt_only,,unmatched,False,bart_live_terminals_20260911_183436,no ETD row with compatible station/line/time
,223,1965405,1965405,MCAR,gtfsrt_only,,unmatched,False,bart_live_terminals_20260911_183436,no ETD row with compatible station/line/time
,224,1965405,1965405,ASHB,gtfsrt_only,,unmatched,False,bart_live_terminals_20260911_183436,no ETD row with compatible station/line/time
,225,1965405,1965405,DBRK,gtfsrt_only,,unmatched,False,bart_live_terminals_20260911_183436,no ETD row with compatible station/line/time
,226,1965405,1965405,NBRK,gtfsrt_only,,unmatched,False,bart_live_terminals_20260911_183436,no ETD row with compatible station/line/time
,227,1965405,1965405,PLZA,gtfsrt_only,,unmatched,False,bart_live_terminals_20260911_183436,no ETD row with compatible station/line/time
,228,1965405,1965405,DELN,gtfsrt_only,,unmatched,False,bart_live_terminals_20260911_183436,no ETD row with compatible station/line/time
,229,1965406,1965406,HAYW,gtfsrt_only,,unmatched,False,bart_live_terminals_20260911_183436,no ETD row with compatible station/line/time
,230,1965406,1965406,BAYF,gtfsrt_only,,unmatched,False,bart_live_terminals_20260911_183436,no ETD row with compatible station/line/time
,231,1965406,1965406,SANL,gtfsrt_only,,unmatched,False,bart_live_terminals_20260911_183436,no ETD row with compatible station/line/time
,232,1965406,1965406,COLS,gtfsrt_only,,unmatched,False,bart_live_terminals_20260911_183436,no ETD row with compatible station/line/time
,233,1965406,1965406,FTVL,gtfsrt_only,,unmatched,False,bart_live_terminals_20260911_183436,no ETD row with compatible station/line/time
,234,1965406,1965406,LAKE,gtfsrt_only,,unmatched,False,bart_live_terminals_20260911_183436,no ETD row with compatible station/line/time
,235,1965406,1965406,12TH,gtfsrt_only,,unmatched,False,bart_live_terminals_20260911_183436,no ETD row with compatible station/line/time
,236,1965406,1965406,19TH,gtfsrt_only,,unmatched,False,bart_live_terminals_20260911_183436,no ETD row with compatible station/line/time
,237,1965406,1965406,MCAR,gtfsrt_only,,unmatched,False,bart_live_terminals_20260911_183436,no ETD row with compatible station/line/time
,238,1965406,1965406,ASHB,gtfsrt_only,,unmatched,False,bart_live_terminals_20260911_183436,no ETD row with compatible station/line/time
,239,1965406,1965406,DBRK,gtfsrt_only,,unmatched,False,bart_live_terminals_20260911_183436,no ETD row with compatible station/line/time
,240,1965406,1965406,NBRK,gtfsrt_only,,unmatched,False,bart_live_terminals_20260911_183436,no ETD row with compatible station/line/time
,241,1965406,1965406,PLZA,gtfsrt_only,,unmatched,False,bart_live_terminals_20260911_183436,no ETD row with compatible station/line/time
,242,1965406,1965406,DELN,gtfsrt_only,,unmatched,False,bart_live_terminals_20260911_183436,no ETD row with compatible station/line/time
,243,1965407,1965407,FRMT,gtfsrt_only,,unmatched,False,bart_live_terminals_20260911_183436,no ETD row with compatible station/line/time
,244,1965407,1965407,UCTY,gtfsrt_only,,unmatched,False,bart_live_terminals_20260911_183436,no ETD row with compatible station/line/time
,245,1965407,1965407,SHAY,gtfsrt_only,,unmatched,False,bart_live_terminals_20260911_183436,no ETD row with compatible station/line/time
,246,1965407,1965407,HAYW,gtfsrt_only,,unmatched,False,bart_live_terminals_20260911_183436,no ETD row with compatible station/line/time
,247,1965407,1965407,BAYF,gtfsrt_only,,unmatched,False,bart_live_terminals_20260911_183436,no ETD row with compatible station/line/time
,248,1965407,1965407,SANL,gtfsrt_only,,unmatched,False,bart_live_terminals_20260911_183436,no ETD row with compatible station/line/time
,249,1965407,1965407,COLS,gtfsrt_only,,unmatched,False,bart_live_terminals_20260911_183436,no ETD row with compatible station/line/time
,250,1965407,1965407,FTVL,gtfsrt_only,,unmatched,False,bart_live_terminals_20260911_183436,no ETD row with compatible station/line/time
,251,1965407,1965407,LAKE,gtfsrt_only,,unmatched,False,bart_live_terminals_20260911_183436,no ETD row with compatible station/line/time
,252,1965407,1965407,12TH,gtfsrt_only,,unmatched,False,bart_live_terminals_20260911_183436,no ETD row with compatible station/line/time
,253,1965407,1965407,19TH,gtfsrt_only,,unmatched,False,bart_live_terminals_20260911_183436,no ETD row with compatible station/line/time
,254,1965407,1965407,MCAR,gtfsrt_only,,unmatched,False,bart_live_terminals_20260911_183436,no ETD row with compatible station/line/time
,255,1965407,1965407,ASHB,gtfsrt_only,,unmatched,False,bart_live_terminals_20260911_183436,no ETD row with compatible station/line/time
,256,1965407,1965407,DBRK,gtfsrt_only,,unmatched,False,bart_live_terminals_20260911_183436,no ETD row with compatible station/line/time
,257,1965407,1965407,NBRK,gtfsrt_only,,unmatched,False,bart_live_terminals_20260911_183436,no ETD row with compatible station/line/time
,258,1965407,1965407,PLZA,gtfsrt_only,,unmatched,False,bart_live_terminals_20260911_183436,no ETD row with compatible station/line/time
,259,1965407,1965407,DELN,gtfsrt_only,,unmatched,False,bart_live_terminals_20260911_183436,no ETD row with compatible station/line/time
,260,1965408,1965408,BERY,gtfsrt_only,,unmatched,False,bart_live_terminals_20260911_183436,no ETD row with compatible station/line/time
,261,1965408,1965408,MLPT,gtfsrt_only,,unmatched,False,bart_live_terminals_20260911_183436,no ETD row with compatible station/line/time
,262,1965408,1965408,WARM,gtfsrt_only,,unmatched,False,bart_live_terminals_20260911_183436,no ETD row with compatible station/line/time
,263,1965408,1965408,FRMT,gtfsrt_only,,unmatched,False,bart_live_terminals_20260911_183436,no ETD row with compatible station/line/time
,264,1965408,1965408,UCTY,gtfsrt_only,,unmatched,False,bart_live_terminals_20260911_183436,no ETD row with compatible station/line/time
,265,1965408,1965408,SHAY,gtfsrt_only,,unmatched,False,bart_live_terminals_20260911_183436,no ETD row with compatible station/line/time
,266,1965408,1965408,HAYW,gtfsrt_only,,unmatched,False,bart_live_terminals_20260911_183436,no ETD row with compatible station/line/time
,267,1965408,1965408,BAYF,gtfsrt_only,,unmatched,False,bart_live_terminals_20260911_183436,no ETD row with compatible station/line/time
,268,1965408,1965408,SANL,gtfsrt_only,,unmatched,False,bart_live_terminals_20260911_183436,no ETD row with compatible station/line/time
,269,1965408,1965408,COLS,gtfsrt_only,,unmatched,False,bart_live_terminals_20260911_183436,no ETD row with compatible station/line/time
,270,1965408,1965408,FTVL,gtfsrt_only,,unmatched,False,bart_live_terminals_20260911_183436,no ETD row with compatible station/line/time
,271,1965408,1965408,LAKE,gtfsrt_only,,unmatched,False,bart_live_terminals_20260911_183436,no ETD row with compatible station/line/time
,272,1965408,1965408,12TH,gtfsrt_only,,unmatched,False,bart_live_terminals_20260911_183436,no ETD row with compatible station/line/time
,273,1965408,1965408,19TH,gtfsrt_only,,unmatched,False,bart_live_terminals_20260911_183436,no ETD row with compatible station/line/time
,274,1965408,1965408,MCAR,gtfsrt_only,,unmatched,False,bart_live_terminals_20260911_183436,no ETD row with compatible station/line/time
,275,1965408,1965408,ASHB,gtfsrt_only,,unmatched,False,bart_live_terminals_20260911_183436,no ETD row with compatible station/line/time
,276,1965408,1965408,DBRK,gtfsrt_only,,unmatched,False,bart_live_terminals_20260911_183436,no ETD row with compatible station/line/time
,277,1965408,1965408,NBRK,gtfsrt_only,,unmatched,False,bart_live_terminals_20260911_183436,no ETD row with compatible station/line/time
,278,1965408,1965408,PLZA,gtfsrt_only,,unmatched,False,bart_live_terminals_20260911_183436,no ETD row with compatible station/line/time
,279,1965408,1965408,DELN,gtfsrt_only,,unmatched,False,bart_live_terminals_20260911_183436,no ETD row with compatible station/line/time
,280,1965462,1965462,WARM,gtfsrt_only,,unmatched,False,bart_live_terminals_20260911_183436,no ETD row with compatible station/line/time
,281,1965462,1965462,MLPT,gtfsrt_only,,unmatched,False,bart_live_terminals_20260911_183436,no ETD row with compatible station/line/time
,282,1965409,1965409,BERY,gtfsrt_only,,unmatched,False,bart_live_terminals_20260911_183436,no ETD row with compatible station/line/time
,283,1965409,1965409,MLPT,gtfsrt_only,,unmatched,False,bart_live_terminals_20260911_183436,no ETD row with compatible station/line/time
,284,1965409,1965409,WARM,gtfsrt_only,,unmatched,False,bart_live_terminals_20260911_183436,no ETD row with compatible station/line/time
,285,1965409,1965409,FRMT,gtfsrt_only,,unmatched,False,bart_live_terminals_20260911_183436,no ETD row with compatible station/line/time
,286,1965409,1965409,UCTY,gtfsrt_only,,unmatched,False,bart_live_terminals_20260911_183436,no ETD row with compatible station/line/time
,287,1965409,1965409,SHAY,gtfsrt_only,,unmatched,False,bart_live_terminals_20260911_183436,no ETD row with compatible station/line/time
,288,1965409,1965409,HAYW,gtfsrt_only,,unmatched,False,bart_live_terminals_20260911_183436,no ETD row with compatible station/line/time
,289,1965409,1965409,BAYF,gtfsrt_only,,unmatched,False,bart_live_terminals_20260911_183436,no ETD row with compatible station/line/time
,290,1965409,1965409,SANL,gtfsrt_only,,unmatched,False,bart_live_terminals_20260911_183436,no ETD row with compatible station/line/time
,291,1965409,1965409,COLS,gtfsrt_only,,unmatched,False,bart_live_terminals_20260911_183436,no ETD row with compatible station/line/time
,292,1965409,1965409,FTVL,gtfsrt_only,,unmatched,False,bart_live_terminals_20260911_183436,no ETD row with compatible station/line/time
,293,1965409,1965409,LAKE,gtfsrt_only,,unmatched,False,bart_live_terminals_20260911_183436,no ETD row with compatible station/line/time
,294,1965409,1965409,12TH,gtfsrt_only,,unmatched,False,bart_live_terminals_20260911_183436,no ETD row with compatible station/line/time
,295,1965409,1965409,19TH,gtfsrt_only,,unmatched,False,bart_live_terminals_20260911_183436,no ETD row with compatible station/line/time
,296,1965409,1965409,MCAR,gtfsrt_only,,unmatched,False,bart_live_terminals_20260911_183436,no ETD row with compatible station/line/time
,297,1965409,1965409,ASHB,gtfsrt_only,,unmatched,False,bart_live_terminals_20260911_183436,no ETD row with compatible station/line/time
,298,1965409,1965409,DBRK,gtfsrt_only,,unmatched,False,bart_live_terminals_20260911_183436,no ETD row with compatible station/line/time
,299,1965409,1965409,NBRK,gtfsrt_only,,unmatched,False,bart_live_terminals_20260911_183436,no ETD row with compatible station/line/time
,300,1965409,1965409,PLZA,gtfsrt_only,,unmatched,False,bart_live_terminals_20260911_183436,no ETD row with compatible station/line/time
,301,1965409,1965409,DELN,gtfsrt_only,,unmatched,False,bart_live_terminals_20260911_183436,no ETD row with compatible station/line/time
,302,1965463,1965463,HAYW,gtfsrt_only,,unmatched,False,bart_live_terminals_20260911_183436,no ETD row with compatible station/line/time
,303,1965463,1965463,SHAY,gtfsrt_only,,unmatched,False,bart_live_terminals_20260911_183436,no ETD row with compatible station/line/time
,304,1965463,1965463,UCTY,gtfsrt_only,,unmatched,False,bart_live_terminals_20260911_183436,no ETD row with compatible station/line/time
,305,1965463,1965463,FRMT,gtfsrt_only,,unmatched,False,bart_live_terminals_20260911_183436,no ETD row with compatible station/line/time
,306,1965463,1965463,WARM,gtfsrt_only,,unmatched,False,bart_live_terminals_20260911_183436,no ETD row with compatible station/line/time
,307,1965463,1965463,MLPT,gtfsrt_only,,unmatched,False,bart_live_terminals_20260911_183436,no ETD row with compatible station/line/time
,308,1965277,1965277,LAFY,gtfsrt_only,,unmatched,False,bart_live_terminals_20260911_183436,no ETD row with compatible station/line/time
,309,1965277,1965277,WCRK,gtfsrt_only,,unmatched,False,bart_live_terminals_20260911_183436,no ETD row with compatible station/line/time
,310,1965277,1965277,PHIL,gtfsrt_only,,unmatched,False,bart_live_terminals_20260911_183436,no ETD row with compatible station/line/time
,311,1965277,1965277,CONC,gtfsrt_only,,unmatched,False,bart_live_terminals_20260911_183436,no ETD row with compatible station/line/time
,312,1965277,1965277,NCON,gtfsrt_only,,unmatched,False,bart_live_terminals_20260911_183436,no ETD row with compatible station/line/time
,313,1965277,1965277,PITT,gtfsrt_only,,unmatched,False,bart_live_terminals_20260911_183436,no ETD row with compatible station/line/time
,314,1965118,1965118,PITT,gtfsrt_only,,unmatched,False,bart_live_terminals_20260911_183436,no ETD row with compatible station/line/time
,315,1965118,1965118,NCON,gtfsrt_only,,unmatched,False,bart_live_terminals_20260911_183436,no ETD row with compatible station/line/time
,316,1965118,1965118,CONC,gtfsrt_only,,unmatched,False,bart_live_terminals_20260911_183436,no ETD row with compatible station/line/time
,317,1965118,1965118,PHIL,gtfsrt_only,,unmatched,False,bart_live_terminals_20260911_183436,no ETD row with compatible station/line/time
,318,1965118,1965118,WCRK,gtfsrt_only,,unmatched,False,bart_live_terminals_20260911_183436,no ETD row with compatible station/line/time
,319,1965118,1965118,LAFY,gtfsrt_only,,unmatched,False,bart_live_terminals_20260911_183436,no ETD row with compatible station/line/time
,320,1965118,1965118,ORIN,gtfsrt_only,,unmatched,False,bart_live_terminals_20260911_183436,no ETD row with compatible station/line/time
,321,1965118,1965118,ROCK,gtfsrt_only,,unmatched,False,bart_live_terminals_20260911_183436,no ETD row with compatible station/line/time
,322,1965118,1965118,MCAR,gtfsrt_only,,unmatched,False,bart_live_terminals_20260911_183436,no ETD row with compatible station/line/time
,323,1965118,1965118,19TH,gtfsrt_only,,unmatched,False,bart_live_terminals_20260911_183436,no ETD row with compatible station/line/time
,324,1965118,1965118,12TH,gtfsrt_only,,unmatched,False,bart_live_terminals_20260911_183436,no ETD row with compatible station/line/time
,325,1965118,1965118,WOAK,gtfsrt_only,,unmatched,False,bart_live_terminals_20260911_183436,no ETD row with compatible station/line/time
,326,1965118,1965118,EMBR,gtfsrt_only,,unmatched,False,bart_live_terminals_20260911_183436,no ETD row with compatible station/line/time
,327,1965118,1965118,MONT,gtfsrt_only,,unmatched,False,bart_live_terminals_20260911_183436,no ETD row with compatible station/line/time
,328,1965118,1965118,POWL,gtfsrt_only,,unmatched,False,bart_live_terminals_20260911_183436,no ETD row with compatible station/line/time
,329,1965118,1965118,CIVC,gtfsrt_only,,unmatched,False,bart_live_terminals_20260911_183436,no ETD row with compatible station/line/time
,330,1965118,1965118,16TH,gtfsrt_only,,unmatched,False,bart_live_terminals_20260911_183436,no ETD row with compatible station/line/time
,331,1965118,1965118,24TH,gtfsrt_only,,unmatched,False,bart_live_terminals_20260911_183436,no ETD row with compatible station/line/time
,332,1965118,1965118,GLEN,gtfsrt_only,,unmatched,False,bart_live_terminals_20260911_183436,no ETD row with compatible station/line/time
,333,1965118,1965118,BALB,gtfsrt_only,,unmatched,False,bart_live_terminals_20260911_183436,no ETD row with compatible station/line/time
,334,1965118,1965118,DALY,gtfsrt_only,,unmatched,False,bart_live_terminals_20260911_183436,no ETD row with compatible station/line/time
,335,1965118,1965118,COLM,gtfsrt_only,,unmatched,False,bart_live_terminals_20260911_183436,no ETD row with compatible station/line/time
,336,1965118,1965118,SSAN,gtfsrt_only,,unmatched,False,bart_live_terminals_20260911_183436,no ETD row with compatible station/line/time
,337,1965118,1965118,SBRN,gtfsrt_only,,unmatched,False,bart_live_terminals_20260911_183436,no ETD row with compatible station/line/time
,338,1965308,1965308,ORIN,gtfsrt_only,,unmatched,False,bart_live_terminals_20260911_183436,no ETD row with compatible station/line/time
,339,1965308,1965308,LAFY,gtfsrt_only,,unmatched,False,bart_live_terminals_20260911_183436,no ETD row with compatible station/line/time
,340,1965308,1965308,WCRK,gtfsrt_only,,unmatched,False,bart_live_terminals_20260911_183436,no ETD row with compatible station/line/time
,341,1965308,1965308,PHIL,gtfsrt_only,,unmatched,False,bart_live_terminals_20260911_183436,no ETD row with compatible station/line/time
,342,1965308,1965308,CONC,gtfsrt_only,,unmatched,False,bart_live_terminals_20260911_183436,no ETD row with compatible station/line/time
,343,1965308,1965308,NCON,gtfsrt_only,,unmatched,False,bart_live_terminals_20260911_183436,no ETD row with compatible station/line/time
,344,1965205,1965205,PITT,gtfsrt_only,,unmatched,False,bart_live_terminals_20260911_183436,no ETD row with compatible station/line/time
,345,1965205,1965205,NCON,gtfsrt_only,,unmatched,False,bart_live_terminals_20260911_183436,no ETD row with compatible station/line/time
,346,1965205,1965205,CONC,gtfsrt_only,,unmatched,False,bart_live_terminals_20260911_183436,no ETD row with compatible station/line/time
,347,1965205,1965205,PHIL,gtfsrt_only,,unmatched,False,bart_live_terminals_20260911_183436,no ETD row with compatible station/line/time
,348,1965205,1965205,WCRK,gtfsrt_only,,unmatched,False,bart_live_terminals_20260911_183436,no ETD row with compatible station/line/time
,349,1965205,1965205,LAFY,gtfsrt_only,,unmatched,False,bart_live_terminals_20260911_183436,no ETD row with compatible station/line/time
,350,1965205,1965205,ORIN,gtfsrt_only,,unmatched,False,bart_live_terminals_20260911_183436,no ETD row with compatible station/line/time
,351,1965205,1965205,ROCK,gtfsrt_only,,unmatched,False,bart_live_terminals_20260911_183436,no ETD row with compatible station/line/time
,352,1965205,1965205,MCAR,gtfsrt_only,,unmatched,False,bart_live_terminals_20260911_183436,no ETD row with compatible station/line/time
,353,1965205,1965205,19TH,gtfsrt_only,,unmatched,False,bart_live_terminals_20260911_183436,no ETD row with compatible station/line/time
,354,1965205,1965205,12TH,gtfsrt_only,,unmatched,False,bart_live_terminals_20260911_183436,no ETD row with compatible station/line/time
,355,1965205,1965205,WOAK,gtfsrt_only,,unmatched,False,bart_live_terminals_20260911_183436,no ETD row with compatible station/line/time
,356,1965205,1965205,EMBR,gtfsrt_only,,unmatched,False,bart_live_terminals_20260911_183436,no ETD row with compatible station/line/time
,357,1965205,1965205,MONT,gtfsrt_only,,unmatched,False,bart_live_terminals_20260911_183436,no ETD row with compatible station/line/time
,358,1965205,1965205,POWL,gtfsrt_only,,unmatched,False,bart_live_terminals_20260911_183436,no ETD row with compatible station/line/time
,359,1965205,1965205,CIVC,gtfsrt_only,,unmatched,False,bart_live_terminals_20260911_183436,no ETD row with compatible station/line/time
,360,1965205,1965205,16TH,gtfsrt_only,,unmatched,False,bart_live_terminals_20260911_183436,no ETD row with compatible station/line/time
,361,1965205,1965205,24TH,gtfsrt_only,,unmatched,False,bart_live_terminals_20260911_183436,no ETD row with compatible station/line/time
,362,1965205,1965205,GLEN,gtfsrt_only,,unmatched,False,bart_live_terminals_20260911_183436,no ETD row with compatible station/line/time
,363,1965205,1965205,BALB,gtfsrt_only,,unmatched,False,bart_live_terminals_20260911_183436,no ETD row with compatible station/line/time
,364,1965205,1965205,DALY,gtfsrt_only,,unmatched,False,bart_live_terminals_20260911_183436,no ETD row with compatible station/line/time
,365,1965205,1965205,COLM,gtfsrt_only,,unmatched,False,bart_live_terminals_20260911_183436,no ETD row with compatible station/line/time
,366,1965205,1965205,SSAN,gtfsrt_only,,unmatched,False,bart_live_terminals_20260911_183436,no ETD row with compatible station/line/time
,367,1965205,1965205,SBRN,gtfsrt_only,,unmatched,False,bart_live_terminals_20260911_183436,no ETD row with compatible station/line/time
,368,1965278,1965278,19TH,gtfsrt_only,,unmatched,False,bart_live_terminals_20260911_183436,no ETD row with compatible station/line/time
,369,1965278,1965278,MCAR,gtfsrt_only,,unmatched,False,bart_live_terminals_20260911_183436,no ETD row with compatible station/line/time
,370,1965278,1965278,ROCK,gtfsrt_only,,unmatched,False,bart_live_terminals_20260911_183436,no ETD row with compatible station/line/time
,371,1965278,1965278,ORIN,gtfsrt_only,,unmatched,False,bart_live_terminals_20260911_183436,no ETD row with compatible station/line/time
,372,1965278,1965278,LAFY,gtfsrt_only,,unmatched,False,bart_live_terminals_20260911_183436,no ETD row with compatible station/line/time
,373,1965278,1965278,WCRK,gtfsrt_only,,unmatched,False,bart_live_terminals_20260911_183436,no ETD row with compatible station/line/time
,374,1965278,1965278,PHIL,gtfsrt_only,,unmatched,False,bart_live_terminals_20260911_183436,no ETD row with compatible station/line/time
,375,1965278,1965278,CONC,gtfsrt_only,,unmatched,False,bart_live_terminals_20260911_183436,no ETD row with compatible station/line/time
,376,1965278,1965278,NCON,gtfsrt_only,,unmatched,False,bart_live_terminals_20260911_183436,no ETD row with compatible station/line/time
,377,1965278,1965278,PITT,gtfsrt_only,,unmatched,False,bart_live_terminals_20260911_183436,no ETD row with compatible station/line/time
,378,1965119,1965119,PITT,gtfsrt_only,,unmatched,False,bart_live_terminals_20260911_183436,no ETD row with compatible station/line/time
,379,1965119,1965119,NCON,gtfsrt_only,,unmatched,False,bart_live_terminals_20260911_183436,no ETD row with compatible station/line/time
,380,1965119,1965119,CONC,gtfsrt_only,,unmatched,False,bart_live_terminals_20260911_183436,no ETD row with compatible station/line/time
,381,1965119,1965119,PHIL,gtfsrt_only,,unmatched,False,bart_live_terminals_20260911_183436,no ETD row with compatible station/line/time
,382,1965119,1965119,WCRK,gtfsrt_only,,unmatched,False,bart_live_terminals_20260911_183436,no ETD row with compatible station/line/time
,383,1965119,1965119,LAFY,gtfsrt_only,,unmatched,False,bart_live_terminals_20260911_183436,no ETD row with compatible station/line/time
,384,1965119,1965119,ORIN,gtfsrt_only,,unmatched,False,bart_live_terminals_20260911_183436,no ETD row with compatible station/line/time
,385,1965119,1965119,ROCK,gtfsrt_only,,unmatched,False,bart_live_terminals_20260911_183436,no ETD row with compatible station/line/time
,386,1965119,1965119,MCAR,gtfsrt_only,,unmatched,False,bart_live_terminals_20260911_183436,no ETD row with compatible station/line/time
,387,1965119,1965119,19TH,gtfsrt_only,,unmatched,False,bart_live_terminals_20260911_183436,no ETD row with compatible station/line/time
,388,1965119,1965119,12TH,gtfsrt_only,,unmatched,False,bart_live_terminals_20260911_183436,no ETD row with compatible station/line/time
,389,1965119,1965119,WOAK,gtfsrt_only,,unmatched,False,bart_live_terminals_20260911_183436,no ETD row with compatible station/line/time
,390,1965119,1965119,EMBR,gtfsrt_only,,unmatched,False,bart_live_terminals_20260911_183436,no ETD row with compatible station/line/time
,391,1965119,1965119,MONT,gtfsrt_only,,unmatched,False,bart_live_terminals_20260911_183436,no ETD row with compatible station/line/time
,392,1965119,1965119,POWL,gtfsrt_only,,unmatched,False,bart_live_terminals_20260911_183436,no ETD row with compatible station/line/time
,393,1965119,1965119,CIVC,gtfsrt_only,,unmatched,False,bart_live_terminals_20260911_183436,no ETD row with compatible station/line/time
,394,1965119,1965119,16TH,gtfsrt_only,,unmatched,False,bart_live_terminals_20260911_183436,no ETD row with compatible station/line/time
,395,1965119,1965119,24TH,gtfsrt_only,,unmatched,False,bart_live_terminals_20260911_183436,no ETD row with compatible station/line/time
,396,1965119,1965119,GLEN,gtfsrt_only,,unmatched,False,bart_live_terminals_20260911_183436,no ETD row with compatible station/line/time
,397,1965119,1965119,BALB,gtfsrt_only,,unmatched,False,bart_live_terminals_20260911_183436,no ETD row with compatible station/line/time
,398,1965119,1965119,DALY,gtfsrt_only,,unmatched,False,bart_live_terminals_20260911_183436,no ETD row with compatible station/line/time
,399,1965119,1965119,COLM,gtfsrt_only,,unmatched,False,bart_live_terminals_20260911_183436,no ETD row with compatible station/line/time
,400,1965119,1965119,SSAN,gtfsrt_only,,unmatched,False,bart_live_terminals_20260911_183436,no ETD row with compatible station/line/time
,401,1965119,1965119,SBRN,gtfsrt_only,,unmatched,False,bart_live_terminals_20260911_183436,no ETD row with compatible station/line/time
,402,1965309,1965309,12TH,gtfsrt_only,,unmatched,False,bart_live_terminals_20260911_183436,no ETD row with compatible station/line/time
,403,1965309,1965309,19TH,gtfsrt_only,,unmatched,False,bart_live_terminals_20260911_183436,no ETD row with compatible station/line/time
,404,1965309,1965309,MCAR,gtfsrt_only,,unmatched,False,bart_live_terminals_20260911_183436,no ETD row with compatible station/line/time
,405,1965309,1965309,ROCK,gtfsrt_only,,unmatched,False,bart_live_terminals_20260911_183436,no ETD row with compatible station/line/time
,406,1965309,1965309,ORIN,gtfsrt_only,,unmatched,False,bart_live_terminals_20260911_183436,no ETD row with compatible station/line/time
,407,1965309,1965309,LAFY,gtfsrt_only,,unmatched,False,bart_live_terminals_20260911_183436,no ETD row with compatible station/line/time
,408,1965309,1965309,WCRK,gtfsrt_only,,unmatched,False,bart_live_terminals_20260911_183436,no ETD row with compatible station/line/time
,409,1965309,1965309,PHIL,gtfsrt_only,,unmatched,False,bart_live_terminals_20260911_183436,no ETD row with compatible station/line/time
,410,1965309,1965309,CONC,gtfsrt_only,,unmatched,False,bart_live_terminals_20260911_183436,no ETD row with compatible station/line/time
,411,1965309,1965309,NCON,gtfsrt_only,,unmatched,False,bart_live_terminals_20260911_183436,no ETD row with compatible station/line/time
,412,1965279,1965279,MONT,gtfsrt_only,,unmatched,False,bart_live_terminals_20260911_183436,no ETD row with compatible station/line/time
,413,1965279,1965279,EMBR,gtfsrt_only,,unmatched,False,bart_live_terminals_20260911_183436,no ETD row with compatible station/line/time
,414,1965279,1965279,WOAK,gtfsrt_only,,unmatched,False,bart_live_terminals_20260911_183436,no ETD row with compatible station/line/time
,415,1965279,1965279,12TH,gtfsrt_only,,unmatched,False,bart_live_terminals_20260911_183436,no ETD row with compatible station/line/time
,416,1965279,1965279,19TH,gtfsrt_only,,unmatched,False,bart_live_terminals_20260911_183436,no ETD row with compatible station/line/time
,417,1965279,1965279,MCAR,gtfsrt_only,,unmatched,False,bart_live_terminals_20260911_183436,no ETD row with compatible station/line/time
,418,1965279,1965279,ROCK,gtfsrt_only,,unmatched,False,bart_live_terminals_20260911_183436,no ETD row with compatible station/line/time
,419,1965279,1965279,ORIN,gtfsrt_only,,unmatched,False,bart_live_terminals_20260911_183436,no ETD row with compatible station/line/time
,420,1965279,1965279,LAFY,gtfsrt_only,,unmatched,False,bart_live_terminals_20260911_183436,no ETD row with compatible station/line/time
,421,1965279,1965279,WCRK,gtfsrt_only,,unmatched,False,bart_live_terminals_20260911_183436,no ETD row with compatible station/line/time
,422,1965279,1965279,PHIL,gtfsrt_only,,unmatched,False,bart_live_terminals_20260911_183436,no ETD row with compatible station/line/time
,423,1965279,1965279,CONC,gtfsrt_only,,unmatched,False,bart_live_terminals_20260911_183436,no ETD row with compatible station/line/time
,424,1965279,1965279,NCON,gtfsrt_only,,unmatched,False,bart_live_terminals_20260911_183436,no ETD row with compatible station/line/time
,425,1965279,1965279,PITT,gtfsrt_only,,unmatched,False,bart_live_terminals_20260911_183436,no ETD row with compatible station/line/time
,426,1965299,1965299,CIVC,gtfsrt_only,,unmatched,False,bart_live_terminals_20260911_183436,no ETD row with compatible station/line/time
,427,1965299,1965299,POWL,gtfsrt_only,,unmatched,False,bart_live_terminals_20260911_183436,no ETD row with compatible station/line/time
,428,1965299,1965299,MONT,gtfsrt_only,,unmatched,False,bart_live_terminals_20260911_183436,no ETD row with compatible station/line/time
,429,1965299,1965299,EMBR,gtfsrt_only,,unmatched,False,bart_live_terminals_20260911_183436,no ETD row with compatible station/line/time
,430,1965299,1965299,WOAK,gtfsrt_only,,unmatched,False,bart_live_terminals_20260911_183436,no ETD row with compatible station/line/time
,431,1965299,1965299,12TH,gtfsrt_only,,unmatched,False,bart_live_terminals_20260911_183436,no ETD row with compatible station/line/time
,432,1965299,1965299,19TH,gtfsrt_only,,unmatched,False,bart_live_terminals_20260911_183436,no ETD row with compatible station/line/time
,433,1965299,1965299,MCAR,gtfsrt_only,,unmatched,False,bart_live_terminals_20260911_183436,no ETD row with compatible station/line/time
,434,1965299,1965299,ROCK,gtfsrt_only,,unmatched,False,bart_live_terminals_20260911_183436,no ETD row with compatible station/line/time
,435,1965299,1965299,ORIN,gtfsrt_only,,unmatched,False,bart_live_terminals_20260911_183436,no ETD row with compatible station/line/time
,436,1965299,1965299,LAFY,gtfsrt_only,,unmatched,False,bart_live_terminals_20260911_183436,no ETD row with compatible station/line/time
,437,1965299,1965299,WCRK,gtfsrt_only,,unmatched,False,bart_live_terminals_20260911_183436,no ETD row with compatible station/line/time
,438,1965299,1965299,PHIL,gtfsrt_only,,unmatched,False,bart_live_terminals_20260911_183436,no ETD row with compatible station/line/time
,439,1965299,1965299,CONC,gtfsrt_only,,unmatched,False,bart_live_terminals_20260911_183436,no ETD row with compatible station/line/time
,440,1965299,1965299,NCON,gtfsrt_only,,unmatched,False,bart_live_terminals_20260911_183436,no ETD row with compatible station/line/time
,441,1965280,1965280,DALY,gtfsrt_only,,unmatched,False,bart_live_terminals_20260911_183436,no ETD row with compatible station/line/time
,442,1965280,1965280,BALB,gtfsrt_only,,unmatched,False,bart_live_terminals_20260911_183436,no ETD row with compatible station/line/time
,443,1965280,1965280,GLEN,gtfsrt_only,,unmatched,False,bart_live_terminals_20260911_183436,no ETD row with compatible station/line/time
,444,1965280,1965280,24TH,gtfsrt_only,,unmatched,False,bart_live_terminals_20260911_183436,no ETD row with compatible station/line/time
,445,1965280,1965280,16TH,gtfsrt_only,,unmatched,False,bart_live_terminals_20260911_183436,no ETD row with compatible station/line/time
,446,1965280,1965280,CIVC,gtfsrt_only,,unmatched,False,bart_live_terminals_20260911_183436,no ETD row with compatible station/line/time
,447,1965280,1965280,POWL,gtfsrt_only,,unmatched,False,bart_live_terminals_20260911_183436,no ETD row with compatible station/line/time
,448,1965280,1965280,MONT,gtfsrt_only,,unmatched,False,bart_live_terminals_20260911_183436,no ETD row with compatible station/line/time
,449,1965280,1965280,EMBR,gtfsrt_only,,unmatched,False,bart_live_terminals_20260911_183436,no ETD row with compatible station/line/time
,450,1965280,1965280,WOAK,gtfsrt_only,,unmatched,False,bart_live_terminals_20260911_183436,no ETD row with compatible station/line/time
,451,1965280,1965280,12TH,gtfsrt_only,,unmatched,False,bart_live_terminals_20260911_183436,no ETD row with compatible station/line/time
,452,1965280,1965280,19TH,gtfsrt_only,,unmatched,False,bart_live_terminals_20260911_183436,no ETD row with compatible station/line/time
,453,1965280,1965280,MCAR,gtfsrt_only,,unmatched,False,bart_live_terminals_20260911_183436,no ETD row with compatible station/line/time
,454,1965280,1965280,ROCK,gtfsrt_only,,unmatched,False,bart_live_terminals_20260911_183436,no ETD row with compatible station/line/time
,455,1965280,1965280,ORIN,gtfsrt_only,,unmatched,False,bart_live_terminals_20260911_183436,no ETD row with compatible station/line/time
,456,1965280,1965280,LAFY,gtfsrt_only,,unmatched,False,bart_live_terminals_20260911_183436,no ETD row with compatible station/line/time
,457,1965280,1965280,WCRK,gtfsrt_only,,unmatched,False,bart_live_terminals_20260911_183436,no ETD row with compatible station/line/time
,458,1965280,1965280,PHIL,gtfsrt_only,,unmatched,False,bart_live_terminals_20260911_183436,no ETD row with compatible station/line/time
,459,1965280,1965280,CONC,gtfsrt_only,,unmatched,False,bart_live_terminals_20260911_183436,no ETD row with compatible station/line/time
,460,1965280,1965280,NCON,gtfsrt_only,,unmatched,False,bart_live_terminals_20260911_183436,no ETD row with compatible station/line/time
,461,1965280,1965280,PITT,gtfsrt_only,,unmatched,False,bart_live_terminals_20260911_183436,no ETD row with compatible station/line/time
,462,1965300,1965300,SSAN,gtfsrt_only,,unmatched,False,bart_live_terminals_20260911_183436,no ETD row with compatible station/line/time
,463,1965300,1965300,COLM,gtfsrt_only,,unmatched,False,bart_live_terminals_20260911_183436,no ETD row with compatible station/line/time
,464,1965300,1965300,DALY,gtfsrt_only,,unmatched,False,bart_live_terminals_20260911_183436,no ETD row with compatible station/line/time
,465,1965300,1965300,BALB,gtfsrt_only,,unmatched,False,bart_live_terminals_20260911_183436,no ETD row with compatible station/line/time
,466,1965300,1965300,GLEN,gtfsrt_only,,unmatched,False,bart_live_terminals_20260911_183436,no ETD row with compatible station/line/time
,467,1965300,1965300,24TH,gtfsrt_only,,unmatched,False,bart_live_terminals_20260911_183436,no ETD row with compatible station/line/time
,468,1965300,1965300,16TH,gtfsrt_only,,unmatched,False,bart_live_terminals_20260911_183436,no ETD row with compatible station/line/time
,469,1965300,1965300,CIVC,gtfsrt_only,,unmatched,False,bart_live_terminals_20260911_183436,no ETD row with compatible station/line/time
,470,1965300,1965300,POWL,gtfsrt_only,,unmatched,False,bart_live_terminals_20260911_183436,no ETD row with compatible station/line/time
,471,1965300,1965300,MONT,gtfsrt_only,,unmatched,False,bart_live_terminals_20260911_183436,no ETD row with compatible station/line/time
,472,1965300,1965300,EMBR,gtfsrt_only,,unmatched,False,bart_live_terminals_20260911_183436,no ETD row with compatible station/line/time
,473,1965300,1965300,WOAK,gtfsrt_only,,unmatched,False,bart_live_terminals_20260911_183436,no ETD row with compatible station/line/time
,474,1965300,1965300,12TH,gtfsrt_only,,unmatched,False,bart_live_terminals_20260911_183436,no ETD row with compatible station/line/time
,475,1965300,1965300,19TH,gtfsrt_only,,unmatched,False,bart_live_terminals_20260911_183436,no ETD row with compatible station/line/time
,476,1965300,1965300,MCAR,gtfsrt_only,,unmatched,False,bart_live_terminals_20260911_183436,no ETD row with compatible station/line/time
,477,1965300,1965300,ROCK,gtfsrt_only,,unmatched,False,bart_live_terminals_20260911_183436,no ETD row with compatible station/line/time
,478,1965300,1965300,ORIN,gtfsrt_only,,unmatched,False,bart_live_terminals_20260911_183436,no ETD row with compatible station/line/time
,479,1965300,1965300,LAFY,gtfsrt_only,,unmatched,False,bart_live_terminals_20260911_183436,no ETD row with compatible station/line/time
,480,1965300,1965300,WCRK,gtfsrt_only,,unmatched,False,bart_live_terminals_20260911_183436,no ETD row with compatible station/line/time
,481,1965300,1965300,PHIL,gtfsrt_only,,unmatched,False,bart_live_terminals_20260911_183436,no ETD row with compatible station/line/time
,482,1965300,1965300,CONC,gtfsrt_only,,unmatched,False,bart_live_terminals_20260911_183436,no ETD row with compatible station/line/time
,483,1965300,1965300,NCON,gtfsrt_only,,unmatched,False,bart_live_terminals_20260911_183436,no ETD row with compatible station/line/time
,484,1965281,1965281,SFIA,gtfsrt_only,,unmatched,False,bart_live_terminals_20260911_183436,no ETD row with compatible station/line/time
,485,1965281,1965281,SBRN,gtfsrt_only,,unmatched,False,bart_live_terminals_20260911_183436,no ETD row with compatible station/line/time
,486,1965281,1965281,SSAN,gtfsrt_only,,unmatched,False,bart_live_terminals_20260911_183436,no ETD row with compatible station/line/time
,487,1965281,1965281,COLM,gtfsrt_only,,unmatched,False,bart_live_terminals_20260911_183436,no ETD row with compatible station/line/time
,488,1965281,1965281,DALY,gtfsrt_only,,unmatched,False,bart_live_terminals_20260911_183436,no ETD row with compatible station/line/time
,489,1965281,1965281,BALB,gtfsrt_only,,unmatched,False,bart_live_terminals_20260911_183436,no ETD row with compatible station/line/time
,490,1965281,1965281,GLEN,gtfsrt_only,,unmatched,False,bart_live_terminals_20260911_183436,no ETD row with compatible station/line/time
,491,1965281,1965281,24TH,gtfsrt_only,,unmatched,False,bart_live_terminals_20260911_183436,no ETD row with compatible station/line/time
,492,1965281,1965281,16TH,gtfsrt_only,,unmatched,False,bart_live_terminals_20260911_183436,no ETD row with compatible station/line/time
,493,1965281,1965281,CIVC,gtfsrt_only,,unmatched,False,bart_live_terminals_20260911_183436,no ETD row with compatible station/line/time
,494,1965281,1965281,POWL,gtfsrt_only,,unmatched,False,bart_live_terminals_20260911_183436,no ETD row with compatible station/line/time
,495,1965281,1965281,MONT,gtfsrt_only,,unmatched,False,bart_live_terminals_20260911_183436,no ETD row with compatible station/line/time
,496,1965281,1965281,EMBR,gtfsrt_only,,unmatched,False,bart_live_terminals_20260911_183436,no ETD row with compatible station/line/time
,497,1965281,1965281,WOAK,gtfsrt_only,,unmatched,False,bart_live_terminals_20260911_183436,no ETD row with compatible station/line/time
,498,1965281,1965281,12TH,gtfsrt_only,,unmatched,False,bart_live_terminals_20260911_183436,no ETD row with compatible station/line/time
,499,1965281,1965281,19TH,gtfsrt_only,,unmatched,False,bart_live_terminals_20260911_183436,no ETD row with compatible station/line/time
,500,1965281,1965281,MCAR,gtfsrt_only,,unmatched,False,bart_live_terminals_20260911_183436,no ETD row with compatible station/line/time
,501,1965281,1965281,ROCK,gtfsrt_only,,unmatched,False,bart_live_terminals_20260911_183436,no ETD row with compatible station/line/time
,502,1965281,1965281,ORIN,gtfsrt_only,,unmatched,False,bart_live_terminals_20260911_183436,no ETD row with compatible station/line/time
,503,1965281,1965281,LAFY,gtfsrt_only,,unmatched,False,bart_live_terminals_20260911_183436,no ETD row with compatible station/line/time
,504,1965281,1965281,WCRK,gtfsrt_only,,unmatched,False,bart_live_terminals_20260911_183436,no ETD row with compatible station/line/time
,505,1965281,1965281,PHIL,gtfsrt_only,,unmatched,False,bart_live_terminals_20260911_183436,no ETD row with compatible station/line/time
,506,1965281,1965281,CONC,gtfsrt_only,,unmatched,False,bart_live_terminals_20260911_183436,no ETD row with compatible station/line/time
,507,1965281,1965281,NCON,gtfsrt_only,,unmatched,False,bart_live_terminals_20260911_183436,no ETD row with compatible station/line/time
,508,1965281,1965281,PITT,gtfsrt_only,,unmatched,False,bart_live_terminals_20260911_183436,no ETD row with compatible station/line/time
,509,1965200,1965200,SBRN,gtfsrt_only,,unmatched,False,bart_live_terminals_20260911_183436,no ETD row with compatible station/line/time
,510,1965341,1965341,SFIA,gtfsrt_only,,unmatched,False,bart_live_terminals_20260911_183436,no ETD row with compatible station/line/time
,511,1965341,1965341,SBRN,gtfsrt_only,,unmatched,False,bart_live_terminals_20260911_183436,no ETD row with compatible station/line/time
,512,1965341,1965341,SSAN,gtfsrt_only,,unmatched,False,bart_live_terminals_20260911_183436,no ETD row with compatible station/line/time
,513,1965341,1965341,COLM,gtfsrt_only,,unmatched,False,bart_live_terminals_20260911_183436,no ETD row with compatible station/line/time
,514,1965341,1965341,DALY,gtfsrt_only,,unmatched,False,bart_live_terminals_20260911_183436,no ETD row with compatible station/line/time
,515,1965341,1965341,BALB,gtfsrt_only,,unmatched,False,bart_live_terminals_20260911_183436,no ETD row with compatible station/line/time
,516,1965341,1965341,GLEN,gtfsrt_only,,unmatched,False,bart_live_terminals_20260911_183436,no ETD row with compatible station/line/time
,517,1965341,1965341,24TH,gtfsrt_only,,unmatched,False,bart_live_terminals_20260911_183436,no ETD row with compatible station/line/time
,518,1965341,1965341,16TH,gtfsrt_only,,unmatched,False,bart_live_terminals_20260911_183436,no ETD row with compatible station/line/time
,519,1965341,1965341,CIVC,gtfsrt_only,,unmatched,False,bart_live_terminals_20260911_183436,no ETD row with compatible station/line/time
,520,1965341,1965341,POWL,gtfsrt_only,,unmatched,False,bart_live_terminals_20260911_183436,no ETD row with compatible station/line/time
,521,1965341,1965341,MONT,gtfsrt_only,,unmatched,False,bart_live_terminals_20260911_183436,no ETD row with compatible station/line/time
,522,1965341,1965341,EMBR,gtfsrt_only,,unmatched,False,bart_live_terminals_20260911_183436,no ETD row with compatible station/line/time
,523,1965341,1965341,WOAK,gtfsrt_only,,unmatched,False,bart_live_terminals_20260911_183436,no ETD row with compatible station/line/time
,524,1965341,1965341,12TH,gtfsrt_only,,unmatched,False,bart_live_terminals_20260911_183436,no ETD row with compatible station/line/time
,525,1965341,1965341,19TH,gtfsrt_only,,unmatched,False,bart_live_terminals_20260911_183436,no ETD row with compatible station/line/time
,526,1965341,1965341,MCAR,gtfsrt_only,,unmatched,False,bart_live_terminals_20260911_183436,no ETD row with compatible station/line/time
,527,1965341,1965341,ROCK,gtfsrt_only,,unmatched,False,bart_live_terminals_20260911_183436,no ETD row with compatible station/line/time
,528,1965341,1965341,ORIN,gtfsrt_only,,unmatched,False,bart_live_terminals_20260911_183436,no ETD row with compatible station/line/time
,529,1965341,1965341,LAFY,gtfsrt_only,,unmatched,False,bart_live_terminals_20260911_183436,no ETD row with compatible station/line/time
,530,1965341,1965341,WCRK,gtfsrt_only,,unmatched,False,bart_live_terminals_20260911_183436,no ETD row with compatible station/line/time
,531,1965341,1965341,PHIL,gtfsrt_only,,unmatched,False,bart_live_terminals_20260911_183436,no ETD row with compatible station/line/time
,532,1965341,1965341,CONC,gtfsrt_only,,unmatched,False,bart_live_terminals_20260911_183436,no ETD row with compatible station/line/time
,533,1965341,1965341,NCON,gtfsrt_only,,unmatched,False,bart_live_terminals_20260911_183436,no ETD row with compatible station/line/time
,534,1965158,1965158,COLM,gtfsrt_only,,unmatched,False,bart_live_terminals_20260911_183436,no ETD row with compatible station/line/time
,535,1965158,1965158,SSAN,gtfsrt_only,,unmatched,False,bart_live_terminals_20260911_183436,no ETD row with compatible station/line/time
,536,1965158,1965158,SBRN,gtfsrt_only,,unmatched,False,bart_live_terminals_20260911_183436,no ETD row with compatible station/line/time
,537,1965282,1965282,SFIA,gtfsrt_only,,unmatched,False,bart_live_terminals_20260911_183436,no ETD row with compatible station/line/time
,538,1965282,1965282,SBRN,gtfsrt_only,,unmatched,False,bart_live_terminals_20260911_183436,no ETD row with compatible station/line/time
,539,1965282,1965282,SSAN,gtfsrt_only,,unmatched,False,bart_live_terminals_20260911_183436,no ETD row with compatible station/line/time
,540,1965282,1965282,COLM,gtfsrt_only,,unmatched,False,bart_live_terminals_20260911_183436,no ETD row with compatible station/line/time
,541,1965282,1965282,DALY,gtfsrt_only,,unmatched,False,bart_live_terminals_20260911_183436,no ETD row with compatible station/line/time
,542,1965282,1965282,BALB,gtfsrt_only,,unmatched,False,bart_live_terminals_20260911_183436,no ETD row with compatible station/line/time
,543,1965282,1965282,GLEN,gtfsrt_only,,unmatched,False,bart_live_terminals_20260911_183436,no ETD row with compatible station/line/time
,544,1965282,1965282,24TH,gtfsrt_only,,unmatched,False,bart_live_terminals_20260911_183436,no ETD row with compatible station/line/time
,545,1965282,1965282,16TH,gtfsrt_only,,unmatched,False,bart_live_terminals_20260911_183436,no ETD row with compatible station/line/time
,546,1965282,1965282,CIVC,gtfsrt_only,,unmatched,False,bart_live_terminals_20260911_183436,no ETD row with compatible station/line/time
,547,1965282,1965282,POWL,gtfsrt_only,,unmatched,False,bart_live_terminals_20260911_183436,no ETD row with compatible station/line/time
,548,1965282,1965282,MONT,gtfsrt_only,,unmatched,False,bart_live_terminals_20260911_183436,no ETD row with compatible station/line/time
,549,1965282,1965282,EMBR,gtfsrt_only,,unmatched,False,bart_live_terminals_20260911_183436,no ETD row with compatible station/line/time
,550,1965282,1965282,WOAK,gtfsrt_only,,unmatched,False,bart_live_terminals_20260911_183436,no ETD row with compatible station/line/time
,551,1965282,1965282,12TH,gtfsrt_only,,unmatched,False,bart_live_terminals_20260911_183436,no ETD row with compatible station/line/time
,552,1965282,1965282,19TH,gtfsrt_only,,unmatched,False,bart_live_terminals_20260911_183436,no ETD row with compatible station/line/time
,553,1965282,1965282,MCAR,gtfsrt_only,,unmatched,False,bart_live_terminals_20260911_183436,no ETD row with compatible station/line/time
,554,1965282,1965282,ROCK,gtfsrt_only,,unmatched,False,bart_live_terminals_20260911_183436,no ETD row with compatible station/line/time
,555,1965282,1965282,ORIN,gtfsrt_only,,unmatched,False,bart_live_terminals_20260911_183436,no ETD row with compatible station/line/time
,556,1965282,1965282,LAFY,gtfsrt_only,,unmatched,False,bart_live_terminals_20260911_183436,no ETD row with compatible station/line/time
,557,1965282,1965282,WCRK,gtfsrt_only,,unmatched,False,bart_live_terminals_20260911_183436,no ETD row with compatible station/line/time
,558,1965282,1965282,PHIL,gtfsrt_only,,unmatched,False,bart_live_terminals_20260911_183436,no ETD row with compatible station/line/time
,559,1965282,1965282,CONC,gtfsrt_only,,unmatched,False,bart_live_terminals_20260911_183436,no ETD row with compatible station/line/time
,560,1965282,1965282,NCON,gtfsrt_only,,unmatched,False,bart_live_terminals_20260911_183436,no ETD row with compatible station/line/time
,561,1965282,1965282,PITT,gtfsrt_only,,unmatched,False,bart_live_terminals_20260911_183436,no ETD row with compatible station/line/time
,562,1965201,1965201,GLEN,gtfsrt_only,,unmatched,False,bart_live_terminals_20260911_183436,no ETD row with compatible station/line/time
,563,1965201,1965201,BALB,gtfsrt_only,,unmatched,False,bart_live_terminals_20260911_183436,no ETD row with compatible station/line/time
,564,1965201,1965201,DALY,gtfsrt_only,,unmatched,False,bart_live_terminals_20260911_183436,no ETD row with compatible station/line/time
,565,1965201,1965201,COLM,gtfsrt_only,,unmatched,False,bart_live_terminals_20260911_183436,no ETD row with compatible station/line/time
,566,1965201,1965201,SSAN,gtfsrt_only,,unmatched,False,bart_live_terminals_20260911_183436,no ETD row with compatible station/line/time
,567,1965201,1965201,SBRN,gtfsrt_only,,unmatched,False,bart_live_terminals_20260911_183436,no ETD row with compatible station/line/time
,568,1965159,1965159,MONT,gtfsrt_only,,unmatched,False,bart_live_terminals_20260911_183436,no ETD row with compatible station/line/time
,569,1965159,1965159,POWL,gtfsrt_only,,unmatched,False,bart_live_terminals_20260911_183436,no ETD row with compatible station/line/time
,570,1965159,1965159,CIVC,gtfsrt_only,,unmatched,False,bart_live_terminals_20260911_183436,no ETD row with compatible station/line/time
,571,1965159,1965159,16TH,gtfsrt_only,,unmatched,False,bart_live_terminals_20260911_183436,no ETD row with compatible station/line/time
,572,1965159,1965159,24TH,gtfsrt_only,,unmatched,False,bart_live_terminals_20260911_183436,no ETD row with compatible station/line/time
,573,1965159,1965159,GLEN,gtfsrt_only,,unmatched,False,bart_live_terminals_20260911_183436,no ETD row with compatible station/line/time
,574,1965159,1965159,BALB,gtfsrt_only,,unmatched,False,bart_live_terminals_20260911_183436,no ETD row with compatible station/line/time
,575,1965159,1965159,DALY,gtfsrt_only,,unmatched,False,bart_live_terminals_20260911_183436,no ETD row with compatible station/line/time
,576,1965159,1965159,COLM,gtfsrt_only,,unmatched,False,bart_live_terminals_20260911_183436,no ETD row with compatible station/line/time
,577,1965159,1965159,SSAN,gtfsrt_only,,unmatched,False,bart_live_terminals_20260911_183436,no ETD row with compatible station/line/time
,578,1965159,1965159,SBRN,gtfsrt_only,,unmatched,False,bart_live_terminals_20260911_183436,no ETD row with compatible station/line/time
,579,1965283,1965283,SFIA,gtfsrt_only,,unmatched,False,bart_live_terminals_20260911_183436,no ETD row with compatible station/line/time
,580,1965283,1965283,SBRN,gtfsrt_only,,unmatched,False,bart_live_terminals_20260911_183436,no ETD row with compatible station/line/time
,581,1965283,1965283,SSAN,gtfsrt_only,,unmatched,False,bart_live_terminals_20260911_183436,no ETD row with compatible station/line/time
,582,1965283,1965283,COLM,gtfsrt_only,,unmatched,False,bart_live_terminals_20260911_183436,no ETD row with compatible station/line/time
,583,1965283,1965283,DALY,gtfsrt_only,,unmatched,False,bart_live_terminals_20260911_183436,no ETD row with compatible station/line/time
,584,1965283,1965283,BALB,gtfsrt_only,,unmatched,False,bart_live_terminals_20260911_183436,no ETD row with compatible station/line/time
,585,1965283,1965283,GLEN,gtfsrt_only,,unmatched,False,bart_live_terminals_20260911_183436,no ETD row with compatible station/line/time
,586,1965283,1965283,24TH,gtfsrt_only,,unmatched,False,bart_live_terminals_20260911_183436,no ETD row with compatible station/line/time
,587,1965283,1965283,16TH,gtfsrt_only,,unmatched,False,bart_live_terminals_20260911_183436,no ETD row with compatible station/line/time
,588,1965283,1965283,CIVC,gtfsrt_only,,unmatched,False,bart_live_terminals_20260911_183436,no ETD row with compatible station/line/time
,589,1965283,1965283,POWL,gtfsrt_only,,unmatched,False,bart_live_terminals_20260911_183436,no ETD row with compatible station/line/time
,590,1965283,1965283,MONT,gtfsrt_only,,unmatched,False,bart_live_terminals_20260911_183436,no ETD row with compatible station/line/time
,591,1965283,1965283,EMBR,gtfsrt_only,,unmatched,False,bart_live_terminals_20260911_183436,no ETD row with compatible station/line/time
,592,1965283,1965283,WOAK,gtfsrt_only,,unmatched,False,bart_live_terminals_20260911_183436,no ETD row with compatible station/line/time
,593,1965283,1965283,12TH,gtfsrt_only,,unmatched,False,bart_live_terminals_20260911_183436,no ETD row with compatible station/line/time
,594,1965283,1965283,19TH,gtfsrt_only,,unmatched,False,bart_live_terminals_20260911_183436,no ETD row with compatible station/line/time
,595,1965283,1965283,MCAR,gtfsrt_only,,unmatched,False,bart_live_terminals_20260911_183436,no ETD row with compatible station/line/time
,596,1965283,1965283,ROCK,gtfsrt_only,,unmatched,False,bart_live_terminals_20260911_183436,no ETD row with compatible station/line/time
,597,1965283,1965283,ORIN,gtfsrt_only,,unmatched,False,bart_live_terminals_20260911_183436,no ETD row with compatible station/line/time
,598,1965283,1965283,LAFY,gtfsrt_only,,unmatched,False,bart_live_terminals_20260911_183436,no ETD row with compatible station/line/time
,599,1965283,1965283,WCRK,gtfsrt_only,,unmatched,False,bart_live_terminals_20260911_183436,no ETD row with compatible station/line/time
,600,1965283,1965283,PHIL,gtfsrt_only,,unmatched,False,bart_live_terminals_20260911_183436,no ETD row with compatible station/line/time
,601,1965283,1965283,CONC,gtfsrt_only,,unmatched,False,bart_live_terminals_20260911_183436,no ETD row with compatible station/line/time
,602,1965283,1965283,NCON,gtfsrt_only,,unmatched,False,bart_live_terminals_20260911_183436,no ETD row with compatible station/line/time
,603,1965283,1965283,PITT,gtfsrt_only,,unmatched,False,bart_live_terminals_20260911_183436,no ETD row with compatible station/line/time
,604,1965202,1965202,EMBR,gtfsrt_only,,unmatched,False,bart_live_terminals_20260911_183436,no ETD row with compatible station/line/time
,605,1965202,1965202,MONT,gtfsrt_only,,unmatched,False,bart_live_terminals_20260911_183436,no ETD row with compatible station/line/time
,606,1965202,1965202,POWL,gtfsrt_only,,unmatched,False,bart_live_terminals_20260911_183436,no ETD row with compatible station/line/time
,607,1965202,1965202,CIVC,gtfsrt_only,,unmatched,False,bart_live_terminals_20260911_183436,no ETD row with compatible station/line/time
,608,1965202,1965202,16TH,gtfsrt_only,,unmatched,False,bart_live_terminals_20260911_183436,no ETD row with compatible station/line/time
,609,1965202,1965202,24TH,gtfsrt_only,,unmatched,False,bart_live_terminals_20260911_183436,no ETD row with compatible station/line/time
,610,1965202,1965202,GLEN,gtfsrt_only,,unmatched,False,bart_live_terminals_20260911_183436,no ETD row with compatible station/line/time
,611,1965202,1965202,BALB,gtfsrt_only,,unmatched,False,bart_live_terminals_20260911_183436,no ETD row with compatible station/line/time
,612,1965202,1965202,DALY,gtfsrt_only,,unmatched,False,bart_live_terminals_20260911_183436,no ETD row with compatible station/line/time
,613,1965202,1965202,COLM,gtfsrt_only,,unmatched,False,bart_live_terminals_20260911_183436,no ETD row with compatible station/line/time
,614,1965202,1965202,SSAN,gtfsrt_only,,unmatched,False,bart_live_terminals_20260911_183436,no ETD row with compatible station/line/time
,615,1965202,1965202,SBRN,gtfsrt_only,,unmatched,False,bart_live_terminals_20260911_183436,no ETD row with compatible station/line/time
,616,1965160,1965160,MCAR,gtfsrt_only,,unmatched,False,bart_live_terminals_20260911_183436,no ETD row with compatible station/line/time
,617,1965160,1965160,19TH,gtfsrt_only,,unmatched,False,bart_live_terminals_20260911_183436,no ETD row with compatible station/line/time
,618,1965160,1965160,12TH,gtfsrt_only,,unmatched,False,bart_live_terminals_20260911_183436,no ETD row with compatible station/line/time
,619,1965160,1965160,WOAK,gtfsrt_only,,unmatched,False,bart_live_terminals_20260911_183436,no ETD row with compatible station/line/time
,620,1965160,1965160,EMBR,gtfsrt_only,,unmatched,False,bart_live_terminals_20260911_183436,no ETD row with compatible station/line/time
,621,1965160,1965160,MONT,gtfsrt_only,,unmatched,False,bart_live_terminals_20260911_183436,no ETD row with compatible station/line/time
,622,1965160,1965160,POWL,gtfsrt_only,,unmatched,False,bart_live_terminals_20260911_183436,no ETD row with compatible station/line/time
,623,1965160,1965160,CIVC,gtfsrt_only,,unmatched,False,bart_live_terminals_20260911_183436,no ETD row with compatible station/line/time
,624,1965160,1965160,16TH,gtfsrt_only,,unmatched,False,bart_live_terminals_20260911_183436,no ETD row with compatible station/line/time
,625,1965160,1965160,24TH,gtfsrt_only,,unmatched,False,bart_live_terminals_20260911_183436,no ETD row with compatible station/line/time
,626,1965160,1965160,GLEN,gtfsrt_only,,unmatched,False,bart_live_terminals_20260911_183436,no ETD row with compatible station/line/time
,627,1965160,1965160,BALB,gtfsrt_only,,unmatched,False,bart_live_terminals_20260911_183436,no ETD row with compatible station/line/time
,628,1965160,1965160,DALY,gtfsrt_only,,unmatched,False,bart_live_terminals_20260911_183436,no ETD row with compatible station/line/time
,629,1965160,1965160,COLM,gtfsrt_only,,unmatched,False,bart_live_terminals_20260911_183436,no ETD row with compatible station/line/time
,630,1965160,1965160,SSAN,gtfsrt_only,,unmatched,False,bart_live_terminals_20260911_183436,no ETD row with compatible station/line/time
,631,1965160,1965160,SBRN,gtfsrt_only,,unmatched,False,bart_live_terminals_20260911_183436,no ETD row with compatible station/line/time
,632,1965203,1965203,ORIN,gtfsrt_only,,unmatched,False,bart_live_terminals_20260911_183436,no ETD row with compatible station/line/time
,633,1965203,1965203,ROCK,gtfsrt_only,,unmatched,False,bart_live_terminals_20260911_183436,no ETD row with compatible station/line/time
,634,1965203,1965203,MCAR,gtfsrt_only,,unmatched,False,bart_live_terminals_20260911_183436,no ETD row with compatible station/line/time
,635,1965203,1965203,19TH,gtfsrt_only,,unmatched,False,bart_live_terminals_20260911_183436,no ETD row with compatible station/line/time
,636,1965203,1965203,12TH,gtfsrt_only,,unmatched,False,bart_live_terminals_20260911_183436,no ETD row with compatible station/line/time
,637,1965203,1965203,WOAK,gtfsrt_only,,unmatched,False,bart_live_terminals_20260911_183436,no ETD row with compatible station/line/time
,638,1965203,1965203,EMBR,gtfsrt_only,,unmatched,False,bart_live_terminals_20260911_183436,no ETD row with compatible station/line/time
,639,1965203,1965203,MONT,gtfsrt_only,,unmatched,False,bart_live_terminals_20260911_183436,no ETD row with compatible station/line/time
,640,1965203,1965203,POWL,gtfsrt_only,,unmatched,False,bart_live_terminals_20260911_183436,no ETD row with compatible station/line/time
,641,1965203,1965203,CIVC,gtfsrt_only,,unmatched,False,bart_live_terminals_20260911_183436,no ETD row with compatible station/line/time
,642,1965203,1965203,16TH,gtfsrt_only,,unmatched,False,bart_live_terminals_20260911_183436,no ETD row with compatible station/line/time
,643,1965203,1965203,24TH,gtfsrt_only,,unmatched,False,bart_live_terminals_20260911_183436,no ETD row with compatible station/line/time
,644,1965203,1965203,GLEN,gtfsrt_only,,unmatched,False,bart_live_terminals_20260911_183436,no ETD row with compatible station/line/time
,645,1965203,1965203,BALB,gtfsrt_only,,unmatched,False,bart_live_terminals_20260911_183436,no ETD row with compatible station/line/time
,646,1965203,1965203,DALY,gtfsrt_only,,unmatched,False,bart_live_terminals_20260911_183436,no ETD row with compatible station/line/time
,647,1965203,1965203,COLM,gtfsrt_only,,unmatched,False,bart_live_terminals_20260911_183436,no ETD row with compatible station/line/time
,648,1965203,1965203,SSAN,gtfsrt_only,,unmatched,False,bart_live_terminals_20260911_183436,no ETD row with compatible station/line/time
,649,1965203,1965203,SBRN,gtfsrt_only,,unmatched,False,bart_live_terminals_20260911_183436,no ETD row with compatible station/line/time
,650,1965161,1965161,WCRK,gtfsrt_only,,unmatched,False,bart_live_terminals_20260911_183436,no ETD row with compatible station/line/time
,651,1965161,1965161,LAFY,gtfsrt_only,,unmatched,False,bart_live_terminals_20260911_183436,no ETD row with compatible station/line/time
,652,1965161,1965161,ORIN,gtfsrt_only,,unmatched,False,bart_live_terminals_20260911_183436,no ETD row with compatible station/line/time
,653,1965161,1965161,ROCK,gtfsrt_only,,unmatched,False,bart_live_terminals_20260911_183436,no ETD row with compatible station/line/time
,654,1965161,1965161,MCAR,gtfsrt_only,,unmatched,False,bart_live_terminals_20260911_183436,no ETD row with compatible station/line/time
,655,1965161,1965161,19TH,gtfsrt_only,,unmatched,False,bart_live_terminals_20260911_183436,no ETD row with compatible station/line/time
,656,1965161,1965161,12TH,gtfsrt_only,,unmatched,False,bart_live_terminals_20260911_183436,no ETD row with compatible station/line/time
,657,1965161,1965161,WOAK,gtfsrt_only,,unmatched,False,bart_live_terminals_20260911_183436,no ETD row with compatible station/line/time
,658,1965161,1965161,EMBR,gtfsrt_only,,unmatched,False,bart_live_terminals_20260911_183436,no ETD row with compatible station/line/time
,659,1965161,1965161,MONT,gtfsrt_only,,unmatched,False,bart_live_terminals_20260911_183436,no ETD row with compatible station/line/time
,660,1965161,1965161,POWL,gtfsrt_only,,unmatched,False,bart_live_terminals_20260911_183436,no ETD row with compatible station/line/time
,661,1965161,1965161,CIVC,gtfsrt_only,,unmatched,False,bart_live_terminals_20260911_183436,no ETD row with compatible station/line/time
,662,1965161,1965161,16TH,gtfsrt_only,,unmatched,False,bart_live_terminals_20260911_183436,no ETD row with compatible station/line/time
,663,1965161,1965161,24TH,gtfsrt_only,,unmatched,False,bart_live_terminals_20260911_183436,no ETD row with compatible station/line/time
,664,1965161,1965161,GLEN,gtfsrt_only,,unmatched,False,bart_live_terminals_20260911_183436,no ETD row with compatible station/line/time
,665,1965161,1965161,BALB,gtfsrt_only,,unmatched,False,bart_live_terminals_20260911_183436,no ETD row with compatible station/line/time
,666,1965161,1965161,DALY,gtfsrt_only,,unmatched,False,bart_live_terminals_20260911_183436,no ETD row with compatible station/line/time
,667,1965161,1965161,COLM,gtfsrt_only,,unmatched,False,bart_live_terminals_20260911_183436,no ETD row with compatible station/line/time
,668,1965161,1965161,SSAN,gtfsrt_only,,unmatched,False,bart_live_terminals_20260911_183436,no ETD row with compatible station/line/time
,669,1965161,1965161,SBRN,gtfsrt_only,,unmatched,False,bart_live_terminals_20260911_183436,no ETD row with compatible station/line/time
,670,1965204,1965204,NCON,gtfsrt_only,,unmatched,False,bart_live_terminals_20260911_183436,no ETD row with compatible station/line/time
,671,1965204,1965204,CONC,gtfsrt_only,,unmatched,False,bart_live_terminals_20260911_183436,no ETD row with compatible station/line/time
,672,1965204,1965204,PHIL,gtfsrt_only,,unmatched,False,bart_live_terminals_20260911_183436,no ETD row with compatible station/line/time
,673,1965204,1965204,WCRK,gtfsrt_only,,unmatched,False,bart_live_terminals_20260911_183436,no ETD row with compatible station/line/time
,674,1965204,1965204,LAFY,gtfsrt_only,,unmatched,False,bart_live_terminals_20260911_183436,no ETD row with compatible station/line/time
,675,1965204,1965204,ORIN,gtfsrt_only,,unmatched,False,bart_live_terminals_20260911_183436,no ETD row with compatible station/line/time
,676,1965204,1965204,ROCK,gtfsrt_only,,unmatched,False,bart_live_terminals_20260911_183436,no ETD row with compatible station/line/time
,677,1965204,1965204,MCAR,gtfsrt_only,,unmatched,False,bart_live_terminals_20260911_183436,no ETD row with compatible station/line/time
,678,1965204,1965204,19TH,gtfsrt_only,,unmatched,False,bart_live_terminals_20260911_183436,no ETD row with compatible station/line/time
,679,1965204,1965204,12TH,gtfsrt_only,,unmatched,False,bart_live_terminals_20260911_183436,no ETD row with compatible station/line/time
,680,1965204,1965204,WOAK,gtfsrt_only,,unmatched,False,bart_live_terminals_20260911_183436,no ETD row with compatible station/line/time
,681,1965204,1965204,EMBR,gtfsrt_only,,unmatched,False,bart_live_terminals_20260911_183436,no ETD row with compatible station/line/time
,682,1965204,1965204,MONT,gtfsrt_only,,unmatched,False,bart_live_terminals_20260911_183436,no ETD row with compatible station/line/time
,683,1965204,1965204,POWL,gtfsrt_only,,unmatched,False,bart_live_terminals_20260911_183436,no ETD row with compatible station/line/time
,684,1965204,1965204,CIVC,gtfsrt_only,,unmatched,False,bart_live_terminals_20260911_183436,no ETD row with compatible station/line/time
,685,1965204,1965204,16TH,gtfsrt_only,,unmatched,False,bart_live_terminals_20260911_183436,no ETD row with compatible station/line/time
,686,1965204,1965204,24TH,gtfsrt_only,,unmatched,False,bart_live_terminals_20260911_183436,no ETD row with compatible station/line/time
,687,1965204,1965204,GLEN,gtfsrt_only,,unmatched,False,bart_live_terminals_20260911_183436,no ETD row with compatible station/line/time
,688,1965204,1965204,BALB,gtfsrt_only,,unmatched,False,bart_live_terminals_20260911_183436,no ETD row with compatible station/line/time
,689,1965204,1965204,DALY,gtfsrt_only,,unmatched,False,bart_live_terminals_20260911_183436,no ETD row with compatible station/line/time
,690,1965204,1965204,COLM,gtfsrt_only,,unmatched,False,bart_live_terminals_20260911_183436,no ETD row with compatible station/line/time
,691,1965204,1965204,SSAN,gtfsrt_only,,unmatched,False,bart_live_terminals_20260911_183436,no ETD row with compatible station/line/time
,692,1965204,1965204,SBRN,gtfsrt_only,,unmatched,False,bart_live_terminals_20260911_183436,no ETD row with compatible station/line/time
,693,1965162,1965162,PITT,gtfsrt_only,,unmatched,False,bart_live_terminals_20260911_183436,no ETD row with compatible station/line/time
,694,1965162,1965162,NCON,gtfsrt_only,,unmatched,False,bart_live_terminals_20260911_183436,no ETD row with compatible station/line/time
,695,1965162,1965162,CONC,gtfsrt_only,,unmatched,False,bart_live_terminals_20260911_183436,no ETD row with compatible station/line/time
,696,1965162,1965162,PHIL,gtfsrt_only,,unmatched,False,bart_live_terminals_20260911_183436,no ETD row with compatible station/line/time
,697,1965162,1965162,WCRK,gtfsrt_only,,unmatched,False,bart_live_terminals_20260911_183436,no ETD row with compatible station/line/time
,698,1965162,1965162,LAFY,gtfsrt_only,,unmatched,False,bart_live_terminals_20260911_183436,no ETD row with compatible station/line/time
,699,1965162,1965162,ORIN,gtfsrt_only,,unmatched,False,bart_live_terminals_20260911_183436,no ETD row with compatible station/line/time
,700,1965162,1965162,ROCK,gtfsrt_only,,unmatched,False,bart_live_terminals_20260911_183436,no ETD row with compatible station/line/time
,701,1965162,1965162,MCAR,gtfsrt_only,,unmatched,False,bart_live_terminals_20260911_183436,no ETD row with compatible station/line/time
,702,1965162,1965162,19TH,gtfsrt_only,,unmatched,False,bart_live_terminals_20260911_183436,no ETD row with compatible station/line/time
,703,1965162,1965162,12TH,gtfsrt_only,,unmatched,False,bart_live_terminals_20260911_183436,no ETD row with compatible station/line/time
,704,1965162,1965162,WOAK,gtfsrt_only,,unmatched,False,bart_live_terminals_20260911_183436,no ETD row with compatible station/line/time
,705,1965162,1965162,EMBR,gtfsrt_only,,unmatched,False,bart_live_terminals_20260911_183436,no ETD row with compatible station/line/time
,706,1965162,1965162,MONT,gtfsrt_only,,unmatched,False,bart_live_terminals_20260911_183436,no ETD row with compatible station/line/time
,707,1965162,1965162,POWL,gtfsrt_only,,unmatched,False,bart_live_terminals_20260911_183436,no ETD row with compatible station/line/time
,708,1965162,1965162,CIVC,gtfsrt_only,,unmatched,False,bart_live_terminals_20260911_183436,no ETD row with compatible station/line/time
,709,1965162,1965162,16TH,gtfsrt_only,,unmatched,False,bart_live_terminals_20260911_183436,no ETD row with compatible station/line/time
,710,1965162,1965162,24TH,gtfsrt_only,,unmatched,False,bart_live_terminals_20260911_183436,no ETD row with compatible station/line/time
,711,1965162,1965162,GLEN,gtfsrt_only,,unmatched,False,bart_live_terminals_20260911_183436,no ETD row with compatible station/line/time
,712,1965162,1965162,BALB,gtfsrt_only,,unmatched,False,bart_live_terminals_20260911_183436,no ETD row with compatible station/line/time
,713,1965162,1965162,DALY,gtfsrt_only,,unmatched,False,bart_live_terminals_20260911_183436,no ETD row with compatible station/line/time
,714,1965162,1965162,COLM,gtfsrt_only,,unmatched,False,bart_live_terminals_20260911_183436,no ETD row with compatible station/line/time
,715,1965162,1965162,SSAN,gtfsrt_only,,unmatched,False,bart_live_terminals_20260911_183436,no ETD row with compatible station/line/time
,716,1965162,1965162,SBRN,gtfsrt_only,,unmatched,False,bart_live_terminals_20260911_183436,no ETD row with compatible station/line/time
,717,1965705,1965705,SSAN,gtfsrt_only,,unmatched,False,bart_live_terminals_20260911_183436,no ETD row with compatible station/line/time
,718,1965705,1965705,COLM,gtfsrt_only,,unmatched,False,bart_live_terminals_20260911_183436,no ETD row with compatible station/line/time
,719,1965705,1965705,DALY,gtfsrt_only,,unmatched,False,bart_live_terminals_20260911_183436,no ETD row with compatible station/line/time
,720,1965705,1965705,BALB,gtfsrt_only,,unmatched,False,bart_live_terminals_20260911_183436,no ETD row with compatible station/line/time
,721,1965705,1965705,GLEN,gtfsrt_only,,unmatched,False,bart_live_terminals_20260911_183436,no ETD row with compatible station/line/time
,722,1965705,1965705,24TH,gtfsrt_only,,unmatched,False,bart_live_terminals_20260911_183436,no ETD row with compatible station/line/time
,723,1965705,1965705,16TH,gtfsrt_only,,unmatched,False,bart_live_terminals_20260911_183436,no ETD row with compatible station/line/time
,724,1965705,1965705,CIVC,gtfsrt_only,,unmatched,False,bart_live_terminals_20260911_183436,no ETD row with compatible station/line/time
,725,1965705,1965705,POWL,gtfsrt_only,,unmatched,False,bart_live_terminals_20260911_183436,no ETD row with compatible station/line/time
,726,1965705,1965705,MONT,gtfsrt_only,,unmatched,False,bart_live_terminals_20260911_183436,no ETD row with compatible station/line/time
,727,1965705,1965705,EMBR,gtfsrt_only,,unmatched,False,bart_live_terminals_20260911_183436,no ETD row with compatible station/line/time
,728,1965705,1965705,WOAK,gtfsrt_only,,unmatched,False,bart_live_terminals_20260911_183436,no ETD row with compatible station/line/time
,729,1965705,1965705,12TH,gtfsrt_only,,unmatched,False,bart_live_terminals_20260911_183436,no ETD row with compatible station/line/time
,730,1965705,1965705,19TH,gtfsrt_only,,unmatched,False,bart_live_terminals_20260911_183436,no ETD row with compatible station/line/time
,731,1965705,1965705,MCAR,gtfsrt_only,,unmatched,False,bart_live_terminals_20260911_183436,no ETD row with compatible station/line/time
,732,1965705,1965705,ASHB,gtfsrt_only,,unmatched,False,bart_live_terminals_20260911_183436,no ETD row with compatible station/line/time
,733,1965705,1965705,DBRK,gtfsrt_only,,unmatched,False,bart_live_terminals_20260911_183436,no ETD row with compatible station/line/time
,734,1965705,1965705,NBRK,gtfsrt_only,,unmatched,False,bart_live_terminals_20260911_183436,no ETD row with compatible station/line/time
,735,1965705,1965705,PLZA,gtfsrt_only,,unmatched,False,bart_live_terminals_20260911_183436,no ETD row with compatible station/line/time
,736,1965705,1965705,DELN,gtfsrt_only,,unmatched,False,bart_live_terminals_20260911_183436,no ETD row with compatible station/line/time
,737,1965706,1965706,MLBR,gtfsrt_only,,unmatched,False,bart_live_terminals_20260911_183436,no ETD row with compatible station/line/time
,738,1965706,1965706,SFIA,gtfsrt_only,,unmatched,False,bart_live_terminals_20260911_183436,no ETD row with compatible station/line/time
,739,1965706,1965706,SBRN,gtfsrt_only,,unmatched,False,bart_live_terminals_20260911_183436,no ETD row with compatible station/line/time
,740,1965706,1965706,SSAN,gtfsrt_only,,unmatched,False,bart_live_terminals_20260911_183436,no ETD row with compatible station/line/time
,741,1965706,1965706,COLM,gtfsrt_only,,unmatched,False,bart_live_terminals_20260911_183436,no ETD row with compatible station/line/time
,742,1965706,1965706,DALY,gtfsrt_only,,unmatched,False,bart_live_terminals_20260911_183436,no ETD row with compatible station/line/time
,743,1965706,1965706,BALB,gtfsrt_only,,unmatched,False,bart_live_terminals_20260911_183436,no ETD row with compatible station/line/time
,744,1965706,1965706,GLEN,gtfsrt_only,,unmatched,False,bart_live_terminals_20260911_183436,no ETD row with compatible station/line/time
,745,1965706,1965706,24TH,gtfsrt_only,,unmatched,False,bart_live_terminals_20260911_183436,no ETD row with compatible station/line/time
,746,1965706,1965706,16TH,gtfsrt_only,,unmatched,False,bart_live_terminals_20260911_183436,no ETD row with compatible station/line/time
,747,1965706,1965706,CIVC,gtfsrt_only,,unmatched,False,bart_live_terminals_20260911_183436,no ETD row with compatible station/line/time
,748,1965706,1965706,POWL,gtfsrt_only,,unmatched,False,bart_live_terminals_20260911_183436,no ETD row with compatible station/line/time
,749,1965706,1965706,MONT,gtfsrt_only,,unmatched,False,bart_live_terminals_20260911_183436,no ETD row with compatible station/line/time
,750,1965706,1965706,EMBR,gtfsrt_only,,unmatched,False,bart_live_terminals_20260911_183436,no ETD row with compatible station/line/time
,751,1965706,1965706,WOAK,gtfsrt_only,,unmatched,False,bart_live_terminals_20260911_183436,no ETD row with compatible station/line/time
,752,1965706,1965706,12TH,gtfsrt_only,,unmatched,False,bart_live_terminals_20260911_183436,no ETD row with compatible station/line/time
,753,1965706,1965706,19TH,gtfsrt_only,,unmatched,False,bart_live_terminals_20260911_183436,no ETD row with compatible station/line/time
,754,1965706,1965706,MCAR,gtfsrt_only,,unmatched,False,bart_live_terminals_20260911_183436,no ETD row with compatible station/line/time
,755,1965706,1965706,ASHB,gtfsrt_only,,unmatched,False,bart_live_terminals_20260911_183436,no ETD row with compatible station/line/time
,756,1965706,1965706,DBRK,gtfsrt_only,,unmatched,False,bart_live_terminals_20260911_183436,no ETD row with compatible station/line/time
,757,1965706,1965706,NBRK,gtfsrt_only,,unmatched,False,bart_live_terminals_20260911_183436,no ETD row with compatible station/line/time
,758,1965706,1965706,PLZA,gtfsrt_only,,unmatched,False,bart_live_terminals_20260911_183436,no ETD row with compatible station/line/time
,759,1965706,1965706,DELN,gtfsrt_only,,unmatched,False,bart_live_terminals_20260911_183436,no ETD row with compatible station/line/time
,760,1965661,1965661,COLM,gtfsrt_only,,unmatched,False,bart_live_terminals_20260911_183436,no ETD row with compatible station/line/time
,761,1965661,1965661,SSAN,gtfsrt_only,,unmatched,False,bart_live_terminals_20260911_183436,no ETD row with compatible station/line/time
,762,1965661,1965661,SBRN,gtfsrt_only,,unmatched,False,bart_live_terminals_20260911_183436,no ETD row with compatible station/line/time
,763,1965661,1965661,SFIA,gtfsrt_only,,unmatched,False,bart_live_terminals_20260911_183436,no ETD row with compatible station/line/time
,764,1965707,1965707,MLBR,gtfsrt_only,,unmatched,False,bart_live_terminals_20260911_183436,no ETD row with compatible station/line/time
,765,1965707,1965707,SFIA,gtfsrt_only,,unmatched,False,bart_live_terminals_20260911_183436,no ETD row with compatible station/line/time
,766,1965707,1965707,SBRN,gtfsrt_only,,unmatched,False,bart_live_terminals_20260911_183436,no ETD row with compatible station/line/time
,767,1965707,1965707,SSAN,gtfsrt_only,,unmatched,False,bart_live_terminals_20260911_183436,no ETD row with compatible station/line/time
,768,1965707,1965707,COLM,gtfsrt_only,,unmatched,False,bart_live_terminals_20260911_183436,no ETD row with compatible station/line/time
,769,1965707,1965707,DALY,gtfsrt_only,,unmatched,False,bart_live_terminals_20260911_183436,no ETD row with compatible station/line/time
,770,1965707,1965707,BALB,gtfsrt_only,,unmatched,False,bart_live_terminals_20260911_183436,no ETD row with compatible station/line/time
,771,1965707,1965707,GLEN,gtfsrt_only,,unmatched,False,bart_live_terminals_20260911_183436,no ETD row with compatible station/line/time
,772,1965707,1965707,24TH,gtfsrt_only,,unmatched,False,bart_live_terminals_20260911_183436,no ETD row with compatible station/line/time
,773,1965707,1965707,16TH,gtfsrt_only,,unmatched,False,bart_live_terminals_20260911_183436,no ETD row with compatible station/line/time
,774,1965707,1965707,CIVC,gtfsrt_only,,unmatched,False,bart_live_terminals_20260911_183436,no ETD row with compatible station/line/time
,775,1965707,1965707,POWL,gtfsrt_only,,unmatched,False,bart_live_terminals_20260911_183436,no ETD row with compatible station/line/time
,776,1965707,1965707,MONT,gtfsrt_only,,unmatched,False,bart_live_terminals_20260911_183436,no ETD row with compatible station/line/time
,777,1965707,1965707,EMBR,gtfsrt_only,,unmatched,False,bart_live_terminals_20260911_183436,no ETD row with compatible station/line/time
,778,1965707,1965707,WOAK,gtfsrt_only,,unmatched,False,bart_live_terminals_20260911_183436,no ETD row with compatible station/line/time
,779,1965707,1965707,12TH,gtfsrt_only,,unmatched,False,bart_live_terminals_20260911_183436,no ETD row with compatible station/line/time
,780,1965707,1965707,19TH,gtfsrt_only,,unmatched,False,bart_live_terminals_20260911_183436,no ETD row with compatible station/line/time
,781,1965707,1965707,MCAR,gtfsrt_only,,unmatched,False,bart_live_terminals_20260911_183436,no ETD row with compatible station/line/time
,782,1965707,1965707,ASHB,gtfsrt_only,,unmatched,False,bart_live_terminals_20260911_183436,no ETD row with compatible station/line/time
,783,1965707,1965707,DBRK,gtfsrt_only,,unmatched,False,bart_live_terminals_20260911_183436,no ETD row with compatible station/line/time
,784,1965707,1965707,NBRK,gtfsrt_only,,unmatched,False,bart_live_terminals_20260911_183436,no ETD row with compatible station/line/time
,785,1965707,1965707,PLZA,gtfsrt_only,,unmatched,False,bart_live_terminals_20260911_183436,no ETD row with compatible station/line/time
,786,1965707,1965707,DELN,gtfsrt_only,,unmatched,False,bart_live_terminals_20260911_183436,no ETD row with compatible station/line/time
,787,1965662,1965662,CIVC,gtfsrt_only,,unmatched,False,bart_live_terminals_20260911_183436,no ETD row with compatible station/line/time
,788,1965662,1965662,16TH,gtfsrt_only,,unmatched,False,bart_live_terminals_20260911_183436,no ETD row with compatible station/line/time
,789,1965662,1965662,24TH,gtfsrt_only,,unmatched,False,bart_live_terminals_20260911_183436,no ETD row with compatible station/line/time
,790,1965662,1965662,GLEN,gtfsrt_only,,unmatched,False,bart_live_terminals_20260911_183436,no ETD row with compatible station/line/time
,791,1965662,1965662,BALB,gtfsrt_only,,unmatched,False,bart_live_terminals_20260911_183436,no ETD row with compatible station/line/time
,792,1965662,1965662,DALY,gtfsrt_only,,unmatched,False,bart_live_terminals_20260911_183436,no ETD row with compatible station/line/time
,793,1965662,1965662,COLM,gtfsrt_only,,unmatched,False,bart_live_terminals_20260911_183436,no ETD row with compatible station/line/time
,794,1965662,1965662,SSAN,gtfsrt_only,,unmatched,False,bart_live_terminals_20260911_183436,no ETD row with compatible station/line/time
,795,1965662,1965662,SBRN,gtfsrt_only,,unmatched,False,bart_live_terminals_20260911_183436,no ETD row with compatible station/line/time
,796,1965662,1965662,SFIA,gtfsrt_only,,unmatched,False,bart_live_terminals_20260911_183436,no ETD row with compatible station/line/time
,797,1965708,1965708,MLBR,gtfsrt_only,,unmatched,False,bart_live_terminals_20260911_183436,no ETD row with compatible station/line/time
,798,1965663,1965663,19TH,gtfsrt_only,,unmatched,False,bart_live_terminals_20260911_183436,no ETD row with compatible station/line/time
,799,1965663,1965663,12TH,gtfsrt_only,,unmatched,False,bart_live_terminals_20260911_183436,no ETD row with compatible station/line/time
,800,1965663,1965663,WOAK,gtfsrt_only,,unmatched,False,bart_live_terminals_20260911_183436,no ETD row with compatible station/line/time
,801,1965663,1965663,EMBR,gtfsrt_only,,unmatched,False,bart_live_terminals_20260911_183436,no ETD row with compatible station/line/time
,802,1965663,1965663,MONT,gtfsrt_only,,unmatched,False,bart_live_terminals_20260911_183436,no ETD row with compatible station/line/time
,803,1965663,1965663,POWL,gtfsrt_only,,unmatched,False,bart_live_terminals_20260911_183436,no ETD row with compatible station/line/time
,804,1965663,1965663,CIVC,gtfsrt_only,,unmatched,False,bart_live_terminals_20260911_183436,no ETD row with compatible station/line/time
,805,1965663,1965663,16TH,gtfsrt_only,,unmatched,False,bart_live_terminals_20260911_183436,no ETD row with compatible station/line/time
,806,1965663,1965663,24TH,gtfsrt_only,,unmatched,False,bart_live_terminals_20260911_183436,no ETD row with compatible station/line/time
,807,1965663,1965663,GLEN,gtfsrt_only,,unmatched,False,bart_live_terminals_20260911_183436,no ETD row with compatible station/line/time
,808,1965663,1965663,BALB,gtfsrt_only,,unmatched,False,bart_live_terminals_20260911_183436,no ETD row with compatible station/line/time
,809,1965663,1965663,DALY,gtfsrt_only,,unmatched,False,bart_live_terminals_20260911_183436,no ETD row with compatible station/line/time
,810,1965663,1965663,COLM,gtfsrt_only,,unmatched,False,bart_live_terminals_20260911_183436,no ETD row with compatible station/line/time
,811,1965663,1965663,SSAN,gtfsrt_only,,unmatched,False,bart_live_terminals_20260911_183436,no ETD row with compatible station/line/time
,812,1965663,1965663,SBRN,gtfsrt_only,,unmatched,False,bart_live_terminals_20260911_183436,no ETD row with compatible station/line/time
,813,1965664,1965664,DELN,gtfsrt_only,,unmatched,False,bart_live_terminals_20260911_183436,no ETD row with compatible station/line/time
,814,1965664,1965664,PLZA,gtfsrt_only,,unmatched,False,bart_live_terminals_20260911_183436,no ETD row with compatible station/line/time
,815,1965664,1965664,NBRK,gtfsrt_only,,unmatched,False,bart_live_terminals_20260911_183436,no ETD row with compatible station/line/time
,816,1965664,1965664,DBRK,gtfsrt_only,,unmatched,False,bart_live_terminals_20260911_183436,no ETD row with compatible station/line/time
,817,1965664,1965664,ASHB,gtfsrt_only,,unmatched,False,bart_live_terminals_20260911_183436,no ETD row with compatible station/line/time
,818,1965664,1965664,MCAR,gtfsrt_only,,unmatched,False,bart_live_terminals_20260911_183436,no ETD row with compatible station/line/time
,819,1965664,1965664,19TH,gtfsrt_only,,unmatched,False,bart_live_terminals_20260911_183436,no ETD row with compatible station/line/time
,820,1965664,1965664,12TH,gtfsrt_only,,unmatched,False,bart_live_terminals_20260911_183436,no ETD row with compatible station/line/time
,821,1965664,1965664,WOAK,gtfsrt_only,,unmatched,False,bart_live_terminals_20260911_183436,no ETD row with compatible station/line/time
,822,1965664,1965664,EMBR,gtfsrt_only,,unmatched,False,bart_live_terminals_20260911_183436,no ETD row with compatible station/line/time
,823,1965664,1965664,MONT,gtfsrt_only,,unmatched,False,bart_live_terminals_20260911_183436,no ETD row with compatible station/line/time
,824,1965664,1965664,POWL,gtfsrt_only,,unmatched,False,bart_live_terminals_20260911_183436,no ETD row with compatible station/line/time
,825,1965664,1965664,CIVC,gtfsrt_only,,unmatched,False,bart_live_terminals_20260911_183436,no ETD row with compatible station/line/time
,826,1965664,1965664,16TH,gtfsrt_only,,unmatched,False,bart_live_terminals_20260911_183436,no ETD row with compatible station/line/time
,827,1965664,1965664,24TH,gtfsrt_only,,unmatched,False,bart_live_terminals_20260911_183436,no ETD row with compatible station/line/time
,828,1965664,1965664,GLEN,gtfsrt_only,,unmatched,False,bart_live_terminals_20260911_183436,no ETD row with compatible station/line/time
,829,1965664,1965664,BALB,gtfsrt_only,,unmatched,False,bart_live_terminals_20260911_183436,no ETD row with compatible station/line/time
,830,1965664,1965664,DALY,gtfsrt_only,,unmatched,False,bart_live_terminals_20260911_183436,no ETD row with compatible station/line/time
,831,1965664,1965664,COLM,gtfsrt_only,,unmatched,False,bart_live_terminals_20260911_183436,no ETD row with compatible station/line/time
,832,1965664,1965664,SSAN,gtfsrt_only,,unmatched,False,bart_live_terminals_20260911_183436,no ETD row with compatible station/line/time
,833,1965664,1965664,SBRN,gtfsrt_only,,unmatched,False,bart_live_terminals_20260911_183436,no ETD row with compatible station/line/time
,834,1965702,1965702,PLZA,gtfsrt_only,,unmatched,False,bart_live_terminals_20260911_183436,no ETD row with compatible station/line/time
,835,1965702,1965702,DELN,gtfsrt_only,,unmatched,False,bart_live_terminals_20260911_183436,no ETD row with compatible station/line/time
,836,1965665,1965665,RICH,gtfsrt_only,,unmatched,False,bart_live_terminals_20260911_183436,no ETD row with compatible station/line/time
,837,1965665,1965665,DELN,gtfsrt_only,,unmatched,False,bart_live_terminals_20260911_183436,no ETD row with compatible station/line/time
,838,1965665,1965665,PLZA,gtfsrt_only,,unmatched,False,bart_live_terminals_20260911_183436,no ETD row with compatible station/line/time
,839,1965665,1965665,NBRK,gtfsrt_only,,unmatched,False,bart_live_terminals_20260911_183436,no ETD row with compatible station/line/time
,840,1965665,1965665,DBRK,gtfsrt_only,,unmatched,False,bart_live_terminals_20260911_183436,no ETD row with compatible station/line/time
,841,1965665,1965665,ASHB,gtfsrt_only,,unmatched,False,bart_live_terminals_20260911_183436,no ETD row with compatible station/line/time
,842,1965665,1965665,MCAR,gtfsrt_only,,unmatched,False,bart_live_terminals_20260911_183436,no ETD row with compatible station/line/time
,843,1965665,1965665,19TH,gtfsrt_only,,unmatched,False,bart_live_terminals_20260911_183436,no ETD row with compatible station/line/time
,844,1965665,1965665,12TH,gtfsrt_only,,unmatched,False,bart_live_terminals_20260911_183436,no ETD row with compatible station/line/time
,845,1965665,1965665,WOAK,gtfsrt_only,,unmatched,False,bart_live_terminals_20260911_183436,no ETD row with compatible station/line/time
,846,1965665,1965665,EMBR,gtfsrt_only,,unmatched,False,bart_live_terminals_20260911_183436,no ETD row with compatible station/line/time
,847,1965665,1965665,MONT,gtfsrt_only,,unmatched,False,bart_live_terminals_20260911_183436,no ETD row with compatible station/line/time
,848,1965665,1965665,POWL,gtfsrt_only,,unmatched,False,bart_live_terminals_20260911_183436,no ETD row with compatible station/line/time
,849,1965665,1965665,CIVC,gtfsrt_only,,unmatched,False,bart_live_terminals_20260911_183436,no ETD row with compatible station/line/time
,850,1965665,1965665,16TH,gtfsrt_only,,unmatched,False,bart_live_terminals_20260911_183436,no ETD row with compatible station/line/time
,851,1965665,1965665,24TH,gtfsrt_only,,unmatched,False,bart_live_terminals_20260911_183436,no ETD row with compatible station/line/time
,852,1965665,1965665,GLEN,gtfsrt_only,,unmatched,False,bart_live_terminals_20260911_183436,no ETD row with compatible station/line/time
,853,1965665,1965665,BALB,gtfsrt_only,,unmatched,False,bart_live_terminals_20260911_183436,no ETD row with compatible station/line/time
,854,1965665,1965665,DALY,gtfsrt_only,,unmatched,False,bart_live_terminals_20260911_183436,no ETD row with compatible station/line/time
,855,1965665,1965665,COLM,gtfsrt_only,,unmatched,False,bart_live_terminals_20260911_183436,no ETD row with compatible station/line/time
,856,1965665,1965665,SSAN,gtfsrt_only,,unmatched,False,bart_live_terminals_20260911_183436,no ETD row with compatible station/line/time
,857,1965665,1965665,SBRN,gtfsrt_only,,unmatched,False,bart_live_terminals_20260911_183436,no ETD row with compatible station/line/time
,858,1965703,1965703,WOAK,gtfsrt_only,,unmatched,False,bart_live_terminals_20260911_183436,no ETD row with compatible station/line/time
,859,1965703,1965703,12TH,gtfsrt_only,,unmatched,False,bart_live_terminals_20260911_183436,no ETD row with compatible station/line/time
,860,1965703,1965703,19TH,gtfsrt_only,,unmatched,False,bart_live_terminals_20260911_183436,no ETD row with compatible station/line/time
,861,1965703,1965703,MCAR,gtfsrt_only,,unmatched,False,bart_live_terminals_20260911_183436,no ETD row with compatible station/line/time
,862,1965703,1965703,ASHB,gtfsrt_only,,unmatched,False,bart_live_terminals_20260911_183436,no ETD row with compatible station/line/time
,863,1965703,1965703,DBRK,gtfsrt_only,,unmatched,False,bart_live_terminals_20260911_183436,no ETD row with compatible station/line/time
,864,1965703,1965703,NBRK,gtfsrt_only,,unmatched,False,bart_live_terminals_20260911_183436,no ETD row with compatible station/line/time
,865,1965703,1965703,PLZA,gtfsrt_only,,unmatched,False,bart_live_terminals_20260911_183436,no ETD row with compatible station/line/time
,866,1965703,1965703,DELN,gtfsrt_only,,unmatched,False,bart_live_terminals_20260911_183436,no ETD row with compatible station/line/time
,867,1965666,1965666,RICH,gtfsrt_only,,unmatched,False,bart_live_terminals_20260911_183436,no ETD row with compatible station/line/time
,868,1965666,1965666,DELN,gtfsrt_only,,unmatched,False,bart_live_terminals_20260911_183436,no ETD row with compatible station/line/time
,869,1965666,1965666,PLZA,gtfsrt_only,,unmatched,False,bart_live_terminals_20260911_183436,no ETD row with compatible station/line/time
,870,1965666,1965666,NBRK,gtfsrt_only,,unmatched,False,bart_live_terminals_20260911_183436,no ETD row with compatible station/line/time
,871,1965666,1965666,DBRK,gtfsrt_only,,unmatched,False,bart_live_terminals_20260911_183436,no ETD row with compatible station/line/time
,872,1965666,1965666,ASHB,gtfsrt_only,,unmatched,False,bart_live_terminals_20260911_183436,no ETD row with compatible station/line/time
,873,1965666,1965666,MCAR,gtfsrt_only,,unmatched,False,bart_live_terminals_20260911_183436,no ETD row with compatible station/line/time
,874,1965666,1965666,19TH,gtfsrt_only,,unmatched,False,bart_live_terminals_20260911_183436,no ETD row with compatible station/line/time
,875,1965666,1965666,12TH,gtfsrt_only,,unmatched,False,bart_live_terminals_20260911_183436,no ETD row with compatible station/line/time
,876,1965666,1965666,WOAK,gtfsrt_only,,unmatched,False,bart_live_terminals_20260911_183436,no ETD row with compatible station/line/time
,877,1965666,1965666,EMBR,gtfsrt_only,,unmatched,False,bart_live_terminals_20260911_183436,no ETD row with compatible station/line/time
,878,1965666,1965666,MONT,gtfsrt_only,,unmatched,False,bart_live_terminals_20260911_183436,no ETD row with compatible station/line/time
,879,1965666,1965666,POWL,gtfsrt_only,,unmatched,False,bart_live_terminals_20260911_183436,no ETD row with compatible station/line/time
,880,1965666,1965666,CIVC,gtfsrt_only,,unmatched,False,bart_live_terminals_20260911_183436,no ETD row with compatible station/line/time
,881,1965666,1965666,16TH,gtfsrt_only,,unmatched,False,bart_live_terminals_20260911_183436,no ETD row with compatible station/line/time
,882,1965666,1965666,24TH,gtfsrt_only,,unmatched,False,bart_live_terminals_20260911_183436,no ETD row with compatible station/line/time
,883,1965666,1965666,GLEN,gtfsrt_only,,unmatched,False,bart_live_terminals_20260911_183436,no ETD row with compatible station/line/time
,884,1965666,1965666,BALB,gtfsrt_only,,unmatched,False,bart_live_terminals_20260911_183436,no ETD row with compatible station/line/time
,885,1965666,1965666,DALY,gtfsrt_only,,unmatched,False,bart_live_terminals_20260911_183436,no ETD row with compatible station/line/time
,886,1965666,1965666,COLM,gtfsrt_only,,unmatched,False,bart_live_terminals_20260911_183436,no ETD row with compatible station/line/time
,887,1965666,1965666,SSAN,gtfsrt_only,,unmatched,False,bart_live_terminals_20260911_183436,no ETD row with compatible station/line/time
,888,1965666,1965666,SBRN,gtfsrt_only,,unmatched,False,bart_live_terminals_20260911_183436,no ETD row with compatible station/line/time
,889,1965704,1965704,24TH,gtfsrt_only,,unmatched,False,bart_live_terminals_20260911_183436,no ETD row with compatible station/line/time
,890,1965704,1965704,16TH,gtfsrt_only,,unmatched,False,bart_live_terminals_20260911_183436,no ETD row with compatible station/line/time
,891,1965704,1965704,CIVC,gtfsrt_only,,unmatched,False,bart_live_terminals_20260911_183436,no ETD row with compatible station/line/time
,892,1965704,1965704,POWL,gtfsrt_only,,unmatched,False,bart_live_terminals_20260911_183436,no ETD row with compatible station/line/time
,893,1965704,1965704,MONT,gtfsrt_only,,unmatched,False,bart_live_terminals_20260911_183436,no ETD row with compatible station/line/time
,894,1965704,1965704,EMBR,gtfsrt_only,,unmatched,False,bart_live_terminals_20260911_183436,no ETD row with compatible station/line/time
,895,1965704,1965704,WOAK,gtfsrt_only,,unmatched,False,bart_live_terminals_20260911_183436,no ETD row with compatible station/line/time
,896,1965704,1965704,12TH,gtfsrt_only,,unmatched,False,bart_live_terminals_20260911_183436,no ETD row with compatible station/line/time
,897,1965704,1965704,19TH,gtfsrt_only,,unmatched,False,bart_live_terminals_20260911_183436,no ETD row with compatible station/line/time
,898,1965704,1965704,MCAR,gtfsrt_only,,unmatched,False,bart_live_terminals_20260911_183436,no ETD row with compatible station/line/time
,899,1965704,1965704,ASHB,gtfsrt_only,,unmatched,False,bart_live_terminals_20260911_183436,no ETD row with compatible station/line/time
,900,1965704,1965704,DBRK,gtfsrt_only,,unmatched,False,bart_live_terminals_20260911_183436,no ETD row with compatible station/line/time
,901,1965704,1965704,NBRK,gtfsrt_only,,unmatched,False,bart_live_terminals_20260911_183436,no ETD row with compatible station/line/time
,902,1965704,1965704,PLZA,gtfsrt_only,,unmatched,False,bart_live_terminals_20260911_183436,no ETD row with compatible station/line/time
,903,1965704,1965704,DELN,gtfsrt_only,,unmatched,False,bart_live_terminals_20260911_183436,no ETD row with compatible station/line/time
,904,1965799,1965799,SANL,gtfsrt_only,,unmatched,False,bart_live_terminals_20260911_183436,no ETD row with compatible station/line/time
,905,1965799,1965799,COLS,gtfsrt_only,,unmatched,False,bart_live_terminals_20260911_183436,no ETD row with compatible station/line/time
,906,1965799,1965799,FTVL,gtfsrt_only,,unmatched,False,bart_live_terminals_20260911_183436,no ETD row with compatible station/line/time
,907,1965799,1965799,LAKE,gtfsrt_only,,unmatched,False,bart_live_terminals_20260911_183436,no ETD row with compatible station/line/time
,908,1965799,1965799,WOAK,gtfsrt_only,,unmatched,False,bart_live_terminals_20260911_183436,no ETD row with compatible station/line/time
,909,1965799,1965799,EMBR,gtfsrt_only,,unmatched,False,bart_live_terminals_20260911_183436,no ETD row with compatible station/line/time
,910,1965799,1965799,MONT,gtfsrt_only,,unmatched,False,bart_live_terminals_20260911_183436,no ETD row with compatible station/line/time
,911,1965799,1965799,POWL,gtfsrt_only,,unmatched,False,bart_live_terminals_20260911_183436,no ETD row with compatible station/line/time
,912,1965799,1965799,CIVC,gtfsrt_only,,unmatched,False,bart_live_terminals_20260911_183436,no ETD row with compatible station/line/time
,913,1965799,1965799,16TH,gtfsrt_only,,unmatched,False,bart_live_terminals_20260911_183436,no ETD row with compatible station/line/time
,914,1965799,1965799,24TH,gtfsrt_only,,unmatched,False,bart_live_terminals_20260911_183436,no ETD row with compatible station/line/time
,915,1965799,1965799,GLEN,gtfsrt_only,,unmatched,False,bart_live_terminals_20260911_183436,no ETD row with compatible station/line/time
,916,1965799,1965799,BALB,gtfsrt_only,,unmatched,False,bart_live_terminals_20260911_183436,no ETD row with compatible station/line/time
,917,1965800,1965800,WDUB,gtfsrt_only,,unmatched,False,bart_live_terminals_20260911_183436,no ETD row with compatible station/line/time
,918,1965800,1965800,CAST,gtfsrt_only,,unmatched,False,bart_live_terminals_20260911_183436,no ETD row with compatible station/line/time
,919,1965800,1965800,BAYF,gtfsrt_only,,unmatched,False,bart_live_terminals_20260911_183436,no ETD row with compatible station/line/time
,920,1965800,1965800,SANL,gtfsrt_only,,unmatched,False,bart_live_terminals_20260911_183436,no ETD row with compatible station/line/time
,921,1965800,1965800,COLS,gtfsrt_only,,unmatched,False,bart_live_terminals_20260911_183436,no ETD row with compatible station/line/time
,922,1965800,1965800,FTVL,gtfsrt_only,,unmatched,False,bart_live_terminals_20260911_183436,no ETD row with compatible station/line/time
,923,1965800,1965800,LAKE,gtfsrt_only,,unmatched,False,bart_live_terminals_20260911_183436,no ETD row with compatible station/line/time
,924,1965800,1965800,WOAK,gtfsrt_only,,unmatched,False,bart_live_terminals_20260911_183436,no ETD row with compatible station/line/time
,925,1965800,1965800,EMBR,gtfsrt_only,,unmatched,False,bart_live_terminals_20260911_183436,no ETD row with compatible station/line/time
,926,1965800,1965800,MONT,gtfsrt_only,,unmatched,False,bart_live_terminals_20260911_183436,no ETD row with compatible station/line/time
,927,1965800,1965800,POWL,gtfsrt_only,,unmatched,False,bart_live_terminals_20260911_183436,no ETD row with compatible station/line/time
,928,1965800,1965800,CIVC,gtfsrt_only,,unmatched,False,bart_live_terminals_20260911_183436,no ETD row with compatible station/line/time
,929,1965800,1965800,16TH,gtfsrt_only,,unmatched,False,bart_live_terminals_20260911_183436,no ETD row with compatible station/line/time
,930,1965800,1965800,24TH,gtfsrt_only,,unmatched,False,bart_live_terminals_20260911_183436,no ETD row with compatible station/line/time
,931,1965800,1965800,GLEN,gtfsrt_only,,unmatched,False,bart_live_terminals_20260911_183436,no ETD row with compatible station/line/time
,932,1965800,1965800,BALB,gtfsrt_only,,unmatched,False,bart_live_terminals_20260911_183436,no ETD row with compatible station/line/time
,933,505172230,505172230,WDUB,gtfsrt_only,,unmatched,False,bart_live_terminals_20260911_183436,no ETD row with compatible station/line/time
,934,1965801,1965801,DUBL,gtfsrt_only,,unmatched,False,bart_live_terminals_20260911_183436,no ETD row with compatible station/line/time
,935,1965801,1965801,WDUB,gtfsrt_only,,unmatched,False,bart_live_terminals_20260911_183436,no ETD row with compatible station/line/time
,936,1965801,1965801,CAST,gtfsrt_only,,unmatched,False,bart_live_terminals_20260911_183436,no ETD row with compatible station/line/time
,937,1965801,1965801,BAYF,gtfsrt_only,,unmatched,False,bart_live_terminals_20260911_183436,no ETD row with compatible station/line/time
,938,1965801,1965801,SANL,gtfsrt_only,,unmatched,False,bart_live_terminals_20260911_183436,no ETD row with compatible station/line/time
,939,1965801,1965801,COLS,gtfsrt_only,,unmatched,False,bart_live_terminals_20260911_183436,no ETD row with compatible station/line/time
,940,1965801,1965801,FTVL,gtfsrt_only,,unmatched,False,bart_live_terminals_20260911_183436,no ETD row with compatible station/line/time
,941,1965801,1965801,LAKE,gtfsrt_only,,unmatched,False,bart_live_terminals_20260911_183436,no ETD row with compatible station/line/time
,942,1965801,1965801,WOAK,gtfsrt_only,,unmatched,False,bart_live_terminals_20260911_183436,no ETD row with compatible station/line/time
,943,1965801,1965801,EMBR,gtfsrt_only,,unmatched,False,bart_live_terminals_20260911_183436,no ETD row with compatible station/line/time
,944,1965801,1965801,MONT,gtfsrt_only,,unmatched,False,bart_live_terminals_20260911_183436,no ETD row with compatible station/line/time
,945,1965801,1965801,POWL,gtfsrt_only,,unmatched,False,bart_live_terminals_20260911_183436,no ETD row with compatible station/line/time
,946,1965801,1965801,CIVC,gtfsrt_only,,unmatched,False,bart_live_terminals_20260911_183436,no ETD row with compatible station/line/time
,947,1965801,1965801,16TH,gtfsrt_only,,unmatched,False,bart_live_terminals_20260911_183436,no ETD row with compatible station/line/time
,948,1965801,1965801,24TH,gtfsrt_only,,unmatched,False,bart_live_terminals_20260911_183436,no ETD row with compatible station/line/time
,949,1965801,1965801,GLEN,gtfsrt_only,,unmatched,False,bart_live_terminals_20260911_183436,no ETD row with compatible station/line/time
,950,1965801,1965801,BALB,gtfsrt_only,,unmatched,False,bart_live_terminals_20260911_183436,no ETD row with compatible station/line/time
,951,1965854,1965854,LAKE,gtfsrt_only,,unmatched,False,bart_live_terminals_20260911_183436,no ETD row with compatible station/line/time
,952,1965854,1965854,FTVL,gtfsrt_only,,unmatched,False,bart_live_terminals_20260911_183436,no ETD row with compatible station/line/time
,953,1965854,1965854,COLS,gtfsrt_only,,unmatched,False,bart_live_terminals_20260911_183436,no ETD row with compatible station/line/time
,954,1965854,1965854,SANL,gtfsrt_only,,unmatched,False,bart_live_terminals_20260911_183436,no ETD row with compatible station/line/time
,955,1965854,1965854,BAYF,gtfsrt_only,,unmatched,False,bart_live_terminals_20260911_183436,no ETD row with compatible station/line/time
,956,1965854,1965854,CAST,gtfsrt_only,,unmatched,False,bart_live_terminals_20260911_183436,no ETD row with compatible station/line/time
,957,1965854,1965854,WDUB,gtfsrt_only,,unmatched,False,bart_live_terminals_20260911_183436,no ETD row with compatible station/line/time
,958,1965802,1965802,DUBL,gtfsrt_only,,unmatched,False,bart_live_terminals_20260911_183436,no ETD row with compatible station/line/time
,959,1965802,1965802,WDUB,gtfsrt_only,,unmatched,False,bart_live_terminals_20260911_183436,no ETD row with compatible station/line/time
,960,1965802,1965802,CAST,gtfsrt_only,,unmatched,False,bart_live_terminals_20260911_183436,no ETD row with compatible station/line/time
,961,1965802,1965802,BAYF,gtfsrt_only,,unmatched,False,bart_live_terminals_20260911_183436,no ETD row with compatible station/line/time
,962,1965802,1965802,SANL,gtfsrt_only,,unmatched,False,bart_live_terminals_20260911_183436,no ETD row with compatible station/line/time
,963,1965802,1965802,COLS,gtfsrt_only,,unmatched,False,bart_live_terminals_20260911_183436,no ETD row with compatible station/line/time
,964,1965802,1965802,FTVL,gtfsrt_only,,unmatched,False,bart_live_terminals_20260911_183436,no ETD row with compatible station/line/time
,965,1965802,1965802,LAKE,gtfsrt_only,,unmatched,False,bart_live_terminals_20260911_183436,no ETD row with compatible station/line/time
,966,1965802,1965802,WOAK,gtfsrt_only,,unmatched,False,bart_live_terminals_20260911_183436,no ETD row with compatible station/line/time
,967,1965802,1965802,EMBR,gtfsrt_only,,unmatched,False,bart_live_terminals_20260911_183436,no ETD row with compatible station/line/time
,968,1965802,1965802,MONT,gtfsrt_only,,unmatched,False,bart_live_terminals_20260911_183436,no ETD row with compatible station/line/time
,969,1965802,1965802,POWL,gtfsrt_only,,unmatched,False,bart_live_terminals_20260911_183436,no ETD row with compatible station/line/time
,970,1965802,1965802,CIVC,gtfsrt_only,,unmatched,False,bart_live_terminals_20260911_183436,no ETD row with compatible station/line/time
,971,1965802,1965802,16TH,gtfsrt_only,,unmatched,False,bart_live_terminals_20260911_183436,no ETD row with compatible station/line/time
,972,1965802,1965802,24TH,gtfsrt_only,,unmatched,False,bart_live_terminals_20260911_183436,no ETD row with compatible station/line/time
,973,1965802,1965802,GLEN,gtfsrt_only,,unmatched,False,bart_live_terminals_20260911_183436,no ETD row with compatible station/line/time
,974,1965802,1965802,BALB,gtfsrt_only,,unmatched,False,bart_live_terminals_20260911_183436,no ETD row with compatible station/line/time
,975,1965855,1965855,WOAK,gtfsrt_only,,unmatched,False,bart_live_terminals_20260911_183436,no ETD row with compatible station/line/time
,976,1965855,1965855,LAKE,gtfsrt_only,,unmatched,False,bart_live_terminals_20260911_183436,no ETD row with compatible station/line/time
,977,1965855,1965855,FTVL,gtfsrt_only,,unmatched,False,bart_live_terminals_20260911_183436,no ETD row with compatible station/line/time
,978,1965855,1965855,COLS,gtfsrt_only,,unmatched,False,bart_live_terminals_20260911_183436,no ETD row with compatible station/line/time
,979,1965855,1965855,SANL,gtfsrt_only,,unmatched,False,bart_live_terminals_20260911_183436,no ETD row with compatible station/line/time
,980,1965855,1965855,BAYF,gtfsrt_only,,unmatched,False,bart_live_terminals_20260911_183436,no ETD row with compatible station/line/time
,981,1965855,1965855,CAST,gtfsrt_only,,unmatched,False,bart_live_terminals_20260911_183436,no ETD row with compatible station/line/time
,982,1965855,1965855,WDUB,gtfsrt_only,,unmatched,False,bart_live_terminals_20260911_183436,no ETD row with compatible station/line/time
,983,1965856,1965856,BALB,gtfsrt_only,,unmatched,False,bart_live_terminals_20260911_183436,no ETD row with compatible station/line/time
,984,1965856,1965856,GLEN,gtfsrt_only,,unmatched,False,bart_live_terminals_20260911_183436,no ETD row with compatible station/line/time
,985,1965856,1965856,24TH,gtfsrt_only,,unmatched,False,bart_live_terminals_20260911_183436,no ETD row with compatible station/line/time
,986,1965856,1965856,16TH,gtfsrt_only,,unmatched,False,bart_live_terminals_20260911_183436,no ETD row with compatible station/line/time
,987,1965856,1965856,CIVC,gtfsrt_only,,unmatched,False,bart_live_terminals_20260911_183436,no ETD row with compatible station/line/time
,988,1965856,1965856,POWL,gtfsrt_only,,unmatched,False,bart_live_terminals_20260911_183436,no ETD row with compatible station/line/time
,989,1965856,1965856,MONT,gtfsrt_only,,unmatched,False,bart_live_terminals_20260911_183436,no ETD row with compatible station/line/time
,990,1965856,1965856,EMBR,gtfsrt_only,,unmatched,False,bart_live_terminals_20260911_183436,no ETD row with compatible station/line/time
,991,1965856,1965856,WOAK,gtfsrt_only,,unmatched,False,bart_live_terminals_20260911_183436,no ETD row with compatible station/line/time
,992,1965856,1965856,LAKE,gtfsrt_only,,unmatched,False,bart_live_terminals_20260911_183436,no ETD row with compatible station/line/time
,993,1965856,1965856,FTVL,gtfsrt_only,,unmatched,False,bart_live_terminals_20260911_183436,no ETD row with compatible station/line/time
,994,1965856,1965856,COLS,gtfsrt_only,,unmatched,False,bart_live_terminals_20260911_183436,no ETD row with compatible station/line/time
,995,1965856,1965856,SANL,gtfsrt_only,,unmatched,False,bart_live_terminals_20260911_183436,no ETD row with compatible station/line/time
,996,1965856,1965856,BAYF,gtfsrt_only,,unmatched,False,bart_live_terminals_20260911_183436,no ETD row with compatible station/line/time
,997,1965856,1965856,CAST,gtfsrt_only,,unmatched,False,bart_live_terminals_20260911_183436,no ETD row with compatible station/line/time
,998,1965856,1965856,WDUB,gtfsrt_only,,unmatched,False,bart_live_terminals_20260911_183436,no ETD row with compatible station/line/time
,999,1965857,1965857,DALY,gtfsrt_only,,unmatched,False,bart_live_terminals_20260911_183436,no ETD row with compatible station/line/time
,1000,1965857,1965857,BALB,gtfsrt_only,,unmatched,False,bart_live_terminals_20260911_183436,no ETD row with compatible station/line/time
,1001,1965857,1965857,GLEN,gtfsrt_only,,unmatched,False,bart_live_terminals_20260911_183436,no ETD row with compatible station/line/time
,1002,1965857,1965857,24TH,gtfsrt_only,,unmatched,False,bart_live_terminals_20260911_183436,no ETD row with compatible station/line/time
,1003,1965857,1965857,16TH,gtfsrt_only,,unmatched,False,bart_live_terminals_20260911_183436,no ETD row with compatible station/line/time
,1004,1965857,1965857,CIVC,gtfsrt_only,,unmatched,False,bart_live_terminals_20260911_183436,no ETD row with compatible station/line/time
,1005,1965857,1965857,POWL,gtfsrt_only,,unmatched,False,bart_live_terminals_20260911_183436,no ETD row with compatible station/line/time
,1006,1965857,1965857,MONT,gtfsrt_only,,unmatched,False,bart_live_terminals_20260911_183436,no ETD row with compatible station/line/time
,1007,1965857,1965857,EMBR,gtfsrt_only,,unmatched,False,bart_live_terminals_20260911_183436,no ETD row with compatible station/line/time
,1008,1965857,1965857,WOAK,gtfsrt_only,,unmatched,False,bart_live_terminals_20260911_183436,no ETD row with compatible station/line/time
,1009,1965857,1965857,LAKE,gtfsrt_only,,unmatched,False,bart_live_terminals_20260911_183436,no ETD row with compatible station/line/time
,1010,1965857,1965857,FTVL,gtfsrt_only,,unmatched,False,bart_live_terminals_20260911_183436,no ETD row with compatible station/line/time
,1011,1965857,1965857,COLS,gtfsrt_only,,unmatched,False,bart_live_terminals_20260911_183436,no ETD row with compatible station/line/time
,1012,1965857,1965857,SANL,gtfsrt_only,,unmatched,False,bart_live_terminals_20260911_183436,no ETD row with compatible station/line/time
,1013,1965857,1965857,BAYF,gtfsrt_only,,unmatched,False,bart_live_terminals_20260911_183436,no ETD row with compatible station/line/time
,1014,1965857,1965857,CAST,gtfsrt_only,,unmatched,False,bart_live_terminals_20260911_183436,no ETD row with compatible station/line/time
,1015,1965857,1965857,WDUB,gtfsrt_only,,unmatched,False,bart_live_terminals_20260911_183436,no ETD row with compatible station/line/time
,1016,1965798,1965798,EMBR,gtfsrt_only,,unmatched,False,bart_live_terminals_20260911_183436,no ETD row with compatible station/line/time
,1017,1965798,1965798,MONT,gtfsrt_only,,unmatched,False,bart_live_terminals_20260911_183436,no ETD row with compatible station/line/time
,1018,1965798,1965798,POWL,gtfsrt_only,,unmatched,False,bart_live_terminals_20260911_183436,no ETD row with compatible station/line/time
,1019,1965798,1965798,CIVC,gtfsrt_only,,unmatched,False,bart_live_terminals_20260911_183436,no ETD row with compatible station/line/time
,1020,1965798,1965798,16TH,gtfsrt_only,,unmatched,False,bart_live_terminals_20260911_183436,no ETD row with compatible station/line/time
,1021,1965798,1965798,24TH,gtfsrt_only,,unmatched,False,bart_live_terminals_20260911_183436,no ETD row with compatible station/line/time
,1022,1965798,1965798,GLEN,gtfsrt_only,,unmatched,False,bart_live_terminals_20260911_183436,no ETD row with compatible station/line/time
,1023,1965798,1965798,BALB,gtfsrt_only,,unmatched,False,bart_live_terminals_20260911_183436,no ETD row with compatible station/line/time
,1024,1965858,1965858,DALY,gtfsrt_only,,unmatched,False,bart_live_terminals_20260911_183436,no ETD row with compatible station/line/time
,1025,1965858,1965858,BALB,gtfsrt_only,,unmatched,False,bart_live_terminals_20260911_183436,no ETD row with compatible station/line/time
,1026,1965858,1965858,GLEN,gtfsrt_only,,unmatched,False,bart_live_terminals_20260911_183436,no ETD row with compatible station/line/time
,1027,1965858,1965858,24TH,gtfsrt_only,,unmatched,False,bart_live_terminals_20260911_183436,no ETD row with compatible station/line/time
,1028,1965858,1965858,16TH,gtfsrt_only,,unmatched,False,bart_live_terminals_20260911_183436,no ETD row with compatible station/line/time
,1029,1965858,1965858,CIVC,gtfsrt_only,,unmatched,False,bart_live_terminals_20260911_183436,no ETD row with compatible station/line/time
,1030,1965858,1965858,POWL,gtfsrt_only,,unmatched,False,bart_live_terminals_20260911_183436,no ETD row with compatible station/line/time
,1031,1965858,1965858,MONT,gtfsrt_only,,unmatched,False,bart_live_terminals_20260911_183436,no ETD row with compatible station/line/time
,1032,1965858,1965858,EMBR,gtfsrt_only,,unmatched,False,bart_live_terminals_20260911_183436,no ETD row with compatible station/line/time
,1033,1965858,1965858,WOAK,gtfsrt_only,,unmatched,False,bart_live_terminals_20260911_183436,no ETD row with compatible station/line/time
,1034,1965858,1965858,LAKE,gtfsrt_only,,unmatched,False,bart_live_terminals_20260911_183436,no ETD row with compatible station/line/time
,1035,1965858,1965858,FTVL,gtfsrt_only,,unmatched,False,bart_live_terminals_20260911_183436,no ETD row with compatible station/line/time
,1036,1965858,1965858,COLS,gtfsrt_only,,unmatched,False,bart_live_terminals_20260911_183436,no ETD row with compatible station/line/time
,1037,1965858,1965858,SANL,gtfsrt_only,,unmatched,False,bart_live_terminals_20260911_183436,no ETD row with compatible station/line/time
,1038,1965858,1965858,BAYF,gtfsrt_only,,unmatched,False,bart_live_terminals_20260911_183436,no ETD row with compatible station/line/time
,1039,1965858,1965858,CAST,gtfsrt_only,,unmatched,False,bart_live_terminals_20260911_183436,no ETD row with compatible station/line/time
,1040,1965858,1965858,WDUB,gtfsrt_only,,unmatched,False,bart_live_terminals_20260911_183436,no ETD row with compatible station/line/time
,1041,690,690,PCTR,gtfsrt_only,,unmatched,False,bart_live_terminals_20260911_183436,no ETD row with compatible station/line/time
,1042,692,692,PCTR,gtfsrt_only,,unmatched,False,bart_live_terminals_20260911_183436,no ETD row with compatible station/line/time
,1043,694,694,PCTR,gtfsrt_only,,unmatched,False,bart_live_terminals_20260911_183436,no ETD row with compatible station/line/time
,1044,695,695,PCTR,gtfsrt_only,,unmatched,False,bart_live_terminals_20260911_183436,no ETD row with compatible station/line/time
,1045,696,696,PCTR,gtfsrt_only,,unmatched,False,bart_live_terminals_20260911_183436,no ETD row with compatible station/line/time
,1046,697,697,ANTC,gtfsrt_only,,unmatched,False,bart_live_terminals_20260911_183436,no ETD row with compatible station/line/time
,1047,697,697,PCTR,gtfsrt_only,,unmatched,False,bart_live_terminals_20260911_183436,no ETD row with compatible station/line/time
,1048,699,699,ANTC,gtfsrt_only,,unmatched,False,bart_live_terminals_20260911_183436,no ETD row with compatible station/line/time
,1049,699,699,PCTR,gtfsrt_only,,unmatched,False,bart_live_terminals_20260911_183436,no ETD row with compatible station/line/time
,1050,701,701,ANTC,gtfsrt_only,,unmatched,False,bart_live_terminals_20260911_183436,no ETD row with compatible station/line/time
,1051,701,701,PCTR,gtfsrt_only,,unmatched,False,bart_live_terminals_20260911_183436,no ETD row with compatible station/line/time
,1052,703,703,ANTC,gtfsrt_only,,unmatched,False,bart_live_terminals_20260911_183436,no ETD row with compatible station/line/time
,1053,703,703,PCTR,gtfsrt_only,,unmatched,False,bart_live_terminals_20260911_183436,no ETD row with compatible station/line/time
,1054,705,705,ANTC,gtfsrt_only,,unmatched,False,bart_live_terminals_20260911_183436,no ETD row with compatible station/line/time
,1055,1965852,1965852,WDUB,gtfsrt_only,,unmatched,False,bart_live_terminals_20260911_183436,no ETD row with compatible station/line/time
