capture_id,station,station_name,line,color,destination_label,destination_abbreviation,platform,direction,minutes,absolute_prediction_time,status,delay_seconds,dynamic,raw_source_path,request_time
bart_live_20260911_161720,12TH,12th St. Oakland City Center,Yellow,YELLOW,Antioch,ANTC,3,North,18,2026-09-11T16:35:17-07:00,future,122,0,C:\Users\Igor\StudioProjects\BartRunnerAndroid\app\src\test\resources\bart_live_20260911_161720\etd\12th.xml,2026-09-11T16:17:17-07:00
bart_live_20260911_161720,12TH,12th St. Oakland City Center,Yellow,YELLOW,Antioch,ANTC,3,North,36,2026-09-11T16:53:17-07:00,future,0,0,C:\Users\Igor\StudioProjects\BartRunnerAndroid\app\src\test\resources\bart_live_20260911_161720\etd\12th.xml,2026-09-11T16:17:17-07:00
bart_live_20260911_161720,12TH,12th St. Oakland City Center,Yellow,YELLOW,Antioch,ANTC,3,North,56,2026-09-11T17:13:17-07:00,future,0,0,C:\Users\Igor\StudioProjects\BartRunnerAndroid\app\src\test\resources\bart_live_20260911_161720\etd\12th.xml,2026-09-11T16:17:17-07:00
bart_live_20260911_161720,12TH,12th St. Oakland City Center,Orange,ORANGE,Berryessa,BERY,2,South,15,2026-09-11T16:32:17-07:00,future,0,0,C:\Users\Igor\StudioProjects\BartRunnerAndroid\app\src\test\resources\bart_live_20260911_161720\etd\12th.xml,2026-09-11T16:17:17-07:00
bart_live_20260911_161720,12TH,12th St. Oakland City Center,Orange,ORANGE,Berryessa,BERY,2,South,35,2026-09-11T16:52:17-07:00,future,0,0,C:\Users\Igor\StudioProjects\BartRunnerAndroid\app\src\test\resources\bart_live_20260911_161720\etd\12th.xml,2026-09-11T16:17:17-07:00
bart_live_20260911_161720,12TH,12th St. Oakland City Center,Orange,ORANGE,Berryessa,BERY,2,South,55,2026-09-11T17:12:17-07:00,future,0,0,C:\Users\Igor\StudioProjects\BartRunnerAndroid\app\src\test\resources\bart_live_20260911_161720\etd\12th.xml,2026-09-11T16:17:17-07:00
bart_live_20260911_161720,12TH,12th St. Oakland City Center,Red,RED,Millbrae,MLBR,2,South,Leaving,2026-09-11T16:17:17-07:00,leaving,84,0,C:\Users\Igor\StudioProjects\BartRunnerAndroid\app\src\test\resources\bart_live_20260911_161720\etd\12th.xml,2026-09-11T16:17:17-07:00
bart_live_20260911_161720,12TH,12th St. Oakland City Center,Red,RED,Millbrae,MLBR,2,South,20,2026-09-11T16:37:17-07:00,future,0,0,C:\Users\Igor\StudioProjects\BartRunnerAndroid\app\src\test\resources\bart_live_20260911_161720\etd\12th.xml,2026-09-11T16:17:17-07:00
bart_live_20260911_161720,12TH,12th St. Oakland City Center,Red,RED,Millbrae,MLBR,2,South,40,2026-09-11T16:57:17-07:00,future,0,0,C:\Users\Igor\StudioProjects\BartRunnerAndroid\app\src\test\resources\bart_live_20260911_161720\etd\12th.xml,2026-09-11T16:17:17-07:00
bart_live_20260911_161720,12TH,12th St. Oakland City Center,Yellow,YELLOW,Pittsburg/Bay Point,PITT,3,North,11,2026-09-11T16:28:17-07:00,future,230,0,C:\Users\Igor\StudioProjects\BartRunnerAndroid\app\src\test\resources\bart_live_20260911_161720\etd\12th.xml,2026-09-11T16:17:17-07:00
bart_live_20260911_161720,12TH,12th St. Oakland City Center,Yellow,YELLOW,Pittsburg/Bay Point,PITT,3,North,28,2026-09-11T16:45:17-07:00,future,0,0,C:\Users\Igor\StudioProjects\BartRunnerAndroid\app\src\test\resources\bart_live_20260911_161720\etd\12th.xml,2026-09-11T16:17:17-07:00
bart_live_20260911_161720,12TH,12th St. Oakland City Center,Yellow,YELLOW,Pittsburg/Bay Point,PITT,3,North,48,2026-09-11T17:05:17-07:00,future,0,0,C:\Users\Igor\StudioProjects\BartRunnerAndroid\app\src\test\resources\bart_live_20260911_161720\etd\12th.xml,2026-09-11T16:17:17-07:00
bart_live_20260911_161720,12TH,12th St. Oakland City Center,Red,RED,Richmond,RICH,1,North,5,2026-09-11T16:22:17-07:00,future,61,0,C:\Users\Igor\StudioProjects\BartRunnerAndroid\app\src\test\resources\bart_live_20260911_161720\etd\12th.xml,2026-09-11T16:17:17-07:00
bart_live_20260911_161720,12TH,12th St. Oakland City Center,Orange,ORANGE,Richmond,RICH,1,North,16,2026-09-11T16:33:17-07:00,future,0,0,C:\Users\Igor\StudioProjects\BartRunnerAndroid\app\src\test\resources\bart_live_20260911_161720\etd\12th.xml,2026-09-11T16:17:17-07:00
bart_live_20260911_161720,12TH,12th St. Oakland City Center,Red,RED,Richmond,RICH,1,North,26,2026-09-11T16:43:17-07:00,future,116,0,C:\Users\Igor\StudioProjects\BartRunnerAndroid\app\src\test\resources\bart_live_20260911_161720\etd\12th.xml,2026-09-11T16:17:17-07:00
bart_live_20260911_161720,12TH,12th St. Oakland City Center,Yellow,YELLOW,SF Airport,SFIA,2,South,4,2026-09-11T16:21:17-07:00,future,0,0,C:\Users\Igor\StudioProjects\BartRunnerAndroid\app\src\test\resources\bart_live_20260911_161720\etd\12th.xml,2026-09-11T16:17:17-07:00
bart_live_20260911_161720,12TH,12th St. Oakland City Center,Yellow,YELLOW,SF Airport,SFIA,2,South,12,2026-09-11T16:29:17-07:00,future,0,0,C:\Users\Igor\StudioProjects\BartRunnerAndroid\app\src\test\resources\bart_live_20260911_161720\etd\12th.xml,2026-09-11T16:17:17-07:00
bart_live_20260911_161720,12TH,12th St. Oakland City Center,Yellow,YELLOW,SF Airport,SFIA,2,South,24,2026-09-11T16:41:17-07:00,future,0,0,C:\Users\Igor\StudioProjects\BartRunnerAndroid\app\src\test\resources\bart_live_20260911_161720\etd\12th.xml,2026-09-11T16:17:17-07:00
bart_live_20260911_161720,16TH,16th St. Mission,Yellow,YELLOW,Antioch,ANTC,2,North,Leaving,2026-09-11T16:17:18-07:00,leaving,252,0,C:\Users\Igor\StudioProjects\BartRunnerAndroid\app\src\test\resources\bart_live_20260911_161720\etd\16th.xml,2026-09-11T16:17:18-07:00
bart_live_20260911_161720,16TH,16th St. Mission,Yellow,YELLOW,Antioch,ANTC,2,North,17,2026-09-11T16:34:18-07:00,future,0,0,C:\Users\Igor\StudioProjects\BartRunnerAndroid\app\src\test\resources\bart_live_20260911_161720\etd\16th.xml,2026-09-11T16:17:18-07:00
bart_live_20260911_161720,16TH,16th St. Mission,Yellow,YELLOW,Antioch,ANTC,2,North,37,2026-09-11T16:54:18-07:00,future,0,0,C:\Users\Igor\StudioProjects\BartRunnerAndroid\app\src\test\resources\bart_live_20260911_161720\etd\16th.xml,2026-09-11T16:17:18-07:00
bart_live_20260911_161720,16TH,16th St. Mission,Green,GREEN,Berryessa,BERY,2,North,16,2026-09-11T16:33:18-07:00,future,97,0,C:\Users\Igor\StudioProjects\BartRunnerAndroid\app\src\test\resources\bart_live_20260911_161720\etd\16th.xml,2026-09-11T16:17:18-07:00
bart_live_20260911_161720,16TH,16th St. Mission,Green,GREEN,Berryessa,BERY,2,North,34,2026-09-11T16:51:18-07:00,future,0,0,C:\Users\Igor\StudioProjects\BartRunnerAndroid\app\src\test\resources\bart_live_20260911_161720\etd\16th.xml,2026-09-11T16:17:18-07:00
bart_live_20260911_161720,16TH,16th St. Mission,Green,GREEN,Berryessa,BERY,2,North,54,2026-09-11T17:11:18-07:00,future,0,0,C:\Users\Igor\StudioProjects\BartRunnerAndroid\app\src\test\resources\bart_live_20260911_161720\etd\16th.xml,2026-09-11T16:17:18-07:00
bart_live_20260911_161720,16TH,16th St. Mission,Green,GREEN,Daly City,DALY,1,South,5,2026-09-11T16:22:18-07:00,future,541,0,C:\Users\Igor\StudioProjects\BartRunnerAndroid\app\src\test\resources\bart_live_20260911_161720\etd\16th.xml,2026-09-11T16:17:18-07:00
bart_live_20260911_161720,16TH,16th St. Mission,Blue,BLUE,Daly City,DALY,1,South,9,2026-09-11T16:26:18-07:00,future,68,0,C:\Users\Igor\StudioProjects\BartRunnerAndroid\app\src\test\resources\bart_live_20260911_161720\etd\16th.xml,2026-09-11T16:17:18-07:00
bart_live_20260911_161720,16TH,16th St. Mission,Green,GREEN,Daly City,DALY,1,South,20,2026-09-11T16:37:18-07:00,future,258,0,C:\Users\Igor\StudioProjects\BartRunnerAndroid\app\src\test\resources\bart_live_20260911_161720\etd\16th.xml,2026-09-11T16:17:18-07:00
bart_live_20260911_161720,16TH,16th St. Mission,Blue,BLUE,Dublin/Pleasanton,DUBL,2,North,7,2026-09-11T16:24:18-07:00,future,277,0,C:\Users\Igor\StudioProjects\BartRunnerAndroid\app\src\test\resources\bart_live_20260911_161720\etd\16th.xml,2026-09-11T16:17:18-07:00
bart_live_20260911_161720,16TH,16th St. Mission,Blue,BLUE,Dublin/Pleasanton,DUBL,2,North,22,2026-09-11T16:39:18-07:00,future,0,0,C:\Users\Igor\StudioProjects\BartRunnerAndroid\app\src\test\resources\bart_live_20260911_161720\etd\16th.xml,2026-09-11T16:17:18-07:00
bart_live_20260911_161720,16TH,16th St. Mission,Blue,BLUE,Dublin/Pleasanton,DUBL,2,North,42,2026-09-11T16:59:18-07:00,future,0,0,C:\Users\Igor\StudioProjects\BartRunnerAndroid\app\src\test\resources\bart_live_20260911_161720\etd\16th.xml,2026-09-11T16:17:18-07:00
bart_live_20260911_161720,16TH,16th St. Mission,Red,RED,Millbrae,MLBR,1,South,20,2026-09-11T16:37:18-07:00,future,98,0,C:\Users\Igor\StudioProjects\BartRunnerAndroid\app\src\test\resources\bart_live_20260911_161720\etd\16th.xml,2026-09-11T16:17:18-07:00
bart_live_20260911_161720,16TH,16th St. Mission,Red,RED,Millbrae,MLBR,1,South,39,2026-09-11T16:56:18-07:00,future,0,0,C:\Users\Igor\StudioProjects\BartRunnerAndroid\app\src\test\resources\bart_live_20260911_161720\etd\16th.xml,2026-09-11T16:17:18-07:00
bart_live_20260911_161720,16TH,16th St. Mission,Red,RED,Millbrae,MLBR,1,South,59,2026-09-11T17:16:18-07:00,future,0,0,C:\Users\Igor\StudioProjects\BartRunnerAndroid\app\src\test\resources\bart_live_20260911_161720\etd\16th.xml,2026-09-11T16:17:18-07:00
bart_live_20260911_161720,16TH,16th St. Mission,Yellow,YELLOW,Pittsburg/Bay Point,PITT,2,North,10,2026-09-11T16:27:18-07:00,future,136,0,C:\Users\Igor\StudioProjects\BartRunnerAndroid\app\src\test\resources\bart_live_20260911_161720\etd\16th.xml,2026-09-11T16:17:18-07:00
bart_live_20260911_161720,16TH,16th St. Mission,Yellow,YELLOW,Pittsburg/Bay Point,PITT,2,North,28,2026-09-11T16:45:18-07:00,future,0,0,C:\Users\Igor\StudioProjects\BartRunnerAndroid\app\src\test\resources\bart_live_20260911_161720\etd\16th.xml,2026-09-11T16:17:18-07:00
bart_live_20260911_161720,16TH,16th St. Mission,Yellow,YELLOW,Pittsburg/Bay Point,PITT,2,North,48,2026-09-11T17:05:18-07:00,future,0,0,C:\Users\Igor\StudioProjects\BartRunnerAndroid\app\src\test\resources\bart_live_20260911_161720\etd\16th.xml,2026-09-11T16:17:18-07:00
bart_live_20260911_161720,16TH,16th St. Mission,Red,RED,Richmond,RICH,2,North,9,2026-09-11T16:26:18-07:00,future,174,0,C:\Users\Igor\StudioProjects\BartRunnerAndroid\app\src\test\resources\bart_live_20260911_161720\etd\16th.xml,2026-09-11T16:17:18-07:00
bart_live_20260911_161720,16TH,16th St. Mission,Red,RED,Richmond,RICH,2,North,26,2026-09-11T16:43:18-07:00,future,0,0,C:\Users\Igor\StudioProjects\BartRunnerAndroid\app\src\test\resources\bart_live_20260911_161720\etd\16th.xml,2026-09-11T16:17:18-07:00
bart_live_20260911_161720,16TH,16th St. Mission,Red,RED,Richmond,RICH,2,North,46,2026-09-11T17:03:18-07:00,future,0,0,C:\Users\Igor\StudioProjects\BartRunnerAndroid\app\src\test\resources\bart_live_20260911_161720\etd\16th.xml,2026-09-11T16:17:18-07:00
bart_live_20260911_161720,16TH,16th St. Mission,Yellow,YELLOW,SF Airport,SFIA,1,South,7,2026-09-11T16:24:18-07:00,future,261,0,C:\Users\Igor\StudioProjects\BartRunnerAndroid\app\src\test\resources\bart_live_20260911_161720\etd\16th.xml,2026-09-11T16:17:18-07:00
bart_live_20260911_161720,16TH,16th St. Mission,Yellow,YELLOW,SF Airport,SFIA,1,South,11,2026-09-11T16:28:18-07:00,future,0,0,C:\Users\Igor\StudioProjects\BartRunnerAndroid\app\src\test\resources\bart_live_20260911_161720\etd\16th.xml,2026-09-11T16:17:18-07:00
bart_live_20260911_161720,16TH,16th St. Mission,Yellow,YELLOW,SF Airport,SFIA,1,South,23,2026-09-11T16:40:18-07:00,future,0,0,C:\Users\Igor\StudioProjects\BartRunnerAndroid\app\src\test\resources\bart_live_20260911_161720\etd\16th.xml,2026-09-11T16:17:18-07:00
bart_live_20260911_161720,19TH,19th St. Oakland,Yellow,YELLOW,Antioch,ANTC,3,North,19,2026-09-11T16:36:18-07:00,future,121,0,C:\Users\Igor\StudioProjects\BartRunnerAndroid\app\src\test\resources\bart_live_20260911_161720\etd\19th.xml,2026-09-11T16:17:18-07:00
bart_live_20260911_161720,19TH,19th St. Oakland,Yellow,YELLOW,Antioch,ANTC,3,North,38,2026-09-11T16:55:18-07:00,future,0,0,C:\Users\Igor\StudioProjects\BartRunnerAndroid\app\src\test\resources\bart_live_20260911_161720\etd\19th.xml,2026-09-11T16:17:18-07:00
bart_live_20260911_161720,19TH,19th St. Oakland,Yellow,YELLOW,Antioch,ANTC,3,North,58,2026-09-11T17:15:18-07:00,future,0,0,C:\Users\Igor\StudioProjects\BartRunnerAndroid\app\src\test\resources\bart_live_20260911_161720\etd\19th.xml,2026-09-11T16:17:18-07:00
bart_live_20260911_161720,19TH,19th St. Oakland,Orange,ORANGE,Berryessa,BERY,2,South,13,2026-09-11T16:30:18-07:00,future,0,0,C:\Users\Igor\StudioProjects\BartRunnerAndroid\app\src\test\resources\bart_live_20260911_161720\etd\19th.xml,2026-09-11T16:17:18-07:00
bart_live_20260911_161720,19TH,19th St. Oakland,Orange,ORANGE,Berryessa,BERY,2,South,33,2026-09-11T16:50:18-07:00,future,0,0,C:\Users\Igor\StudioProjects\BartRunnerAndroid\app\src\test\resources\bart_live_20260911_161720\etd\19th.xml,2026-09-11T16:17:18-07:00
bart_live_20260911_161720,19TH,19th St. Oakland,Orange,ORANGE,Berryessa,BERY,2,South,53,2026-09-11T17:10:18-07:00,future,0,0,C:\Users\Igor\StudioProjects\BartRunnerAndroid\app\src\test\resources\bart_live_20260911_161720\etd\19th.xml,2026-09-11T16:17:18-07:00
bart_live_20260911_161720,19TH,19th St. Oakland,Red,RED,Millbrae,MLBR,2,South,18,2026-09-11T16:35:18-07:00,future,0,0,C:\Users\Igor\StudioProjects\BartRunnerAndroid\app\src\test\resources\bart_live_20260911_161720\etd\19th.xml,2026-09-11T16:17:18-07:00
bart_live_20260911_161720,19TH,19th St. Oakland,Red,RED,Millbrae,MLBR,2,South,38,2026-09-11T16:55:18-07:00,future,0,0,C:\Users\Igor\StudioProjects\BartRunnerAndroid\app\src\test\resources\bart_live_20260911_161720\etd\19th.xml,2026-09-11T16:17:18-07:00
bart_live_20260911_161720,19TH,19th St. Oakland,Red,RED,Millbrae,MLBR,2,South,58,2026-09-11T17:15:18-07:00,future,0,0,C:\Users\Igor\StudioProjects\BartRunnerAndroid\app\src\test\resources\bart_live_20260911_161720\etd\19th.xml,2026-09-11T16:17:18-07:00
bart_live_20260911_161720,19TH,19th St. Oakland,Yellow,YELLOW,Pittsburg/Bay Point,PITT,3,North,13,2026-09-11T16:30:18-07:00,future,228,0,C:\Users\Igor\StudioProjects\BartRunnerAndroid\app\src\test\resources\bart_live_20260911_161720\etd\19th.xml,2026-09-11T16:17:18-07:00
bart_live_20260911_161720,19TH,19th St. Oakland,Yellow,YELLOW,Pittsburg/Bay Point,PITT,3,North,29,2026-09-11T16:46:18-07:00,future,0,0,C:\Users\Igor\StudioProjects\BartRunnerAndroid\app\src\test\resources\bart_live_20260911_161720\etd\19th.xml,2026-09-11T16:17:18-07:00
bart_live_20260911_161720,19TH,19th St. Oakland,Yellow,YELLOW,Pittsburg/Bay Point,PITT,3,North,50,2026-09-11T17:07:18-07:00,future,0,0,C:\Users\Igor\StudioProjects\BartRunnerAndroid\app\src\test\resources\bart_live_20260911_161720\etd\19th.xml,2026-09-11T16:17:18-07:00
bart_live_20260911_161720,19TH,19th St. Oakland,Red,RED,Richmond,RICH,1,North,7,2026-09-11T16:24:18-07:00,future,0,0,C:\Users\Igor\StudioProjects\BartRunnerAndroid\app\src\test\resources\bart_live_20260911_161720\etd\19th.xml,2026-09-11T16:17:18-07:00
bart_live_20260911_161720,19TH,19th St. Oakland,Orange,ORANGE,Richmond,RICH,1,North,17,2026-09-11T16:34:18-07:00,future,0,0,C:\Users\Igor\StudioProjects\BartRunnerAndroid\app\src\test\resources\bart_live_20260911_161720\etd\19th.xml,2026-09-11T16:17:18-07:00
bart_live_20260911_161720,19TH,19th St. Oakland,Red,RED,Richmond,RICH,1,North,28,2026-09-11T16:45:18-07:00,future,114,0,C:\Users\Igor\StudioProjects\BartRunnerAndroid\app\src\test\resources\bart_live_20260911_161720\etd\19th.xml,2026-09-11T16:17:18-07:00
bart_live_20260911_161720,19TH,19th St. Oakland,Yellow,YELLOW,SF Airport,SFIA,2,South,2,2026-09-11T16:19:18-07:00,future,0,0,C:\Users\Igor\StudioProjects\BartRunnerAndroid\app\src\test\resources\bart_live_20260911_161720\etd\19th.xml,2026-09-11T16:17:18-07:00
bart_live_20260911_161720,19TH,19th St. Oakland,Yellow,YELLOW,SF Airport,SFIA,2,South,10,2026-09-11T16:27:18-07:00,future,0,0,C:\Users\Igor\StudioProjects\BartRunnerAndroid\app\src\test\resources\bart_live_20260911_161720\etd\19th.xml,2026-09-11T16:17:18-07:00
bart_live_20260911_161720,19TH,19th St. Oakland,Yellow,YELLOW,SF Airport,SFIA,2,South,22,2026-09-11T16:39:18-07:00,future,0,0,C:\Users\Igor\StudioProjects\BartRunnerAndroid\app\src\test\resources\bart_live_20260911_161720\etd\19th.xml,2026-09-11T16:17:18-07:00
bart_live_20260911_161720,24TH,24th St. Mission,Yellow,YELLOW,Antioch,ANTC,2,North,15,2026-09-11T16:32:17-07:00,future,0,0,C:\Users\Igor\StudioProjects\BartRunnerAndroid\app\src\test\resources\bart_live_20260911_161720\etd\24th.xml,2026-09-11T16:17:17-07:00
bart_live_20260911_161720,24TH,24th St. Mission,Yellow,YELLOW,Antioch,ANTC,2,North,35,2026-09-11T16:52:17-07:00,future,0,0,C:\Users\Igor\StudioProjects\BartRunnerAndroid\app\src\test\resources\bart_live_20260911_161720\etd\24th.xml,2026-09-11T16:17:17-07:00
bart_live_20260911_161720,24TH,24th St. Mission,Yellow,YELLOW,Antioch,ANTC,2,North,55,2026-09-11T17:12:17-07:00,future,0,0,C:\Users\Igor\StudioProjects\BartRunnerAndroid\app\src\test\resources\bart_live_20260911_161720\etd\24th.xml,2026-09-11T16:17:17-07:00
bart_live_20260911_161720,24TH,24th St. Mission,Green,GREEN,Berryessa,BERY,2,North,14,2026-09-11T16:31:17-07:00,future,97,0,C:\Users\Igor\StudioProjects\BartRunnerAndroid\app\src\test\resources\bart_live_20260911_161720\etd\24th.xml,2026-09-11T16:17:17-07:00
bart_live_20260911_161720,24TH,24th St. Mission,Green,GREEN,Berryessa,BERY,2,North,32,2026-09-11T16:49:17-07:00,future,0,0,C:\Users\Igor\StudioProjects\BartRunnerAndroid\app\src\test\resources\bart_live_20260911_161720\etd\24th.xml,2026-09-11T16:17:17-07:00
bart_live_20260911_161720,24TH,24th St. Mission,Green,GREEN,Berryessa,BERY,2,North,52,2026-09-11T17:09:17-07:00,future,0,0,C:\Users\Igor\StudioProjects\BartRunnerAndroid\app\src\test\resources\bart_live_20260911_161720\etd\24th.xml,2026-09-11T16:17:17-07:00
bart_live_20260911_161720,24TH,24th St. Mission,Green,GREEN,Daly City,DALY,1,South,7,2026-09-11T16:24:17-07:00,future,539,0,C:\Users\Igor\StudioProjects\BartRunnerAndroid\app\src\test\resources\bart_live_20260911_161720\etd\24th.xml,2026-09-11T16:17:17-07:00
bart_live_20260911_161720,24TH,24th St. Mission,Blue,BLUE,Daly City,DALY,1,South,11,2026-09-11T16:28:17-07:00,future,66,0,C:\Users\Igor\StudioProjects\BartRunnerAndroid\app\src\test\resources\bart_live_20260911_161720\etd\24th.xml,2026-09-11T16:17:17-07:00
bart_live_20260911_161720,24TH,24th St. Mission,Green,GREEN,Daly City,DALY,1,South,21,2026-09-11T16:38:17-07:00,future,166,0,C:\Users\Igor\StudioProjects\BartRunnerAndroid\app\src\test\resources\bart_live_20260911_161720\etd\24th.xml,2026-09-11T16:17:17-07:00
bart_live_20260911_161720,24TH,24th St. Mission,Blue,BLUE,Dublin/Pleasanton,DUBL,2,North,5,2026-09-11T16:22:17-07:00,future,282,0,C:\Users\Igor\StudioProjects\BartRunnerAndroid\app\src\test\resources\bart_live_20260911_161720\etd\24th.xml,2026-09-11T16:17:17-07:00
bart_live_20260911_161720,24TH,24th St. Mission,Blue,BLUE,Dublin/Pleasanton,DUBL,2,North,20,2026-09-11T16:37:17-07:00,future,0,0,C:\Users\Igor\StudioProjects\BartRunnerAndroid\app\src\test\resources\bart_live_20260911_161720\etd\24th.xml,2026-09-11T16:17:17-07:00
bart_live_20260911_161720,24TH,24th St. Mission,Blue,BLUE,Dublin/Pleasanton,DUBL,2,North,40,2026-09-11T16:57:17-07:00,future,0,0,C:\Users\Igor\StudioProjects\BartRunnerAndroid\app\src\test\resources\bart_live_20260911_161720\etd\24th.xml,2026-09-11T16:17:17-07:00
bart_live_20260911_161720,24TH,24th St. Mission,Red,RED,Millbrae,MLBR,1,South,1,2026-09-11T16:18:17-07:00,future,0,0,C:\Users\Igor\StudioProjects\BartRunnerAndroid\app\src\test\resources\bart_live_20260911_161720\etd\24th.xml,2026-09-11T16:17:17-07:00
bart_live_20260911_161720,24TH,24th St. Mission,Red,RED,Millbrae,MLBR,1,South,22,2026-09-11T16:39:17-07:00,future,87,0,C:\Users\Igor\StudioProjects\BartRunnerAndroid\app\src\test\resources\bart_live_20260911_161720\etd\24th.xml,2026-09-11T16:17:17-07:00
bart_live_20260911_161720,24TH,24th St. Mission,Red,RED,Millbrae,MLBR,1,South,41,2026-09-11T16:58:17-07:00,future,0,0,C:\Users\Igor\StudioProjects\BartRunnerAndroid\app\src\test\resources\bart_live_20260911_161720\etd\24th.xml,2026-09-11T16:17:17-07:00
bart_live_20260911_161720,24TH,24th St. Mission,Yellow,YELLOW,Pittsburg/Bay Point,PITT,2,North,9,2026-09-11T16:26:17-07:00,future,168,0,C:\Users\Igor\StudioProjects\BartRunnerAndroid\app\src\test\resources\bart_live_20260911_161720\etd\24th.xml,2026-09-11T16:17:17-07:00
bart_live_20260911_161720,24TH,24th St. Mission,Yellow,YELLOW,Pittsburg/Bay Point,PITT,2,North,26,2026-09-11T16:43:17-07:00,future,0,0,C:\Users\Igor\StudioProjects\BartRunnerAndroid\app\src\test\resources\bart_live_20260911_161720\etd\24th.xml,2026-09-11T16:17:17-07:00
bart_live_20260911_161720,24TH,24th St. Mission,Yellow,YELLOW,Pittsburg/Bay Point,PITT,2,North,46,2026-09-11T17:03:17-07:00,future,0,0,C:\Users\Igor\StudioProjects\BartRunnerAndroid\app\src\test\resources\bart_live_20260911_161720\etd\24th.xml,2026-09-11T16:17:17-07:00
bart_live_20260911_161720,24TH,24th St. Mission,Red,RED,Richmond,RICH,2,North,7,2026-09-11T16:24:17-07:00,future,179,0,C:\Users\Igor\StudioProjects\BartRunnerAndroid\app\src\test\resources\bart_live_20260911_161720\etd\24th.xml,2026-09-11T16:17:17-07:00
bart_live_20260911_161720,24TH,24th St. Mission,Red,RED,Richmond,RICH,2,North,24,2026-09-11T16:41:17-07:00,future,0,0,C:\Users\Igor\StudioProjects\BartRunnerAndroid\app\src\test\resources\bart_live_20260911_161720\etd\24th.xml,2026-09-11T16:17:17-07:00
bart_live_20260911_161720,24TH,24th St. Mission,Red,RED,Richmond,RICH,2,North,44,2026-09-11T17:01:17-07:00,future,0,0,C:\Users\Igor\StudioProjects\BartRunnerAndroid\app\src\test\resources\bart_live_20260911_161720\etd\24th.xml,2026-09-11T16:17:17-07:00
bart_live_20260911_161720,24TH,24th St. Mission,Yellow,YELLOW,SF Airport,SFIA,1,South,9,2026-09-11T16:26:17-07:00,future,259,0,C:\Users\Igor\StudioProjects\BartRunnerAndroid\app\src\test\resources\bart_live_20260911_161720\etd\24th.xml,2026-09-11T16:17:17-07:00
bart_live_20260911_161720,24TH,24th St. Mission,Yellow,YELLOW,SF Airport,SFIA,1,South,13,2026-09-11T16:30:17-07:00,future,0,0,C:\Users\Igor\StudioProjects\BartRunnerAndroid\app\src\test\resources\bart_live_20260911_161720\etd\24th.xml,2026-09-11T16:17:17-07:00
bart_live_20260911_161720,24TH,24th St. Mission,Yellow,YELLOW,SF Airport,SFIA,1,South,25,2026-09-11T16:42:17-07:00,future,0,0,C:\Users\Igor\StudioProjects\BartRunnerAndroid\app\src\test\resources\bart_live_20260911_161720\etd\24th.xml,2026-09-11T16:17:17-07:00
bart_live_20260911_161720,ANTC,Antioch,Yellow,YELLOW,SFO/Millbrae,MLBR,2,South,11,2026-09-11T16:28:18-07:00,future,0,0,C:\Users\Igor\StudioProjects\BartRunnerAndroid\app\src\test\resources\bart_live_20260911_161720\etd\antc.xml,2026-09-11T16:17:18-07:00
bart_live_20260911_161720,ANTC,Antioch,Yellow,YELLOW,SFO/Millbrae,MLBR,2,South,31,2026-09-11T16:48:18-07:00,future,0,0,C:\Users\Igor\StudioProjects\BartRunnerAndroid\app\src\test\resources\bart_live_20260911_161720\etd\antc.xml,2026-09-11T16:17:18-07:00
bart_live_20260911_161720,ANTC,Antioch,Yellow,YELLOW,SFO/Millbrae,MLBR,2,South,51,2026-09-11T17:08:18-07:00,future,0,0,C:\Users\Igor\StudioProjects\BartRunnerAndroid\app\src\test\resources\bart_live_20260911_161720\etd\antc.xml,2026-09-11T16:17:18-07:00
bart_live_20260911_161720,ASHB,Ashby,Orange,ORANGE,Berryessa,BERY,2,South,4,2026-09-11T16:21:18-07:00,future,0,0,C:\Users\Igor\StudioProjects\BartRunnerAndroid\app\src\test\resources\bart_live_20260911_161720\etd\ashb.xml,2026-09-11T16:17:18-07:00
bart_live_20260911_161720,ASHB,Ashby,Orange,ORANGE,Berryessa,BERY,2,South,23,2026-09-11T16:40:18-07:00,future,0,0,C:\Users\Igor\StudioProjects\BartRunnerAndroid\app\src\test\resources\bart_live_20260911_161720\etd\ashb.xml,2026-09-11T16:17:18-07:00
bart_live_20260911_161720,ASHB,Ashby,Orange,ORANGE,Berryessa,BERY,2,South,43,2026-09-11T17:00:18-07:00,future,0,0,C:\Users\Igor\StudioProjects\BartRunnerAndroid\app\src\test\resources\bart_live_20260911_161720\etd\ashb.xml,2026-09-11T16:17:18-07:00
bart_live_20260911_161720,ASHB,Ashby,Red,RED,Millbrae,MLBR,2,South,10,2026-09-11T16:27:18-07:00,future,0,0,C:\Users\Igor\StudioProjects\BartRunnerAndroid\app\src\test\resources\bart_live_20260911_161720\etd\ashb.xml,2026-09-11T16:17:18-07:00
bart_live_20260911_161720,ASHB,Ashby,Red,RED,Millbrae,MLBR,2,South,31,2026-09-11T16:48:18-07:00,future,0,0,C:\Users\Igor\StudioProjects\BartRunnerAndroid\app\src\test\resources\bart_live_20260911_161720\etd\ashb.xml,2026-09-11T16:17:18-07:00
bart_live_20260911_161720,ASHB,Ashby,Red,RED,Millbrae,MLBR,2,South,51,2026-09-11T17:08:18-07:00,future,0,0,C:\Users\Igor\StudioProjects\BartRunnerAndroid\app\src\test\resources\bart_live_20260911_161720\etd\ashb.xml,2026-09-11T16:17:18-07:00
bart_live_20260911_161720,ASHB,Ashby,Orange,ORANGE,Richmond,RICH,1,North,6,2026-09-11T16:23:18-07:00,future,109,0,C:\Users\Igor\StudioProjects\BartRunnerAndroid\app\src\test\resources\bart_live_20260911_161720\etd\ashb.xml,2026-09-11T16:17:18-07:00
bart_live_20260911_161720,ASHB,Ashby,Red,RED,Richmond,RICH,1,North,13,2026-09-11T16:30:18-07:00,future,0,0,C:\Users\Igor\StudioProjects\BartRunnerAndroid\app\src\test\resources\bart_live_20260911_161720\etd\ashb.xml,2026-09-11T16:17:18-07:00
bart_live_20260911_161720,ASHB,Ashby,Orange,ORANGE,Richmond,RICH,1,North,25,2026-09-11T16:42:18-07:00,future,0,0,C:\Users\Igor\StudioProjects\BartRunnerAndroid\app\src\test\resources\bart_live_20260911_161720\etd\ashb.xml,2026-09-11T16:17:18-07:00
bart_live_20260911_161720,BALB,Balboa Park,Yellow,YELLOW,Antioch,ANTC,2,North,10,2026-09-11T16:27:17-07:00,future,0,0,C:\Users\Igor\StudioProjects\BartRunnerAndroid\app\src\test\resources\bart_live_20260911_161720\etd\balb.xml,2026-09-11T16:17:17-07:00
bart_live_20260911_161720,BALB,Balboa Park,Yellow,YELLOW,Antioch,ANTC,2,North,30,2026-09-11T16:47:17-07:00,future,0,0,C:\Users\Igor\StudioProjects\BartRunnerAndroid\app\src\test\resources\bart_live_20260911_161720\etd\balb.xml,2026-09-11T16:17:17-07:00
bart_live_20260911_161720,BALB,Balboa Park,Yellow,YELLOW,Antioch,ANTC,2,North,50,2026-09-11T17:07:17-07:00,future,0,0,C:\Users\Igor\StudioProjects\BartRunnerAndroid\app\src\test\resources\bart_live_20260911_161720\etd\balb.xml,2026-09-11T16:17:17-07:00
bart_live_20260911_161720,BALB,Balboa Park,Green,GREEN,Berryessa,BERY,2,North,9,2026-09-11T16:26:17-07:00,future,91,0,C:\Users\Igor\StudioProjects\BartRunnerAndroid\app\src\test\resources\bart_live_20260911_161720\etd\balb.xml,2026-09-11T16:17:17-07:00
bart_live_20260911_161720,BALB,Balboa Park,Green,GREEN,Berryessa,BERY,2,North,27,2026-09-11T16:44:17-07:00,future,0,0,C:\Users\Igor\StudioProjects\BartRunnerAndroid\app\src\test\resources\bart_live_20260911_161720\etd\balb.xml,2026-09-11T16:17:17-07:00
bart_live_20260911_161720,BALB,Balboa Park,Green,GREEN,Berryessa,BERY,2,North,47,2026-09-11T17:04:17-07:00,future,0,0,C:\Users\Igor\StudioProjects\BartRunnerAndroid\app\src\test\resources\bart_live_20260911_161720\etd\balb.xml,2026-09-11T16:17:17-07:00
bart_live_20260911_161720,BALB,Balboa Park,Green,GREEN,Daly City,DALY,1,South,12,2026-09-11T16:29:17-07:00,future,531,0,C:\Users\Igor\StudioProjects\BartRunnerAndroid\app\src\test\resources\bart_live_20260911_161720\etd\balb.xml,2026-09-11T16:17:17-07:00
bart_live_20260911_161720,BALB,Balboa Park,Blue,BLUE,Daly City,DALY,1,South,16,2026-09-11T16:33:17-07:00,future,0,0,C:\Users\Igor\StudioProjects\BartRunnerAndroid\app\src\test\resources\bart_live_20260911_161720\etd\balb.xml,2026-09-11T16:17:17-07:00
bart_live_20260911_161720,BALB,Balboa Park,Green,GREEN,Daly City,DALY,1,South,25,2026-09-11T16:42:17-07:00,future,158,0,C:\Users\Igor\StudioProjects\BartRunnerAndroid\app\src\test\resources\bart_live_20260911_161720\etd\balb.xml,2026-09-11T16:17:17-07:00
bart_live_20260911_161720,BALB,Balboa Park,Blue,BLUE,Dublin/Pleasanton,DUBL,2,North,15,2026-09-11T16:32:17-07:00,future,0,0,C:\Users\Igor\StudioProjects\BartRunnerAndroid\app\src\test\resources\bart_live_20260911_161720\etd\balb.xml,2026-09-11T16:17:17-07:00
bart_live_20260911_161720,BALB,Balboa Park,Blue,BLUE,Dublin/Pleasanton,DUBL,2,North,35,2026-09-11T16:52:17-07:00,future,0,0,C:\Users\Igor\StudioProjects\BartRunnerAndroid\app\src\test\resources\bart_live_20260911_161720\etd\balb.xml,2026-09-11T16:17:17-07:00
bart_live_20260911_161720,BALB,Balboa Park,Red,RED,Millbrae,MLBR,1,South,6,2026-09-11T16:23:17-07:00,future,0,0,C:\Users\Igor\StudioProjects\BartRunnerAndroid\app\src\test\resources\bart_live_20260911_161720\etd\balb.xml,2026-09-11T16:17:17-07:00
bart_live_20260911_161720,BALB,Balboa Park,Red,RED,Millbrae,MLBR,1,South,27,2026-09-11T16:44:17-07:00,future,83,0,C:\Users\Igor\StudioProjects\BartRunnerAndroid\app\src\test\resources\bart_live_20260911_161720\etd\balb.xml,2026-09-11T16:17:17-07:00
bart_live_20260911_161720,BALB,Balboa Park,Red,RED,Millbrae,MLBR,1,South,46,2026-09-11T17:03:17-07:00,future,0,0,C:\Users\Igor\StudioProjects\BartRunnerAndroid\app\src\test\resources\bart_live_20260911_161720\etd\balb.xml,2026-09-11T16:17:17-07:00
bart_live_20260911_161720,BALB,Balboa Park,Yellow,YELLOW,Pittsburg/Bay Point,PITT,2,North,4,2026-09-11T16:21:17-07:00,future,141,0,C:\Users\Igor\StudioProjects\BartRunnerAndroid\app\src\test\resources\bart_live_20260911_161720\etd\balb.xml,2026-09-11T16:17:17-07:00
bart_live_20260911_161720,BALB,Balboa Park,Yellow,YELLOW,Pittsburg/Bay Point,PITT,2,North,21,2026-09-11T16:38:17-07:00,future,0,0,C:\Users\Igor\StudioProjects\BartRunnerAndroid\app\src\test\resources\bart_live_20260911_161720\etd\balb.xml,2026-09-11T16:17:17-07:00
bart_live_20260911_161720,BALB,Balboa Park,Yellow,YELLOW,Pittsburg/Bay Point,PITT,2,North,41,2026-09-11T16:58:17-07:00,future,0,0,C:\Users\Igor\StudioProjects\BartRunnerAndroid\app\src\test\resources\bart_live_20260911_161720\etd\balb.xml,2026-09-11T16:17:17-07:00
bart_live_20260911_161720,BALB,Balboa Park,Red,RED,Richmond,RICH,2,North,2,2026-09-11T16:19:17-07:00,future,209,0,C:\Users\Igor\StudioProjects\BartRunnerAndroid\app\src\test\resources\bart_live_20260911_161720\etd\balb.xml,2026-09-11T16:17:17-07:00
bart_live_20260911_161720,BALB,Balboa Park,Red,RED,Richmond,RICH,2,North,19,2026-09-11T16:36:17-07:00,future,0,0,C:\Users\Igor\StudioProjects\BartRunnerAndroid\app\src\test\resources\bart_live_20260911_161720\etd\balb.xml,2026-09-11T16:17:17-07:00
bart_live_20260911_161720,BALB,Balboa Park,Red,RED,Richmond,RICH,2,North,39,2026-09-11T16:56:17-07:00,future,0,0,C:\Users\Igor\StudioProjects\BartRunnerAndroid\app\src\test\resources\bart_live_20260911_161720\etd\balb.xml,2026-09-11T16:17:17-07:00
bart_live_20260911_161720,BALB,Balboa Park,Yellow,YELLOW,SF Airport,SFIA,1,South,2,2026-09-11T16:19:17-07:00,future,210,0,C:\Users\Igor\StudioProjects\BartRunnerAndroid\app\src\test\resources\bart_live_20260911_161720\etd\balb.xml,2026-09-11T16:17:17-07:00
bart_live_20260911_161720,BALB,Balboa Park,Yellow,YELLOW,SF Airport,SFIA,1,South,14,2026-09-11T16:31:17-07:00,future,251,0,C:\Users\Igor\StudioProjects\BartRunnerAndroid\app\src\test\resources\bart_live_20260911_161720\etd\balb.xml,2026-09-11T16:17:17-07:00
bart_live_20260911_161720,BALB,Balboa Park,Yellow,YELLOW,SF Airport,SFIA,1,South,18,2026-09-11T16:35:17-07:00,future,0,0,C:\Users\Igor\StudioProjects\BartRunnerAndroid\app\src\test\resources\bart_live_20260911_161720\etd\balb.xml,2026-09-11T16:17:17-07:00
bart_live_20260911_161720,BAYF,Bay Fair,Green,GREEN,Berryessa,BERY,1,North,10,2026-09-11T16:27:18-07:00,future,0,0,C:\Users\Igor\StudioProjects\BartRunnerAndroid\app\src\test\resources\bart_live_20260911_161720\etd\bayf.xml,2026-09-11T16:17:18-07:00
bart_live_20260911_161720,BAYF,Bay Fair,Orange,ORANGE,Berryessa,BERY,1,South,13,2026-09-11T16:30:18-07:00,future,0,0,C:\Users\Igor\StudioProjects\BartRunnerAndroid\app\src\test\resources\bart_live_20260911_161720\etd\bayf.xml,2026-09-11T16:17:18-07:00
bart_live_20260911_161720,BAYF,Bay Fair,Green,GREEN,Berryessa,BERY,1,North,30,2026-09-11T16:47:18-07:00,future,0,0,C:\Users\Igor\StudioProjects\BartRunnerAndroid\app\src\test\resources\bart_live_20260911_161720\etd\bayf.xml,2026-09-11T16:17:18-07:00
bart_live_20260911_161720,BAYF,Bay Fair,Green,GREEN,Daly City,DALY,2,South,2,2026-09-11T16:19:18-07:00,future,122,0,C:\Users\Igor\StudioProjects\BartRunnerAndroid\app\src\test\resources\bart_live_20260911_161720\etd\bayf.xml,2026-09-11T16:17:18-07:00
bart_live_20260911_161720,BAYF,Bay Fair,Blue,BLUE,Daly City,DALY,2,South,12,2026-09-11T16:29:18-07:00,future,0,0,C:\Users\Igor\StudioProjects\BartRunnerAndroid\app\src\test\resources\bart_live_20260911_161720\etd\bayf.xml,2026-09-11T16:17:18-07:00
bart_live_20260911_161720,BAYF,Bay Fair,Green,GREEN,Daly City,DALY,2,South,21,2026-09-11T16:38:18-07:00,future,0,0,C:\Users\Igor\StudioProjects\BartRunnerAndroid\app\src\test\resources\bart_live_20260911_161720\etd\bayf.xml,2026-09-11T16:17:18-07:00
bart_live_20260911_161720,BAYF,Bay Fair,Blue,BLUE,Dublin/Pleasanton,DUBL,1,North,18,2026-09-11T16:35:18-07:00,future,0,0,C:\Users\Igor\StudioProjects\BartRunnerAndroid\app\src\test\resources\bart_live_20260911_161720\etd\bayf.xml,2026-09-11T16:17:18-07:00
bart_live_20260911_161720,BAYF,Bay Fair,Blue,BLUE,Dublin/Pleasanton,DUBL,1,North,40,2026-09-11T16:57:18-07:00,future,131,0,C:\Users\Igor\StudioProjects\BartRunnerAndroid\app\src\test\resources\bart_live_20260911_161720\etd\bayf.xml,2026-09-11T16:17:18-07:00
bart_live_20260911_161720,BAYF,Bay Fair,Blue,BLUE,Dublin/Pleasanton,DUBL,1,North,58,2026-09-11T17:15:18-07:00,future,0,0,C:\Users\Igor\StudioProjects\BartRunnerAndroid\app\src\test\resources\bart_live_20260911_161720\etd\bayf.xml,2026-09-11T16:17:18-07:00
bart_live_20260911_161720,BAYF,Bay Fair,Orange,ORANGE,Richmond,RICH,2,North,17,2026-09-11T16:34:18-07:00,future,0,0,C:\Users\Igor\StudioProjects\BartRunnerAndroid\app\src\test\resources\bart_live_20260911_161720\etd\bayf.xml,2026-09-11T16:17:18-07:00
bart_live_20260911_161720,BAYF,Bay Fair,Orange,ORANGE,Richmond,RICH,2,North,37,2026-09-11T16:54:18-07:00,future,0,0,C:\Users\Igor\StudioProjects\BartRunnerAndroid\app\src\test\resources\bart_live_20260911_161720\etd\bayf.xml,2026-09-11T16:17:18-07:00
bart_live_20260911_161720,BAYF,Bay Fair,Orange,ORANGE,Richmond,RICH,2,North,57,2026-09-11T17:14:18-07:00,future,0,0,C:\Users\Igor\StudioProjects\BartRunnerAndroid\app\src\test\resources\bart_live_20260911_161720\etd\bayf.xml,2026-09-11T16:17:18-07:00
bart_live_20260911_161720,BERY,Berryessa/North San Jose,Green,GREEN,Daly City,DALY,1,South,25,2026-09-11T16:42:17-07:00,future,0,0,C:\Users\Igor\StudioProjects\BartRunnerAndroid\app\src\test\resources\bart_live_20260911_161720\etd\bery.xml,2026-09-11T16:17:17-07:00
bart_live_20260911_161720,BERY,Berryessa/North San Jose,Orange,ORANGE,Richmond,RICH,2,North,Leaving,2026-09-11T16:17:17-07:00,leaving,0,0,C:\Users\Igor\StudioProjects\BartRunnerAndroid\app\src\test\resources\bart_live_20260911_161720\etd\bery.xml,2026-09-11T16:17:17-07:00
bart_live_20260911_161720,BERY,Berryessa/North San Jose,Orange,ORANGE,Richmond,RICH,2,North,21,2026-09-11T16:38:17-07:00,future,0,0,C:\Users\Igor\StudioProjects\BartRunnerAndroid\app\src\test\resources\bart_live_20260911_161720\etd\bery.xml,2026-09-11T16:17:17-07:00
bart_live_20260911_161720,BERY,Berryessa/North San Jose,Orange,ORANGE,Richmond,RICH,2,North,41,2026-09-11T16:58:17-07:00,future,0,0,C:\Users\Igor\StudioProjects\BartRunnerAndroid\app\src\test\resources\bart_live_20260911_161720\etd\bery.xml,2026-09-11T16:17:17-07:00
bart_live_20260911_161720,CAST,Castro Valley,Blue,BLUE,Daly City,DALY,2,South,8,2026-09-11T16:25:17-07:00,future,0,0,C:\Users\Igor\StudioProjects\BartRunnerAndroid\app\src\test\resources\bart_live_20260911_161720\etd\cast.xml,2026-09-11T16:17:17-07:00
bart_live_20260911_161720,CAST,Castro Valley,Blue,BLUE,Daly City,DALY,2,South,27,2026-09-11T16:44:17-07:00,future,0,0,C:\Users\Igor\StudioProjects\BartRunnerAndroid\app\src\test\resources\bart_live_20260911_161720\etd\cast.xml,2026-09-11T16:17:17-07:00
bart_live_20260911_161720,CAST,Castro Valley,Blue,BLUE,Daly City,DALY,2,South,47,2026-09-11T17:04:17-07:00,future,0,0,C:\Users\Igor\StudioProjects\BartRunnerAndroid\app\src\test\resources\bart_live_20260911_161720\etd\cast.xml,2026-09-11T16:17:17-07:00
bart_live_20260911_161720,CAST,Castro Valley,Blue,BLUE,Dublin/Pleasanton,DUBL,1,North,4,2026-09-11T16:21:17-07:00,future,101,0,C:\Users\Igor\StudioProjects\BartRunnerAndroid\app\src\test\resources\bart_live_20260911_161720\etd\cast.xml,2026-09-11T16:17:17-07:00
bart_live_20260911_161720,CAST,Castro Valley,Blue,BLUE,Dublin/Pleasanton,DUBL,1,North,23,2026-09-11T16:40:17-07:00,future,0,0,C:\Users\Igor\StudioProjects\BartRunnerAndroid\app\src\test\resources\bart_live_20260911_161720\etd\cast.xml,2026-09-11T16:17:17-07:00
bart_live_20260911_161720,CAST,Castro Valley,Blue,BLUE,Dublin/Pleasanton,DUBL,1,North,44,2026-09-11T17:01:17-07:00,future,106,0,C:\Users\Igor\StudioProjects\BartRunnerAndroid\app\src\test\resources\bart_live_20260911_161720\etd\cast.xml,2026-09-11T16:17:17-07:00
bart_live_20260911_161720,CIVC,Civic Center/UN Plaza,Yellow,YELLOW,Antioch,ANTC,2,North,3,2026-09-11T16:20:17-07:00,future,226,0,C:\Users\Igor\StudioProjects\BartRunnerAndroid\app\src\test\resources\bart_live_20260911_161720\etd\civc.xml,2026-09-11T16:17:17-07:00
bart_live_20260911_161720,CIVC,Civic Center/UN Plaza,Yellow,YELLOW,Antioch,ANTC,2,North,19,2026-09-11T16:36:17-07:00,future,0,0,C:\Users\Igor\StudioProjects\BartRunnerAndroid\app\src\test\resources\bart_live_20260911_161720\etd\civc.xml,2026-09-11T16:17:17-07:00
bart_live_20260911_161720,CIVC,Civic Center/UN Plaza,Yellow,YELLOW,Antioch,ANTC,2,North,39,2026-09-11T16:56:17-07:00,future,0,0,C:\Users\Igor\StudioProjects\BartRunnerAndroid\app\src\test\resources\bart_live_20260911_161720\etd\civc.xml,2026-09-11T16:17:17-07:00
bart_live_20260911_161720,CIVC,Civic Center/UN Plaza,Green,GREEN,Berryessa,BERY,2,North,18,2026-09-11T16:35:17-07:00,future,66,0,C:\Users\Igor\StudioProjects\BartRunnerAndroid\app\src\test\resources\bart_live_20260911_161720\etd\civc.xml,2026-09-11T16:17:17-07:00
bart_live_20260911_161720,CIVC,Civic Center/UN Plaza,Green,GREEN,Berryessa,BERY,2,North,37,2026-09-11T16:54:17-07:00,future,0,0,C:\Users\Igor\StudioProjects\BartRunnerAndroid\app\src\test\resources\bart_live_20260911_161720\etd\civc.xml,2026-09-11T16:17:17-07:00
bart_live_20260911_161720,CIVC,Civic Center/UN Plaza,Green,GREEN,Berryessa,BERY,2,North,57,2026-09-11T17:14:17-07:00,future,0,0,C:\Users\Igor\StudioProjects\BartRunnerAndroid\app\src\test\resources\bart_live_20260911_161720\etd\civc.xml,2026-09-11T16:17:17-07:00
bart_live_20260911_161720,CIVC,Civic Center/UN Plaza,Green,GREEN,Daly City,DALY,1,South,3,2026-09-11T16:20:17-07:00,future,552,0,C:\Users\Igor\StudioProjects\BartRunnerAndroid\app\src\test\resources\bart_live_20260911_161720\etd\civc.xml,2026-09-11T16:17:17-07:00
bart_live_20260911_161720,CIVC,Civic Center/UN Plaza,Blue,BLUE,Daly City,DALY,1,South,7,2026-09-11T16:24:17-07:00,future,79,0,C:\Users\Igor\StudioProjects\BartRunnerAndroid\app\src\test\resources\bart_live_20260911_161720\etd\civc.xml,2026-09-11T16:17:17-07:00
bart_live_20260911_161720,CIVC,Civic Center/UN Plaza,Green,GREEN,Daly City,DALY,1,South,18,2026-09-11T16:35:17-07:00,future,269,0,C:\Users\Igor\StudioProjects\BartRunnerAndroid\app\src\test\resources\bart_live_20260911_161720\etd\civc.xml,2026-09-11T16:17:17-07:00
bart_live_20260911_161720,CIVC,Civic Center/UN Plaza,Blue,BLUE,Dublin/Pleasanton,DUBL,2,North,9,2026-09-11T16:26:17-07:00,future,267,0,C:\Users\Igor\StudioProjects\BartRunnerAndroid\app\src\test\resources\bart_live_20260911_161720\etd\civc.xml,2026-09-11T16:17:17-07:00
bart_live_20260911_161720,CIVC,Civic Center/UN Plaza,Blue,BLUE,Dublin/Pleasanton,DUBL,2,North,25,2026-09-11T16:42:17-07:00,future,0,0,C:\Users\Igor\StudioProjects\BartRunnerAndroid\app\src\test\resources\bart_live_20260911_161720\etd\civc.xml,2026-09-11T16:17:17-07:00
bart_live_20260911_161720,CIVC,Civic Center/UN Plaza,Blue,BLUE,Dublin/Pleasanton,DUBL,2,North,45,2026-09-11T17:02:17-07:00,future,0,0,C:\Users\Igor\StudioProjects\BartRunnerAndroid\app\src\test\resources\bart_live_20260911_161720\etd\civc.xml,2026-09-11T16:17:17-07:00
bart_live_20260911_161720,CIVC,Civic Center/UN Plaza,Red,RED,Millbrae,MLBR,1,South,16,2026-09-11T16:33:17-07:00,future,0,0,C:\Users\Igor\StudioProjects\BartRunnerAndroid\app\src\test\resources\bart_live_20260911_161720\etd\civc.xml,2026-09-11T16:17:17-07:00
bart_live_20260911_161720,CIVC,Civic Center/UN Plaza,Red,RED,Millbrae,MLBR,1,South,36,2026-09-11T16:53:17-07:00,future,0,0,C:\Users\Igor\StudioProjects\BartRunnerAndroid\app\src\test\resources\bart_live_20260911_161720\etd\civc.xml,2026-09-11T16:17:17-07:00
bart_live_20260911_161720,CIVC,Civic Center/UN Plaza,Red,RED,Millbrae,MLBR,1,South,56,2026-09-11T17:13:17-07:00,future,0,0,C:\Users\Igor\StudioProjects\BartRunnerAndroid\app\src\test\resources\bart_live_20260911_161720\etd\civc.xml,2026-09-11T16:17:17-07:00
bart_live_20260911_161720,CIVC,Civic Center/UN Plaza,Yellow,YELLOW,Pittsburg/Bay Point,PITT,2,North,13,2026-09-11T16:30:17-07:00,future,126,0,C:\Users\Igor\StudioProjects\BartRunnerAndroid\app\src\test\resources\bart_live_20260911_161720\etd\civc.xml,2026-09-11T16:17:17-07:00
bart_live_20260911_161720,CIVC,Civic Center/UN Plaza,Yellow,YELLOW,Pittsburg/Bay Point,PITT,2,North,31,2026-09-11T16:48:17-07:00,future,0,0,C:\Users\Igor\StudioProjects\BartRunnerAndroid\app\src\test\resources\bart_live_20260911_161720\etd\civc.xml,2026-09-11T16:17:17-07:00
bart_live_20260911_161720,CIVC,Civic Center/UN Plaza,Yellow,YELLOW,Pittsburg/Bay Point,PITT,2,North,51,2026-09-11T17:08:17-07:00,future,0,0,C:\Users\Igor\StudioProjects\BartRunnerAndroid\app\src\test\resources\bart_live_20260911_161720\etd\civc.xml,2026-09-11T16:17:17-07:00
bart_live_20260911_161720,CIVC,Civic Center/UN Plaza,Red,RED,Richmond,RICH,2,North,11,2026-09-11T16:28:17-07:00,future,163,0,C:\Users\Igor\StudioProjects\BartRunnerAndroid\app\src\test\resources\bart_live_20260911_161720\etd\civc.xml,2026-09-11T16:17:17-07:00
bart_live_20260911_161720,CIVC,Civic Center/UN Plaza,Red,RED,Richmond,RICH,2,North,28,2026-09-11T16:45:17-07:00,future,0,0,C:\Users\Igor\StudioProjects\BartRunnerAndroid\app\src\test\resources\bart_live_20260911_161720\etd\civc.xml,2026-09-11T16:17:17-07:00
bart_live_20260911_161720,CIVC,Civic Center/UN Plaza,Red,RED,Richmond,RICH,2,North,48,2026-09-11T17:05:17-07:00,future,0,0,C:\Users\Igor\StudioProjects\BartRunnerAndroid\app\src\test\resources\bart_live_20260911_161720\etd\civc.xml,2026-09-11T16:17:17-07:00
bart_live_20260911_161720,CIVC,Civic Center/UN Plaza,Yellow,YELLOW,SF Airport,SFIA,1,South,5,2026-09-11T16:22:17-07:00,future,272,0,C:\Users\Igor\StudioProjects\BartRunnerAndroid\app\src\test\resources\bart_live_20260911_161720\etd\civc.xml,2026-09-11T16:17:17-07:00
bart_live_20260911_161720,CIVC,Civic Center/UN Plaza,Yellow,YELLOW,SF Airport,SFIA,1,South,9,2026-09-11T16:26:17-07:00,future,0,0,C:\Users\Igor\StudioProjects\BartRunnerAndroid\app\src\test\resources\bart_live_20260911_161720\etd\civc.xml,2026-09-11T16:17:17-07:00
bart_live_20260911_161720,CIVC,Civic Center/UN Plaza,Yellow,YELLOW,SF Airport,SFIA,1,South,20,2026-09-11T16:37:17-07:00,future,0,0,C:\Users\Igor\StudioProjects\BartRunnerAndroid\app\src\test\resources\bart_live_20260911_161720\etd\civc.xml,2026-09-11T16:17:17-07:00
bart_live_20260911_161720,COLM,Colma,Yellow,YELLOW,Antioch,ANTC,2,North,3,2026-09-11T16:20:18-07:00,future,0,0,C:\Users\Igor\StudioProjects\BartRunnerAndroid\app\src\test\resources\bart_live_20260911_161720\etd\colm.xml,2026-09-11T16:17:18-07:00
bart_live_20260911_161720,COLM,Colma,Yellow,YELLOW,Antioch,ANTC,2,North,22,2026-09-11T16:39:18-07:00,future,0,0,C:\Users\Igor\StudioProjects\BartRunnerAndroid\app\src\test\resources\bart_live_20260911_161720\etd\colm.xml,2026-09-11T16:17:18-07:00
bart_live_20260911_161720,COLM,Colma,Yellow,YELLOW,Antioch,ANTC,2,North,42,2026-09-11T16:59:18-07:00,future,0,0,C:\Users\Igor\StudioProjects\BartRunnerAndroid\app\src\test\resources\bart_live_20260911_161720\etd\colm.xml,2026-09-11T16:17:18-07:00
bart_live_20260911_161720,COLM,Colma,Red,RED,Millbrae,MLBR,1,South,14,2026-09-11T16:31:18-07:00,future,0,0,C:\Users\Igor\StudioProjects\BartRunnerAndroid\app\src\test\resources\bart_live_20260911_161720\etd\colm.xml,2026-09-11T16:17:18-07:00
bart_live_20260911_161720,COLM,Colma,Red,RED,Millbrae,MLBR,1,South,35,2026-09-11T16:52:18-07:00,future,0,0,C:\Users\Igor\StudioProjects\BartRunnerAndroid\app\src\test\resources\bart_live_20260911_161720\etd\colm.xml,2026-09-11T16:17:18-07:00
bart_live_20260911_161720,COLM,Colma,Red,RED,Millbrae,MLBR,1,South,54,2026-09-11T17:11:18-07:00,future,0,0,C:\Users\Igor\StudioProjects\BartRunnerAndroid\app\src\test\resources\bart_live_20260911_161720\etd\colm.xml,2026-09-11T16:17:18-07:00
bart_live_20260911_161720,COLM,Colma,Yellow,YELLOW,Pittsburg/Bay Point,PITT,2,North,14,2026-09-11T16:31:18-07:00,future,0,0,C:\Users\Igor\StudioProjects\BartRunnerAndroid\app\src\test\resources\bart_live_20260911_161720\etd\colm.xml,2026-09-11T16:17:18-07:00
bart_live_20260911_161720,COLM,Colma,Yellow,YELLOW,Pittsburg/Bay Point,PITT,2,North,34,2026-09-11T16:51:18-07:00,future,0,0,C:\Users\Igor\StudioProjects\BartRunnerAndroid\app\src\test\resources\bart_live_20260911_161720\etd\colm.xml,2026-09-11T16:17:18-07:00
bart_live_20260911_161720,COLM,Colma,Red,RED,Richmond,RICH,2,North,11,2026-09-11T16:28:18-07:00,future,0,0,C:\Users\Igor\StudioProjects\BartRunnerAndroid\app\src\test\resources\bart_live_20260911_161720\etd\colm.xml,2026-09-11T16:17:18-07:00
bart_live_20260911_161720,COLM,Colma,Red,RED,Richmond,RICH,2,North,31,2026-09-11T16:48:18-07:00,future,0,0,C:\Users\Igor\StudioProjects\BartRunnerAndroid\app\src\test\resources\bart_live_20260911_161720\etd\colm.xml,2026-09-11T16:17:18-07:00
bart_live_20260911_161720,COLM,Colma,Red,RED,Richmond,RICH,2,North,51,2026-09-11T17:08:18-07:00,future,0,0,C:\Users\Igor\StudioProjects\BartRunnerAndroid\app\src\test\resources\bart_live_20260911_161720\etd\colm.xml,2026-09-11T16:17:18-07:00
bart_live_20260911_161720,COLM,Colma,Yellow,YELLOW,SF Airport,SFIA,1,South,9,2026-09-11T16:26:18-07:00,future,146,0,C:\Users\Igor\StudioProjects\BartRunnerAndroid\app\src\test\resources\bart_live_20260911_161720\etd\colm.xml,2026-09-11T16:17:18-07:00
bart_live_20260911_161720,COLM,Colma,Yellow,YELLOW,SF Airport,SFIA,1,South,21,2026-09-11T16:38:18-07:00,future,201,0,C:\Users\Igor\StudioProjects\BartRunnerAndroid\app\src\test\resources\bart_live_20260911_161720\etd\colm.xml,2026-09-11T16:17:18-07:00
bart_live_20260911_161720,COLM,Colma,Yellow,YELLOW,SF Airport,SFIA,1,South,27,2026-09-11T16:44:18-07:00,future,0,0,C:\Users\Igor\StudioProjects\BartRunnerAndroid\app\src\test\resources\bart_live_20260911_161720\etd\colm.xml,2026-09-11T16:17:18-07:00
bart_live_20260911_161720,COLS,Coliseum,Green,GREEN,Berryessa,BERY,1,North,3,2026-09-11T16:20:17-07:00,future,62,0,C:\Users\Igor\StudioProjects\BartRunnerAndroid\app\src\test\resources\bart_live_20260911_161720\etd\cols.xml,2026-09-11T16:17:17-07:00
bart_live_20260911_161720,COLS,Coliseum,Orange,ORANGE,Berryessa,BERY,1,South,6,2026-09-11T16:23:17-07:00,future,0,0,C:\Users\Igor\StudioProjects\BartRunnerAndroid\app\src\test\resources\bart_live_20260911_161720\etd\cols.xml,2026-09-11T16:17:17-07:00
bart_live_20260911_161720,COLS,Coliseum,Green,GREEN,Berryessa,BERY,1,North,22,2026-09-11T16:39:17-07:00,future,0,0,C:\Users\Igor\StudioProjects\BartRunnerAndroid\app\src\test\resources\bart_live_20260911_161720\etd\cols.xml,2026-09-11T16:17:17-07:00
bart_live_20260911_161720,COLS,Coliseum,Blue,BLUE,Daly City,DALY,2,South,Leaving,2026-09-11T16:17:17-07:00,leaving,0,0,C:\Users\Igor\StudioProjects\BartRunnerAndroid\app\src\test\resources\bart_live_20260911_161720\etd\cols.xml,2026-09-11T16:17:17-07:00
bart_live_20260911_161720,COLS,Coliseum,Green,GREEN,Daly City,DALY,2,South,10,2026-09-11T16:27:17-07:00,future,85,0,C:\Users\Igor\StudioProjects\BartRunnerAndroid\app\src\test\resources\bart_live_20260911_161720\etd\cols.xml,2026-09-11T16:17:17-07:00
bart_live_20260911_161720,COLS,Coliseum,Blue,BLUE,Daly City,DALY,2,South,20,2026-09-11T16:37:17-07:00,future,0,0,C:\Users\Igor\StudioProjects\BartRunnerAndroid\app\src\test\resources\bart_live_20260911_161720\etd\cols.xml,2026-09-11T16:17:17-07:00
bart_live_20260911_161720,COLS,Coliseum,Blue,BLUE,Dublin/Pleasanton,DUBL,1,North,11,2026-09-11T16:28:17-07:00,future,71,0,C:\Users\Igor\StudioProjects\BartRunnerAndroid\app\src\test\resources\bart_live_20260911_161720\etd\cols.xml,2026-09-11T16:17:17-07:00
bart_live_20260911_161720,COLS,Coliseum,Blue,BLUE,Dublin/Pleasanton,DUBL,1,North,32,2026-09-11T16:49:17-07:00,future,161,0,C:\Users\Igor\StudioProjects\BartRunnerAndroid\app\src\test\resources\bart_live_20260911_161720\etd\cols.xml,2026-09-11T16:17:17-07:00
bart_live_20260911_161720,COLS,Coliseum,Blue,BLUE,Dublin/Pleasanton,DUBL,1,North,50,2026-09-11T17:07:17-07:00,future,0,0,C:\Users\Igor\StudioProjects\BartRunnerAndroid\app\src\test\resources\bart_live_20260911_161720\etd\cols.xml,2026-09-11T16:17:17-07:00
bart_live_20260911_161720,COLS,Coliseum,Orange,ORANGE,Richmond,RICH,2,North,5,2026-09-11T16:22:17-07:00,future,0,0,C:\Users\Igor\StudioProjects\BartRunnerAndroid\app\src\test\resources\bart_live_20260911_161720\etd\cols.xml,2026-09-11T16:17:17-07:00
bart_live_20260911_161720,COLS,Coliseum,Orange,ORANGE,Richmond,RICH,2,North,25,2026-09-11T16:42:17-07:00,future,0,0,C:\Users\Igor\StudioProjects\BartRunnerAndroid\app\src\test\resources\bart_live_20260911_161720\etd\cols.xml,2026-09-11T16:17:17-07:00
bart_live_20260911_161720,COLS,Coliseum,Orange,ORANGE,Richmond,RICH,2,North,45,2026-09-11T17:02:17-07:00,future,0,0,C:\Users\Igor\StudioProjects\BartRunnerAndroid\app\src\test\resources\bart_live_20260911_161720\etd\cols.xml,2026-09-11T16:17:17-07:00
bart_live_20260911_161720,CONC,Concord,Yellow,YELLOW,Antioch,ANTC,1,North,9,2026-09-11T16:26:17-07:00,future,137,0,C:\Users\Igor\StudioProjects\BartRunnerAndroid\app\src\test\resources\bart_live_20260911_161720\etd\conc.xml,2026-09-11T16:17:17-07:00
bart_live_20260911_161720,CONC,Concord,Yellow,YELLOW,Antioch,ANTC,1,North,28,2026-09-11T16:45:17-07:00,future,62,0,C:\Users\Igor\StudioProjects\BartRunnerAndroid\app\src\test\resources\bart_live_20260911_161720\etd\conc.xml,2026-09-11T16:17:17-07:00
bart_live_20260911_161720,CONC,Concord,Yellow,YELLOW,Antioch,ANTC,1,North,48,2026-09-11T17:05:17-07:00,future,0,0,C:\Users\Igor\StudioProjects\BartRunnerAndroid\app\src\test\resources\bart_live_20260911_161720\etd\conc.xml,2026-09-11T16:17:17-07:00
bart_live_20260911_161720,CONC,Concord,Yellow,YELLOW,Pittsburg/Bay Point,PITT,1,North,21,2026-09-11T16:38:17-07:00,future,109,0,C:\Users\Igor\StudioProjects\BartRunnerAndroid\app\src\test\resources\bart_live_20260911_161720\etd\conc.xml,2026-09-11T16:17:17-07:00
bart_live_20260911_161720,CONC,Concord,Yellow,YELLOW,Pittsburg/Bay Point,PITT,1,North,41,2026-09-11T16:58:17-07:00,future,132,0,C:\Users\Igor\StudioProjects\BartRunnerAndroid\app\src\test\resources\bart_live_20260911_161720\etd\conc.xml,2026-09-11T16:17:17-07:00
bart_live_20260911_161720,CONC,Concord,Yellow,YELLOW,Pittsburg/Bay Point,PITT,1,North,59,2026-09-11T17:16:17-07:00,future,0,0,C:\Users\Igor\StudioProjects\BartRunnerAndroid\app\src\test\resources\bart_live_20260911_161720\etd\conc.xml,2026-09-11T16:17:17-07:00
bart_live_20260911_161720,CONC,Concord,Yellow,YELLOW,SF Airport,SFIA,2,South,11,2026-09-11T16:28:17-07:00,future,0,0,C:\Users\Igor\StudioProjects\BartRunnerAndroid\app\src\test\resources\bart_live_20260911_161720\etd\conc.xml,2026-09-11T16:17:17-07:00
bart_live_20260911_161720,CONC,Concord,Yellow,YELLOW,SF Airport,SFIA,2,South,20,2026-09-11T16:37:17-07:00,future,0,0,C:\Users\Igor\StudioProjects\BartRunnerAndroid\app\src\test\resources\bart_live_20260911_161720\etd\conc.xml,2026-09-11T16:17:17-07:00
bart_live_20260911_161720,CONC,Concord,Yellow,YELLOW,SF Airport,SFIA,2,South,31,2026-09-11T16:48:17-07:00,future,0,0,C:\Users\Igor\StudioProjects\BartRunnerAndroid\app\src\test\resources\bart_live_20260911_161720\etd\conc.xml,2026-09-11T16:17:17-07:00
bart_live_20260911_161720,DALY,Daly City,Yellow,YELLOW,Antioch,ANTC,2,North,6,2026-09-11T16:23:17-07:00,future,0,0,C:\Users\Igor\StudioProjects\BartRunnerAndroid\app\src\test\resources\bart_live_20260911_161720\etd\daly.xml,2026-09-11T16:17:17-07:00
bart_live_20260911_161720,DALY,Daly City,Yellow,YELLOW,Antioch,ANTC,2,North,26,2026-09-11T16:43:17-07:00,future,0,0,C:\Users\Igor\StudioProjects\BartRunnerAndroid\app\src\test\resources\bart_live_20260911_161720\etd\daly.xml,2026-09-11T16:17:17-07:00
bart_live_20260911_161720,DALY,Daly City,Yellow,YELLOW,Antioch,ANTC,2,North,46,2026-09-11T17:03:17-07:00,future,0,0,C:\Users\Igor\StudioProjects\BartRunnerAndroid\app\src\test\resources\bart_live_20260911_161720\etd\daly.xml,2026-09-11T16:17:17-07:00
bart_live_20260911_161720,DALY,Daly City,Green,GREEN,Berryessa,BERY,2,North,5,2026-09-11T16:22:17-07:00,future,130,0,C:\Users\Igor\StudioProjects\BartRunnerAndroid\app\src\test\resources\bart_live_20260911_161720\etd\daly.xml,2026-09-11T16:17:17-07:00
bart_live_20260911_161720,DALY,Daly City,Green,GREEN,Berryessa,BERY,2,North,23,2026-09-11T16:40:17-07:00,future,0,0,C:\Users\Igor\StudioProjects\BartRunnerAndroid\app\src\test\resources\bart_live_20260911_161720\etd\daly.xml,2026-09-11T16:17:17-07:00
bart_live_20260911_161720,DALY,Daly City,Green,GREEN,Berryessa,BERY,2,North,42,2026-09-11T16:59:17-07:00,future,0,0,C:\Users\Igor\StudioProjects\BartRunnerAndroid\app\src\test\resources\bart_live_20260911_161720\etd\daly.xml,2026-09-11T16:17:17-07:00
bart_live_20260911_161720,DALY,Daly City,Blue,BLUE,Dublin/Pleasanton,DUBL,2,North,10,2026-09-11T16:27:17-07:00,future,0,0,C:\Users\Igor\StudioProjects\BartRunnerAndroid\app\src\test\resources\bart_live_20260911_161720\etd\daly.xml,2026-09-11T16:17:17-07:00
bart_live_20260911_161720,DALY,Daly City,Blue,BLUE,Dublin/Pleasanton,DUBL,2,North,30,2026-09-11T16:47:17-07:00,future,0,0,C:\Users\Igor\StudioProjects\BartRunnerAndroid\app\src\test\resources\bart_live_20260911_161720\etd\daly.xml,2026-09-11T16:17:17-07:00
bart_live_20260911_161720,DALY,Daly City,Red,RED,Millbrae,MLBR,1,South,10,2026-09-11T16:27:17-07:00,future,0,0,C:\Users\Igor\StudioProjects\BartRunnerAndroid\app\src\test\resources\bart_live_20260911_161720\etd\daly.xml,2026-09-11T16:17:17-07:00
bart_live_20260911_161720,DALY,Daly City,Red,RED,Millbrae,MLBR,1,South,31,2026-09-11T16:48:17-07:00,future,77,0,C:\Users\Igor\StudioProjects\BartRunnerAndroid\app\src\test\resources\bart_live_20260911_161720\etd\daly.xml,2026-09-11T16:17:17-07:00
bart_live_20260911_161720,DALY,Daly City,Red,RED,Millbrae,MLBR,1,South,50,2026-09-11T17:07:17-07:00,future,0,0,C:\Users\Igor\StudioProjects\BartRunnerAndroid\app\src\test\resources\bart_live_20260911_161720\etd\daly.xml,2026-09-11T16:17:17-07:00
bart_live_20260911_161720,DALY,Daly City,Yellow,YELLOW,Pittsburg/Bay Point,PITT,2,North,1,2026-09-11T16:18:17-07:00,future,195,0,C:\Users\Igor\StudioProjects\BartRunnerAndroid\app\src\test\resources\bart_live_20260911_161720\etd\daly.xml,2026-09-11T16:17:17-07:00
bart_live_20260911_161720,DALY,Daly City,Yellow,YELLOW,Pittsburg/Bay Point,PITT,2,North,18,2026-09-11T16:35:17-07:00,future,0,0,C:\Users\Igor\StudioProjects\BartRunnerAndroid\app\src\test\resources\bart_live_20260911_161720\etd\daly.xml,2026-09-11T16:17:17-07:00
bart_live_20260911_161720,DALY,Daly City,Yellow,YELLOW,Pittsburg/Bay Point,PITT,2,North,38,2026-09-11T16:55:17-07:00,future,0,0,C:\Users\Igor\StudioProjects\BartRunnerAndroid\app\src\test\resources\bart_live_20260911_161720\etd\daly.xml,2026-09-11T16:17:17-07:00
bart_live_20260911_161720,DALY,Daly City,Red,RED,Richmond,RICH,2,North,15,2026-09-11T16:32:17-07:00,future,0,0,C:\Users\Igor\StudioProjects\BartRunnerAndroid\app\src\test\resources\bart_live_20260911_161720\etd\daly.xml,2026-09-11T16:17:17-07:00
bart_live_20260911_161720,DALY,Daly City,Red,RED,Richmond,RICH,2,North,35,2026-09-11T16:52:17-07:00,future,0,0,C:\Users\Igor\StudioProjects\BartRunnerAndroid\app\src\test\resources\bart_live_20260911_161720\etd\daly.xml,2026-09-11T16:17:17-07:00
bart_live_20260911_161720,DALY,Daly City,Red,RED,Richmond,RICH,2,North,55,2026-09-11T17:12:17-07:00,future,0,0,C:\Users\Igor\StudioProjects\BartRunnerAndroid\app\src\test\resources\bart_live_20260911_161720\etd\daly.xml,2026-09-11T16:17:17-07:00
bart_live_20260911_161720,DALY,Daly City,Yellow,YELLOW,SF Airport,SFIA,1,South,5,2026-09-11T16:22:17-07:00,future,175,0,C:\Users\Igor\StudioProjects\BartRunnerAndroid\app\src\test\resources\bart_live_20260911_161720\etd\daly.xml,2026-09-11T16:17:17-07:00
bart_live_20260911_161720,DALY,Daly City,Yellow,YELLOW,SF Airport,SFIA,1,South,18,2026-09-11T16:35:17-07:00,future,230,0,C:\Users\Igor\StudioProjects\BartRunnerAndroid\app\src\test\resources\bart_live_20260911_161720\etd\daly.xml,2026-09-11T16:17:17-07:00
bart_live_20260911_161720,DALY,Daly City,Yellow,YELLOW,SF Airport,SFIA,1,South,23,2026-09-11T16:40:17-07:00,future,0,0,C:\Users\Igor\StudioProjects\BartRunnerAndroid\app\src\test\resources\bart_live_20260911_161720\etd\daly.xml,2026-09-11T16:17:17-07:00
bart_live_20260911_161720,DBRK,Downtown Berkeley,Orange,ORANGE,Berryessa,BERY,2,South,1,2026-09-11T16:18:18-07:00,future,0,0,C:\Users\Igor\StudioProjects\BartRunnerAndroid\app\src\test\resources\bart_live_20260911_161720\etd\dbrk.xml,2026-09-11T16:17:18-07:00
bart_live_20260911_161720,DBRK,Downtown Berkeley,Orange,ORANGE,Berryessa,BERY,2,South,21,2026-09-11T16:38:18-07:00,future,0,0,C:\Users\Igor\StudioProjects\BartRunnerAndroid\app\src\test\resources\bart_live_20260911_161720\etd\dbrk.xml,2026-09-11T16:17:18-07:00
bart_live_20260911_161720,DBRK,Downtown Berkeley,Orange,ORANGE,Berryessa,BERY,2,South,41,2026-09-11T16:58:18-07:00,future,0,0,C:\Users\Igor\StudioProjects\BartRunnerAndroid\app\src\test\resources\bart_live_20260911_161720\etd\dbrk.xml,2026-09-11T16:17:18-07:00
bart_live_20260911_161720,DBRK,Downtown Berkeley,Red,RED,Millbrae,MLBR,2,South,9,2026-09-11T16:26:18-07:00,future,0,0,C:\Users\Igor\StudioProjects\BartRunnerAndroid\app\src\test\resources\bart_live_20260911_161720\etd\dbrk.xml,2026-09-11T16:17:18-07:00
bart_live_20260911_161720,DBRK,Downtown Berkeley,Red,RED,Millbrae,MLBR,2,South,28,2026-09-11T16:45:18-07:00,future,0,0,C:\Users\Igor\StudioProjects\BartRunnerAndroid\app\src\test\resources\bart_live_20260911_161720\etd\dbrk.xml,2026-09-11T16:17:18-07:00
bart_live_20260911_161720,DBRK,Downtown Berkeley,Red,RED,Millbrae,MLBR,2,South,48,2026-09-11T17:05:18-07:00,future,0,0,C:\Users\Igor\StudioProjects\BartRunnerAndroid\app\src\test\resources\bart_live_20260911_161720\etd\dbrk.xml,2026-09-11T16:17:18-07:00
bart_live_20260911_161720,DBRK,Downtown Berkeley,Orange,ORANGE,Richmond,RICH,1,North,9,2026-09-11T16:26:18-07:00,future,112,0,C:\Users\Igor\StudioProjects\BartRunnerAndroid\app\src\test\resources\bart_live_20260911_161720\etd\dbrk.xml,2026-09-11T16:17:18-07:00
bart_live_20260911_161720,DBRK,Downtown Berkeley,Red,RED,Richmond,RICH,1,North,15,2026-09-11T16:32:18-07:00,future,0,0,C:\Users\Igor\StudioProjects\BartRunnerAndroid\app\src\test\resources\bart_live_20260911_161720\etd\dbrk.xml,2026-09-11T16:17:18-07:00
bart_live_20260911_161720,DBRK,Downtown Berkeley,Orange,ORANGE,Richmond,RICH,1,North,27,2026-09-11T16:44:18-07:00,future,0,0,C:\Users\Igor\StudioProjects\BartRunnerAndroid\app\src\test\resources\bart_live_20260911_161720\etd\dbrk.xml,2026-09-11T16:17:18-07:00
bart_live_20260911_161720,DELN,El Cerrito del Norte,Orange,ORANGE,Berryessa,BERY,2,South,12,2026-09-11T16:29:18-07:00,future,0,0,C:\Users\Igor\StudioProjects\BartRunnerAndroid\app\src\test\resources\bart_live_20260911_161720\etd\deln.xml,2026-09-11T16:17:18-07:00
bart_live_20260911_161720,DELN,El Cerrito del Norte,Orange,ORANGE,Berryessa,BERY,2,South,32,2026-09-11T16:49:18-07:00,future,0,0,C:\Users\Igor\StudioProjects\BartRunnerAndroid\app\src\test\resources\bart_live_20260911_161720\etd\deln.xml,2026-09-11T16:17:18-07:00
bart_live_20260911_161720,DELN,El Cerrito del Norte,Red,RED,Millbrae,MLBR,2,South,19,2026-09-11T16:36:18-07:00,future,0,0,C:\Users\Igor\StudioProjects\BartRunnerAndroid\app\src\test\resources\bart_live_20260911_161720\etd\deln.xml,2026-09-11T16:17:18-07:00
bart_live_20260911_161720,DELN,El Cerrito del Norte,Red,RED,Millbrae,MLBR,2,South,39,2026-09-11T16:56:18-07:00,future,0,0,C:\Users\Igor\StudioProjects\BartRunnerAndroid\app\src\test\resources\bart_live_20260911_161720\etd\deln.xml,2026-09-11T16:17:18-07:00
bart_live_20260911_161720,DELN,El Cerrito del Norte,Red,RED,Richmond,RICH,1,North,8,2026-09-11T16:25:18-07:00,future,220,0,C:\Users\Igor\StudioProjects\BartRunnerAndroid\app\src\test\resources\bart_live_20260911_161720\etd\deln.xml,2026-09-11T16:17:18-07:00
bart_live_20260911_161720,DELN,El Cerrito del Norte,Orange,ORANGE,Richmond,RICH,1,North,18,2026-09-11T16:35:18-07:00,future,96,0,C:\Users\Igor\StudioProjects\BartRunnerAndroid\app\src\test\resources\bart_live_20260911_161720\etd\deln.xml,2026-09-11T16:17:18-07:00
bart_live_20260911_161720,DELN,El Cerrito del Norte,Red,RED,Richmond,RICH,1,North,24,2026-09-11T16:41:18-07:00,future,0,0,C:\Users\Igor\StudioProjects\BartRunnerAndroid\app\src\test\resources\bart_live_20260911_161720\etd\deln.xml,2026-09-11T16:17:18-07:00
bart_live_20260911_161720,DUBL,Dublin/Pleasanton,Blue,BLUE,Daly City,DALY,2,South,12,2026-09-11T16:29:18-07:00,future,0,0,C:\Users\Igor\StudioProjects\BartRunnerAndroid\app\src\test\resources\bart_live_20260911_161720\etd\dubl.xml,2026-09-11T16:17:18-07:00
bart_live_20260911_161720,DUBL,Dublin/Pleasanton,Blue,BLUE,Daly City,DALY,2,South,32,2026-09-11T16:49:18-07:00,future,0,0,C:\Users\Igor\StudioProjects\BartRunnerAndroid\app\src\test\resources\bart_live_20260911_161720\etd\dubl.xml,2026-09-11T16:17:18-07:00
bart_live_20260911_161720,EMBR,Embarcadero,Yellow,YELLOW,Antioch,ANTC,2,North,7,2026-09-11T16:24:18-07:00,future,203,0,C:\Users\Igor\StudioProjects\BartRunnerAndroid\app\src\test\resources\bart_live_20260911_161720\etd\embr.xml,2026-09-11T16:17:18-07:00
bart_live_20260911_161720,EMBR,Embarcadero,Yellow,YELLOW,Antioch,ANTC,2,North,24,2026-09-11T16:41:18-07:00,future,0,0,C:\Users\Igor\StudioProjects\BartRunnerAndroid\app\src\test\resources\bart_live_20260911_161720\etd\embr.xml,2026-09-11T16:17:18-07:00
bart_live_20260911_161720,EMBR,Embarcadero,Yellow,YELLOW,Antioch,ANTC,2,North,44,2026-09-11T17:01:18-07:00,future,0,0,C:\Users\Igor\StudioProjects\BartRunnerAndroid\app\src\test\resources\bart_live_20260911_161720\etd\embr.xml,2026-09-11T16:17:18-07:00
bart_live_20260911_161720,EMBR,Embarcadero,Green,GREEN,Berryessa,BERY,2,North,3,2026-09-11T16:20:18-07:00,future,101,0,C:\Users\Igor\StudioProjects\BartRunnerAndroid\app\src\test\resources\bart_live_20260911_161720\etd\embr.xml,2026-09-11T16:17:18-07:00
bart_live_20260911_161720,EMBR,Embarcadero,Green,GREEN,Berryessa,BERY,2,North,23,2026-09-11T16:40:18-07:00,future,69,0,C:\Users\Igor\StudioProjects\BartRunnerAndroid\app\src\test\resources\bart_live_20260911_161720\etd\embr.xml,2026-09-11T16:17:18-07:00
bart_live_20260911_161720,EMBR,Embarcadero,Green,GREEN,Berryessa,BERY,2,North,42,2026-09-11T16:59:18-07:00,future,0,0,C:\Users\Igor\StudioProjects\BartRunnerAndroid\app\src\test\resources\bart_live_20260911_161720\etd\embr.xml,2026-09-11T16:17:18-07:00
bart_live_20260911_161720,EMBR,Embarcadero,Blue,BLUE,Daly City,DALY,1,South,3,2026-09-11T16:20:18-07:00,future,147,0,C:\Users\Igor\StudioProjects\BartRunnerAndroid\app\src\test\resources\bart_live_20260911_161720\etd\embr.xml,2026-09-11T16:17:18-07:00
bart_live_20260911_161720,EMBR,Embarcadero,Green,GREEN,Daly City,DALY,1,South,12,2026-09-11T16:29:18-07:00,future,221,0,C:\Users\Igor\StudioProjects\BartRunnerAndroid\app\src\test\resources\bart_live_20260911_161720\etd\embr.xml,2026-09-11T16:17:18-07:00
bart_live_20260911_161720,EMBR,Embarcadero,Blue,BLUE,Daly City,DALY,1,South,21,2026-09-11T16:38:18-07:00,future,0,0,C:\Users\Igor\StudioProjects\BartRunnerAndroid\app\src\test\resources\bart_live_20260911_161720\etd\embr.xml,2026-09-11T16:17:18-07:00
bart_live_20260911_161720,EMBR,Embarcadero,Blue,BLUE,Dublin/Pleasanton,DUBL,2,North,13,2026-09-11T16:30:18-07:00,future,245,0,C:\Users\Igor\StudioProjects\BartRunnerAndroid\app\src\test\resources\bart_live_20260911_161720\etd\embr.xml,2026-09-11T16:17:18-07:00
bart_live_20260911_161720,EMBR,Embarcadero,Blue,BLUE,Dublin/Pleasanton,DUBL,2,North,30,2026-09-11T16:47:18-07:00,future,0,0,C:\Users\Igor\StudioProjects\BartRunnerAndroid\app\src\test\resources\bart_live_20260911_161720\etd\embr.xml,2026-09-11T16:17:18-07:00
bart_live_20260911_161720,EMBR,Embarcadero,Blue,BLUE,Dublin/Pleasanton,DUBL,2,North,50,2026-09-11T17:07:18-07:00,future,0,0,C:\Users\Igor\StudioProjects\BartRunnerAndroid\app\src\test\resources\bart_live_20260911_161720\etd\embr.xml,2026-09-11T16:17:18-07:00
bart_live_20260911_161720,EMBR,Embarcadero,Red,RED,Millbrae,MLBR,1,South,12,2026-09-11T16:29:18-07:00,future,0,0,C:\Users\Igor\StudioProjects\BartRunnerAndroid\app\src\test\resources\bart_live_20260911_161720\etd\embr.xml,2026-09-11T16:17:18-07:00
bart_live_20260911_161720,EMBR,Embarcadero,Red,RED,Millbrae,MLBR,1,South,32,2026-09-11T16:49:18-07:00,future,0,0,C:\Users\Igor\StudioProjects\BartRunnerAndroid\app\src\test\resources\bart_live_20260911_161720\etd\embr.xml,2026-09-11T16:17:18-07:00
bart_live_20260911_161720,EMBR,Embarcadero,Red,RED,Millbrae,MLBR,1,South,52,2026-09-11T17:09:18-07:00,future,0,0,C:\Users\Igor\StudioProjects\BartRunnerAndroid\app\src\test\resources\bart_live_20260911_161720\etd\embr.xml,2026-09-11T16:17:18-07:00
bart_live_20260911_161720,EMBR,Embarcadero,Yellow,YELLOW,Pittsburg/Bay Point,PITT,2,North,1,2026-09-11T16:18:18-07:00,future,327,0,C:\Users\Igor\StudioProjects\BartRunnerAndroid\app\src\test\resources\bart_live_20260911_161720\etd\embr.xml,2026-09-11T16:17:18-07:00
bart_live_20260911_161720,EMBR,Embarcadero,Yellow,YELLOW,Pittsburg/Bay Point,PITT,2,North,17,2026-09-11T16:34:18-07:00,future,109,0,C:\Users\Igor\StudioProjects\BartRunnerAndroid\app\src\test\resources\bart_live_20260911_161720\etd\embr.xml,2026-09-11T16:17:18-07:00
bart_live_20260911_161720,EMBR,Embarcadero,Yellow,YELLOW,Pittsburg/Bay Point,PITT,2,North,36,2026-09-11T16:53:18-07:00,future,0,0,C:\Users\Igor\StudioProjects\BartRunnerAndroid\app\src\test\resources\bart_live_20260911_161720\etd\embr.xml,2026-09-11T16:17:18-07:00
bart_live_20260911_161720,EMBR,Embarcadero,Red,RED,Richmond,RICH,2,North,15,2026-09-11T16:32:18-07:00,future,141,0,C:\Users\Igor\StudioProjects\BartRunnerAndroid\app\src\test\resources\bart_live_20260911_161720\etd\embr.xml,2026-09-11T16:17:18-07:00
bart_live_20260911_161720,EMBR,Embarcadero,Red,RED,Richmond,RICH,2,North,33,2026-09-11T16:50:18-07:00,future,0,0,C:\Users\Igor\StudioProjects\BartRunnerAndroid\app\src\test\resources\bart_live_20260911_161720\etd\embr.xml,2026-09-11T16:17:18-07:00
bart_live_20260911_161720,EMBR,Embarcadero,Red,RED,Richmond,RICH,2,North,53,2026-09-11T17:10:18-07:00,future,0,0,C:\Users\Igor\StudioProjects\BartRunnerAndroid\app\src\test\resources\bart_live_20260911_161720\etd\embr.xml,2026-09-11T16:17:18-07:00
bart_live_20260911_161720,EMBR,Embarcadero,Yellow,YELLOW,SF Airport,SFIA,1,South,Leaving,2026-09-11T16:17:18-07:00,leaving,339,0,C:\Users\Igor\StudioProjects\BartRunnerAndroid\app\src\test\resources\bart_live_20260911_161720\etd\embr.xml,2026-09-11T16:17:18-07:00
bart_live_20260911_161720,EMBR,Embarcadero,Yellow,YELLOW,SF Airport,SFIA,1,South,5,2026-09-11T16:22:18-07:00,future,69,0,C:\Users\Igor\StudioProjects\BartRunnerAndroid\app\src\test\resources\bart_live_20260911_161720\etd\embr.xml,2026-09-11T16:17:18-07:00
bart_live_20260911_161720,EMBR,Embarcadero,Yellow,YELLOW,SF Airport,SFIA,1,South,15,2026-09-11T16:32:18-07:00,future,0,0,C:\Users\Igor\StudioProjects\BartRunnerAndroid\app\src\test\resources\bart_live_20260911_161720\etd\embr.xml,2026-09-11T16:17:18-07:00
bart_live_20260911_161720,FRMT,Fremont,Green,GREEN,Berryessa,BERY,1,North,12,2026-09-11T16:29:18-07:00,future,217,0,C:\Users\Igor\StudioProjects\BartRunnerAndroid\app\src\test\resources\bart_live_20260911_161720\etd\frmt.xml,2026-09-11T16:17:18-07:00
bart_live_20260911_161720,FRMT,Fremont,Orange,ORANGE,Berryessa,BERY,1,South,14,2026-09-11T16:31:18-07:00,future,175,0,C:\Users\Igor\StudioProjects\BartRunnerAndroid\app\src\test\resources\bart_live_20260911_161720\etd\frmt.xml,2026-09-11T16:17:18-07:00
bart_live_20260911_161720,FRMT,Fremont,Green,GREEN,Berryessa,BERY,1,North,28,2026-09-11T16:45:18-07:00,future,0,0,C:\Users\Igor\StudioProjects\BartRunnerAndroid\app\src\test\resources\bart_live_20260911_161720\etd\frmt.xml,2026-09-11T16:17:18-07:00
bart_live_20260911_161720,FRMT,Fremont,Green,GREEN,Daly City,DALY,2,South,5,2026-09-11T16:22:18-07:00,future,106,0,C:\Users\Igor\StudioProjects\BartRunnerAndroid\app\src\test\resources\bart_live_20260911_161720\etd\frmt.xml,2026-09-11T16:17:18-07:00
bart_live_20260911_161720,FRMT,Fremont,Green,GREEN,Daly City,DALY,2,South,23,2026-09-11T16:40:18-07:00,future,0,0,C:\Users\Igor\StudioProjects\BartRunnerAndroid\app\src\test\resources\bart_live_20260911_161720\etd\frmt.xml,2026-09-11T16:17:18-07:00
bart_live_20260911_161720,FRMT,Fremont,Green,GREEN,Daly City,DALY,2,South,43,2026-09-11T17:00:18-07:00,future,0,0,C:\Users\Igor\StudioProjects\BartRunnerAndroid\app\src\test\resources\bart_live_20260911_161720\etd\frmt.xml,2026-09-11T16:17:18-07:00
bart_live_20260911_161720,FRMT,Fremont,Orange,ORANGE,Richmond,RICH,2,North,Leaving,2026-09-11T16:17:18-07:00,leaving,76,0,C:\Users\Igor\StudioProjects\BartRunnerAndroid\app\src\test\resources\bart_live_20260911_161720\etd\frmt.xml,2026-09-11T16:17:18-07:00
bart_live_20260911_161720,FRMT,Fremont,Orange,ORANGE,Richmond,RICH,2,North,19,2026-09-11T16:36:18-07:00,future,0,0,C:\Users\Igor\StudioProjects\BartRunnerAndroid\app\src\test\resources\bart_live_20260911_161720\etd\frmt.xml,2026-09-11T16:17:18-07:00
bart_live_20260911_161720,FRMT,Fremont,Orange,ORANGE,Richmond,RICH,2,North,39,2026-09-11T16:56:18-07:00,future,0,0,C:\Users\Igor\StudioProjects\BartRunnerAndroid\app\src\test\resources\bart_live_20260911_161720\etd\frmt.xml,2026-09-11T16:17:18-07:00
bart_live_20260911_161720,FTVL,Fruitvale,Green,GREEN,Berryessa,BERY,1,North,Leaving,2026-09-11T16:17:17-07:00,leaving,95,0,C:\Users\Igor\StudioProjects\BartRunnerAndroid\app\src\test\resources\bart_live_20260911_161720\etd\ftvl.xml,2026-09-11T16:17:17-07:00
bart_live_20260911_161720,FTVL,Fruitvale,Orange,ORANGE,Berryessa,BERY,1,South,3,2026-09-11T16:20:17-07:00,future,0,0,C:\Users\Igor\StudioProjects\BartRunnerAndroid\app\src\test\resources\bart_live_20260911_161720\etd\ftvl.xml,2026-09-11T16:17:17-07:00
bart_live_20260911_161720,FTVL,Fruitvale,Green,GREEN,Berryessa,BERY,1,North,19,2026-09-11T16:36:17-07:00,future,0,0,C:\Users\Igor\StudioProjects\BartRunnerAndroid\app\src\test\resources\bart_live_20260911_161720\etd\ftvl.xml,2026-09-11T16:17:17-07:00
bart_live_20260911_161720,FTVL,Fruitvale,Blue,BLUE,Daly City,DALY,2,South,4,2026-09-11T16:21:17-07:00,future,0,0,C:\Users\Igor\StudioProjects\BartRunnerAndroid\app\src\test\resources\bart_live_20260911_161720\etd\ftvl.xml,2026-09-11T16:17:17-07:00
bart_live_20260911_161720,FTVL,Fruitvale,Green,GREEN,Daly City,DALY,2,South,13,2026-09-11T16:30:17-07:00,future,75,0,C:\Users\Igor\StudioProjects\BartRunnerAndroid\app\src\test\resources\bart_live_20260911_161720\etd\ftvl.xml,2026-09-11T16:17:17-07:00
bart_live_20260911_161720,FTVL,Fruitvale,Blue,BLUE,Daly City,DALY,2,South,24,2026-09-11T16:41:17-07:00,future,0,0,C:\Users\Igor\StudioProjects\BartRunnerAndroid\app\src\test\resources\bart_live_20260911_161720\etd\ftvl.xml,2026-09-11T16:17:17-07:00
bart_live_20260911_161720,FTVL,Fruitvale,Blue,BLUE,Dublin/Pleasanton,DUBL,1,North,8,2026-09-11T16:25:17-07:00,future,77,0,C:\Users\Igor\StudioProjects\BartRunnerAndroid\app\src\test\resources\bart_live_20260911_161720\etd\ftvl.xml,2026-09-11T16:17:17-07:00
bart_live_20260911_161720,FTVL,Fruitvale,Blue,BLUE,Dublin/Pleasanton,DUBL,1,North,29,2026-09-11T16:46:17-07:00,future,167,0,C:\Users\Igor\StudioProjects\BartRunnerAndroid\app\src\test\resources\bart_live_20260911_161720\etd\ftvl.xml,2026-09-11T16:17:17-07:00
bart_live_20260911_161720,FTVL,Fruitvale,Blue,BLUE,Dublin/Pleasanton,DUBL,1,North,46,2026-09-11T17:03:17-07:00,future,0,0,C:\Users\Igor\StudioProjects\BartRunnerAndroid\app\src\test\resources\bart_live_20260911_161720\etd\ftvl.xml,2026-09-11T16:17:17-07:00
bart_live_20260911_161720,FTVL,Fruitvale,Orange,ORANGE,Richmond,RICH,2,North,9,2026-09-11T16:26:17-07:00,future,0,0,C:\Users\Igor\StudioProjects\BartRunnerAndroid\app\src\test\resources\bart_live_20260911_161720\etd\ftvl.xml,2026-09-11T16:17:17-07:00
bart_live_20260911_161720,FTVL,Fruitvale,Orange,ORANGE,Richmond,RICH,2,North,28,2026-09-11T16:45:17-07:00,future,0,0,C:\Users\Igor\StudioProjects\BartRunnerAndroid\app\src\test\resources\bart_live_20260911_161720\etd\ftvl.xml,2026-09-11T16:17:17-07:00
bart_live_20260911_161720,FTVL,Fruitvale,Orange,ORANGE,Richmond,RICH,2,North,48,2026-09-11T17:05:17-07:00,future,0,0,C:\Users\Igor\StudioProjects\BartRunnerAndroid\app\src\test\resources\bart_live_20260911_161720\etd\ftvl.xml,2026-09-11T16:17:17-07:00
bart_live_20260911_161720,GLEN,Glen Park,Yellow,YELLOW,Antioch,ANTC,2,North,12,2026-09-11T16:29:18-07:00,future,0,0,C:\Users\Igor\StudioProjects\BartRunnerAndroid\app\src\test\resources\bart_live_20260911_161720\etd\glen.xml,2026-09-11T16:17:18-07:00
bart_live_20260911_161720,GLEN,Glen Park,Yellow,YELLOW,Antioch,ANTC,2,North,32,2026-09-11T16:49:18-07:00,future,0,0,C:\Users\Igor\StudioProjects\BartRunnerAndroid\app\src\test\resources\bart_live_20260911_161720\etd\glen.xml,2026-09-11T16:17:18-07:00
bart_live_20260911_161720,GLEN,Glen Park,Yellow,YELLOW,Antioch,ANTC,2,North,52,2026-09-11T17:09:18-07:00,future,0,0,C:\Users\Igor\StudioProjects\BartRunnerAndroid\app\src\test\resources\bart_live_20260911_161720\etd\glen.xml,2026-09-11T16:17:18-07:00
bart_live_20260911_161720,GLEN,Glen Park,Green,GREEN,Berryessa,BERY,2,North,11,2026-09-11T16:28:18-07:00,future,98,0,C:\Users\Igor\StudioProjects\BartRunnerAndroid\app\src\test\resources\bart_live_20260911_161720\etd\glen.xml,2026-09-11T16:17:18-07:00
bart_live_20260911_161720,GLEN,Glen Park,Green,GREEN,Berryessa,BERY,2,North,29,2026-09-11T16:46:18-07:00,future,0,0,C:\Users\Igor\StudioProjects\BartRunnerAndroid\app\src\test\resources\bart_live_20260911_161720\etd\glen.xml,2026-09-11T16:17:18-07:00
bart_live_20260911_161720,GLEN,Glen Park,Green,GREEN,Berryessa,BERY,2,North,49,2026-09-11T17:06:18-07:00,future,0,0,C:\Users\Igor\StudioProjects\BartRunnerAndroid\app\src\test\resources\bart_live_20260911_161720\etd\glen.xml,2026-09-11T16:17:18-07:00
bart_live_20260911_161720,GLEN,Glen Park,Green,GREEN,Daly City,DALY,1,South,9,2026-09-11T16:26:18-07:00,future,537,0,C:\Users\Igor\StudioProjects\BartRunnerAndroid\app\src\test\resources\bart_live_20260911_161720\etd\glen.xml,2026-09-11T16:17:18-07:00
bart_live_20260911_161720,GLEN,Glen Park,Blue,BLUE,Daly City,DALY,1,South,14,2026-09-11T16:31:18-07:00,future,64,0,C:\Users\Igor\StudioProjects\BartRunnerAndroid\app\src\test\resources\bart_live_20260911_161720\etd\glen.xml,2026-09-11T16:17:18-07:00
bart_live_20260911_161720,GLEN,Glen Park,Green,GREEN,Daly City,DALY,1,South,25,2026-09-11T16:42:18-07:00,future,254,0,C:\Users\Igor\StudioProjects\BartRunnerAndroid\app\src\test\resources\bart_live_20260911_161720\etd\glen.xml,2026-09-11T16:17:18-07:00
bart_live_20260911_161720,GLEN,Glen Park,Blue,BLUE,Dublin/Pleasanton,DUBL,2,North,2,2026-09-11T16:19:18-07:00,future,283,0,C:\Users\Igor\StudioProjects\BartRunnerAndroid\app\src\test\resources\bart_live_20260911_161720\etd\glen.xml,2026-09-11T16:17:18-07:00
bart_live_20260911_161720,GLEN,Glen Park,Blue,BLUE,Dublin/Pleasanton,DUBL,2,North,17,2026-09-11T16:34:18-07:00,future,0,0,C:\Users\Igor\StudioProjects\BartRunnerAndroid\app\src\test\resources\bart_live_20260911_161720\etd\glen.xml,2026-09-11T16:17:18-07:00
bart_live_20260911_161720,GLEN,Glen Park,Blue,BLUE,Dublin/Pleasanton,DUBL,2,North,37,2026-09-11T16:54:18-07:00,future,0,0,C:\Users\Igor\StudioProjects\BartRunnerAndroid\app\src\test\resources\bart_live_20260911_161720\etd\glen.xml,2026-09-11T16:17:18-07:00
bart_live_20260911_161720,GLEN,Glen Park,Red,RED,Millbrae,MLBR,1,South,4,2026-09-11T16:21:18-07:00,future,0,0,C:\Users\Igor\StudioProjects\BartRunnerAndroid\app\src\test\resources\bart_live_20260911_161720\etd\glen.xml,2026-09-11T16:17:18-07:00
bart_live_20260911_161720,GLEN,Glen Park,Red,RED,Millbrae,MLBR,1,South,25,2026-09-11T16:42:18-07:00,future,85,0,C:\Users\Igor\StudioProjects\BartRunnerAndroid\app\src\test\resources\bart_live_20260911_161720\etd\glen.xml,2026-09-11T16:17:18-07:00
bart_live_20260911_161720,GLEN,Glen Park,Red,RED,Millbrae,MLBR,1,South,44,2026-09-11T17:01:18-07:00,future,0,0,C:\Users\Igor\StudioProjects\BartRunnerAndroid\app\src\test\resources\bart_live_20260911_161720\etd\glen.xml,2026-09-11T16:17:18-07:00
bart_live_20260911_161720,GLEN,Glen Park,Yellow,YELLOW,Pittsburg/Bay Point,PITT,2,North,6,2026-09-11T16:23:18-07:00,future,169,0,C:\Users\Igor\StudioProjects\BartRunnerAndroid\app\src\test\resources\bart_live_20260911_161720\etd\glen.xml,2026-09-11T16:17:18-07:00
bart_live_20260911_161720,GLEN,Glen Park,Yellow,YELLOW,Pittsburg/Bay Point,PITT,2,North,23,2026-09-11T16:40:18-07:00,future,0,0,C:\Users\Igor\StudioProjects\BartRunnerAndroid\app\src\test\resources\bart_live_20260911_161720\etd\glen.xml,2026-09-11T16:17:18-07:00
bart_live_20260911_161720,GLEN,Glen Park,Yellow,YELLOW,Pittsburg/Bay Point,PITT,2,North,44,2026-09-11T17:01:18-07:00,future,0,0,C:\Users\Igor\StudioProjects\BartRunnerAndroid\app\src\test\resources\bart_live_20260911_161720\etd\glen.xml,2026-09-11T16:17:18-07:00
bart_live_20260911_161720,GLEN,Glen Park,Red,RED,Richmond,RICH,2,North,4,2026-09-11T16:21:18-07:00,future,180,0,C:\Users\Igor\StudioProjects\BartRunnerAndroid\app\src\test\resources\bart_live_20260911_161720\etd\glen.xml,2026-09-11T16:17:18-07:00
bart_live_20260911_161720,GLEN,Glen Park,Red,RED,Richmond,RICH,2,North,21,2026-09-11T16:38:18-07:00,future,0,0,C:\Users\Igor\StudioProjects\BartRunnerAndroid\app\src\test\resources\bart_live_20260911_161720\etd\glen.xml,2026-09-11T16:17:18-07:00
bart_live_20260911_161720,GLEN,Glen Park,Red,RED,Richmond,RICH,2,North,41,2026-09-11T16:58:18-07:00,future,0,0,C:\Users\Igor\StudioProjects\BartRunnerAndroid\app\src\test\resources\bart_live_20260911_161720\etd\glen.xml,2026-09-11T16:17:18-07:00
bart_live_20260911_161720,GLEN,Glen Park,Yellow,YELLOW,SF Airport,SFIA,1,South,12,2026-09-11T16:29:18-07:00,future,257,0,C:\Users\Igor\StudioProjects\BartRunnerAndroid\app\src\test\resources\bart_live_20260911_161720\etd\glen.xml,2026-09-11T16:17:18-07:00
bart_live_20260911_161720,GLEN,Glen Park,Yellow,YELLOW,SF Airport,SFIA,1,South,16,2026-09-11T16:33:18-07:00,future,0,0,C:\Users\Igor\StudioProjects\BartRunnerAndroid\app\src\test\resources\bart_live_20260911_161720\etd\glen.xml,2026-09-11T16:17:18-07:00
bart_live_20260911_161720,GLEN,Glen Park,Yellow,YELLOW,SF Airport,SFIA,1,South,27,2026-09-11T16:44:18-07:00,future,0,0,C:\Users\Igor\StudioProjects\BartRunnerAndroid\app\src\test\resources\bart_live_20260911_161720\etd\glen.xml,2026-09-11T16:17:18-07:00
bart_live_20260911_161720,HAYW,Hayward,Orange,ORANGE,Berryessa,BERY,1,South,1,2026-09-11T16:18:17-07:00,future,241,0,C:\Users\Igor\StudioProjects\BartRunnerAndroid\app\src\test\resources\bart_live_20260911_161720\etd\hayw.xml,2026-09-11T16:17:17-07:00
bart_live_20260911_161720,HAYW,Hayward,Green,GREEN,Berryessa,BERY,1,North,15,2026-09-11T16:32:17-07:00,future,0,0,C:\Users\Igor\StudioProjects\BartRunnerAndroid\app\src\test\resources\bart_live_20260911_161720\etd\hayw.xml,2026-09-11T16:17:17-07:00
bart_live_20260911_161720,HAYW,Hayward,Orange,ORANGE,Berryessa,BERY,1,South,17,2026-09-11T16:34:17-07:00,future,0,0,C:\Users\Igor\StudioProjects\BartRunnerAndroid\app\src\test\resources\bart_live_20260911_161720\etd\hayw.xml,2026-09-11T16:17:17-07:00
bart_live_20260911_161720,HAYW,Hayward,Green,GREEN,Daly City,DALY,2,South,17,2026-09-11T16:34:17-07:00,future,0,0,C:\Users\Igor\StudioProjects\BartRunnerAndroid\app\src\test\resources\bart_live_20260911_161720\etd\hayw.xml,2026-09-11T16:17:17-07:00
bart_live_20260911_161720,HAYW,Hayward,Green,GREEN,Daly City,DALY,2,South,36,2026-09-11T16:53:17-07:00,future,0,0,C:\Users\Igor\StudioProjects\BartRunnerAndroid\app\src\test\resources\bart_live_20260911_161720\etd\hayw.xml,2026-09-11T16:17:17-07:00
bart_live_20260911_161720,HAYW,Hayward,Green,GREEN,Daly City,DALY,2,South,56,2026-09-11T17:13:17-07:00,future,0,0,C:\Users\Igor\StudioProjects\BartRunnerAndroid\app\src\test\resources\bart_live_20260911_161720\etd\hayw.xml,2026-09-11T16:17:17-07:00
bart_live_20260911_161720,HAYW,Hayward,Orange,ORANGE,Richmond,RICH,2,North,13,2026-09-11T16:30:17-07:00,future,0,0,C:\Users\Igor\StudioProjects\BartRunnerAndroid\app\src\test\resources\bart_live_20260911_161720\etd\hayw.xml,2026-09-11T16:17:17-07:00
bart_live_20260911_161720,HAYW,Hayward,Orange,ORANGE,Richmond,RICH,2,North,33,2026-09-11T16:50:17-07:00,future,0,0,C:\Users\Igor\StudioProjects\BartRunnerAndroid\app\src\test\resources\bart_live_20260911_161720\etd\hayw.xml,2026-09-11T16:17:17-07:00
bart_live_20260911_161720,HAYW,Hayward,Orange,ORANGE,Richmond,RICH,2,North,53,2026-09-11T17:10:17-07:00,future,0,0,C:\Users\Igor\StudioProjects\BartRunnerAndroid\app\src\test\resources\bart_live_20260911_161720\etd\hayw.xml,2026-09-11T16:17:17-07:00
bart_live_20260911_161720,LAFY,Lafayette,Yellow,YELLOW,Antioch,ANTC,1,North,16,2026-09-11T16:33:17-07:00,future,102,0,C:\Users\Igor\StudioProjects\BartRunnerAndroid\app\src\test\resources\bart_live_20260911_161720\etd\lafy.xml,2026-09-11T16:17:17-07:00
bart_live_20260911_161720,LAFY,Lafayette,Yellow,YELLOW,Antioch,ANTC,1,North,35,2026-09-11T16:52:17-07:00,future,65,0,C:\Users\Igor\StudioProjects\BartRunnerAndroid\app\src\test\resources\bart_live_20260911_161720\etd\lafy.xml,2026-09-11T16:17:17-07:00
bart_live_20260911_161720,LAFY,Lafayette,Yellow,YELLOW,Antioch,ANTC,1,North,54,2026-09-11T17:11:17-07:00,future,0,0,C:\Users\Igor\StudioProjects\BartRunnerAndroid\app\src\test\resources\bart_live_20260911_161720\etd\lafy.xml,2026-09-11T16:17:17-07:00
bart_live_20260911_161720,LAFY,Lafayette,Yellow,YELLOW,Pittsburg/Bay Point,PITT,1,North,8,2026-09-11T16:25:17-07:00,future,139,0,C:\Users\Igor\StudioProjects\BartRunnerAndroid\app\src\test\resources\bart_live_20260911_161720\etd\lafy.xml,2026-09-11T16:17:17-07:00
bart_live_20260911_161720,LAFY,Lafayette,Yellow,YELLOW,Pittsburg/Bay Point,PITT,1,North,29,2026-09-11T16:46:17-07:00,future,163,0,C:\Users\Igor\StudioProjects\BartRunnerAndroid\app\src\test\resources\bart_live_20260911_161720\etd\lafy.xml,2026-09-11T16:17:17-07:00
bart_live_20260911_161720,LAFY,Lafayette,Yellow,YELLOW,Pittsburg/Bay Point,PITT,1,North,46,2026-09-11T17:03:17-07:00,future,0,0,C:\Users\Igor\StudioProjects\BartRunnerAndroid\app\src\test\resources\bart_live_20260911_161720\etd\lafy.xml,2026-09-11T16:17:17-07:00
bart_live_20260911_161720,LAFY,Lafayette,Yellow,YELLOW,SF Airport,SFIA,2,South,4,2026-09-11T16:21:17-07:00,future,0,0,C:\Users\Igor\StudioProjects\BartRunnerAndroid\app\src\test\resources\bart_live_20260911_161720\etd\lafy.xml,2026-09-11T16:17:17-07:00
bart_live_20260911_161720,LAFY,Lafayette,Yellow,YELLOW,SF Airport,SFIA,2,South,12,2026-09-11T16:29:17-07:00,future,0,0,C:\Users\Igor\StudioProjects\BartRunnerAndroid\app\src\test\resources\bart_live_20260911_161720\etd\lafy.xml,2026-09-11T16:17:17-07:00
bart_live_20260911_161720,LAFY,Lafayette,Yellow,YELLOW,SF Airport,SFIA,2,South,24,2026-09-11T16:41:17-07:00,future,0,0,C:\Users\Igor\StudioProjects\BartRunnerAndroid\app\src\test\resources\bart_live_20260911_161720\etd\lafy.xml,2026-09-11T16:17:17-07:00
bart_live_20260911_161720,LAKE,Lake Merritt,Green,GREEN,Berryessa,BERY,1,North,15,2026-09-11T16:32:17-07:00,future,65,0,C:\Users\Igor\StudioProjects\BartRunnerAndroid\app\src\test\resources\bart_live_20260911_161720\etd\lake.xml,2026-09-11T16:17:17-07:00
bart_live_20260911_161720,LAKE,Lake Merritt,Orange,ORANGE,Berryessa,BERY,1,South,18,2026-09-11T16:35:17-07:00,future,0,0,C:\Users\Igor\StudioProjects\BartRunnerAndroid\app\src\test\resources\bart_live_20260911_161720\etd\lake.xml,2026-09-11T16:17:17-07:00
bart_live_20260911_161720,LAKE,Lake Merritt,Green,GREEN,Berryessa,BERY,1,North,34,2026-09-11T16:51:17-07:00,future,0,0,C:\Users\Igor\StudioProjects\BartRunnerAndroid\app\src\test\resources\bart_live_20260911_161720\etd\lake.xml,2026-09-11T16:17:17-07:00
bart_live_20260911_161720,LAKE,Lake Merritt,Green,GREEN,Daly City,DALY,2,South,Leaving,2026-09-11T16:17:17-07:00,leaving,249,0,C:\Users\Igor\StudioProjects\BartRunnerAndroid\app\src\test\resources\bart_live_20260911_161720\etd\lake.xml,2026-09-11T16:17:17-07:00
bart_live_20260911_161720,LAKE,Lake Merritt,Blue,BLUE,Daly City,DALY,2,South,8,2026-09-11T16:25:17-07:00,future,0,0,C:\Users\Igor\StudioProjects\BartRunnerAndroid\app\src\test\resources\bart_live_20260911_161720\etd\lake.xml,2026-09-11T16:17:17-07:00
bart_live_20260911_161720,LAKE,Lake Merritt,Green,GREEN,Daly City,DALY,2,South,17,2026-09-11T16:34:17-07:00,future,62,0,C:\Users\Igor\StudioProjects\BartRunnerAndroid\app\src\test\resources\bart_live_20260911_161720\etd\lake.xml,2026-09-11T16:17:17-07:00
bart_live_20260911_161720,LAKE,Lake Merritt,Blue,BLUE,Dublin/Pleasanton,DUBL,1,North,4,2026-09-11T16:21:17-07:00,future,120,0,C:\Users\Igor\StudioProjects\BartRunnerAndroid\app\src\test\resources\bart_live_20260911_161720\etd\lake.xml,2026-09-11T16:17:17-07:00
bart_live_20260911_161720,LAKE,Lake Merritt,Blue,BLUE,Dublin/Pleasanton,DUBL,1,North,26,2026-09-11T16:43:17-07:00,future,191,0,C:\Users\Igor\StudioProjects\BartRunnerAndroid\app\src\test\resources\bart_live_20260911_161720\etd\lake.xml,2026-09-11T16:17:17-07:00
bart_live_20260911_161720,LAKE,Lake Merritt,Blue,BLUE,Dublin/Pleasanton,DUBL,1,North,43,2026-09-11T17:00:17-07:00,future,0,0,C:\Users\Igor\StudioProjects\BartRunnerAndroid\app\src\test\resources\bart_live_20260911_161720\etd\lake.xml,2026-09-11T16:17:17-07:00
bart_live_20260911_161720,LAKE,Lake Merritt,Orange,ORANGE,Richmond,RICH,2,North,13,2026-09-11T16:30:17-07:00,future,0,0,C:\Users\Igor\StudioProjects\BartRunnerAndroid\app\src\test\resources\bart_live_20260911_161720\etd\lake.xml,2026-09-11T16:17:17-07:00
bart_live_20260911_161720,LAKE,Lake Merritt,Orange,ORANGE,Richmond,RICH,2,North,33,2026-09-11T16:50:17-07:00,future,0,0,C:\Users\Igor\StudioProjects\BartRunnerAndroid\app\src\test\resources\bart_live_20260911_161720\etd\lake.xml,2026-09-11T16:17:17-07:00
bart_live_20260911_161720,LAKE,Lake Merritt,Orange,ORANGE,Richmond,RICH,2,North,53,2026-09-11T17:10:17-07:00,future,0,0,C:\Users\Igor\StudioProjects\BartRunnerAndroid\app\src\test\resources\bart_live_20260911_161720\etd\lake.xml,2026-09-11T16:17:17-07:00
bart_live_20260911_161720,MCAR,MacArthur,Yellow,YELLOW,Antioch,ANTC,3,North,3,2026-09-11T16:20:17-07:00,future,96,0,C:\Users\Igor\StudioProjects\BartRunnerAndroid\app\src\test\resources\bart_live_20260911_161720\etd\mcar.xml,2026-09-11T16:17:17-07:00
bart_live_20260911_161720,MCAR,MacArthur,Yellow,YELLOW,Antioch,ANTC,3,North,23,2026-09-11T16:40:17-07:00,future,69,0,C:\Users\Igor\StudioProjects\BartRunnerAndroid\app\src\test\resources\bart_live_20260911_161720\etd\mcar.xml,2026-09-11T16:17:17-07:00
bart_live_20260911_161720,MCAR,MacArthur,Yellow,YELLOW,Antioch,ANTC,3,North,42,2026-09-11T16:59:17-07:00,future,0,0,C:\Users\Igor\StudioProjects\BartRunnerAndroid\app\src\test\resources\bart_live_20260911_161720\etd\mcar.xml,2026-09-11T16:17:17-07:00
bart_live_20260911_161720,MCAR,MacArthur,Orange,ORANGE,Berryessa,BERY,2,South,8,2026-09-11T16:25:17-07:00,future,0,0,C:\Users\Igor\StudioProjects\BartRunnerAndroid\app\src\test\resources\bart_live_20260911_161720\etd\mcar.xml,2026-09-11T16:17:17-07:00
bart_live_20260911_161720,MCAR,MacArthur,Orange,ORANGE,Berryessa,BERY,2,South,29,2026-09-11T16:46:17-07:00,future,0,0,C:\Users\Igor\StudioProjects\BartRunnerAndroid\app\src\test\resources\bart_live_20260911_161720\etd\mcar.xml,2026-09-11T16:17:17-07:00
bart_live_20260911_161720,MCAR,MacArthur,Orange,ORANGE,Berryessa,BERY,2,South,49,2026-09-11T17:06:17-07:00,future,0,0,C:\Users\Igor\StudioProjects\BartRunnerAndroid\app\src\test\resources\bart_live_20260911_161720\etd\mcar.xml,2026-09-11T16:17:17-07:00
bart_live_20260911_161720,MCAR,MacArthur,Red,RED,Millbrae,MLBR,2,South,14,2026-09-11T16:31:17-07:00,future,0,0,C:\Users\Igor\StudioProjects\BartRunnerAndroid\app\src\test\resources\bart_live_20260911_161720\etd\mcar.xml,2026-09-11T16:17:17-07:00
bart_live_20260911_161720,MCAR,MacArthur,Red,RED,Millbrae,MLBR,2,South,34,2026-09-11T16:51:17-07:00,future,0,0,C:\Users\Igor\StudioProjects\BartRunnerAndroid\app\src\test\resources\bart_live_20260911_161720\etd\mcar.xml,2026-09-11T16:17:17-07:00
bart_live_20260911_161720,MCAR,MacArthur,Red,RED,Millbrae,MLBR,2,South,54,2026-09-11T17:11:17-07:00,future,0,0,C:\Users\Igor\StudioProjects\BartRunnerAndroid\app\src\test\resources\bart_live_20260911_161720\etd\mcar.xml,2026-09-11T16:17:17-07:00
bart_live_20260911_161720,MCAR,MacArthur,Yellow,YELLOW,Pittsburg/Bay Point,PITT,3,North,16,2026-09-11T16:33:17-07:00,future,181,0,C:\Users\Igor\StudioProjects\BartRunnerAndroid\app\src\test\resources\bart_live_20260911_161720\etd\mcar.xml,2026-09-11T16:17:17-07:00
bart_live_20260911_161720,MCAR,MacArthur,Yellow,YELLOW,Pittsburg/Bay Point,PITT,3,North,33,2026-09-11T16:50:17-07:00,future,0,0,C:\Users\Igor\StudioProjects\BartRunnerAndroid\app\src\test\resources\bart_live_20260911_161720\etd\mcar.xml,2026-09-11T16:17:17-07:00
bart_live_20260911_161720,MCAR,MacArthur,Yellow,YELLOW,Pittsburg/Bay Point,PITT,3,North,53,2026-09-11T17:10:17-07:00,future,0,0,C:\Users\Igor\StudioProjects\BartRunnerAndroid\app\src\test\resources\bart_live_20260911_161720\etd\mcar.xml,2026-09-11T16:17:17-07:00
bart_live_20260911_161720,MCAR,MacArthur,Orange,ORANGE,Richmond,RICH,1,North,3,2026-09-11T16:20:17-07:00,future,132,0,C:\Users\Igor\StudioProjects\BartRunnerAndroid\app\src\test\resources\bart_live_20260911_161720\etd\mcar.xml,2026-09-11T16:17:17-07:00
bart_live_20260911_161720,MCAR,MacArthur,Red,RED,Richmond,RICH,1,North,10,2026-09-11T16:27:17-07:00,future,0,0,C:\Users\Igor\StudioProjects\BartRunnerAndroid\app\src\test\resources\bart_live_20260911_161720\etd\mcar.xml,2026-09-11T16:17:17-07:00
bart_live_20260911_161720,MCAR,MacArthur,Orange,ORANGE,Richmond,RICH,1,North,21,2026-09-11T16:38:17-07:00,future,0,0,C:\Users\Igor\StudioProjects\BartRunnerAndroid\app\src\test\resources\bart_live_20260911_161720\etd\mcar.xml,2026-09-11T16:17:17-07:00
bart_live_20260911_161720,MCAR,MacArthur,Yellow,YELLOW,SF Airport,SFIA,4,South,6,2026-09-11T16:23:17-07:00,future,0,0,C:\Users\Igor\StudioProjects\BartRunnerAndroid\app\src\test\resources\bart_live_20260911_161720\etd\mcar.xml,2026-09-11T16:17:17-07:00
bart_live_20260911_161720,MCAR,MacArthur,Yellow,YELLOW,SF Airport,SFIA,4,South,18,2026-09-11T16:35:17-07:00,future,0,0,C:\Users\Igor\StudioProjects\BartRunnerAndroid\app\src\test\resources\bart_live_20260911_161720\etd\mcar.xml,2026-09-11T16:17:17-07:00
bart_live_20260911_161720,MCAR,MacArthur,Yellow,YELLOW,SF Airport,SFIA,4,South,27,2026-09-11T16:44:17-07:00,future,0,0,C:\Users\Igor\StudioProjects\BartRunnerAndroid\app\src\test\resources\bart_live_20260911_161720\etd\mcar.xml,2026-09-11T16:17:17-07:00
bart_live_20260911_161720,MLBR,Millbrae,Red,RED,Richmond,RICH,3,North,14,2026-09-11T16:31:17-07:00,future,0,0,C:\Users\Igor\StudioProjects\BartRunnerAndroid\app\src\test\resources\bart_live_20260911_161720\etd\mlbr.xml,2026-09-11T16:17:17-07:00
bart_live_20260911_161720,MLBR,Millbrae,Red,RED,Richmond,RICH,3,North,34,2026-09-11T16:51:17-07:00,future,0,0,C:\Users\Igor\StudioProjects\BartRunnerAndroid\app\src\test\resources\bart_live_20260911_161720\etd\mlbr.xml,2026-09-11T16:17:17-07:00
bart_live_20260911_161720,MLPT,Milpitas,Green,GREEN,Berryessa,BERY,1,North,7,2026-09-11T16:24:17-07:00,future,304,0,C:\Users\Igor\StudioProjects\BartRunnerAndroid\app\src\test\resources\bart_live_20260911_161720\etd\mlpt.xml,2026-09-11T16:17:17-07:00
bart_live_20260911_161720,MLPT,Milpitas,Orange,ORANGE,Berryessa,BERY,1,South,8,2026-09-11T16:25:17-07:00,future,178,0,C:\Users\Igor\StudioProjects\BartRunnerAndroid\app\src\test\resources\bart_live_20260911_161720\etd\mlpt.xml,2026-09-11T16:17:17-07:00
bart_live_20260911_161720,MLPT,Milpitas,Green,GREEN,Berryessa,BERY,1,North,24,2026-09-11T16:41:17-07:00,future,117,0,C:\Users\Igor\StudioProjects\BartRunnerAndroid\app\src\test\resources\bart_live_20260911_161720\etd\mlpt.xml,2026-09-11T16:17:17-07:00
bart_live_20260911_161720,MLPT,Milpitas,Green,GREEN,Daly City,DALY,2,South,9,2026-09-11T16:26:17-07:00,future,0,0,C:\Users\Igor\StudioProjects\BartRunnerAndroid\app\src\test\resources\bart_live_20260911_161720\etd\mlpt.xml,2026-09-11T16:17:17-07:00
bart_live_20260911_161720,MLPT,Milpitas,Green,GREEN,Daly City,DALY,2,South,29,2026-09-11T16:46:17-07:00,future,0,0,C:\Users\Igor\StudioProjects\BartRunnerAndroid\app\src\test\resources\bart_live_20260911_161720\etd\mlpt.xml,2026-09-11T16:17:17-07:00
bart_live_20260911_161720,MLPT,Milpitas,Orange,ORANGE,Richmond,RICH,2,North,6,2026-09-11T16:23:17-07:00,future,0,0,C:\Users\Igor\StudioProjects\BartRunnerAndroid\app\src\test\resources\bart_live_20260911_161720\etd\mlpt.xml,2026-09-11T16:17:17-07:00
bart_live_20260911_161720,MLPT,Milpitas,Orange,ORANGE,Richmond,RICH,2,North,26,2026-09-11T16:43:17-07:00,future,0,0,C:\Users\Igor\StudioProjects\BartRunnerAndroid\app\src\test\resources\bart_live_20260911_161720\etd\mlpt.xml,2026-09-11T16:17:17-07:00
bart_live_20260911_161720,MLPT,Milpitas,Orange,ORANGE,Richmond,RICH,2,North,46,2026-09-11T17:03:17-07:00,future,0,0,C:\Users\Igor\StudioProjects\BartRunnerAndroid\app\src\test\resources\bart_live_20260911_161720\etd\mlpt.xml,2026-09-11T16:17:17-07:00
bart_live_20260911_161720,MONT,Montgomery St.,Yellow,YELLOW,Antioch,ANTC,2,North,6,2026-09-11T16:23:18-07:00,future,214,0,C:\Users\Igor\StudioProjects\BartRunnerAndroid\app\src\test\resources\bart_live_20260911_161720\etd\mont.xml,2026-09-11T16:17:18-07:00
bart_live_20260911_161720,MONT,Montgomery St.,Yellow,YELLOW,Antioch,ANTC,2,North,22,2026-09-11T16:39:18-07:00,future,0,0,C:\Users\Igor\StudioProjects\BartRunnerAndroid\app\src\test\resources\bart_live_20260911_161720\etd\mont.xml,2026-09-11T16:17:18-07:00
bart_live_20260911_161720,MONT,Montgomery St.,Yellow,YELLOW,Antioch,ANTC,2,North,42,2026-09-11T16:59:18-07:00,future,0,0,C:\Users\Igor\StudioProjects\BartRunnerAndroid\app\src\test\resources\bart_live_20260911_161720\etd\mont.xml,2026-09-11T16:17:18-07:00
bart_live_20260911_161720,MONT,Montgomery St.,Green,GREEN,Berryessa,BERY,2,North,2,2026-09-11T16:19:18-07:00,future,127,0,C:\Users\Igor\StudioProjects\BartRunnerAndroid\app\src\test\resources\bart_live_20260911_161720\etd\mont.xml,2026-09-11T16:17:18-07:00
bart_live_20260911_161720,MONT,Montgomery St.,Green,GREEN,Berryessa,BERY,2,North,21,2026-09-11T16:38:18-07:00,future,69,0,C:\Users\Igor\StudioProjects\BartRunnerAndroid\app\src\test\resources\bart_live_20260911_161720\etd\mont.xml,2026-09-11T16:17:18-07:00
bart_live_20260911_161720,MONT,Montgomery St.,Green,GREEN,Berryessa,BERY,2,North,40,2026-09-11T16:57:18-07:00,future,0,0,C:\Users\Igor\StudioProjects\BartRunnerAndroid\app\src\test\resources\bart_live_20260911_161720\etd\mont.xml,2026-09-11T16:17:18-07:00
bart_live_20260911_161720,MONT,Montgomery St.,Green,GREEN,Daly City,DALY,1,South,Leaving,2026-09-11T16:17:18-07:00,leaving,600,0,C:\Users\Igor\StudioProjects\BartRunnerAndroid\app\src\test\resources\bart_live_20260911_161720\etd\mont.xml,2026-09-11T16:17:18-07:00
bart_live_20260911_161720,MONT,Montgomery St.,Blue,BLUE,Daly City,DALY,1,South,4,2026-09-11T16:21:18-07:00,future,104,0,C:\Users\Igor\StudioProjects\BartRunnerAndroid\app\src\test\resources\bart_live_20260911_161720\etd\mont.xml,2026-09-11T16:17:18-07:00
bart_live_20260911_161720,MONT,Montgomery St.,Green,GREEN,Daly City,DALY,1,South,15,2026-09-11T16:32:18-07:00,future,311,0,C:\Users\Igor\StudioProjects\BartRunnerAndroid\app\src\test\resources\bart_live_20260911_161720\etd\mont.xml,2026-09-11T16:17:18-07:00
bart_live_20260911_161720,MONT,Montgomery St.,Blue,BLUE,Dublin/Pleasanton,DUBL,2,North,12,2026-09-11T16:29:18-07:00,future,255,0,C:\Users\Igor\StudioProjects\BartRunnerAndroid\app\src\test\resources\bart_live_20260911_161720\etd\mont.xml,2026-09-11T16:17:18-07:00
bart_live_20260911_161720,MONT,Montgomery St.,Blue,BLUE,Dublin/Pleasanton,DUBL,2,North,28,2026-09-11T16:45:18-07:00,future,0,0,C:\Users\Igor\StudioProjects\BartRunnerAndroid\app\src\test\resources\bart_live_20260911_161720\etd\mont.xml,2026-09-11T16:17:18-07:00
bart_live_20260911_161720,MONT,Montgomery St.,Blue,BLUE,Dublin/Pleasanton,DUBL,2,North,48,2026-09-11T17:05:18-07:00,future,0,0,C:\Users\Igor\StudioProjects\BartRunnerAndroid\app\src\test\resources\bart_live_20260911_161720\etd\mont.xml,2026-09-11T16:17:18-07:00
bart_live_20260911_161720,MONT,Montgomery St.,Red,RED,Millbrae,MLBR,1,South,13,2026-09-11T16:30:18-07:00,future,0,0,C:\Users\Igor\StudioProjects\BartRunnerAndroid\app\src\test\resources\bart_live_20260911_161720\etd\mont.xml,2026-09-11T16:17:18-07:00
bart_live_20260911_161720,MONT,Montgomery St.,Red,RED,Millbrae,MLBR,1,South,33,2026-09-11T16:50:18-07:00,future,0,0,C:\Users\Igor\StudioProjects\BartRunnerAndroid\app\src\test\resources\bart_live_20260911_161720\etd\mont.xml,2026-09-11T16:17:18-07:00
bart_live_20260911_161720,MONT,Montgomery St.,Red,RED,Millbrae,MLBR,1,South,53,2026-09-11T17:10:18-07:00,future,0,0,C:\Users\Igor\StudioProjects\BartRunnerAndroid\app\src\test\resources\bart_live_20260911_161720\etd\mont.xml,2026-09-11T16:17:18-07:00
bart_live_20260911_161720,MONT,Montgomery St.,Yellow,YELLOW,Pittsburg/Bay Point,PITT,2,North,16,2026-09-11T16:33:18-07:00,future,141,0,C:\Users\Igor\StudioProjects\BartRunnerAndroid\app\src\test\resources\bart_live_20260911_161720\etd\mont.xml,2026-09-11T16:17:18-07:00
bart_live_20260911_161720,MONT,Montgomery St.,Yellow,YELLOW,Pittsburg/Bay Point,PITT,2,North,34,2026-09-11T16:51:18-07:00,future,0,0,C:\Users\Igor\StudioProjects\BartRunnerAndroid\app\src\test\resources\bart_live_20260911_161720\etd\mont.xml,2026-09-11T16:17:18-07:00
bart_live_20260911_161720,MONT,Montgomery St.,Yellow,YELLOW,Pittsburg/Bay Point,PITT,2,North,54,2026-09-11T17:11:18-07:00,future,0,0,C:\Users\Igor\StudioProjects\BartRunnerAndroid\app\src\test\resources\bart_live_20260911_161720\etd\mont.xml,2026-09-11T16:17:18-07:00
bart_live_20260911_161720,MONT,Montgomery St.,Red,RED,Richmond,RICH,2,North,14,2026-09-11T16:31:18-07:00,future,151,0,C:\Users\Igor\StudioProjects\BartRunnerAndroid\app\src\test\resources\bart_live_20260911_161720\etd\mont.xml,2026-09-11T16:17:18-07:00
bart_live_20260911_161720,MONT,Montgomery St.,Red,RED,Richmond,RICH,2,North,31,2026-09-11T16:48:18-07:00,future,0,0,C:\Users\Igor\StudioProjects\BartRunnerAndroid\app\src\test\resources\bart_live_20260911_161720\etd\mont.xml,2026-09-11T16:17:18-07:00
bart_live_20260911_161720,MONT,Montgomery St.,Red,RED,Richmond,RICH,2,North,51,2026-09-11T17:08:18-07:00,future,0,0,C:\Users\Igor\StudioProjects\BartRunnerAndroid\app\src\test\resources\bart_live_20260911_161720\etd\mont.xml,2026-09-11T16:17:18-07:00
bart_live_20260911_161720,MONT,Montgomery St.,Yellow,YELLOW,SF Airport,SFIA,1,South,2,2026-09-11T16:19:18-07:00,future,300,0,C:\Users\Igor\StudioProjects\BartRunnerAndroid\app\src\test\resources\bart_live_20260911_161720\etd\mont.xml,2026-09-11T16:17:18-07:00
bart_live_20260911_161720,MONT,Montgomery St.,Yellow,YELLOW,SF Airport,SFIA,1,South,6,2026-09-11T16:23:18-07:00,future,0,0,C:\Users\Igor\StudioProjects\BartRunnerAndroid\app\src\test\resources\bart_live_20260911_161720\etd\mont.xml,2026-09-11T16:17:18-07:00
bart_live_20260911_161720,MONT,Montgomery St.,Yellow,YELLOW,SF Airport,SFIA,1,South,17,2026-09-11T16:34:18-07:00,future,0,0,C:\Users\Igor\StudioProjects\BartRunnerAndroid\app\src\test\resources\bart_live_20260911_161720\etd\mont.xml,2026-09-11T16:17:18-07:00
bart_live_20260911_161720,NBRK,North Berkeley,Orange,ORANGE,Berryessa,BERY,2,South,18,2026-09-11T16:35:18-07:00,future,0,0,C:\Users\Igor\StudioProjects\BartRunnerAndroid\app\src\test\resources\bart_live_20260911_161720\etd\nbrk.xml,2026-09-11T16:17:18-07:00
bart_live_20260911_161720,NBRK,North Berkeley,Orange,ORANGE,Berryessa,BERY,2,South,38,2026-09-11T16:55:18-07:00,future,0,0,C:\Users\Igor\StudioProjects\BartRunnerAndroid\app\src\test\resources\bart_live_20260911_161720\etd\nbrk.xml,2026-09-11T16:17:18-07:00
bart_live_20260911_161720,NBRK,North Berkeley,Red,RED,Millbrae,MLBR,2,South,6,2026-09-11T16:23:18-07:00,future,0,0,C:\Users\Igor\StudioProjects\BartRunnerAndroid\app\src\test\resources\bart_live_20260911_161720\etd\nbrk.xml,2026-09-11T16:17:18-07:00
bart_live_20260911_161720,NBRK,North Berkeley,Red,RED,Millbrae,MLBR,2,South,26,2026-09-11T16:43:18-07:00,future,0,0,C:\Users\Igor\StudioProjects\BartRunnerAndroid\app\src\test\resources\bart_live_20260911_161720\etd\nbrk.xml,2026-09-11T16:17:18-07:00
bart_live_20260911_161720,NBRK,North Berkeley,Red,RED,Millbrae,MLBR,2,South,46,2026-09-11T17:03:18-07:00,future,0,0,C:\Users\Igor\StudioProjects\BartRunnerAndroid\app\src\test\resources\bart_live_20260911_161720\etd\nbrk.xml,2026-09-11T16:17:18-07:00
bart_live_20260911_161720,NBRK,North Berkeley,Red,RED,Richmond,RICH,1,North,1,2026-09-11T16:18:18-07:00,future,225,0,C:\Users\Igor\StudioProjects\BartRunnerAndroid\app\src\test\resources\bart_live_20260911_161720\etd\nbrk.xml,2026-09-11T16:17:18-07:00
bart_live_20260911_161720,NBRK,North Berkeley,Orange,ORANGE,Richmond,RICH,1,North,11,2026-09-11T16:28:18-07:00,future,110,0,C:\Users\Igor\StudioProjects\BartRunnerAndroid\app\src\test\resources\bart_live_20260911_161720\etd\nbrk.xml,2026-09-11T16:17:18-07:00
bart_live_20260911_161720,NBRK,North Berkeley,Red,RED,Richmond,RICH,1,North,18,2026-09-11T16:35:18-07:00,future,0,0,C:\Users\Igor\StudioProjects\BartRunnerAndroid\app\src\test\resources\bart_live_20260911_161720\etd\nbrk.xml,2026-09-11T16:17:18-07:00
bart_live_20260911_161720,NCON,North Concord/Martinez,Yellow,YELLOW,Antioch,ANTC,1,North,13,2026-09-11T16:30:18-07:00,future,120,0,C:\Users\Igor\StudioProjects\BartRunnerAndroid\app\src\test\resources\bart_live_20260911_161720\etd\ncon.xml,2026-09-11T16:17:18-07:00
bart_live_20260911_161720,NCON,North Concord/Martinez,Yellow,YELLOW,Antioch,ANTC,1,North,31,2026-09-11T16:48:18-07:00,future,0,0,C:\Users\Igor\StudioProjects\BartRunnerAndroid\app\src\test\resources\bart_live_20260911_161720\etd\ncon.xml,2026-09-11T16:17:18-07:00
bart_live_20260911_161720,NCON,North Concord/Martinez,Yellow,YELLOW,Antioch,ANTC,1,North,51,2026-09-11T17:08:18-07:00,future,0,0,C:\Users\Igor\StudioProjects\BartRunnerAndroid\app\src\test\resources\bart_live_20260911_161720\etd\ncon.xml,2026-09-11T16:17:18-07:00
bart_live_20260911_161720,NCON,North Concord/Martinez,Yellow,YELLOW,Pittsburg/Bay Point,PITT,1,North,3,2026-09-11T16:20:18-07:00,future,0,0,C:\Users\Igor\StudioProjects\BartRunnerAndroid\app\src\test\resources\bart_live_20260911_161720\etd\ncon.xml,2026-09-11T16:17:18-07:00
bart_live_20260911_161720,NCON,North Concord/Martinez,Yellow,YELLOW,Pittsburg/Bay Point,PITT,1,North,24,2026-09-11T16:41:18-07:00,future,92,0,C:\Users\Igor\StudioProjects\BartRunnerAndroid\app\src\test\resources\bart_live_20260911_161720\etd\ncon.xml,2026-09-11T16:17:18-07:00
bart_live_20260911_161720,NCON,North Concord/Martinez,Yellow,YELLOW,Pittsburg/Bay Point,PITT,1,North,44,2026-09-11T17:01:18-07:00,future,101,0,C:\Users\Igor\StudioProjects\BartRunnerAndroid\app\src\test\resources\bart_live_20260911_161720\etd\ncon.xml,2026-09-11T16:17:18-07:00
bart_live_20260911_161720,NCON,North Concord/Martinez,Yellow,YELLOW,SF Airport,SFIA,2,South,9,2026-09-11T16:26:18-07:00,future,0,0,C:\Users\Igor\StudioProjects\BartRunnerAndroid\app\src\test\resources\bart_live_20260911_161720\etd\ncon.xml,2026-09-11T16:17:18-07:00
bart_live_20260911_161720,NCON,North Concord/Martinez,Yellow,YELLOW,SF Airport,SFIA,2,South,16,2026-09-11T16:33:18-07:00,future,0,0,C:\Users\Igor\StudioProjects\BartRunnerAndroid\app\src\test\resources\bart_live_20260911_161720\etd\ncon.xml,2026-09-11T16:17:18-07:00
bart_live_20260911_161720,NCON,North Concord/Martinez,Yellow,YELLOW,SF Airport,SFIA,2,South,27,2026-09-11T16:44:18-07:00,future,0,0,C:\Users\Igor\StudioProjects\BartRunnerAndroid\app\src\test\resources\bart_live_20260911_161720\etd\ncon.xml,2026-09-11T16:17:18-07:00
bart_live_20260911_161720,ORIN,Orinda,Yellow,YELLOW,Antioch,ANTC,1,North,11,2026-09-11T16:28:18-07:00,future,96,0,C:\Users\Igor\StudioProjects\BartRunnerAndroid\app\src\test\resources\bart_live_20260911_161720\etd\orin.xml,2026-09-11T16:17:18-07:00
bart_live_20260911_161720,ORIN,Orinda,Yellow,YELLOW,Antioch,ANTC,1,North,31,2026-09-11T16:48:18-07:00,future,68,0,C:\Users\Igor\StudioProjects\BartRunnerAndroid\app\src\test\resources\bart_live_20260911_161720\etd\orin.xml,2026-09-11T16:17:18-07:00
bart_live_20260911_161720,ORIN,Orinda,Yellow,YELLOW,Antioch,ANTC,1,North,50,2026-09-11T17:07:18-07:00,future,0,0,C:\Users\Igor\StudioProjects\BartRunnerAndroid\app\src\test\resources\bart_live_20260911_161720\etd\orin.xml,2026-09-11T16:17:18-07:00
bart_live_20260911_161720,ORIN,Orinda,Yellow,YELLOW,Pittsburg/Bay Point,PITT,1,North,4,2026-09-11T16:21:18-07:00,future,144,0,C:\Users\Igor\StudioProjects\BartRunnerAndroid\app\src\test\resources\bart_live_20260911_161720\etd\orin.xml,2026-09-11T16:17:18-07:00
bart_live_20260911_161720,ORIN,Orinda,Yellow,YELLOW,Pittsburg/Bay Point,PITT,1,North,24,2026-09-11T16:41:18-07:00,future,166,0,C:\Users\Igor\StudioProjects\BartRunnerAndroid\app\src\test\resources\bart_live_20260911_161720\etd\orin.xml,2026-09-11T16:17:18-07:00
bart_live_20260911_161720,ORIN,Orinda,Yellow,YELLOW,Pittsburg/Bay Point,PITT,1,North,41,2026-09-11T16:58:18-07:00,future,0,0,C:\Users\Igor\StudioProjects\BartRunnerAndroid\app\src\test\resources\bart_live_20260911_161720\etd\orin.xml,2026-09-11T16:17:18-07:00
bart_live_20260911_161720,ORIN,Orinda,Yellow,YELLOW,SF Airport,SFIA,2,South,9,2026-09-11T16:26:18-07:00,future,0,0,C:\Users\Igor\StudioProjects\BartRunnerAndroid\app\src\test\resources\bart_live_20260911_161720\etd\orin.xml,2026-09-11T16:17:18-07:00
bart_live_20260911_161720,ORIN,Orinda,Yellow,YELLOW,SF Airport,SFIA,2,South,17,2026-09-11T16:34:18-07:00,future,0,0,C:\Users\Igor\StudioProjects\BartRunnerAndroid\app\src\test\resources\bart_live_20260911_161720\etd\orin.xml,2026-09-11T16:17:18-07:00
bart_live_20260911_161720,ORIN,Orinda,Yellow,YELLOW,SF Airport,SFIA,2,South,29,2026-09-11T16:46:18-07:00,future,0,0,C:\Users\Igor\StudioProjects\BartRunnerAndroid\app\src\test\resources\bart_live_20260911_161720\etd\orin.xml,2026-09-11T16:17:18-07:00
bart_live_20260911_161720,PCTR,Pittsburg Center,Yellow,YELLOW,Antioch,ANTC,1,North,9,2026-09-11T16:26:17-07:00,future,0,0,C:\Users\Igor\StudioProjects\BartRunnerAndroid\app\src\test\resources\bart_live_20260911_161720\etd\pctr.xml,2026-09-11T16:17:17-07:00
bart_live_20260911_161720,PCTR,Pittsburg Center,Yellow,YELLOW,Antioch,ANTC,1,North,29,2026-09-11T16:46:17-07:00,future,0,0,C:\Users\Igor\StudioProjects\BartRunnerAndroid\app\src\test\resources\bart_live_20260911_161720\etd\pctr.xml,2026-09-11T16:17:17-07:00
bart_live_20260911_161720,PCTR,Pittsburg Center,Yellow,YELLOW,Antioch,ANTC,1,North,49,2026-09-11T17:06:17-07:00,future,0,0,C:\Users\Igor\StudioProjects\BartRunnerAndroid\app\src\test\resources\bart_live_20260911_161720\etd\pctr.xml,2026-09-11T16:17:17-07:00
bart_live_20260911_161720,PCTR,Pittsburg Center,Yellow,YELLOW,SFO/Millbrae,MLBR,2,South,19,2026-09-11T16:36:17-07:00,future,0,0,C:\Users\Igor\StudioProjects\BartRunnerAndroid\app\src\test\resources\bart_live_20260911_161720\etd\pctr.xml,2026-09-11T16:17:17-07:00
bart_live_20260911_161720,PCTR,Pittsburg Center,Yellow,YELLOW,SFO/Millbrae,MLBR,2,South,39,2026-09-11T16:56:17-07:00,future,0,0,C:\Users\Igor\StudioProjects\BartRunnerAndroid\app\src\test\resources\bart_live_20260911_161720\etd\pctr.xml,2026-09-11T16:17:17-07:00
bart_live_20260911_161720,PCTR,Pittsburg Center,Yellow,YELLOW,SFO/Millbrae,MLBR,2,South,59,2026-09-11T17:16:17-07:00,future,0,0,C:\Users\Igor\StudioProjects\BartRunnerAndroid\app\src\test\resources\bart_live_20260911_161720\etd\pctr.xml,2026-09-11T16:17:17-07:00
bart_live_20260911_161720,PHIL,Pleasant Hill/Contra Costa Centre,Yellow,YELLOW,Antioch,ANTC,1,North,4,2026-09-11T16:21:17-07:00,future,146,0,C:\Users\Igor\StudioProjects\BartRunnerAndroid\app\src\test\resources\bart_live_20260911_161720\etd\phil.xml,2026-09-11T16:17:17-07:00
bart_live_20260911_161720,PHIL,Pleasant Hill/Contra Costa Centre,Yellow,YELLOW,Antioch,ANTC,1,North,23,2026-09-11T16:40:17-07:00,future,61,0,C:\Users\Igor\StudioProjects\BartRunnerAndroid\app\src\test\resources\bart_live_20260911_161720\etd\phil.xml,2026-09-11T16:17:17-07:00
bart_live_20260911_161720,PHIL,Pleasant Hill/Contra Costa Centre,Yellow,YELLOW,Antioch,ANTC,1,North,42,2026-09-11T16:59:17-07:00,future,0,0,C:\Users\Igor\StudioProjects\BartRunnerAndroid\app\src\test\resources\bart_live_20260911_161720\etd\phil.xml,2026-09-11T16:17:17-07:00
bart_live_20260911_161720,PHIL,Pleasant Hill/Contra Costa Centre,Yellow,YELLOW,Pittsburg/Bay Point,PITT,1,North,15,2026-09-11T16:32:17-07:00,future,118,0,C:\Users\Igor\StudioProjects\BartRunnerAndroid\app\src\test\resources\bart_live_20260911_161720\etd\phil.xml,2026-09-11T16:17:17-07:00
bart_live_20260911_161720,PHIL,Pleasant Hill/Contra Costa Centre,Yellow,YELLOW,Pittsburg/Bay Point,PITT,1,North,36,2026-09-11T16:53:17-07:00,future,127,0,C:\Users\Igor\StudioProjects\BartRunnerAndroid\app\src\test\resources\bart_live_20260911_161720\etd\phil.xml,2026-09-11T16:17:17-07:00
bart_live_20260911_161720,PHIL,Pleasant Hill/Contra Costa Centre,Yellow,YELLOW,Pittsburg/Bay Point,PITT,1,North,53,2026-09-11T17:10:17-07:00,future,0,0,C:\Users\Igor\StudioProjects\BartRunnerAndroid\app\src\test\resources\bart_live_20260911_161720\etd\phil.xml,2026-09-11T16:17:17-07:00
bart_live_20260911_161720,PHIL,Pleasant Hill/Contra Costa Centre,Yellow,YELLOW,SF Airport,SFIA,2,South,5,2026-09-11T16:22:17-07:00,future,0,0,C:\Users\Igor\StudioProjects\BartRunnerAndroid\app\src\test\resources\bart_live_20260911_161720\etd\phil.xml,2026-09-11T16:17:17-07:00
bart_live_20260911_161720,PHIL,Pleasant Hill/Contra Costa Centre,Yellow,YELLOW,SF Airport,SFIA,2,South,16,2026-09-11T16:33:17-07:00,future,0,0,C:\Users\Igor\StudioProjects\BartRunnerAndroid\app\src\test\resources\bart_live_20260911_161720\etd\phil.xml,2026-09-11T16:17:17-07:00
bart_live_20260911_161720,PHIL,Pleasant Hill/Contra Costa Centre,Yellow,YELLOW,SF Airport,SFIA,2,South,25,2026-09-11T16:42:17-07:00,future,0,0,C:\Users\Igor\StudioProjects\BartRunnerAndroid\app\src\test\resources\bart_live_20260911_161720\etd\phil.xml,2026-09-11T16:17:17-07:00
bart_live_20260911_161720,PITT,Pittsburg/Bay Point,Yellow,YELLOW,Antioch,ANTC,1,North,19,2026-09-11T16:36:17-07:00,future,78,0,C:\Users\Igor\StudioProjects\BartRunnerAndroid\app\src\test\resources\bart_live_20260911_161720\etd\pitt.xml,2026-09-11T16:17:17-07:00
bart_live_20260911_161720,PITT,Pittsburg/Bay Point,Yellow,YELLOW,Antioch,ANTC,1,North,37,2026-09-11T16:54:17-07:00,future,0,0,C:\Users\Igor\StudioProjects\BartRunnerAndroid\app\src\test\resources\bart_live_20260911_161720\etd\pitt.xml,2026-09-11T16:17:17-07:00
bart_live_20260911_161720,PITT,Pittsburg/Bay Point,Yellow,YELLOW,Antioch,ANTC,1,North,57,2026-09-11T17:14:17-07:00,future,0,0,C:\Users\Igor\StudioProjects\BartRunnerAndroid\app\src\test\resources\bart_live_20260911_161720\etd\pitt.xml,2026-09-11T16:17:17-07:00
bart_live_20260911_161720,PITT,Pittsburg/Bay Point,Yellow,YELLOW,SF Airport,SFIA,2,South,Leaving,2026-09-11T16:17:17-07:00,leaving,0,0,C:\Users\Igor\StudioProjects\BartRunnerAndroid\app\src\test\resources\bart_live_20260911_161720\etd\pitt.xml,2026-09-11T16:17:17-07:00
bart_live_20260911_161720,PITT,Pittsburg/Bay Point,Yellow,YELLOW,SF Airport,SFIA,2,South,9,2026-09-11T16:26:17-07:00,future,0,0,C:\Users\Igor\StudioProjects\BartRunnerAndroid\app\src\test\resources\bart_live_20260911_161720\etd\pitt.xml,2026-09-11T16:17:17-07:00
bart_live_20260911_161720,PITT,Pittsburg/Bay Point,Yellow,YELLOW,SF Airport,SFIA,2,South,18,2026-09-11T16:35:17-07:00,future,0,0,C:\Users\Igor\StudioProjects\BartRunnerAndroid\app\src\test\resources\bart_live_20260911_161720\etd\pitt.xml,2026-09-11T16:17:17-07:00
bart_live_20260911_161720,PLZA,El Cerrito Plaza,Orange,ORANGE,Berryessa,BERY,2,South,15,2026-09-11T16:32:17-07:00,future,0,0,C:\Users\Igor\StudioProjects\BartRunnerAndroid\app\src\test\resources\bart_live_20260911_161720\etd\plza.xml,2026-09-11T16:17:17-07:00
bart_live_20260911_161720,PLZA,El Cerrito Plaza,Orange,ORANGE,Berryessa,BERY,2,South,35,2026-09-11T16:52:17-07:00,future,0,0,C:\Users\Igor\StudioProjects\BartRunnerAndroid\app\src\test\resources\bart_live_20260911_161720\etd\plza.xml,2026-09-11T16:17:17-07:00
bart_live_20260911_161720,PLZA,El Cerrito Plaza,Red,RED,Millbrae,MLBR,2,South,3,2026-09-11T16:20:17-07:00,future,0,0,C:\Users\Igor\StudioProjects\BartRunnerAndroid\app\src\test\resources\bart_live_20260911_161720\etd\plza.xml,2026-09-11T16:17:17-07:00
bart_live_20260911_161720,PLZA,El Cerrito Plaza,Red,RED,Millbrae,MLBR,2,South,22,2026-09-11T16:39:17-07:00,future,0,0,C:\Users\Igor\StudioProjects\BartRunnerAndroid\app\src\test\resources\bart_live_20260911_161720\etd\plza.xml,2026-09-11T16:17:17-07:00
bart_live_20260911_161720,PLZA,El Cerrito Plaza,Red,RED,Millbrae,MLBR,2,South,42,2026-09-11T16:59:17-07:00,future,0,0,C:\Users\Igor\StudioProjects\BartRunnerAndroid\app\src\test\resources\bart_live_20260911_161720\etd\plza.xml,2026-09-11T16:17:17-07:00
bart_live_20260911_161720,PLZA,El Cerrito Plaza,Red,RED,Richmond,RICH,1,North,5,2026-09-11T16:22:17-07:00,future,227,0,C:\Users\Igor\StudioProjects\BartRunnerAndroid\app\src\test\resources\bart_live_20260911_161720\etd\plza.xml,2026-09-11T16:17:17-07:00
bart_live_20260911_161720,PLZA,El Cerrito Plaza,Orange,ORANGE,Richmond,RICH,1,North,15,2026-09-11T16:32:17-07:00,future,131,0,C:\Users\Igor\StudioProjects\BartRunnerAndroid\app\src\test\resources\bart_live_20260911_161720\etd\plza.xml,2026-09-11T16:17:17-07:00
bart_live_20260911_161720,PLZA,El Cerrito Plaza,Red,RED,Richmond,RICH,1,North,21,2026-09-11T16:38:17-07:00,future,0,0,C:\Users\Igor\StudioProjects\BartRunnerAndroid\app\src\test\resources\bart_live_20260911_161720\etd\plza.xml,2026-09-11T16:17:17-07:00
bart_live_20260911_161720,POWL,Powell St.,Yellow,YELLOW,Antioch,ANTC,2,North,4,2026-09-11T16:21:18-07:00,future,223,0,C:\Users\Igor\StudioProjects\BartRunnerAndroid\app\src\test\resources\bart_live_20260911_161720\etd\powl.xml,2026-09-11T16:17:18-07:00
bart_live_20260911_161720,POWL,Powell St.,Yellow,YELLOW,Antioch,ANTC,2,North,21,2026-09-11T16:38:18-07:00,future,0,0,C:\Users\Igor\StudioProjects\BartRunnerAndroid\app\src\test\resources\bart_live_20260911_161720\etd\powl.xml,2026-09-11T16:17:18-07:00
bart_live_20260911_161720,POWL,Powell St.,Yellow,YELLOW,Antioch,ANTC,2,North,41,2026-09-11T16:58:18-07:00,future,0,0,C:\Users\Igor\StudioProjects\BartRunnerAndroid\app\src\test\resources\bart_live_20260911_161720\etd\powl.xml,2026-09-11T16:17:18-07:00
bart_live_20260911_161720,POWL,Powell St.,Green,GREEN,Berryessa,BERY,2,North,Leaving,2026-09-11T16:17:18-07:00,leaving,144,0,C:\Users\Igor\StudioProjects\BartRunnerAndroid\app\src\test\resources\bart_live_20260911_161720\etd\powl.xml,2026-09-11T16:17:18-07:00
bart_live_20260911_161720,POWL,Powell St.,Green,GREEN,Berryessa,BERY,2,North,19,2026-09-11T16:36:18-07:00,future,68,0,C:\Users\Igor\StudioProjects\BartRunnerAndroid\app\src\test\resources\bart_live_20260911_161720\etd\powl.xml,2026-09-11T16:17:18-07:00
bart_live_20260911_161720,POWL,Powell St.,Green,GREEN,Berryessa,BERY,2,North,38,2026-09-11T16:55:18-07:00,future,0,0,C:\Users\Igor\StudioProjects\BartRunnerAndroid\app\src\test\resources\bart_live_20260911_161720\etd\powl.xml,2026-09-11T16:17:18-07:00
bart_live_20260911_161720,POWL,Powell St.,Green,GREEN,Daly City,DALY,1,South,1,2026-09-11T16:18:18-07:00,future,563,0,C:\Users\Igor\StudioProjects\BartRunnerAndroid\app\src\test\resources\bart_live_20260911_161720\etd\powl.xml,2026-09-11T16:17:18-07:00
bart_live_20260911_161720,POWL,Powell St.,Blue,BLUE,Daly City,DALY,1,South,5,2026-09-11T16:22:18-07:00,future,90,0,C:\Users\Igor\StudioProjects\BartRunnerAndroid\app\src\test\resources\bart_live_20260911_161720\etd\powl.xml,2026-09-11T16:17:18-07:00
bart_live_20260911_161720,POWL,Powell St.,Green,GREEN,Daly City,DALY,1,South,16,2026-09-11T16:33:18-07:00,future,280,0,C:\Users\Igor\StudioProjects\BartRunnerAndroid\app\src\test\resources\bart_live_20260911_161720\etd\powl.xml,2026-09-11T16:17:18-07:00
bart_live_20260911_161720,POWL,Powell St.,Blue,BLUE,Dublin/Pleasanton,DUBL,2,North,11,2026-09-11T16:28:18-07:00,future,264,0,C:\Users\Igor\StudioProjects\BartRunnerAndroid\app\src\test\resources\bart_live_20260911_161720\etd\powl.xml,2026-09-11T16:17:18-07:00
bart_live_20260911_161720,POWL,Powell St.,Blue,BLUE,Dublin/Pleasanton,DUBL,2,North,26,2026-09-11T16:43:18-07:00,future,0,0,C:\Users\Igor\StudioProjects\BartRunnerAndroid\app\src\test\resources\bart_live_20260911_161720\etd\powl.xml,2026-09-11T16:17:18-07:00
bart_live_20260911_161720,POWL,Powell St.,Blue,BLUE,Dublin/Pleasanton,DUBL,2,North,46,2026-09-11T17:03:18-07:00,future,0,0,C:\Users\Igor\StudioProjects\BartRunnerAndroid\app\src\test\resources\bart_live_20260911_161720\etd\powl.xml,2026-09-11T16:17:18-07:00
bart_live_20260911_161720,POWL,Powell St.,Red,RED,Millbrae,MLBR,1,South,15,2026-09-11T16:32:18-07:00,future,0,0,C:\Users\Igor\StudioProjects\BartRunnerAndroid\app\src\test\resources\bart_live_20260911_161720\etd\powl.xml,2026-09-11T16:17:18-07:00
bart_live_20260911_161720,POWL,Powell St.,Red,RED,Millbrae,MLBR,1,South,35,2026-09-11T16:52:18-07:00,future,0,0,C:\Users\Igor\StudioProjects\BartRunnerAndroid\app\src\test\resources\bart_live_20260911_161720\etd\powl.xml,2026-09-11T16:17:18-07:00
bart_live_20260911_161720,POWL,Powell St.,Red,RED,Millbrae,MLBR,1,South,55,2026-09-11T17:12:18-07:00,future,0,0,C:\Users\Igor\StudioProjects\BartRunnerAndroid\app\src\test\resources\bart_live_20260911_161720\etd\powl.xml,2026-09-11T16:17:18-07:00
bart_live_20260911_161720,POWL,Powell St.,Yellow,YELLOW,Pittsburg/Bay Point,PITT,2,North,14,2026-09-11T16:31:18-07:00,future,123,0,C:\Users\Igor\StudioProjects\BartRunnerAndroid\app\src\test\resources\bart_live_20260911_161720\etd\powl.xml,2026-09-11T16:17:18-07:00
bart_live_20260911_161720,POWL,Powell St.,Yellow,YELLOW,Pittsburg/Bay Point,PITT,2,North,32,2026-09-11T16:49:18-07:00,future,0,0,C:\Users\Igor\StudioProjects\BartRunnerAndroid\app\src\test\resources\bart_live_20260911_161720\etd\powl.xml,2026-09-11T16:17:18-07:00
bart_live_20260911_161720,POWL,Powell St.,Yellow,YELLOW,Pittsburg/Bay Point,PITT,2,North,52,2026-09-11T17:09:18-07:00,future,0,0,C:\Users\Igor\StudioProjects\BartRunnerAndroid\app\src\test\resources\bart_live_20260911_161720\etd\powl.xml,2026-09-11T16:17:18-07:00
bart_live_20260911_161720,POWL,Powell St.,Red,RED,Richmond,RICH,2,North,12,2026-09-11T16:29:18-07:00,future,164,0,C:\Users\Igor\StudioProjects\BartRunnerAndroid\app\src\test\resources\bart_live_20260911_161720\etd\powl.xml,2026-09-11T16:17:18-07:00
bart_live_20260911_161720,POWL,Powell St.,Red,RED,Richmond,RICH,2,North,30,2026-09-11T16:47:18-07:00,future,0,0,C:\Users\Igor\StudioProjects\BartRunnerAndroid\app\src\test\resources\bart_live_20260911_161720\etd\powl.xml,2026-09-11T16:17:18-07:00
bart_live_20260911_161720,POWL,Powell St.,Red,RED,Richmond,RICH,2,North,50,2026-09-11T17:07:18-07:00,future,0,0,C:\Users\Igor\StudioProjects\BartRunnerAndroid\app\src\test\resources\bart_live_20260911_161720\etd\powl.xml,2026-09-11T16:17:18-07:00
bart_live_20260911_161720,POWL,Powell St.,Yellow,YELLOW,SF Airport,SFIA,1,South,3,2026-09-11T16:20:18-07:00,future,283,0,C:\Users\Igor\StudioProjects\BartRunnerAndroid\app\src\test\resources\bart_live_20260911_161720\etd\powl.xml,2026-09-11T16:17:18-07:00
bart_live_20260911_161720,POWL,Powell St.,Yellow,YELLOW,SF Airport,SFIA,1,South,8,2026-09-11T16:25:18-07:00,future,0,0,C:\Users\Igor\StudioProjects\BartRunnerAndroid\app\src\test\resources\bart_live_20260911_161720\etd\powl.xml,2026-09-11T16:17:18-07:00
bart_live_20260911_161720,POWL,Powell St.,Yellow,YELLOW,SF Airport,SFIA,1,South,19,2026-09-11T16:36:18-07:00,future,0,0,C:\Users\Igor\StudioProjects\BartRunnerAndroid\app\src\test\resources\bart_live_20260911_161720\etd\powl.xml,2026-09-11T16:17:18-07:00
bart_live_20260911_161720,RICH,Richmond,Orange,ORANGE,Berryessa,BERY,2,South,5,2026-09-11T16:22:17-07:00,future,0,0,C:\Users\Igor\StudioProjects\BartRunnerAndroid\app\src\test\resources\bart_live_20260911_161720\etd\rich.xml,2026-09-11T16:17:17-07:00
bart_live_20260911_161720,RICH,Richmond,Orange,ORANGE,Berryessa,BERY,2,South,25,2026-09-11T16:42:17-07:00,future,0,0,C:\Users\Igor\StudioProjects\BartRunnerAndroid\app\src\test\resources\bart_live_20260911_161720\etd\rich.xml,2026-09-11T16:17:17-07:00
bart_live_20260911_161720,RICH,Richmond,Red,RED,Millbrae,MLBR,2,South,13,2026-09-11T16:30:17-07:00,future,0,0,C:\Users\Igor\StudioProjects\BartRunnerAndroid\app\src\test\resources\bart_live_20260911_161720\etd\rich.xml,2026-09-11T16:17:17-07:00
bart_live_20260911_161720,RICH,Richmond,Red,RED,Millbrae,MLBR,2,South,33,2026-09-11T16:50:17-07:00,future,0,0,C:\Users\Igor\StudioProjects\BartRunnerAndroid\app\src\test\resources\bart_live_20260911_161720\etd\rich.xml,2026-09-11T16:17:17-07:00
bart_live_20260911_161720,ROCK,Rockridge,Yellow,YELLOW,Antioch,ANTC,1,North,6,2026-09-11T16:23:18-07:00,future,96,0,C:\Users\Igor\StudioProjects\BartRunnerAndroid\app\src\test\resources\bart_live_20260911_161720\etd\rock.xml,2026-09-11T16:17:18-07:00
bart_live_20260911_161720,ROCK,Rockridge,Yellow,YELLOW,Antioch,ANTC,1,North,25,2026-09-11T16:42:18-07:00,future,63,0,C:\Users\Igor\StudioProjects\BartRunnerAndroid\app\src\test\resources\bart_live_20260911_161720\etd\rock.xml,2026-09-11T16:17:18-07:00
bart_live_20260911_161720,ROCK,Rockridge,Yellow,YELLOW,Antioch,ANTC,1,North,44,2026-09-11T17:01:18-07:00,future,0,0,C:\Users\Igor\StudioProjects\BartRunnerAndroid\app\src\test\resources\bart_live_20260911_161720\etd\rock.xml,2026-09-11T16:17:18-07:00
bart_live_20260911_161720,ROCK,Rockridge,Yellow,YELLOW,Pittsburg/Bay Point,PITT,1,North,19,2026-09-11T16:36:18-07:00,future,176,0,C:\Users\Igor\StudioProjects\BartRunnerAndroid\app\src\test\resources\bart_live_20260911_161720\etd\rock.xml,2026-09-11T16:17:18-07:00
bart_live_20260911_161720,ROCK,Rockridge,Yellow,YELLOW,Pittsburg/Bay Point,PITT,1,North,36,2026-09-11T16:53:18-07:00,future,0,0,C:\Users\Igor\StudioProjects\BartRunnerAndroid\app\src\test\resources\bart_live_20260911_161720\etd\rock.xml,2026-09-11T16:17:18-07:00
bart_live_20260911_161720,ROCK,Rockridge,Yellow,YELLOW,Pittsburg/Bay Point,PITT,1,North,56,2026-09-11T17:13:18-07:00,future,0,0,C:\Users\Igor\StudioProjects\BartRunnerAndroid\app\src\test\resources\bart_live_20260911_161720\etd\rock.xml,2026-09-11T16:17:18-07:00
bart_live_20260911_161720,ROCK,Rockridge,Yellow,YELLOW,SF Airport,SFIA,2,South,4,2026-09-11T16:21:18-07:00,future,0,0,C:\Users\Igor\StudioProjects\BartRunnerAndroid\app\src\test\resources\bart_live_20260911_161720\etd\rock.xml,2026-09-11T16:17:18-07:00
bart_live_20260911_161720,ROCK,Rockridge,Yellow,YELLOW,SF Airport,SFIA,2,South,15,2026-09-11T16:32:18-07:00,future,0,0,C:\Users\Igor\StudioProjects\BartRunnerAndroid\app\src\test\resources\bart_live_20260911_161720\etd\rock.xml,2026-09-11T16:17:18-07:00
bart_live_20260911_161720,ROCK,Rockridge,Yellow,YELLOW,SF Airport,SFIA,2,South,23,2026-09-11T16:40:18-07:00,future,0,0,C:\Users\Igor\StudioProjects\BartRunnerAndroid\app\src\test\resources\bart_live_20260911_161720\etd\rock.xml,2026-09-11T16:17:18-07:00
bart_live_20260911_161720,SANL,San Leandro,Green,GREEN,Berryessa,BERY,1,North,7,2026-09-11T16:24:17-07:00,future,63,0,C:\Users\Igor\StudioProjects\BartRunnerAndroid\app\src\test\resources\bart_live_20260911_161720\etd\sanl.xml,2026-09-11T16:17:17-07:00
bart_live_20260911_161720,SANL,San Leandro,Orange,ORANGE,Berryessa,BERY,1,South,9,2026-09-11T16:26:17-07:00,future,0,0,C:\Users\Igor\StudioProjects\BartRunnerAndroid\app\src\test\resources\bart_live_20260911_161720\etd\sanl.xml,2026-09-11T16:17:17-07:00
bart_live_20260911_161720,SANL,San Leandro,Green,GREEN,Berryessa,BERY,1,North,26,2026-09-11T16:43:17-07:00,future,0,0,C:\Users\Igor\StudioProjects\BartRunnerAndroid\app\src\test\resources\bart_live_20260911_161720\etd\sanl.xml,2026-09-11T16:17:17-07:00
bart_live_20260911_161720,SANL,San Leandro,Green,GREEN,Daly City,DALY,2,South,6,2026-09-11T16:23:17-07:00,future,99,0,C:\Users\Igor\StudioProjects\BartRunnerAndroid\app\src\test\resources\bart_live_20260911_161720\etd\sanl.xml,2026-09-11T16:17:17-07:00
bart_live_20260911_161720,SANL,San Leandro,Blue,BLUE,Daly City,DALY,2,South,16,2026-09-11T16:33:17-07:00,future,0,0,C:\Users\Igor\StudioProjects\BartRunnerAndroid\app\src\test\resources\bart_live_20260911_161720\etd\sanl.xml,2026-09-11T16:17:17-07:00
bart_live_20260911_161720,SANL,San Leandro,Green,GREEN,Daly City,DALY,2,South,24,2026-09-11T16:41:17-07:00,future,0,0,C:\Users\Igor\StudioProjects\BartRunnerAndroid\app\src\test\resources\bart_live_20260911_161720\etd\sanl.xml,2026-09-11T16:17:17-07:00
bart_live_20260911_161720,SANL,San Leandro,Blue,BLUE,Dublin/Pleasanton,DUBL,1,North,15,2026-09-11T16:32:17-07:00,future,62,0,C:\Users\Igor\StudioProjects\BartRunnerAndroid\app\src\test\resources\bart_live_20260911_161720\etd\sanl.xml,2026-09-11T16:17:17-07:00
bart_live_20260911_161720,SANL,San Leandro,Blue,BLUE,Dublin/Pleasanton,DUBL,1,North,36,2026-09-11T16:53:17-07:00,future,145,0,C:\Users\Igor\StudioProjects\BartRunnerAndroid\app\src\test\resources\bart_live_20260911_161720\etd\sanl.xml,2026-09-11T16:17:17-07:00
bart_live_20260911_161720,SANL,San Leandro,Blue,BLUE,Dublin/Pleasanton,DUBL,1,North,54,2026-09-11T17:11:17-07:00,future,0,0,C:\Users\Igor\StudioProjects\BartRunnerAndroid\app\src\test\resources\bart_live_20260911_161720\etd\sanl.xml,2026-09-11T16:17:17-07:00
bart_live_20260911_161720,SANL,San Leandro,Orange,ORANGE,Richmond,RICH,2,North,1,2026-09-11T16:18:17-07:00,future,0,0,C:\Users\Igor\StudioProjects\BartRunnerAndroid\app\src\test\resources\bart_live_20260911_161720\etd\sanl.xml,2026-09-11T16:17:17-07:00
bart_live_20260911_161720,SANL,San Leandro,Orange,ORANGE,Richmond,RICH,2,North,21,2026-09-11T16:38:17-07:00,future,0,0,C:\Users\Igor\StudioProjects\BartRunnerAndroid\app\src\test\resources\bart_live_20260911_161720\etd\sanl.xml,2026-09-11T16:17:17-07:00
bart_live_20260911_161720,SANL,San Leandro,Orange,ORANGE,Richmond,RICH,2,North,41,2026-09-11T16:58:17-07:00,future,0,0,C:\Users\Igor\StudioProjects\BartRunnerAndroid\app\src\test\resources\bart_live_20260911_161720\etd\sanl.xml,2026-09-11T16:17:17-07:00
bart_live_20260911_161720,SBRN,San Bruno,Yellow,YELLOW,Antioch,ANTC,2,North,16,2026-09-11T16:33:17-07:00,future,0,0,C:\Users\Igor\StudioProjects\BartRunnerAndroid\app\src\test\resources\bart_live_20260911_161720\etd\sbrn.xml,2026-09-11T16:17:17-07:00
bart_live_20260911_161720,SBRN,San Bruno,Yellow,YELLOW,Antioch,ANTC,2,North,36,2026-09-11T16:53:17-07:00,future,0,0,C:\Users\Igor\StudioProjects\BartRunnerAndroid\app\src\test\resources\bart_live_20260911_161720\etd\sbrn.xml,2026-09-11T16:17:17-07:00
bart_live_20260911_161720,SBRN,San Bruno,Red,RED,Millbrae,MLBR,1,South,3,2026-09-11T16:20:17-07:00,future,158,0,C:\Users\Igor\StudioProjects\BartRunnerAndroid\app\src\test\resources\bart_live_20260911_161720\etd\sbrn.xml,2026-09-11T16:17:17-07:00
bart_live_20260911_161720,SBRN,San Bruno,Red,RED,Millbrae,MLBR,1,South,21,2026-09-11T16:38:17-07:00,future,0,0,C:\Users\Igor\StudioProjects\BartRunnerAndroid\app\src\test\resources\bart_live_20260911_161720\etd\sbrn.xml,2026-09-11T16:17:17-07:00
bart_live_20260911_161720,SBRN,San Bruno,Red,RED,Millbrae,MLBR,1,South,41,2026-09-11T16:58:17-07:00,future,0,0,C:\Users\Igor\StudioProjects\BartRunnerAndroid\app\src\test\resources\bart_live_20260911_161720\etd\sbrn.xml,2026-09-11T16:17:17-07:00
bart_live_20260911_161720,SBRN,San Bruno,Yellow,YELLOW,Pittsburg/Bay Point,PITT,2,North,7,2026-09-11T16:24:17-07:00,future,0,0,C:\Users\Igor\StudioProjects\BartRunnerAndroid\app\src\test\resources\bart_live_20260911_161720\etd\sbrn.xml,2026-09-11T16:17:17-07:00
bart_live_20260911_161720,SBRN,San Bruno,Yellow,YELLOW,Pittsburg/Bay Point,PITT,2,North,27,2026-09-11T16:44:17-07:00,future,0,0,C:\Users\Igor\StudioProjects\BartRunnerAndroid\app\src\test\resources\bart_live_20260911_161720\etd\sbrn.xml,2026-09-11T16:17:17-07:00
bart_live_20260911_161720,SBRN,San Bruno,Red,RED,Richmond,RICH,2,North,5,2026-09-11T16:22:17-07:00,future,0,0,C:\Users\Igor\StudioProjects\BartRunnerAndroid\app\src\test\resources\bart_live_20260911_161720\etd\sbrn.xml,2026-09-11T16:17:17-07:00
bart_live_20260911_161720,SBRN,San Bruno,Red,RED,Richmond,RICH,2,North,25,2026-09-11T16:42:17-07:00,future,0,0,C:\Users\Igor\StudioProjects\BartRunnerAndroid\app\src\test\resources\bart_live_20260911_161720\etd\sbrn.xml,2026-09-11T16:17:17-07:00
bart_live_20260911_161720,SBRN,San Bruno,Red,RED,Richmond,RICH,2,North,45,2026-09-11T17:02:17-07:00,future,0,0,C:\Users\Igor\StudioProjects\BartRunnerAndroid\app\src\test\resources\bart_live_20260911_161720\etd\sbrn.xml,2026-09-11T16:17:17-07:00
bart_live_20260911_161720,SBRN,San Bruno,Yellow,YELLOW,SF Airport,SFIA,1,South,5,2026-09-11T16:22:17-07:00,future,0,0,C:\Users\Igor\StudioProjects\BartRunnerAndroid\app\src\test\resources\bart_live_20260911_161720\etd\sbrn.xml,2026-09-11T16:17:17-07:00
bart_live_20260911_161720,SBRN,San Bruno,Yellow,YELLOW,SF Airport,SFIA,1,South,15,2026-09-11T16:32:17-07:00,future,135,0,C:\Users\Igor\StudioProjects\BartRunnerAndroid\app\src\test\resources\bart_live_20260911_161720\etd\sbrn.xml,2026-09-11T16:17:17-07:00
bart_live_20260911_161720,SBRN,San Bruno,Yellow,YELLOW,SF Airport,SFIA,1,South,27,2026-09-11T16:44:17-07:00,future,190,0,C:\Users\Igor\StudioProjects\BartRunnerAndroid\app\src\test\resources\bart_live_20260911_161720\etd\sbrn.xml,2026-09-11T16:17:17-07:00
bart_live_20260911_161720,SFIA,San Francisco Int'l Airport,Yellow,YELLOW,Antioch,ANTC,1,North,12,2026-09-11T16:29:18-07:00,future,0,0,C:\Users\Igor\StudioProjects\BartRunnerAndroid\app\src\test\resources\bart_live_20260911_161720\etd\sfia.xml,2026-09-11T16:17:18-07:00
bart_live_20260911_161720,SFIA,San Francisco Int'l Airport,Yellow,YELLOW,Antioch,ANTC,1,North,32,2026-09-11T16:49:18-07:00,future,0,0,C:\Users\Igor\StudioProjects\BartRunnerAndroid\app\src\test\resources\bart_live_20260911_161720\etd\sfia.xml,2026-09-11T16:17:18-07:00
bart_live_20260911_161720,SFIA,San Francisco Int'l Airport,Red,RED,Millbrae,MLBR,2,South,7,2026-09-11T16:24:18-07:00,future,0,0,C:\Users\Igor\StudioProjects\BartRunnerAndroid\app\src\test\resources\bart_live_20260911_161720\etd\sfia.xml,2026-09-11T16:17:18-07:00
bart_live_20260911_161720,SFIA,San Francisco Int'l Airport,Red,RED,Millbrae,MLBR,2,South,27,2026-09-11T16:44:18-07:00,future,0,0,C:\Users\Igor\StudioProjects\BartRunnerAndroid\app\src\test\resources\bart_live_20260911_161720\etd\sfia.xml,2026-09-11T16:17:18-07:00
bart_live_20260911_161720,SFIA,San Francisco Int'l Airport,Yellow,YELLOW,Pittsburg/Bay Point,PITT,1,North,4,2026-09-11T16:21:18-07:00,future,0,0,C:\Users\Igor\StudioProjects\BartRunnerAndroid\app\src\test\resources\bart_live_20260911_161720\etd\sfia.xml,2026-09-11T16:17:18-07:00
bart_live_20260911_161720,SFIA,San Francisco Int'l Airport,Yellow,YELLOW,Pittsburg/Bay Point,PITT,1,North,24,2026-09-11T16:41:18-07:00,future,0,0,C:\Users\Igor\StudioProjects\BartRunnerAndroid\app\src\test\resources\bart_live_20260911_161720\etd\sfia.xml,2026-09-11T16:17:18-07:00
bart_live_20260911_161720,SFIA,San Francisco Int'l Airport,Red,RED,Richmond,RICH,2,North,Leaving,2026-09-11T16:17:18-07:00,leaving,0,0,C:\Users\Igor\StudioProjects\BartRunnerAndroid\app\src\test\resources\bart_live_20260911_161720\etd\sfia.xml,2026-09-11T16:17:18-07:00
bart_live_20260911_161720,SFIA,San Francisco Int'l Airport,Red,RED,Richmond,RICH,2,North,21,2026-09-11T16:38:18-07:00,future,0,0,C:\Users\Igor\StudioProjects\BartRunnerAndroid\app\src\test\resources\bart_live_20260911_161720\etd\sfia.xml,2026-09-11T16:17:18-07:00
bart_live_20260911_161720,SFIA,San Francisco Int'l Airport,Red,RED,Richmond,RICH,2,North,41,2026-09-11T16:58:18-07:00,future,0,0,C:\Users\Igor\StudioProjects\BartRunnerAndroid\app\src\test\resources\bart_live_20260911_161720\etd\sfia.xml,2026-09-11T16:17:18-07:00
bart_live_20260911_161720,SHAY,South Hayward,Green,GREEN,Berryessa,BERY,1,North,3,2026-09-11T16:20:17-07:00,future,279,0,C:\Users\Igor\StudioProjects\BartRunnerAndroid\app\src\test\resources\bart_live_20260911_161720\etd\shay.xml,2026-09-11T16:17:17-07:00
bart_live_20260911_161720,SHAY,South Hayward,Orange,ORANGE,Berryessa,BERY,1,South,5,2026-09-11T16:22:17-07:00,future,213,0,C:\Users\Igor\StudioProjects\BartRunnerAndroid\app\src\test\resources\bart_live_20260911_161720\etd\shay.xml,2026-09-11T16:17:17-07:00
bart_live_20260911_161720,SHAY,South Hayward,Green,GREEN,Berryessa,BERY,1,North,18,2026-09-11T16:35:17-07:00,future,0,0,C:\Users\Igor\StudioProjects\BartRunnerAndroid\app\src\test\resources\bart_live_20260911_161720\etd\shay.xml,2026-09-11T16:17:17-07:00
bart_live_20260911_161720,SHAY,South Hayward,Green,GREEN,Daly City,DALY,2,South,13,2026-09-11T16:30:17-07:00,future,0,0,C:\Users\Igor\StudioProjects\BartRunnerAndroid\app\src\test\resources\bart_live_20260911_161720\etd\shay.xml,2026-09-11T16:17:17-07:00
bart_live_20260911_161720,SHAY,South Hayward,Green,GREEN,Daly City,DALY,2,South,32,2026-09-11T16:49:17-07:00,future,0,0,C:\Users\Igor\StudioProjects\BartRunnerAndroid\app\src\test\resources\bart_live_20260911_161720\etd\shay.xml,2026-09-11T16:17:17-07:00
bart_live_20260911_161720,SHAY,South Hayward,Green,GREEN,Daly City,DALY,2,South,52,2026-09-11T17:09:17-07:00,future,0,0,C:\Users\Igor\StudioProjects\BartRunnerAndroid\app\src\test\resources\bart_live_20260911_161720\etd\shay.xml,2026-09-11T16:17:17-07:00
bart_live_20260911_161720,SHAY,South Hayward,Orange,ORANGE,Richmond,RICH,2,North,9,2026-09-11T16:26:17-07:00,future,0,0,C:\Users\Igor\StudioProjects\BartRunnerAndroid\app\src\test\resources\bart_live_20260911_161720\etd\shay.xml,2026-09-11T16:17:17-07:00
bart_live_20260911_161720,SHAY,South Hayward,Orange,ORANGE,Richmond,RICH,2,North,29,2026-09-11T16:46:17-07:00,future,0,0,C:\Users\Igor\StudioProjects\BartRunnerAndroid\app\src\test\resources\bart_live_20260911_161720\etd\shay.xml,2026-09-11T16:17:17-07:00
bart_live_20260911_161720,SHAY,South Hayward,Orange,ORANGE,Richmond,RICH,2,North,49,2026-09-11T17:06:17-07:00,future,0,0,C:\Users\Igor\StudioProjects\BartRunnerAndroid\app\src\test\resources\bart_live_20260911_161720\etd\shay.xml,2026-09-11T16:17:17-07:00
bart_live_20260911_161720,SSAN,South San Francisco,Yellow,YELLOW,Antioch,ANTC,2,North,19,2026-09-11T16:36:17-07:00,future,0,0,C:\Users\Igor\StudioProjects\BartRunnerAndroid\app\src\test\resources\bart_live_20260911_161720\etd\ssan.xml,2026-09-11T16:17:17-07:00
bart_live_20260911_161720,SSAN,South San Francisco,Yellow,YELLOW,Antioch,ANTC,2,North,39,2026-09-11T16:56:17-07:00,future,0,0,C:\Users\Igor\StudioProjects\BartRunnerAndroid\app\src\test\resources\bart_live_20260911_161720\etd\ssan.xml,2026-09-11T16:17:17-07:00
bart_live_20260911_161720,SSAN,South San Francisco,Red,RED,Millbrae,MLBR,1,South,Leaving,2026-09-11T16:17:17-07:00,leaving,0,0,C:\Users\Igor\StudioProjects\BartRunnerAndroid\app\src\test\resources\bart_live_20260911_161720\etd\ssan.xml,2026-09-11T16:17:17-07:00
bart_live_20260911_161720,SSAN,South San Francisco,Red,RED,Millbrae,MLBR,1,South,17,2026-09-11T16:34:17-07:00,future,0,0,C:\Users\Igor\StudioProjects\BartRunnerAndroid\app\src\test\resources\bart_live_20260911_161720\etd\ssan.xml,2026-09-11T16:17:17-07:00
bart_live_20260911_161720,SSAN,South San Francisco,Red,RED,Millbrae,MLBR,1,South,38,2026-09-11T16:55:17-07:00,future,0,0,C:\Users\Igor\StudioProjects\BartRunnerAndroid\app\src\test\resources\bart_live_20260911_161720\etd\ssan.xml,2026-09-11T16:17:17-07:00
bart_live_20260911_161720,SSAN,South San Francisco,Yellow,YELLOW,Pittsburg/Bay Point,PITT,2,North,10,2026-09-11T16:27:17-07:00,future,0,0,C:\Users\Igor\StudioProjects\BartRunnerAndroid\app\src\test\resources\bart_live_20260911_161720\etd\ssan.xml,2026-09-11T16:17:17-07:00
bart_live_20260911_161720,SSAN,South San Francisco,Yellow,YELLOW,Pittsburg/Bay Point,PITT,2,North,30,2026-09-11T16:47:17-07:00,future,0,0,C:\Users\Igor\StudioProjects\BartRunnerAndroid\app\src\test\resources\bart_live_20260911_161720\etd\ssan.xml,2026-09-11T16:17:17-07:00
bart_live_20260911_161720,SSAN,South San Francisco,Red,RED,Richmond,RICH,2,North,8,2026-09-11T16:25:17-07:00,future,0,0,C:\Users\Igor\StudioProjects\BartRunnerAndroid\app\src\test\resources\bart_live_20260911_161720\etd\ssan.xml,2026-09-11T16:17:17-07:00
bart_live_20260911_161720,SSAN,South San Francisco,Red,RED,Richmond,RICH,2,North,28,2026-09-11T16:45:17-07:00,future,0,0,C:\Users\Igor\StudioProjects\BartRunnerAndroid\app\src\test\resources\bart_live_20260911_161720\etd\ssan.xml,2026-09-11T16:17:17-07:00
bart_live_20260911_161720,SSAN,South San Francisco,Red,RED,Richmond,RICH,2,North,48,2026-09-11T17:05:17-07:00,future,0,0,C:\Users\Igor\StudioProjects\BartRunnerAndroid\app\src\test\resources\bart_live_20260911_161720\etd\ssan.xml,2026-09-11T16:17:17-07:00
bart_live_20260911_161720,SSAN,South San Francisco,Yellow,YELLOW,SF Airport,SFIA,1,South,2,2026-09-11T16:19:17-07:00,future,61,0,C:\Users\Igor\StudioProjects\BartRunnerAndroid\app\src\test\resources\bart_live_20260911_161720\etd\ssan.xml,2026-09-11T16:17:17-07:00
bart_live_20260911_161720,SSAN,South San Francisco,Yellow,YELLOW,SF Airport,SFIA,1,South,12,2026-09-11T16:29:17-07:00,future,140,0,C:\Users\Igor\StudioProjects\BartRunnerAndroid\app\src\test\resources\bart_live_20260911_161720\etd\ssan.xml,2026-09-11T16:17:17-07:00
bart_live_20260911_161720,SSAN,South San Francisco,Yellow,YELLOW,SF Airport,SFIA,1,South,24,2026-09-11T16:41:17-07:00,future,195,0,C:\Users\Igor\StudioProjects\BartRunnerAndroid\app\src\test\resources\bart_live_20260911_161720\etd\ssan.xml,2026-09-11T16:17:17-07:00
bart_live_20260911_161720,UCTY,Union City,Green,GREEN,Berryessa,BERY,1,North,8,2026-09-11T16:25:17-07:00,future,244,0,C:\Users\Igor\StudioProjects\BartRunnerAndroid\app\src\test\resources\bart_live_20260911_161720\etd\ucty.xml,2026-09-11T16:17:17-07:00
bart_live_20260911_161720,UCTY,Union City,Orange,ORANGE,Berryessa,BERY,1,South,10,2026-09-11T16:27:17-07:00,future,202,0,C:\Users\Igor\StudioProjects\BartRunnerAndroid\app\src\test\resources\bart_live_20260911_161720\etd\ucty.xml,2026-09-11T16:17:17-07:00
bart_live_20260911_161720,UCTY,Union City,Green,GREEN,Berryessa,BERY,1,North,24,2026-09-11T16:41:17-07:00,future,0,0,C:\Users\Igor\StudioProjects\BartRunnerAndroid\app\src\test\resources\bart_live_20260911_161720\etd\ucty.xml,2026-09-11T16:17:17-07:00
bart_live_20260911_161720,UCTY,Union City,Green,GREEN,Daly City,DALY,2,South,8,2026-09-11T16:25:17-07:00,future,0,0,C:\Users\Igor\StudioProjects\BartRunnerAndroid\app\src\test\resources\bart_live_20260911_161720\etd\ucty.xml,2026-09-11T16:17:17-07:00
bart_live_20260911_161720,UCTY,Union City,Green,GREEN,Daly City,DALY,2,South,27,2026-09-11T16:44:17-07:00,future,0,0,C:\Users\Igor\StudioProjects\BartRunnerAndroid\app\src\test\resources\bart_live_20260911_161720\etd\ucty.xml,2026-09-11T16:17:17-07:00
bart_live_20260911_161720,UCTY,Union City,Green,GREEN,Daly City,DALY,2,South,47,2026-09-11T17:04:17-07:00,future,0,0,C:\Users\Igor\StudioProjects\BartRunnerAndroid\app\src\test\resources\bart_live_20260911_161720\etd\ucty.xml,2026-09-11T16:17:17-07:00
bart_live_20260911_161720,UCTY,Union City,Orange,ORANGE,Richmond,RICH,2,North,4,2026-09-11T16:21:17-07:00,future,0,0,C:\Users\Igor\StudioProjects\BartRunnerAndroid\app\src\test\resources\bart_live_20260911_161720\etd\ucty.xml,2026-09-11T16:17:17-07:00
bart_live_20260911_161720,UCTY,Union City,Orange,ORANGE,Richmond,RICH,2,North,24,2026-09-11T16:41:17-07:00,future,0,0,C:\Users\Igor\StudioProjects\BartRunnerAndroid\app\src\test\resources\bart_live_20260911_161720\etd\ucty.xml,2026-09-11T16:17:17-07:00
bart_live_20260911_161720,UCTY,Union City,Orange,ORANGE,Richmond,RICH,2,North,44,2026-09-11T17:01:17-07:00,future,0,0,C:\Users\Igor\StudioProjects\BartRunnerAndroid\app\src\test\resources\bart_live_20260911_161720\etd\ucty.xml,2026-09-11T16:17:17-07:00
bart_live_20260911_161720,WARM,Warm Springs/South Fremont,Orange,ORANGE,Berryessa,BERY,1,South,2,2026-09-11T16:19:18-07:00,future,255,0,C:\Users\Igor\StudioProjects\BartRunnerAndroid\app\src\test\resources\bart_live_20260911_161720\etd\warm.xml,2026-09-11T16:17:18-07:00
bart_live_20260911_161720,WARM,Warm Springs/South Fremont,Green,GREEN,Berryessa,BERY,1,North,17,2026-09-11T16:34:18-07:00,future,183,0,C:\Users\Igor\StudioProjects\BartRunnerAndroid\app\src\test\resources\bart_live_20260911_161720\etd\warm.xml,2026-09-11T16:17:18-07:00
bart_live_20260911_161720,WARM,Warm Springs/South Fremont,Orange,ORANGE,Berryessa,BERY,1,South,20,2026-09-11T16:37:18-07:00,future,141,0,C:\Users\Igor\StudioProjects\BartRunnerAndroid\app\src\test\resources\bart_live_20260911_161720\etd\warm.xml,2026-09-11T16:17:18-07:00
bart_live_20260911_161720,WARM,Warm Springs/South Fremont,Green,GREEN,Daly City,DALY,2,South,17,2026-09-11T16:34:18-07:00,future,0,0,C:\Users\Igor\StudioProjects\BartRunnerAndroid\app\src\test\resources\bart_live_20260911_161720\etd\warm.xml,2026-09-11T16:17:18-07:00
bart_live_20260911_161720,WARM,Warm Springs/South Fremont,Green,GREEN,Daly City,DALY,2,South,37,2026-09-11T16:54:18-07:00,future,0,0,C:\Users\Igor\StudioProjects\BartRunnerAndroid\app\src\test\resources\bart_live_20260911_161720\etd\warm.xml,2026-09-11T16:17:18-07:00
bart_live_20260911_161720,WARM,Warm Springs/South Fremont,Orange,ORANGE,Richmond,RICH,2,North,13,2026-09-11T16:30:18-07:00,future,0,0,C:\Users\Igor\StudioProjects\BartRunnerAndroid\app\src\test\resources\bart_live_20260911_161720\etd\warm.xml,2026-09-11T16:17:18-07:00
bart_live_20260911_161720,WARM,Warm Springs/South Fremont,Orange,ORANGE,Richmond,RICH,2,North,33,2026-09-11T16:50:18-07:00,future,0,0,C:\Users\Igor\StudioProjects\BartRunnerAndroid\app\src\test\resources\bart_live_20260911_161720\etd\warm.xml,2026-09-11T16:17:18-07:00
bart_live_20260911_161720,WARM,Warm Springs/South Fremont,Orange,ORANGE,Richmond,RICH,2,North,53,2026-09-11T17:10:18-07:00,future,0,0,C:\Users\Igor\StudioProjects\BartRunnerAndroid\app\src\test\resources\bart_live_20260911_161720\etd\warm.xml,2026-09-11T16:17:18-07:00
bart_live_20260911_161720,WCRK,Walnut Creek,Yellow,YELLOW,Antioch,ANTC,1,North,2,2026-09-11T16:19:17-07:00,future,171,0,C:\Users\Igor\StudioProjects\BartRunnerAndroid\app\src\test\resources\bart_live_20260911_161720\etd\wcrk.xml,2026-09-11T16:17:17-07:00
bart_live_20260911_161720,WCRK,Walnut Creek,Yellow,YELLOW,Antioch,ANTC,1,North,20,2026-09-11T16:37:17-07:00,future,66,0,C:\Users\Igor\StudioProjects\BartRunnerAndroid\app\src\test\resources\bart_live_20260911_161720\etd\wcrk.xml,2026-09-11T16:17:17-07:00
bart_live_20260911_161720,WCRK,Walnut Creek,Yellow,YELLOW,Antioch,ANTC,1,North,39,2026-09-11T16:56:17-07:00,future,0,0,C:\Users\Igor\StudioProjects\BartRunnerAndroid\app\src\test\resources\bart_live_20260911_161720\etd\wcrk.xml,2026-09-11T16:17:17-07:00
bart_live_20260911_161720,WCRK,Walnut Creek,Yellow,YELLOW,Pittsburg/Bay Point,PITT,1,North,13,2026-09-11T16:30:17-07:00,future,127,0,C:\Users\Igor\StudioProjects\BartRunnerAndroid\app\src\test\resources\bart_live_20260911_161720\etd\wcrk.xml,2026-09-11T16:17:17-07:00
bart_live_20260911_161720,WCRK,Walnut Creek,Yellow,YELLOW,Pittsburg/Bay Point,PITT,1,North,33,2026-09-11T16:50:17-07:00,future,137,0,C:\Users\Igor\StudioProjects\BartRunnerAndroid\app\src\test\resources\bart_live_20260911_161720\etd\wcrk.xml,2026-09-11T16:17:17-07:00
bart_live_20260911_161720,WCRK,Walnut Creek,Yellow,YELLOW,Pittsburg/Bay Point,PITT,1,North,51,2026-09-11T17:08:17-07:00,future,0,0,C:\Users\Igor\StudioProjects\BartRunnerAndroid\app\src\test\resources\bart_live_20260911_161720\etd\wcrk.xml,2026-09-11T16:17:17-07:00
bart_live_20260911_161720,WCRK,Walnut Creek,Yellow,YELLOW,SF Airport,SFIA,2,South,8,2026-09-11T16:25:17-07:00,future,0,0,C:\Users\Igor\StudioProjects\BartRunnerAndroid\app\src\test\resources\bart_live_20260911_161720\etd\wcrk.xml,2026-09-11T16:17:17-07:00
bart_live_20260911_161720,WCRK,Walnut Creek,Yellow,YELLOW,SF Airport,SFIA,2,South,19,2026-09-11T16:36:17-07:00,future,0,0,C:\Users\Igor\StudioProjects\BartRunnerAndroid\app\src\test\resources\bart_live_20260911_161720\etd\wcrk.xml,2026-09-11T16:17:17-07:00
bart_live_20260911_161720,WCRK,Walnut Creek,Yellow,YELLOW,SF Airport,SFIA,2,South,28,2026-09-11T16:45:17-07:00,future,0,0,C:\Users\Igor\StudioProjects\BartRunnerAndroid\app\src\test\resources\bart_live_20260911_161720\etd\wcrk.xml,2026-09-11T16:17:17-07:00
bart_live_20260911_161720,WDUB,West Dublin/Pleasanton,Blue,BLUE,Daly City,DALY,2,South,17,2026-09-11T16:34:17-07:00,future,0,0,C:\Users\Igor\StudioProjects\BartRunnerAndroid\app\src\test\resources\bart_live_20260911_161720\etd\wdub.xml,2026-09-11T16:17:17-07:00
bart_live_20260911_161720,WDUB,West Dublin/Pleasanton,Blue,BLUE,Daly City,DALY,2,South,37,2026-09-11T16:54:17-07:00,future,0,0,C:\Users\Igor\StudioProjects\BartRunnerAndroid\app\src\test\resources\bart_live_20260911_161720\etd\wdub.xml,2026-09-11T16:17:17-07:00
bart_live_20260911_161720,WDUB,West Dublin/Pleasanton,Blue,BLUE,Dublin/Pleasanton,DUBL,1,North,14,2026-09-11T16:31:17-07:00,future,102,0,C:\Users\Igor\StudioProjects\BartRunnerAndroid\app\src\test\resources\bart_live_20260911_161720\etd\wdub.xml,2026-09-11T16:17:17-07:00
bart_live_20260911_161720,WDUB,West Dublin/Pleasanton,Blue,BLUE,Dublin/Pleasanton,DUBL,1,North,32,2026-09-11T16:49:17-07:00,future,0,0,C:\Users\Igor\StudioProjects\BartRunnerAndroid\app\src\test\resources\bart_live_20260911_161720\etd\wdub.xml,2026-09-11T16:17:17-07:00
bart_live_20260911_161720,WDUB,West Dublin/Pleasanton,Blue,BLUE,Dublin/Pleasanton,DUBL,1,North,54,2026-09-11T17:11:17-07:00,future,107,0,C:\Users\Igor\StudioProjects\BartRunnerAndroid\app\src\test\resources\bart_live_20260911_161720\etd\wdub.xml,2026-09-11T16:17:17-07:00
bart_live_20260911_161720,WOAK,West Oakland,Yellow,YELLOW,Antioch,ANTC,2,North,14,2026-09-11T16:31:18-07:00,future,179,0,C:\Users\Igor\StudioProjects\BartRunnerAndroid\app\src\test\resources\bart_live_20260911_161720\etd\woak.xml,2026-09-11T16:17:18-07:00
bart_live_20260911_161720,WOAK,West Oakland,Yellow,YELLOW,Antioch,ANTC,2,North,31,2026-09-11T16:48:18-07:00,future,0,0,C:\Users\Igor\StudioProjects\BartRunnerAndroid\app\src\test\resources\bart_live_20260911_161720\etd\woak.xml,2026-09-11T16:17:18-07:00
bart_live_20260911_161720,WOAK,West Oakland,Yellow,YELLOW,Antioch,ANTC,2,North,51,2026-09-11T17:08:18-07:00,future,0,0,C:\Users\Igor\StudioProjects\BartRunnerAndroid\app\src\test\resources\bart_live_20260911_161720\etd\woak.xml,2026-09-11T16:17:18-07:00
bart_live_20260911_161720,WOAK,West Oakland,Green,GREEN,Berryessa,BERY,2,North,10,2026-09-11T16:27:18-07:00,future,99,0,C:\Users\Igor\StudioProjects\BartRunnerAndroid\app\src\test\resources\bart_live_20260911_161720\etd\woak.xml,2026-09-11T16:17:18-07:00
bart_live_20260911_161720,WOAK,West Oakland,Green,GREEN,Berryessa,BERY,2,North,29,2026-09-11T16:46:18-07:00,future,0,0,C:\Users\Igor\StudioProjects\BartRunnerAndroid\app\src\test\resources\bart_live_20260911_161720\etd\woak.xml,2026-09-11T16:17:18-07:00
bart_live_20260911_161720,WOAK,West Oakland,Green,GREEN,Berryessa,BERY,2,North,49,2026-09-11T17:06:18-07:00,future,0,0,C:\Users\Igor\StudioProjects\BartRunnerAndroid\app\src\test\resources\bart_live_20260911_161720\etd\woak.xml,2026-09-11T16:17:18-07:00
bart_live_20260911_161720,WOAK,West Oakland,Green,GREEN,Daly City,DALY,1,South,5,2026-09-11T16:22:18-07:00,future,221,0,C:\Users\Igor\StudioProjects\BartRunnerAndroid\app\src\test\resources\bart_live_20260911_161720\etd\woak.xml,2026-09-11T16:17:18-07:00
bart_live_20260911_161720,WOAK,West Oakland,Blue,BLUE,Daly City,DALY,1,South,14,2026-09-11T16:31:18-07:00,future,0,0,C:\Users\Igor\StudioProjects\BartRunnerAndroid\app\src\test\resources\bart_live_20260911_161720\etd\woak.xml,2026-09-11T16:17:18-07:00
bart_live_20260911_161720,WOAK,West Oakland,Green,GREEN,Daly City,DALY,1,South,22,2026-09-11T16:39:18-07:00,future,0,0,C:\Users\Igor\StudioProjects\BartRunnerAndroid\app\src\test\resources\bart_live_20260911_161720\etd\woak.xml,2026-09-11T16:17:18-07:00
bart_live_20260911_161720,WOAK,West Oakland,Blue,BLUE,Dublin/Pleasanton,DUBL,2,North,20,2026-09-11T16:37:18-07:00,future,220,0,C:\Users\Igor\StudioProjects\BartRunnerAndroid\app\src\test\resources\bart_live_20260911_161720\etd\woak.xml,2026-09-11T16:17:18-07:00
bart_live_20260911_161720,WOAK,West Oakland,Blue,BLUE,Dublin/Pleasanton,DUBL,2,North,37,2026-09-11T16:54:18-07:00,future,0,0,C:\Users\Igor\StudioProjects\BartRunnerAndroid\app\src\test\resources\bart_live_20260911_161720\etd\woak.xml,2026-09-11T16:17:18-07:00
bart_live_20260911_161720,WOAK,West Oakland,Blue,BLUE,Dublin/Pleasanton,DUBL,2,North,57,2026-09-11T17:14:18-07:00,future,0,0,C:\Users\Igor\StudioProjects\BartRunnerAndroid\app\src\test\resources\bart_live_20260911_161720\etd\woak.xml,2026-09-11T16:17:18-07:00
bart_live_20260911_161720,WOAK,West Oakland,Red,RED,Millbrae,MLBR,1,South,5,2026-09-11T16:22:18-07:00,future,0,0,C:\Users\Igor\StudioProjects\BartRunnerAndroid\app\src\test\resources\bart_live_20260911_161720\etd\woak.xml,2026-09-11T16:17:18-07:00
bart_live_20260911_161720,WOAK,West Oakland,Red,RED,Millbrae,MLBR,1,South,25,2026-09-11T16:42:18-07:00,future,0,0,C:\Users\Igor\StudioProjects\BartRunnerAndroid\app\src\test\resources\bart_live_20260911_161720\etd\woak.xml,2026-09-11T16:17:18-07:00
bart_live_20260911_161720,WOAK,West Oakland,Red,RED,Millbrae,MLBR,1,South,45,2026-09-11T17:02:18-07:00,future,0,0,C:\Users\Igor\StudioProjects\BartRunnerAndroid\app\src\test\resources\bart_live_20260911_161720\etd\woak.xml,2026-09-11T16:17:18-07:00
bart_live_20260911_161720,WOAK,West Oakland,Yellow,YELLOW,Pittsburg/Bay Point,PITT,2,North,7,2026-09-11T16:24:18-07:00,future,287,0,C:\Users\Igor\StudioProjects\BartRunnerAndroid\app\src\test\resources\bart_live_20260911_161720\etd\woak.xml,2026-09-11T16:17:18-07:00
bart_live_20260911_161720,WOAK,West Oakland,Yellow,YELLOW,Pittsburg/Bay Point,PITT,2,North,24,2026-09-11T16:41:18-07:00,future,77,0,C:\Users\Igor\StudioProjects\BartRunnerAndroid\app\src\test\resources\bart_live_20260911_161720\etd\woak.xml,2026-09-11T16:17:18-07:00
bart_live_20260911_161720,WOAK,West Oakland,Yellow,YELLOW,Pittsburg/Bay Point,PITT,2,North,43,2026-09-11T17:00:18-07:00,future,0,0,C:\Users\Igor\StudioProjects\BartRunnerAndroid\app\src\test\resources\bart_live_20260911_161720\etd\woak.xml,2026-09-11T16:17:18-07:00
bart_live_20260911_161720,WOAK,West Oakland,Red,RED,Richmond,RICH,2,North,1,2026-09-11T16:18:18-07:00,future,0,0,C:\Users\Igor\StudioProjects\BartRunnerAndroid\app\src\test\resources\bart_live_20260911_161720\etd\woak.xml,2026-09-11T16:17:18-07:00
bart_live_20260911_161720,WOAK,West Oakland,Red,RED,Richmond,RICH,2,North,22,2026-09-11T16:39:18-07:00,future,117,0,C:\Users\Igor\StudioProjects\BartRunnerAndroid\app\src\test\resources\bart_live_20260911_161720\etd\woak.xml,2026-09-11T16:17:18-07:00
bart_live_20260911_161720,WOAK,West Oakland,Red,RED,Richmond,RICH,2,North,40,2026-09-11T16:57:18-07:00,future,0,0,C:\Users\Igor\StudioProjects\BartRunnerAndroid\app\src\test\resources\bart_live_20260911_161720\etd\woak.xml,2026-09-11T16:17:18-07:00
bart_live_20260911_161720,WOAK,West Oakland,Yellow,YELLOW,SF Airport,SFIA,1,South,8,2026-09-11T16:25:18-07:00,future,0,0,C:\Users\Igor\StudioProjects\BartRunnerAndroid\app\src\test\resources\bart_live_20260911_161720\etd\woak.xml,2026-09-11T16:17:18-07:00
bart_live_20260911_161720,WOAK,West Oakland,Yellow,YELLOW,SF Airport,SFIA,1,South,17,2026-09-11T16:34:18-07:00,future,0,0,C:\Users\Igor\StudioProjects\BartRunnerAndroid\app\src\test\resources\bart_live_20260911_161720\etd\woak.xml,2026-09-11T16:17:18-07:00
bart_live_20260911_161720,WOAK,West Oakland,Yellow,YELLOW,SF Airport,SFIA,1,South,28,2026-09-11T16:45:18-07:00,future,0,0,C:\Users\Igor\StudioProjects\BartRunnerAndroid\app\src\test\resources\bart_live_20260911_161720\etd\woak.xml,2026-09-11T16:17:18-07:00
bart_live_20260911_185819,12TH,12th St. Oakland City Center,Yellow,YELLOW,Antioch,ANTC,3,North,6,2026-09-11T19:04:03-07:00,future,659,0,C:\Users\Igor\StudioProjects\BartRunnerAndroid\app\src\test\resources\bart_live_20260911_185819\etd\12th.xml,2026-09-11T18:58:03-07:00
bart_live_20260911_185819,12TH,12th St. Oakland City Center,Yellow,YELLOW,Antioch,ANTC,3,North,22,2026-09-11T19:20:03-07:00,future,394,0,C:\Users\Igor\StudioProjects\BartRunnerAndroid\app\src\test\resources\bart_live_20260911_185819\etd\12th.xml,2026-09-11T18:58:03-07:00
bart_live_20260911_185819,12TH,12th St. Oakland City Center,Yellow,YELLOW,Antioch,ANTC,3,North,36,2026-09-11T19:34:03-07:00,future,74,0,C:\Users\Igor\StudioProjects\BartRunnerAndroid\app\src\test\resources\bart_live_20260911_185819\etd\12th.xml,2026-09-11T18:58:03-07:00
bart_live_20260911_185819,12TH,12th St. Oakland City Center,Orange,ORANGE,Berryessa,BERY,2,South,14,2026-09-11T19:12:03-07:00,future,0,0,C:\Users\Igor\StudioProjects\BartRunnerAndroid\app\src\test\resources\bart_live_20260911_185819\etd\12th.xml,2026-09-11T18:58:03-07:00
bart_live_20260911_185819,12TH,12th St. Oakland City Center,Orange,ORANGE,Berryessa,BERY,2,South,34,2026-09-11T19:32:03-07:00,future,0,0,C:\Users\Igor\StudioProjects\BartRunnerAndroid\app\src\test\resources\bart_live_20260911_185819\etd\12th.xml,2026-09-11T18:58:03-07:00
bart_live_20260911_185819,12TH,12th St. Oakland City Center,Orange,ORANGE,Berryessa,BERY,2,South,54,2026-09-11T19:52:03-07:00,future,0,0,C:\Users\Igor\StudioProjects\BartRunnerAndroid\app\src\test\resources\bart_live_20260911_185819\etd\12th.xml,2026-09-11T18:58:03-07:00
bart_live_20260911_185819,12TH,12th St. Oakland City Center,Red,RED,Millbrae,MLBR,2,South,19,2026-09-11T19:17:03-07:00,future,0,0,C:\Users\Igor\StudioProjects\BartRunnerAndroid\app\src\test\resources\bart_live_20260911_185819\etd\12th.xml,2026-09-11T18:58:03-07:00
bart_live_20260911_185819,12TH,12th St. Oakland City Center,Red,RED,Millbrae,MLBR,2,South,39,2026-09-11T19:37:03-07:00,future,0,0,C:\Users\Igor\StudioProjects\BartRunnerAndroid\app\src\test\resources\bart_live_20260911_185819\etd\12th.xml,2026-09-11T18:58:03-07:00
bart_live_20260911_185819,12TH,12th St. Oakland City Center,Red,RED,Millbrae,MLBR,2,South,59,2026-09-11T19:57:03-07:00,future,0,0,C:\Users\Igor\StudioProjects\BartRunnerAndroid\app\src\test\resources\bart_live_20260911_185819\etd\12th.xml,2026-09-11T18:58:03-07:00
bart_live_20260911_185819,12TH,12th St. Oakland City Center,Yellow,YELLOW,Pittsburg/Bay Point,PITT,3,North,19,2026-09-11T19:17:03-07:00,future,734,0,C:\Users\Igor\StudioProjects\BartRunnerAndroid\app\src\test\resources\bart_live_20260911_185819\etd\12th.xml,2026-09-11T18:58:03-07:00
bart_live_20260911_185819,12TH,12th St. Oakland City Center,Yellow,YELLOW,Pittsburg/Bay Point,PITT,3,North,30,2026-09-11T19:28:03-07:00,future,187,0,C:\Users\Igor\StudioProjects\BartRunnerAndroid\app\src\test\resources\bart_live_20260911_185819\etd\12th.xml,2026-09-11T18:58:03-07:00
bart_live_20260911_185819,12TH,12th St. Oakland City Center,Orange,ORANGE,Richmond,RICH,1,North,Leaving,2026-09-11T18:58:03-07:00,leaving,290,0,C:\Users\Igor\StudioProjects\BartRunnerAndroid\app\src\test\resources\bart_live_20260911_185819\etd\12th.xml,2026-09-11T18:58:03-07:00
bart_live_20260911_185819,12TH,12th St. Oakland City Center,Red,RED,Richmond,RICH,1,North,13,2026-09-11T19:11:03-07:00,future,594,0,C:\Users\Igor\StudioProjects\BartRunnerAndroid\app\src\test\resources\bart_live_20260911_185819\etd\12th.xml,2026-09-11T18:58:03-07:00
bart_live_20260911_185819,12TH,12th St. Oakland City Center,Orange,ORANGE,Richmond,RICH,1,North,15,2026-09-11T19:13:03-07:00,future,0,0,C:\Users\Igor\StudioProjects\BartRunnerAndroid\app\src\test\resources\bart_live_20260911_185819\etd\12th.xml,2026-09-11T18:58:03-07:00
bart_live_20260911_185819,12TH,12th St. Oakland City Center,Yellow,YELLOW,SF Airport,SFIA,2,South,3,2026-09-11T19:01:03-07:00,future,0,0,C:\Users\Igor\StudioProjects\BartRunnerAndroid\app\src\test\resources\bart_live_20260911_185819\etd\12th.xml,2026-09-11T18:58:03-07:00
bart_live_20260911_185819,12TH,12th St. Oakland City Center,Yellow,YELLOW,SF Airport,SFIA,2,South,12,2026-09-11T19:10:03-07:00,future,66,0,C:\Users\Igor\StudioProjects\BartRunnerAndroid\app\src\test\resources\bart_live_20260911_185819\etd\12th.xml,2026-09-11T18:58:03-07:00
bart_live_20260911_185819,12TH,12th St. Oakland City Center,Yellow,YELLOW,SF Airport,SFIA,2,South,23,2026-09-11T19:21:03-07:00,future,0,0,C:\Users\Igor\StudioProjects\BartRunnerAndroid\app\src\test\resources\bart_live_20260911_185819\etd\12th.xml,2026-09-11T18:58:03-07:00
bart_live_20260911_185819,12TH,12th St. Oakland City Center,Yellow,YELLOW,SFO/Millbrae,MLBR,2,South,72,2026-09-11T20:10:03-07:00,future,73,0,C:\Users\Igor\StudioProjects\BartRunnerAndroid\app\src\test\resources\bart_live_20260911_185819\etd\12th.xml,2026-09-11T18:58:03-07:00
bart_live_20260911_185819,16TH,16th St. Mission,Yellow,YELLOW,Antioch,ANTC,2,North,4,2026-09-11T19:02:17-07:00,future,513,0,C:\Users\Igor\StudioProjects\BartRunnerAndroid\app\src\test\resources\bart_live_20260911_185819\etd\16th.xml,2026-09-11T18:58:17-07:00
bart_live_20260911_185819,16TH,16th St. Mission,Yellow,YELLOW,Antioch,ANTC,2,North,20,2026-09-11T19:18:17-07:00,future,243,0,C:\Users\Igor\StudioProjects\BartRunnerAndroid\app\src\test\resources\bart_live_20260911_185819\etd\16th.xml,2026-09-11T18:58:17-07:00
bart_live_20260911_185819,16TH,16th St. Mission,Yellow,YELLOW,Antioch,ANTC,2,North,36,2026-09-11T19:34:17-07:00,future,0,0,C:\Users\Igor\StudioProjects\BartRunnerAndroid\app\src\test\resources\bart_live_20260911_185819\etd\16th.xml,2026-09-11T18:58:17-07:00
bart_live_20260911_185819,16TH,16th St. Mission,Green,GREEN,Berryessa,BERY,2,North,15,2026-09-11T19:13:17-07:00,future,142,0,C:\Users\Igor\StudioProjects\BartRunnerAndroid\app\src\test\resources\bart_live_20260911_185819\etd\16th.xml,2026-09-11T18:58:17-07:00
bart_live_20260911_185819,16TH,16th St. Mission,Green,GREEN,Berryessa,BERY,2,North,33,2026-09-11T19:31:17-07:00,future,0,0,C:\Users\Igor\StudioProjects\BartRunnerAndroid\app\src\test\resources\bart_live_20260911_185819\etd\16th.xml,2026-09-11T18:58:17-07:00
bart_live_20260911_185819,16TH,16th St. Mission,Blue,BLUE,Daly City,DALY,1,South,12,2026-09-11T19:10:17-07:00,future,312,0,C:\Users\Igor\StudioProjects\BartRunnerAndroid\app\src\test\resources\bart_live_20260911_185819\etd\16th.xml,2026-09-11T18:58:17-07:00
bart_live_20260911_185819,16TH,16th St. Mission,Green,GREEN,Daly City,DALY,1,South,19,2026-09-11T19:17:17-07:00,future,283,0,C:\Users\Igor\StudioProjects\BartRunnerAndroid\app\src\test\resources\bart_live_20260911_185819\etd\16th.xml,2026-09-11T18:58:17-07:00
bart_live_20260911_185819,16TH,16th St. Mission,Blue,BLUE,Daly City,DALY,1,South,27,2026-09-11T19:25:17-07:00,future,0,0,C:\Users\Igor\StudioProjects\BartRunnerAndroid\app\src\test\resources\bart_live_20260911_185819\etd\16th.xml,2026-09-11T18:58:17-07:00
bart_live_20260911_185819,16TH,16th St. Mission,Blue,BLUE,Dublin/Pleasanton,DUBL,2,North,7,2026-09-11T19:05:17-07:00,future,343,0,C:\Users\Igor\StudioProjects\BartRunnerAndroid\app\src\test\resources\bart_live_20260911_185819\etd\16th.xml,2026-09-11T18:58:17-07:00
bart_live_20260911_185819,16TH,16th St. Mission,Blue,BLUE,Dublin/Pleasanton,DUBL,2,North,21,2026-09-11T19:19:17-07:00,future,0,0,C:\Users\Igor\StudioProjects\BartRunnerAndroid\app\src\test\resources\bart_live_20260911_185819\etd\16th.xml,2026-09-11T18:58:17-07:00
bart_live_20260911_185819,16TH,16th St. Mission,Blue,BLUE,Dublin/Pleasanton,DUBL,2,North,41,2026-09-11T19:39:17-07:00,future,0,0,C:\Users\Igor\StudioProjects\BartRunnerAndroid\app\src\test\resources\bart_live_20260911_185819\etd\16th.xml,2026-09-11T18:58:17-07:00
bart_live_20260911_185819,16TH,16th St. Mission,Red,RED,Millbrae,MLBR,1,South,1,2026-09-11T18:59:17-07:00,future,216,0,C:\Users\Igor\StudioProjects\BartRunnerAndroid\app\src\test\resources\bart_live_20260911_185819\etd\16th.xml,2026-09-11T18:58:17-07:00
bart_live_20260911_185819,16TH,16th St. Mission,Red,RED,Millbrae,MLBR,1,South,18,2026-09-11T19:16:17-07:00,future,0,0,C:\Users\Igor\StudioProjects\BartRunnerAndroid\app\src\test\resources\bart_live_20260911_185819\etd\16th.xml,2026-09-11T18:58:17-07:00
bart_live_20260911_185819,16TH,16th St. Mission,Red,RED,Millbrae,MLBR,1,South,38,2026-09-11T19:36:17-07:00,future,0,0,C:\Users\Igor\StudioProjects\BartRunnerAndroid\app\src\test\resources\bart_live_20260911_185819\etd\16th.xml,2026-09-11T18:58:17-07:00
bart_live_20260911_185819,16TH,16th St. Mission,Yellow,YELLOW,Pittsburg/Bay Point,PITT,2,North,2,2026-09-11T19:00:17-07:00,future,862,0,C:\Users\Igor\StudioProjects\BartRunnerAndroid\app\src\test\resources\bart_live_20260911_185819\etd\16th.xml,2026-09-11T18:58:17-07:00
bart_live_20260911_185819,16TH,16th St. Mission,Yellow,YELLOW,Pittsburg/Bay Point,PITT,2,North,12,2026-09-11T19:10:17-07:00,future,303,0,C:\Users\Igor\StudioProjects\BartRunnerAndroid\app\src\test\resources\bart_live_20260911_185819\etd\16th.xml,2026-09-11T18:58:17-07:00
bart_live_20260911_185819,16TH,16th St. Mission,Red,RED,Richmond,RICH,2,North,10,2026-09-11T19:08:17-07:00,future,312,0,C:\Users\Igor\StudioProjects\BartRunnerAndroid\app\src\test\resources\bart_live_20260911_185819\etd\16th.xml,2026-09-11T18:58:17-07:00
bart_live_20260911_185819,16TH,16th St. Mission,Red,RED,Richmond,RICH,2,North,26,2026-09-11T19:24:17-07:00,future,104,0,C:\Users\Igor\StudioProjects\BartRunnerAndroid\app\src\test\resources\bart_live_20260911_185819\etd\16th.xml,2026-09-11T18:58:17-07:00
bart_live_20260911_185819,16TH,16th St. Mission,Red,RED,Richmond,RICH,2,North,45,2026-09-11T19:43:17-07:00,future,0,0,C:\Users\Igor\StudioProjects\BartRunnerAndroid\app\src\test\resources\bart_live_20260911_185819\etd\16th.xml,2026-09-11T18:58:17-07:00
bart_live_20260911_185819,16TH,16th St. Mission,Yellow,YELLOW,SF Airport,SFIA,1,South,3,2026-09-11T19:01:17-07:00,future,81,0,C:\Users\Igor\StudioProjects\BartRunnerAndroid\app\src\test\resources\bart_live_20260911_185819\etd\16th.xml,2026-09-11T18:58:17-07:00
bart_live_20260911_185819,16TH,16th St. Mission,Yellow,YELLOW,SF Airport,SFIA,1,South,10,2026-09-11T19:08:17-07:00,future,0,0,C:\Users\Igor\StudioProjects\BartRunnerAndroid\app\src\test\resources\bart_live_20260911_185819\etd\16th.xml,2026-09-11T18:58:17-07:00
bart_live_20260911_185819,16TH,16th St. Mission,Yellow,YELLOW,SF Airport,SFIA,1,South,22,2026-09-11T19:20:17-07:00,future,0,0,C:\Users\Igor\StudioProjects\BartRunnerAndroid\app\src\test\resources\bart_live_20260911_185819\etd\16th.xml,2026-09-11T18:58:17-07:00
bart_live_20260911_185819,16TH,16th St. Mission,Yellow,YELLOW,SFO/Millbrae,MLBR,1,South,90,2026-09-11T20:28:17-07:00,future,0,0,C:\Users\Igor\StudioProjects\BartRunnerAndroid\app\src\test\resources\bart_live_20260911_185819\etd\16th.xml,2026-09-11T18:58:17-07:00
bart_live_20260911_185819,19TH,19th St. Oakland,Yellow,YELLOW,Antioch,ANTC,3,North,8,2026-09-11T19:06:17-07:00,future,655,0,C:\Users\Igor\StudioProjects\BartRunnerAndroid\app\src\test\resources\bart_live_20260911_185819\etd\19th.xml,2026-09-11T18:58:17-07:00
bart_live_20260911_185819,19TH,19th St. Oakland,Yellow,YELLOW,Antioch,ANTC,3,North,23,2026-09-11T19:21:17-07:00,future,389,0,C:\Users\Igor\StudioProjects\BartRunnerAndroid\app\src\test\resources\bart_live_20260911_185819\etd\19th.xml,2026-09-11T18:58:17-07:00
bart_live_20260911_185819,19TH,19th St. Oakland,Yellow,YELLOW,Antioch,ANTC,3,North,39,2026-09-11T19:37:17-07:00,future,120,0,C:\Users\Igor\StudioProjects\BartRunnerAndroid\app\src\test\resources\bart_live_20260911_185819\etd\19th.xml,2026-09-11T18:58:17-07:00
bart_live_20260911_185819,19TH,19th St. Oakland,Orange,ORANGE,Berryessa,BERY,2,South,12,2026-09-11T19:10:17-07:00,future,0,0,C:\Users\Igor\StudioProjects\BartRunnerAndroid\app\src\test\resources\bart_live_20260911_185819\etd\19th.xml,2026-09-11T18:58:17-07:00
bart_live_20260911_185819,19TH,19th St. Oakland,Orange,ORANGE,Berryessa,BERY,2,South,32,2026-09-11T19:30:17-07:00,future,0,0,C:\Users\Igor\StudioProjects\BartRunnerAndroid\app\src\test\resources\bart_live_20260911_185819\etd\19th.xml,2026-09-11T18:58:17-07:00
bart_live_20260911_185819,19TH,19th St. Oakland,Orange,ORANGE,Berryessa,BERY,2,South,52,2026-09-11T19:50:17-07:00,future,0,0,C:\Users\Igor\StudioProjects\BartRunnerAndroid\app\src\test\resources\bart_live_20260911_185819\etd\19th.xml,2026-09-11T18:58:17-07:00
bart_live_20260911_185819,19TH,19th St. Oakland,Red,RED,Millbrae,MLBR,2,South,17,2026-09-11T19:15:17-07:00,future,0,0,C:\Users\Igor\StudioProjects\BartRunnerAndroid\app\src\test\resources\bart_live_20260911_185819\etd\19th.xml,2026-09-11T18:58:17-07:00
bart_live_20260911_185819,19TH,19th St. Oakland,Red,RED,Millbrae,MLBR,2,South,37,2026-09-11T19:35:17-07:00,future,0,0,C:\Users\Igor\StudioProjects\BartRunnerAndroid\app\src\test\resources\bart_live_20260911_185819\etd\19th.xml,2026-09-11T18:58:17-07:00
bart_live_20260911_185819,19TH,19th St. Oakland,Red,RED,Millbrae,MLBR,2,South,57,2026-09-11T19:55:17-07:00,future,0,0,C:\Users\Igor\StudioProjects\BartRunnerAndroid\app\src\test\resources\bart_live_20260911_185819\etd\19th.xml,2026-09-11T18:58:17-07:00
bart_live_20260911_185819,19TH,19th St. Oakland,Yellow,YELLOW,Pittsburg/Bay Point,PITT,3,North,21,2026-09-11T19:19:17-07:00,future,729,0,C:\Users\Igor\StudioProjects\BartRunnerAndroid\app\src\test\resources\bart_live_20260911_185819\etd\19th.xml,2026-09-11T18:58:17-07:00
bart_live_20260911_185819,19TH,19th St. Oakland,Yellow,YELLOW,Pittsburg/Bay Point,PITT,3,North,31,2026-09-11T19:29:17-07:00,future,182,0,C:\Users\Igor\StudioProjects\BartRunnerAndroid\app\src\test\resources\bart_live_20260911_185819\etd\19th.xml,2026-09-11T18:58:17-07:00
bart_live_20260911_185819,19TH,19th St. Oakland,Orange,ORANGE,Richmond,RICH,1,North,1,2026-09-11T18:59:17-07:00,future,261,0,C:\Users\Igor\StudioProjects\BartRunnerAndroid\app\src\test\resources\bart_live_20260911_185819\etd\19th.xml,2026-09-11T18:58:17-07:00
bart_live_20260911_185819,19TH,19th St. Oakland,Red,RED,Richmond,RICH,1,North,14,2026-09-11T19:12:17-07:00,future,569,0,C:\Users\Igor\StudioProjects\BartRunnerAndroid\app\src\test\resources\bart_live_20260911_185819\etd\19th.xml,2026-09-11T18:58:17-07:00
bart_live_20260911_185819,19TH,19th St. Oakland,Orange,ORANGE,Richmond,RICH,1,North,16,2026-09-11T19:14:17-07:00,future,0,0,C:\Users\Igor\StudioProjects\BartRunnerAndroid\app\src\test\resources\bart_live_20260911_185819\etd\19th.xml,2026-09-11T18:58:17-07:00
bart_live_20260911_185819,19TH,19th St. Oakland,Yellow,YELLOW,SF Airport,SFIA,2,South,Leaving,2026-09-11T18:58:17-07:00,leaving,0,0,C:\Users\Igor\StudioProjects\BartRunnerAndroid\app\src\test\resources\bart_live_20260911_185819\etd\19th.xml,2026-09-11T18:58:17-07:00
bart_live_20260911_185819,19TH,19th St. Oakland,Yellow,YELLOW,SF Airport,SFIA,2,South,11,2026-09-11T19:09:17-07:00,future,107,0,C:\Users\Igor\StudioProjects\BartRunnerAndroid\app\src\test\resources\bart_live_20260911_185819\etd\19th.xml,2026-09-11T18:58:17-07:00
bart_live_20260911_185819,19TH,19th St. Oakland,Yellow,YELLOW,SF Airport,SFIA,2,South,21,2026-09-11T19:19:17-07:00,future,0,0,C:\Users\Igor\StudioProjects\BartRunnerAndroid\app\src\test\resources\bart_live_20260911_185819\etd\19th.xml,2026-09-11T18:58:17-07:00
bart_live_20260911_185819,19TH,19th St. Oakland,Yellow,YELLOW,SFO/Millbrae,MLBR,2,South,71,2026-09-11T20:09:17-07:00,future,118,0,C:\Users\Igor\StudioProjects\BartRunnerAndroid\app\src\test\resources\bart_live_20260911_185819\etd\19th.xml,2026-09-11T18:58:17-07:00
bart_live_20260911_185819,24TH,24th St. Mission,Yellow,YELLOW,Antioch,ANTC,2,North,2,2026-09-11T19:00:17-07:00,future,518,0,C:\Users\Igor\StudioProjects\BartRunnerAndroid\app\src\test\resources\bart_live_20260911_185819\etd\24th.xml,2026-09-11T18:58:17-07:00
bart_live_20260911_185819,24TH,24th St. Mission,Yellow,YELLOW,Antioch,ANTC,2,North,18,2026-09-11T19:16:17-07:00,future,248,0,C:\Users\Igor\StudioProjects\BartRunnerAndroid\app\src\test\resources\bart_live_20260911_185819\etd\24th.xml,2026-09-11T18:58:17-07:00
bart_live_20260911_185819,24TH,24th St. Mission,Yellow,YELLOW,Antioch,ANTC,2,North,34,2026-09-11T19:32:17-07:00,future,0,0,C:\Users\Igor\StudioProjects\BartRunnerAndroid\app\src\test\resources\bart_live_20260911_185819\etd\24th.xml,2026-09-11T18:58:17-07:00
bart_live_20260911_185819,24TH,24th St. Mission,Green,GREEN,Berryessa,BERY,2,North,14,2026-09-11T19:12:17-07:00,future,147,0,C:\Users\Igor\StudioProjects\BartRunnerAndroid\app\src\test\resources\bart_live_20260911_185819\etd\24th.xml,2026-09-11T18:58:17-07:00
bart_live_20260911_185819,24TH,24th St. Mission,Green,GREEN,Berryessa,BERY,2,North,31,2026-09-11T19:29:17-07:00,future,0,0,C:\Users\Igor\StudioProjects\BartRunnerAndroid\app\src\test\resources\bart_live_20260911_185819\etd\24th.xml,2026-09-11T18:58:17-07:00
bart_live_20260911_185819,24TH,24th St. Mission,Green,GREEN,Daly City,DALY,1,South,Leaving,2026-09-11T18:58:17-07:00,leaving,224,0,C:\Users\Igor\StudioProjects\BartRunnerAndroid\app\src\test\resources\bart_live_20260911_185819\etd\24th.xml,2026-09-11T18:58:17-07:00
bart_live_20260911_185819,24TH,24th St. Mission,Blue,BLUE,Daly City,DALY,1,South,14,2026-09-11T19:12:17-07:00,future,310,0,C:\Users\Igor\StudioProjects\BartRunnerAndroid\app\src\test\resources\bart_live_20260911_185819\etd\24th.xml,2026-09-11T18:58:17-07:00
bart_live_20260911_185819,24TH,24th St. Mission,Green,GREEN,Daly City,DALY,1,South,21,2026-09-11T19:19:17-07:00,future,281,0,C:\Users\Igor\StudioProjects\BartRunnerAndroid\app\src\test\resources\bart_live_20260911_185819\etd\24th.xml,2026-09-11T18:58:17-07:00
bart_live_20260911_185819,24TH,24th St. Mission,Blue,BLUE,Dublin/Pleasanton,DUBL,2,North,5,2026-09-11T19:03:17-07:00,future,348,0,C:\Users\Igor\StudioProjects\BartRunnerAndroid\app\src\test\resources\bart_live_20260911_185819\etd\24th.xml,2026-09-11T18:58:17-07:00
bart_live_20260911_185819,24TH,24th St. Mission,Blue,BLUE,Dublin/Pleasanton,DUBL,2,North,19,2026-09-11T19:17:17-07:00,future,0,0,C:\Users\Igor\StudioProjects\BartRunnerAndroid\app\src\test\resources\bart_live_20260911_185819\etd\24th.xml,2026-09-11T18:58:17-07:00
bart_live_20260911_185819,24TH,24th St. Mission,Blue,BLUE,Dublin/Pleasanton,DUBL,2,North,39,2026-09-11T19:37:17-07:00,future,0,0,C:\Users\Igor\StudioProjects\BartRunnerAndroid\app\src\test\resources\bart_live_20260911_185819\etd\24th.xml,2026-09-11T18:58:17-07:00
bart_live_20260911_185819,24TH,24th St. Mission,Red,RED,Millbrae,MLBR,1,South,3,2026-09-11T19:01:17-07:00,future,202,0,C:\Users\Igor\StudioProjects\BartRunnerAndroid\app\src\test\resources\bart_live_20260911_185819\etd\24th.xml,2026-09-11T18:58:17-07:00
bart_live_20260911_185819,24TH,24th St. Mission,Red,RED,Millbrae,MLBR,1,South,20,2026-09-11T19:18:17-07:00,future,0,0,C:\Users\Igor\StudioProjects\BartRunnerAndroid\app\src\test\resources\bart_live_20260911_185819\etd\24th.xml,2026-09-11T18:58:17-07:00
bart_live_20260911_185819,24TH,24th St. Mission,Red,RED,Millbrae,MLBR,1,South,40,2026-09-11T19:38:17-07:00,future,0,0,C:\Users\Igor\StudioProjects\BartRunnerAndroid\app\src\test\resources\bart_live_20260911_185819\etd\24th.xml,2026-09-11T18:58:17-07:00
bart_live_20260911_185819,24TH,24th St. Mission,Yellow,YELLOW,Pittsburg/Bay Point,PITT,2,North,10,2026-09-11T19:08:17-07:00,future,308,0,C:\Users\Igor\StudioProjects\BartRunnerAndroid\app\src\test\resources\bart_live_20260911_185819\etd\24th.xml,2026-09-11T18:58:17-07:00
bart_live_20260911_185819,24TH,24th St. Mission,Red,RED,Richmond,RICH,2,North,8,2026-09-11T19:06:17-07:00,future,317,0,C:\Users\Igor\StudioProjects\BartRunnerAndroid\app\src\test\resources\bart_live_20260911_185819\etd\24th.xml,2026-09-11T18:58:17-07:00
bart_live_20260911_185819,24TH,24th St. Mission,Red,RED,Richmond,RICH,2,North,24,2026-09-11T19:22:17-07:00,future,109,0,C:\Users\Igor\StudioProjects\BartRunnerAndroid\app\src\test\resources\bart_live_20260911_185819\etd\24th.xml,2026-09-11T18:58:17-07:00
bart_live_20260911_185819,24TH,24th St. Mission,Red,RED,Richmond,RICH,2,North,43,2026-09-11T19:41:17-07:00,future,0,0,C:\Users\Igor\StudioProjects\BartRunnerAndroid\app\src\test\resources\bart_live_20260911_185819\etd\24th.xml,2026-09-11T18:58:17-07:00
bart_live_20260911_185819,24TH,24th St. Mission,Yellow,YELLOW,SF Airport,SFIA,1,South,5,2026-09-11T19:03:17-07:00,future,79,0,C:\Users\Igor\StudioProjects\BartRunnerAndroid\app\src\test\resources\bart_live_20260911_185819\etd\24th.xml,2026-09-11T18:58:17-07:00
bart_live_20260911_185819,24TH,24th St. Mission,Yellow,YELLOW,SF Airport,SFIA,1,South,12,2026-09-11T19:10:17-07:00,future,0,0,C:\Users\Igor\StudioProjects\BartRunnerAndroid\app\src\test\resources\bart_live_20260911_185819\etd\24th.xml,2026-09-11T18:58:17-07:00
bart_live_20260911_185819,24TH,24th St. Mission,Yellow,YELLOW,SF Airport,SFIA,1,South,24,2026-09-11T19:22:17-07:00,future,0,0,C:\Users\Igor\StudioProjects\BartRunnerAndroid\app\src\test\resources\bart_live_20260911_185819\etd\24th.xml,2026-09-11T18:58:17-07:00
bart_live_20260911_185819,24TH,24th St. Mission,Yellow,YELLOW,SFO/Millbrae,MLBR,1,South,92,2026-09-11T20:30:17-07:00,future,0,0,C:\Users\Igor\StudioProjects\BartRunnerAndroid\app\src\test\resources\bart_live_20260911_185819\etd\24th.xml,2026-09-11T18:58:17-07:00
bart_live_20260911_185819,ANTC,Antioch,Yellow,YELLOW,SFO/Millbrae,MLBR,2,South,10,2026-09-11T19:08:17-07:00,future,0,0,C:\Users\Igor\StudioProjects\BartRunnerAndroid\app\src\test\resources\bart_live_20260911_185819\etd\antc.xml,2026-09-11T18:58:17-07:00
bart_live_20260911_185819,ANTC,Antioch,Yellow,YELLOW,SFO/Millbrae,MLBR,2,South,30,2026-09-11T19:28:17-07:00,future,0,0,C:\Users\Igor\StudioProjects\BartRunnerAndroid\app\src\test\resources\bart_live_20260911_185819\etd\antc.xml,2026-09-11T18:58:17-07:00
bart_live_20260911_185819,ANTC,Antioch,Yellow,YELLOW,SFO/Millbrae,MLBR,2,South,50,2026-09-11T19:48:17-07:00,future,0,0,C:\Users\Igor\StudioProjects\BartRunnerAndroid\app\src\test\resources\bart_live_20260911_185819\etd\antc.xml,2026-09-11T18:58:17-07:00
bart_live_20260911_185819,ASHB,Ashby,Orange,ORANGE,Berryessa,BERY,2,South,2,2026-09-11T19:00:17-07:00,future,0,0,C:\Users\Igor\StudioProjects\BartRunnerAndroid\app\src\test\resources\bart_live_20260911_185819\etd\ashb.xml,2026-09-11T18:58:17-07:00
bart_live_20260911_185819,ASHB,Ashby,Orange,ORANGE,Berryessa,BERY,2,South,22,2026-09-11T19:20:17-07:00,future,0,0,C:\Users\Igor\StudioProjects\BartRunnerAndroid\app\src\test\resources\bart_live_20260911_185819\etd\ashb.xml,2026-09-11T18:58:17-07:00
bart_live_20260911_185819,ASHB,Ashby,Orange,ORANGE,Berryessa,BERY,2,South,42,2026-09-11T19:40:17-07:00,future,0,0,C:\Users\Igor\StudioProjects\BartRunnerAndroid\app\src\test\resources\bart_live_20260911_185819\etd\ashb.xml,2026-09-11T18:58:17-07:00
bart_live_20260911_185819,ASHB,Ashby,Red,RED,Millbrae,MLBR,2,South,10,2026-09-11T19:08:17-07:00,future,0,0,C:\Users\Igor\StudioProjects\BartRunnerAndroid\app\src\test\resources\bart_live_20260911_185819\etd\ashb.xml,2026-09-11T18:58:17-07:00
bart_live_20260911_185819,ASHB,Ashby,Red,RED,Millbrae,MLBR,2,South,30,2026-09-11T19:28:17-07:00,future,0,0,C:\Users\Igor\StudioProjects\BartRunnerAndroid\app\src\test\resources\bart_live_20260911_185819\etd\ashb.xml,2026-09-11T18:58:17-07:00
bart_live_20260911_185819,ASHB,Ashby,Red,RED,Millbrae,MLBR,2,South,50,2026-09-11T19:48:17-07:00,future,0,0,C:\Users\Igor\StudioProjects\BartRunnerAndroid\app\src\test\resources\bart_live_20260911_185819\etd\ashb.xml,2026-09-11T18:58:17-07:00
bart_live_20260911_185819,ASHB,Ashby,Red,RED,Richmond,RICH,1,North,6,2026-09-11T19:04:17-07:00,future,855,0,C:\Users\Igor\StudioProjects\BartRunnerAndroid\app\src\test\resources\bart_live_20260911_185819\etd\ashb.xml,2026-09-11T18:58:17-07:00
bart_live_20260911_185819,ASHB,Ashby,Orange,ORANGE,Richmond,RICH,1,North,9,2026-09-11T19:07:17-07:00,future,286,0,C:\Users\Igor\StudioProjects\BartRunnerAndroid\app\src\test\resources\bart_live_20260911_185819\etd\ashb.xml,2026-09-11T18:58:17-07:00
bart_live_20260911_185819,ASHB,Ashby,Red,RED,Richmond,RICH,1,North,21,2026-09-11T19:19:17-07:00,future,541,0,C:\Users\Igor\StudioProjects\BartRunnerAndroid\app\src\test\resources\bart_live_20260911_185819\etd\ashb.xml,2026-09-11T18:58:17-07:00
bart_live_20260911_185819,BALB,Balboa Park,Yellow,YELLOW,Antioch,ANTC,2,North,13,2026-09-11T19:11:17-07:00,future,252,0,C:\Users\Igor\StudioProjects\BartRunnerAndroid\app\src\test\resources\bart_live_20260911_185819\etd\balb.xml,2026-09-11T18:58:17-07:00
bart_live_20260911_185819,BALB,Balboa Park,Yellow,YELLOW,Antioch,ANTC,2,North,29,2026-09-11T19:27:17-07:00,future,0,0,C:\Users\Igor\StudioProjects\BartRunnerAndroid\app\src\test\resources\bart_live_20260911_185819\etd\balb.xml,2026-09-11T18:58:17-07:00
bart_live_20260911_185819,BALB,Balboa Park,Yellow,YELLOW,Antioch,ANTC,2,North,49,2026-09-11T19:47:17-07:00,future,0,0,C:\Users\Igor\StudioProjects\BartRunnerAndroid\app\src\test\resources\bart_live_20260911_185819\etd\balb.xml,2026-09-11T18:58:17-07:00
bart_live_20260911_185819,BALB,Balboa Park,Green,GREEN,Berryessa,BERY,2,North,9,2026-09-11T19:07:17-07:00,future,151,0,C:\Users\Igor\StudioProjects\BartRunnerAndroid\app\src\test\resources\bart_live_20260911_185819\etd\balb.xml,2026-09-11T18:58:17-07:00
bart_live_20260911_185819,BALB,Balboa Park,Green,GREEN,Berryessa,BERY,2,North,26,2026-09-11T19:24:17-07:00,future,0,0,C:\Users\Igor\StudioProjects\BartRunnerAndroid\app\src\test\resources\bart_live_20260911_185819\etd\balb.xml,2026-09-11T18:58:17-07:00
bart_live_20260911_185819,BALB,Balboa Park,Green,GREEN,Daly City,DALY,1,South,6,2026-09-11T19:04:17-07:00,future,233,0,C:\Users\Igor\StudioProjects\BartRunnerAndroid\app\src\test\resources\bart_live_20260911_185819\etd\balb.xml,2026-09-11T18:58:17-07:00
bart_live_20260911_185819,BALB,Balboa Park,Blue,BLUE,Daly City,DALY,1,South,19,2026-09-11T19:17:17-07:00,future,302,0,C:\Users\Igor\StudioProjects\BartRunnerAndroid\app\src\test\resources\bart_live_20260911_185819\etd\balb.xml,2026-09-11T18:58:17-07:00
bart_live_20260911_185819,BALB,Balboa Park,Green,GREEN,Daly City,DALY,1,South,27,2026-09-11T19:25:17-07:00,future,287,0,C:\Users\Igor\StudioProjects\BartRunnerAndroid\app\src\test\resources\bart_live_20260911_185819\etd\balb.xml,2026-09-11T18:58:17-07:00
bart_live_20260911_185819,BALB,Balboa Park,Blue,BLUE,Dublin/Pleasanton,DUBL,2,North,Leaving,2026-09-11T18:58:17-07:00,leaving,249,0,C:\Users\Igor\StudioProjects\BartRunnerAndroid\app\src\test\resources\bart_live_20260911_185819\etd\balb.xml,2026-09-11T18:58:17-07:00
bart_live_20260911_185819,BALB,Balboa Park,Blue,BLUE,Dublin/Pleasanton,DUBL,2,North,14,2026-09-11T19:12:17-07:00,future,0,0,C:\Users\Igor\StudioProjects\BartRunnerAndroid\app\src\test\resources\bart_live_20260911_185819\etd\balb.xml,2026-09-11T18:58:17-07:00
bart_live_20260911_185819,BALB,Balboa Park,Blue,BLUE,Dublin/Pleasanton,DUBL,2,North,34,2026-09-11T19:32:17-07:00,future,0,0,C:\Users\Igor\StudioProjects\BartRunnerAndroid\app\src\test\resources\bart_live_20260911_185819\etd\balb.xml,2026-09-11T18:58:17-07:00
bart_live_20260911_185819,BALB,Balboa Park,Red,RED,Millbrae,MLBR,1,South,8,2026-09-11T19:06:17-07:00,future,194,0,C:\Users\Igor\StudioProjects\BartRunnerAndroid\app\src\test\resources\bart_live_20260911_185819\etd\balb.xml,2026-09-11T18:58:17-07:00
bart_live_20260911_185819,BALB,Balboa Park,Red,RED,Millbrae,MLBR,1,South,25,2026-09-11T19:23:17-07:00,future,0,0,C:\Users\Igor\StudioProjects\BartRunnerAndroid\app\src\test\resources\bart_live_20260911_185819\etd\balb.xml,2026-09-11T18:58:17-07:00
bart_live_20260911_185819,BALB,Balboa Park,Red,RED,Millbrae,MLBR,1,South,45,2026-09-11T19:43:17-07:00,future,0,0,C:\Users\Igor\StudioProjects\BartRunnerAndroid\app\src\test\resources\bart_live_20260911_185819\etd\balb.xml,2026-09-11T18:58:17-07:00
bart_live_20260911_185819,BALB,Balboa Park,Yellow,YELLOW,Pittsburg/Bay Point,PITT,2,North,5,2026-09-11T19:03:17-07:00,future,312,0,C:\Users\Igor\StudioProjects\BartRunnerAndroid\app\src\test\resources\bart_live_20260911_185819\etd\balb.xml,2026-09-11T18:58:17-07:00
bart_live_20260911_185819,BALB,Balboa Park,Red,RED,Richmond,RICH,2,North,3,2026-09-11T19:01:17-07:00,future,321,0,C:\Users\Igor\StudioProjects\BartRunnerAndroid\app\src\test\resources\bart_live_20260911_185819\etd\balb.xml,2026-09-11T18:58:17-07:00
bart_live_20260911_185819,BALB,Balboa Park,Red,RED,Richmond,RICH,2,North,20,2026-09-11T19:18:17-07:00,future,113,0,C:\Users\Igor\StudioProjects\BartRunnerAndroid\app\src\test\resources\bart_live_20260911_185819\etd\balb.xml,2026-09-11T18:58:17-07:00
bart_live_20260911_185819,BALB,Balboa Park,Red,RED,Richmond,RICH,2,North,38,2026-09-11T19:36:17-07:00,future,0,0,C:\Users\Igor\StudioProjects\BartRunnerAndroid\app\src\test\resources\bart_live_20260911_185819\etd\balb.xml,2026-09-11T18:58:17-07:00
bart_live_20260911_185819,BALB,Balboa Park,Yellow,YELLOW,SF Airport,SFIA,1,South,10,2026-09-11T19:08:17-07:00,future,71,0,C:\Users\Igor\StudioProjects\BartRunnerAndroid\app\src\test\resources\bart_live_20260911_185819\etd\balb.xml,2026-09-11T18:58:17-07:00
bart_live_20260911_185819,BALB,Balboa Park,Yellow,YELLOW,SF Airport,SFIA,1,South,17,2026-09-11T19:15:17-07:00,future,0,0,C:\Users\Igor\StudioProjects\BartRunnerAndroid\app\src\test\resources\bart_live_20260911_185819\etd\balb.xml,2026-09-11T18:58:17-07:00
bart_live_20260911_185819,BALB,Balboa Park,Yellow,YELLOW,SF Airport,SFIA,1,South,29,2026-09-11T19:27:17-07:00,future,0,0,C:\Users\Igor\StudioProjects\BartRunnerAndroid\app\src\test\resources\bart_live_20260911_185819\etd\balb.xml,2026-09-11T18:58:17-07:00
bart_live_20260911_185819,BALB,Balboa Park,Yellow,YELLOW,SFO/Millbrae,MLBR,1,South,97,2026-09-11T20:35:17-07:00,future,0,0,C:\Users\Igor\StudioProjects\BartRunnerAndroid\app\src\test\resources\bart_live_20260911_185819\etd\balb.xml,2026-09-11T18:58:17-07:00
bart_live_20260911_185819,BAYF,Bay Fair,Orange,ORANGE,Berryessa,BERY,1,South,12,2026-09-11T19:10:17-07:00,future,0,0,C:\Users\Igor\StudioProjects\BartRunnerAndroid\app\src\test\resources\bart_live_20260911_185819\etd\bayf.xml,2026-09-11T18:58:17-07:00
bart_live_20260911_185819,BAYF,Bay Fair,Green,GREEN,Berryessa,BERY,1,North,14,2026-09-11T19:12:17-07:00,future,353,0,C:\Users\Igor\StudioProjects\BartRunnerAndroid\app\src\test\resources\bart_live_20260911_185819\etd\bayf.xml,2026-09-11T18:58:17-07:00
bart_live_20260911_185819,BAYF,Bay Fair,Green,GREEN,Berryessa,BERY,1,North,31,2026-09-11T19:29:17-07:00,future,121,0,C:\Users\Igor\StudioProjects\BartRunnerAndroid\app\src\test\resources\bart_live_20260911_185819\etd\bayf.xml,2026-09-11T18:58:17-07:00
bart_live_20260911_185819,BAYF,Bay Fair,Green,GREEN,Daly City,DALY,2,South,4,2026-09-11T19:02:17-07:00,future,308,0,C:\Users\Igor\StudioProjects\BartRunnerAndroid\app\src\test\resources\bart_live_20260911_185819\etd\bayf.xml,2026-09-11T18:58:17-07:00
bart_live_20260911_185819,BAYF,Bay Fair,Blue,BLUE,Daly City,DALY,2,South,12,2026-09-11T19:10:17-07:00,future,0,0,C:\Users\Igor\StudioProjects\BartRunnerAndroid\app\src\test\resources\bart_live_20260911_185819\etd\bayf.xml,2026-09-11T18:58:17-07:00
bart_live_20260911_185819,BAYF,Bay Fair,Green,GREEN,Daly City,DALY,2,South,19,2026-09-11T19:17:17-07:00,future,0,0,C:\Users\Igor\StudioProjects\BartRunnerAndroid\app\src\test\resources\bart_live_20260911_185819\etd\bayf.xml,2026-09-11T18:58:17-07:00
bart_live_20260911_185819,BAYF,Bay Fair,Blue,BLUE,Dublin/Pleasanton,DUBL,1,North,1,2026-09-11T18:59:17-07:00,future,284,0,C:\Users\Igor\StudioProjects\BartRunnerAndroid\app\src\test\resources\bart_live_20260911_185819\etd\bayf.xml,2026-09-11T18:58:17-07:00
bart_live_20260911_185819,BAYF,Bay Fair,Blue,BLUE,Dublin/Pleasanton,DUBL,1,North,18,2026-09-11T19:16:17-07:00,future,114,0,C:\Users\Igor\StudioProjects\BartRunnerAndroid\app\src\test\resources\bart_live_20260911_185819\etd\bayf.xml,2026-09-11T18:58:17-07:00
bart_live_20260911_185819,BAYF,Bay Fair,Blue,BLUE,Dublin/Pleasanton,DUBL,1,North,40,2026-09-11T19:38:17-07:00,future,188,0,C:\Users\Igor\StudioProjects\BartRunnerAndroid\app\src\test\resources\bart_live_20260911_185819\etd\bayf.xml,2026-09-11T18:58:17-07:00
bart_live_20260911_185819,BAYF,Bay Fair,Orange,ORANGE,Richmond,RICH,2,North,16,2026-09-11T19:14:17-07:00,future,0,0,C:\Users\Igor\StudioProjects\BartRunnerAndroid\app\src\test\resources\bart_live_20260911_185819\etd\bayf.xml,2026-09-11T18:58:17-07:00
bart_live_20260911_185819,BAYF,Bay Fair,Orange,ORANGE,Richmond,RICH,2,North,36,2026-09-11T19:34:17-07:00,future,0,0,C:\Users\Igor\StudioProjects\BartRunnerAndroid\app\src\test\resources\bart_live_20260911_185819\etd\bayf.xml,2026-09-11T18:58:17-07:00
bart_live_20260911_185819,BAYF,Bay Fair,Orange,ORANGE,Richmond,RICH,2,North,56,2026-09-11T19:54:17-07:00,future,0,0,C:\Users\Igor\StudioProjects\BartRunnerAndroid\app\src\test\resources\bart_live_20260911_185819\etd\bayf.xml,2026-09-11T18:58:17-07:00
bart_live_20260911_185819,BERY,Berryessa/North San Jose,Orange,ORANGE,Richmond,RICH,2,North,Leaving,2026-09-11T18:58:17-07:00,leaving,0,0,C:\Users\Igor\StudioProjects\BartRunnerAndroid\app\src\test\resources\bart_live_20260911_185819\etd\bery.xml,2026-09-11T18:58:17-07:00
bart_live_20260911_185819,BERY,Berryessa/North San Jose,Orange,ORANGE,Richmond,RICH,2,North,20,2026-09-11T19:18:17-07:00,future,0,0,C:\Users\Igor\StudioProjects\BartRunnerAndroid\app\src\test\resources\bart_live_20260911_185819\etd\bery.xml,2026-09-11T18:58:17-07:00
bart_live_20260911_185819,BERY,Berryessa/North San Jose,Orange,ORANGE,Richmond,RICH,2,North,40,2026-09-11T19:38:17-07:00,future,0,0,C:\Users\Igor\StudioProjects\BartRunnerAndroid\app\src\test\resources\bart_live_20260911_185819\etd\bery.xml,2026-09-11T18:58:17-07:00
bart_live_20260911_185819,CAST,Castro Valley,Blue,BLUE,Daly City,DALY,2,South,7,2026-09-11T19:05:17-07:00,future,0,0,C:\Users\Igor\StudioProjects\BartRunnerAndroid\app\src\test\resources\bart_live_20260911_185819\etd\cast.xml,2026-09-11T18:58:17-07:00
bart_live_20260911_185819,CAST,Castro Valley,Blue,BLUE,Daly City,DALY,2,South,29,2026-09-11T19:27:17-07:00,future,154,0,C:\Users\Igor\StudioProjects\BartRunnerAndroid\app\src\test\resources\bart_live_20260911_185819\etd\cast.xml,2026-09-11T18:58:17-07:00
bart_live_20260911_185819,CAST,Castro Valley,Blue,BLUE,Daly City,DALY,2,South,46,2026-09-11T19:44:17-07:00,future,0,0,C:\Users\Igor\StudioProjects\BartRunnerAndroid\app\src\test\resources\bart_live_20260911_185819\etd\cast.xml,2026-09-11T18:58:17-07:00
bart_live_20260911_185819,CAST,Castro Valley,Blue,BLUE,Dublin/Pleasanton,DUBL,1,North,Leaving,2026-09-11T18:58:17-07:00,leaving,1112,0,C:\Users\Igor\StudioProjects\BartRunnerAndroid\app\src\test\resources\bart_live_20260911_185819\etd\cast.xml,2026-09-11T18:58:17-07:00
bart_live_20260911_185819,CAST,Castro Valley,Blue,BLUE,Dublin/Pleasanton,DUBL,1,North,5,2026-09-11T19:03:17-07:00,future,238,0,C:\Users\Igor\StudioProjects\BartRunnerAndroid\app\src\test\resources\bart_live_20260911_185819\etd\cast.xml,2026-09-11T18:58:17-07:00
bart_live_20260911_185819,CAST,Castro Valley,Blue,BLUE,Dublin/Pleasanton,DUBL,1,North,23,2026-09-11T19:21:17-07:00,future,94,0,C:\Users\Igor\StudioProjects\BartRunnerAndroid\app\src\test\resources\bart_live_20260911_185819\etd\cast.xml,2026-09-11T18:58:17-07:00
bart_live_20260911_185819,CIVC,Civic Center/UN Plaza,Yellow,YELLOW,Antioch,ANTC,2,North,6,2026-09-11T19:04:17-07:00,future,503,0,C:\Users\Igor\StudioProjects\BartRunnerAndroid\app\src\test\resources\bart_live_20260911_185819\etd\civc.xml,2026-09-11T18:58:17-07:00
bart_live_20260911_185819,CIVC,Civic Center/UN Plaza,Yellow,YELLOW,Antioch,ANTC,2,North,22,2026-09-11T19:20:17-07:00,future,233,0,C:\Users\Igor\StudioProjects\BartRunnerAndroid\app\src\test\resources\bart_live_20260911_185819\etd\civc.xml,2026-09-11T18:58:17-07:00
bart_live_20260911_185819,CIVC,Civic Center/UN Plaza,Yellow,YELLOW,Antioch,ANTC,2,North,38,2026-09-11T19:36:17-07:00,future,0,0,C:\Users\Igor\StudioProjects\BartRunnerAndroid\app\src\test\resources\bart_live_20260911_185819\etd\civc.xml,2026-09-11T18:58:17-07:00
bart_live_20260911_185819,CIVC,Civic Center/UN Plaza,Green,GREEN,Berryessa,BERY,2,North,18,2026-09-11T19:16:17-07:00,future,131,0,C:\Users\Igor\StudioProjects\BartRunnerAndroid\app\src\test\resources\bart_live_20260911_185819\etd\civc.xml,2026-09-11T18:58:17-07:00
bart_live_20260911_185819,CIVC,Civic Center/UN Plaza,Green,GREEN,Berryessa,BERY,2,North,36,2026-09-11T19:34:17-07:00,future,0,0,C:\Users\Igor\StudioProjects\BartRunnerAndroid\app\src\test\resources\bart_live_20260911_185819\etd\civc.xml,2026-09-11T18:58:17-07:00
bart_live_20260911_185819,CIVC,Civic Center/UN Plaza,Blue,BLUE,Daly City,DALY,1,South,10,2026-09-11T19:08:17-07:00,future,321,0,C:\Users\Igor\StudioProjects\BartRunnerAndroid\app\src\test\resources\bart_live_20260911_185819\etd\civc.xml,2026-09-11T18:58:17-07:00
bart_live_20260911_185819,CIVC,Civic Center/UN Plaza,Green,GREEN,Daly City,DALY,1,South,17,2026-09-11T19:15:17-07:00,future,295,0,C:\Users\Igor\StudioProjects\BartRunnerAndroid\app\src\test\resources\bart_live_20260911_185819\etd\civc.xml,2026-09-11T18:58:17-07:00
bart_live_20260911_185819,CIVC,Civic Center/UN Plaza,Blue,BLUE,Daly City,DALY,1,South,24,2026-09-11T19:22:17-07:00,future,0,0,C:\Users\Igor\StudioProjects\BartRunnerAndroid\app\src\test\resources\bart_live_20260911_185819\etd\civc.xml,2026-09-11T18:58:17-07:00
bart_live_20260911_185819,CIVC,Civic Center/UN Plaza,Blue,BLUE,Dublin/Pleasanton,DUBL,2,North,8,2026-09-11T19:06:17-07:00,future,280,0,C:\Users\Igor\StudioProjects\BartRunnerAndroid\app\src\test\resources\bart_live_20260911_185819\etd\civc.xml,2026-09-11T18:58:17-07:00
bart_live_20260911_185819,CIVC,Civic Center/UN Plaza,Blue,BLUE,Dublin/Pleasanton,DUBL,2,North,24,2026-09-11T19:22:17-07:00,future,0,0,C:\Users\Igor\StudioProjects\BartRunnerAndroid\app\src\test\resources\bart_live_20260911_185819\etd\civc.xml,2026-09-11T18:58:17-07:00
bart_live_20260911_185819,CIVC,Civic Center/UN Plaza,Blue,BLUE,Dublin/Pleasanton,DUBL,2,North,44,2026-09-11T19:42:17-07:00,future,0,0,C:\Users\Igor\StudioProjects\BartRunnerAndroid\app\src\test\resources\bart_live_20260911_185819\etd\civc.xml,2026-09-11T18:58:17-07:00
bart_live_20260911_185819,CIVC,Civic Center/UN Plaza,Red,RED,Millbrae,MLBR,1,South,15,2026-09-11T19:13:17-07:00,future,0,0,C:\Users\Igor\StudioProjects\BartRunnerAndroid\app\src\test\resources\bart_live_20260911_185819\etd\civc.xml,2026-09-11T18:58:17-07:00
bart_live_20260911_185819,CIVC,Civic Center/UN Plaza,Red,RED,Millbrae,MLBR,1,South,35,2026-09-11T19:33:17-07:00,future,0,0,C:\Users\Igor\StudioProjects\BartRunnerAndroid\app\src\test\resources\bart_live_20260911_185819\etd\civc.xml,2026-09-11T18:58:17-07:00
bart_live_20260911_185819,CIVC,Civic Center/UN Plaza,Red,RED,Millbrae,MLBR,1,South,55,2026-09-11T19:53:17-07:00,future,0,0,C:\Users\Igor\StudioProjects\BartRunnerAndroid\app\src\test\resources\bart_live_20260911_185819\etd\civc.xml,2026-09-11T18:58:17-07:00
bart_live_20260911_185819,CIVC,Civic Center/UN Plaza,Yellow,YELLOW,Pittsburg/Bay Point,PITT,2,North,4,2026-09-11T19:02:17-07:00,future,843,0,C:\Users\Igor\StudioProjects\BartRunnerAndroid\app\src\test\resources\bart_live_20260911_185819\etd\civc.xml,2026-09-11T18:58:17-07:00
bart_live_20260911_185819,CIVC,Civic Center/UN Plaza,Yellow,YELLOW,Pittsburg/Bay Point,PITT,2,North,15,2026-09-11T19:13:17-07:00,future,293,0,C:\Users\Igor\StudioProjects\BartRunnerAndroid\app\src\test\resources\bart_live_20260911_185819\etd\civc.xml,2026-09-11T18:58:17-07:00
bart_live_20260911_185819,CIVC,Civic Center/UN Plaza,Red,RED,Richmond,RICH,2,North,12,2026-09-11T19:10:17-07:00,future,302,0,C:\Users\Igor\StudioProjects\BartRunnerAndroid\app\src\test\resources\bart_live_20260911_185819\etd\civc.xml,2026-09-11T18:58:17-07:00
bart_live_20260911_185819,CIVC,Civic Center/UN Plaza,Red,RED,Richmond,RICH,2,North,29,2026-09-11T19:27:17-07:00,future,94,0,C:\Users\Igor\StudioProjects\BartRunnerAndroid\app\src\test\resources\bart_live_20260911_185819\etd\civc.xml,2026-09-11T18:58:17-07:00
bart_live_20260911_185819,CIVC,Civic Center/UN Plaza,Red,RED,Richmond,RICH,2,North,47,2026-09-11T19:45:17-07:00,future,0,0,C:\Users\Igor\StudioProjects\BartRunnerAndroid\app\src\test\resources\bart_live_20260911_185819\etd\civc.xml,2026-09-11T18:58:17-07:00
bart_live_20260911_185819,CIVC,Civic Center/UN Plaza,Yellow,YELLOW,SF Airport,SFIA,1,South,1,2026-09-11T18:59:17-07:00,future,101,0,C:\Users\Igor\StudioProjects\BartRunnerAndroid\app\src\test\resources\bart_live_20260911_185819\etd\civc.xml,2026-09-11T18:58:17-07:00
bart_live_20260911_185819,CIVC,Civic Center/UN Plaza,Yellow,YELLOW,SF Airport,SFIA,1,South,8,2026-09-11T19:06:17-07:00,future,0,0,C:\Users\Igor\StudioProjects\BartRunnerAndroid\app\src\test\resources\bart_live_20260911_185819\etd\civc.xml,2026-09-11T18:58:17-07:00
bart_live_20260911_185819,CIVC,Civic Center/UN Plaza,Yellow,YELLOW,SF Airport,SFIA,1,South,19,2026-09-11T19:17:17-07:00,future,0,0,C:\Users\Igor\StudioProjects\BartRunnerAndroid\app\src\test\resources\bart_live_20260911_185819\etd\civc.xml,2026-09-11T18:58:17-07:00
bart_live_20260911_185819,CIVC,Civic Center/UN Plaza,Yellow,YELLOW,SFO/Millbrae,MLBR,1,South,88,2026-09-11T20:26:17-07:00,future,0,0,C:\Users\Igor\StudioProjects\BartRunnerAndroid\app\src\test\resources\bart_live_20260911_185819\etd\civc.xml,2026-09-11T18:58:17-07:00
bart_live_20260911_185819,COLM,Colma,Yellow,YELLOW,Antioch,ANTC,2,North,6,2026-09-11T19:04:17-07:00,future,297,0,C:\Users\Igor\StudioProjects\BartRunnerAndroid\app\src\test\resources\bart_live_20260911_185819\etd\colm.xml,2026-09-11T18:58:17-07:00
bart_live_20260911_185819,COLM,Colma,Yellow,YELLOW,Antioch,ANTC,2,North,21,2026-09-11T19:19:17-07:00,future,0,0,C:\Users\Igor\StudioProjects\BartRunnerAndroid\app\src\test\resources\bart_live_20260911_185819\etd\colm.xml,2026-09-11T18:58:17-07:00
bart_live_20260911_185819,COLM,Colma,Yellow,YELLOW,Antioch,ANTC,2,North,41,2026-09-11T19:39:17-07:00,future,0,0,C:\Users\Igor\StudioProjects\BartRunnerAndroid\app\src\test\resources\bart_live_20260911_185819\etd\colm.xml,2026-09-11T18:58:17-07:00
bart_live_20260911_185819,COLM,Colma,Red,RED,Millbrae,MLBR,1,South,16,2026-09-11T19:14:17-07:00,future,158,0,C:\Users\Igor\StudioProjects\BartRunnerAndroid\app\src\test\resources\bart_live_20260911_185819\etd\colm.xml,2026-09-11T18:58:17-07:00
bart_live_20260911_185819,COLM,Colma,Red,RED,Millbrae,MLBR,1,South,33,2026-09-11T19:31:17-07:00,future,0,0,C:\Users\Igor\StudioProjects\BartRunnerAndroid\app\src\test\resources\bart_live_20260911_185819\etd\colm.xml,2026-09-11T18:58:17-07:00
bart_live_20260911_185819,COLM,Colma,Red,RED,Millbrae,MLBR,1,South,53,2026-09-11T19:51:17-07:00,future,0,0,C:\Users\Igor\StudioProjects\BartRunnerAndroid\app\src\test\resources\bart_live_20260911_185819\etd\colm.xml,2026-09-11T18:58:17-07:00
bart_live_20260911_185819,COLM,Colma,Red,RED,Richmond,RICH,2,North,13,2026-09-11T19:11:17-07:00,future,157,0,C:\Users\Igor\StudioProjects\BartRunnerAndroid\app\src\test\resources\bart_live_20260911_185819\etd\colm.xml,2026-09-11T18:58:17-07:00
bart_live_20260911_185819,COLM,Colma,Red,RED,Richmond,RICH,2,North,30,2026-09-11T19:28:17-07:00,future,0,0,C:\Users\Igor\StudioProjects\BartRunnerAndroid\app\src\test\resources\bart_live_20260911_185819\etd\colm.xml,2026-09-11T18:58:17-07:00
bart_live_20260911_185819,COLM,Colma,Red,RED,Richmond,RICH,2,North,50,2026-09-11T19:48:17-07:00,future,0,0,C:\Users\Igor\StudioProjects\BartRunnerAndroid\app\src\test\resources\bart_live_20260911_185819\etd\colm.xml,2026-09-11T18:58:17-07:00
bart_live_20260911_185819,COLM,Colma,Yellow,YELLOW,SF Airport,SFIA,1,South,Leaving,2026-09-11T18:58:17-07:00,leaving,247,0,C:\Users\Igor\StudioProjects\BartRunnerAndroid\app\src\test\resources\bart_live_20260911_185819\etd\colm.xml,2026-09-11T18:58:17-07:00
bart_live_20260911_185819,COLM,Colma,Yellow,YELLOW,SF Airport,SFIA,1,South,7,2026-09-11T19:05:17-07:00,future,83,0,C:\Users\Igor\StudioProjects\BartRunnerAndroid\app\src\test\resources\bart_live_20260911_185819\etd\colm.xml,2026-09-11T18:58:17-07:00
bart_live_20260911_185819,COLM,Colma,Yellow,YELLOW,SF Airport,SFIA,1,South,18,2026-09-11T19:16:17-07:00,future,0,0,C:\Users\Igor\StudioProjects\BartRunnerAndroid\app\src\test\resources\bart_live_20260911_185819\etd\colm.xml,2026-09-11T18:58:17-07:00
bart_live_20260911_185819,COLM,Colma,Yellow,YELLOW,SFO/Millbrae,MLBR,1,South,106,2026-09-11T20:44:17-07:00,future,0,0,C:\Users\Igor\StudioProjects\BartRunnerAndroid\app\src\test\resources\bart_live_20260911_185819\etd\colm.xml,2026-09-11T18:58:17-07:00
bart_live_20260911_185819,COLS,Coliseum,Orange,ORANGE,Berryessa,BERY,1,South,5,2026-09-11T19:03:17-07:00,future,0,0,C:\Users\Igor\StudioProjects\BartRunnerAndroid\app\src\test\resources\bart_live_20260911_185819\etd\cols.xml,2026-09-11T18:58:17-07:00
bart_live_20260911_185819,COLS,Coliseum,Green,GREEN,Berryessa,BERY,1,North,7,2026-09-11T19:05:17-07:00,future,390,0,C:\Users\Igor\StudioProjects\BartRunnerAndroid\app\src\test\resources\bart_live_20260911_185819\etd\cols.xml,2026-09-11T18:58:17-07:00
bart_live_20260911_185819,COLS,Coliseum,Green,GREEN,Berryessa,BERY,1,North,23,2026-09-11T19:21:17-07:00,future,151,0,C:\Users\Igor\StudioProjects\BartRunnerAndroid\app\src\test\resources\bart_live_20260911_185819\etd\cols.xml,2026-09-11T18:58:17-07:00
bart_live_20260911_185819,COLS,Coliseum,Blue,BLUE,Daly City,DALY,2,South,Leaving,2026-09-11T18:58:17-07:00,leaving,72,0,C:\Users\Igor\StudioProjects\BartRunnerAndroid\app\src\test\resources\bart_live_20260911_185819\etd\cols.xml,2026-09-11T18:58:17-07:00
bart_live_20260911_185819,COLS,Coliseum,Green,GREEN,Daly City,DALY,2,South,12,2026-09-11T19:10:17-07:00,future,279,0,C:\Users\Igor\StudioProjects\BartRunnerAndroid\app\src\test\resources\bart_live_20260911_185819\etd\cols.xml,2026-09-11T18:58:17-07:00
bart_live_20260911_185819,COLS,Coliseum,Blue,BLUE,Daly City,DALY,2,South,19,2026-09-11T19:17:17-07:00,future,0,0,C:\Users\Igor\StudioProjects\BartRunnerAndroid\app\src\test\resources\bart_live_20260911_185819\etd\cols.xml,2026-09-11T18:58:17-07:00
bart_live_20260911_185819,COLS,Coliseum,Blue,BLUE,Dublin/Pleasanton,DUBL,1,North,11,2026-09-11T19:09:17-07:00,future,144,0,C:\Users\Igor\StudioProjects\BartRunnerAndroid\app\src\test\resources\bart_live_20260911_185819\etd\cols.xml,2026-09-11T18:58:17-07:00
bart_live_20260911_185819,COLS,Coliseum,Blue,BLUE,Dublin/Pleasanton,DUBL,1,North,32,2026-09-11T19:30:17-07:00,future,218,0,C:\Users\Igor\StudioProjects\BartRunnerAndroid\app\src\test\resources\bart_live_20260911_185819\etd\cols.xml,2026-09-11T18:58:17-07:00
bart_live_20260911_185819,COLS,Coliseum,Blue,BLUE,Dublin/Pleasanton,DUBL,1,North,49,2026-09-11T19:47:17-07:00,future,0,0,C:\Users\Igor\StudioProjects\BartRunnerAndroid\app\src\test\resources\bart_live_20260911_185819\etd\cols.xml,2026-09-11T18:58:17-07:00
bart_live_20260911_185819,COLS,Coliseum,Orange,ORANGE,Richmond,RICH,2,North,4,2026-09-11T19:02:17-07:00,future,0,0,C:\Users\Igor\StudioProjects\BartRunnerAndroid\app\src\test\resources\bart_live_20260911_185819\etd\cols.xml,2026-09-11T18:58:17-07:00
bart_live_20260911_185819,COLS,Coliseum,Orange,ORANGE,Richmond,RICH,2,North,24,2026-09-11T19:22:17-07:00,future,0,0,C:\Users\Igor\StudioProjects\BartRunnerAndroid\app\src\test\resources\bart_live_20260911_185819\etd\cols.xml,2026-09-11T18:58:17-07:00
bart_live_20260911_185819,COLS,Coliseum,Orange,ORANGE,Richmond,RICH,2,North,44,2026-09-11T19:42:17-07:00,future,0,0,C:\Users\Igor\StudioProjects\BartRunnerAndroid\app\src\test\resources\bart_live_20260911_185819\etd\cols.xml,2026-09-11T18:58:17-07:00
bart_live_20260911_185819,CONC,Concord,Yellow,YELLOW,Antioch,ANTC,1,North,6,2026-09-11T19:04:17-07:00,future,1179,0,C:\Users\Igor\StudioProjects\BartRunnerAndroid\app\src\test\resources\bart_live_20260911_185819\etd\conc.xml,2026-09-11T18:58:17-07:00
bart_live_20260911_185819,CONC,Concord,Yellow,YELLOW,Antioch,ANTC,1,North,18,2026-09-11T19:16:17-07:00,future,742,0,C:\Users\Igor\StudioProjects\BartRunnerAndroid\app\src\test\resources\bart_live_20260911_185819\etd\conc.xml,2026-09-11T18:58:17-07:00
bart_live_20260911_185819,CONC,Concord,Yellow,YELLOW,Antioch,ANTC,1,North,36,2026-09-11T19:34:17-07:00,future,585,0,C:\Users\Igor\StudioProjects\BartRunnerAndroid\app\src\test\resources\bart_live_20260911_185819\etd\conc.xml,2026-09-11T18:58:17-07:00
bart_live_20260911_185819,CONC,Concord,Yellow,YELLOW,Pittsburg/Bay Point,PITT,1,North,10,2026-09-11T19:08:17-07:00,future,713,0,C:\Users\Igor\StudioProjects\BartRunnerAndroid\app\src\test\resources\bart_live_20260911_185819\etd\conc.xml,2026-09-11T18:58:17-07:00
bart_live_20260911_185819,CONC,Concord,Yellow,YELLOW,Pittsburg/Bay Point,PITT,1,North,23,2026-09-11T19:21:17-07:00,future,297,0,C:\Users\Igor\StudioProjects\BartRunnerAndroid\app\src\test\resources\bart_live_20260911_185819\etd\conc.xml,2026-09-11T18:58:17-07:00
bart_live_20260911_185819,CONC,Concord,Yellow,YELLOW,Pittsburg/Bay Point,PITT,1,North,49,2026-09-11T19:47:17-07:00,future,658,0,C:\Users\Igor\StudioProjects\BartRunnerAndroid\app\src\test\resources\bart_live_20260911_185819\etd\conc.xml,2026-09-11T18:58:17-07:00
bart_live_20260911_185819,CONC,Concord,Yellow,YELLOW,SF Airport,SFIA,2,South,9,2026-09-11T19:07:17-07:00,future,610,0,C:\Users\Igor\StudioProjects\BartRunnerAndroid\app\src\test\resources\bart_live_20260911_185819\etd\conc.xml,2026-09-11T18:58:17-07:00
bart_live_20260911_185819,CONC,Concord,Yellow,YELLOW,SF Airport,SFIA,2,South,11,2026-09-11T19:09:17-07:00,future,0,0,C:\Users\Igor\StudioProjects\BartRunnerAndroid\app\src\test\resources\bart_live_20260911_185819\etd\conc.xml,2026-09-11T18:58:17-07:00
bart_live_20260911_185819,CONC,Concord,Yellow,YELLOW,SF Airport,SFIA,2,South,19,2026-09-11T19:17:17-07:00,future,0,0,C:\Users\Igor\StudioProjects\BartRunnerAndroid\app\src\test\resources\bart_live_20260911_185819\etd\conc.xml,2026-09-11T18:58:17-07:00
bart_live_20260911_185819,CONC,Concord,Yellow,YELLOW,SFO/Millbrae,MLBR,2,South,42,2026-09-11T19:40:17-07:00,future,198,0,C:\Users\Igor\StudioProjects\BartRunnerAndroid\app\src\test\resources\bart_live_20260911_185819\etd\conc.xml,2026-09-11T18:58:17-07:00
bart_live_20260911_185819,DALY,Daly City,Yellow,YELLOW,Antioch,ANTC,2,North,10,2026-09-11T19:08:17-07:00,future,292,0,C:\Users\Igor\StudioProjects\BartRunnerAndroid\app\src\test\resources\bart_live_20260911_185819\etd\daly.xml,2026-09-11T18:58:17-07:00
bart_live_20260911_185819,DALY,Daly City,Yellow,YELLOW,Antioch,ANTC,2,North,25,2026-09-11T19:23:17-07:00,future,0,0,C:\Users\Igor\StudioProjects\BartRunnerAndroid\app\src\test\resources\bart_live_20260911_185819\etd\daly.xml,2026-09-11T18:58:17-07:00
bart_live_20260911_185819,DALY,Daly City,Yellow,YELLOW,Antioch,ANTC,2,North,45,2026-09-11T19:43:17-07:00,future,0,0,C:\Users\Igor\StudioProjects\BartRunnerAndroid\app\src\test\resources\bart_live_20260911_185819\etd\daly.xml,2026-09-11T18:58:17-07:00
bart_live_20260911_185819,DALY,Daly City,Green,GREEN,Berryessa,BERY,2,North,5,2026-09-11T19:03:17-07:00,future,208,0,C:\Users\Igor\StudioProjects\BartRunnerAndroid\app\src\test\resources\bart_live_20260911_185819\etd\daly.xml,2026-09-11T18:58:17-07:00
bart_live_20260911_185819,DALY,Daly City,Green,GREEN,Berryessa,BERY,2,North,21,2026-09-11T19:19:17-07:00,future,0,0,C:\Users\Igor\StudioProjects\BartRunnerAndroid\app\src\test\resources\bart_live_20260911_185819\etd\daly.xml,2026-09-11T18:58:17-07:00
bart_live_20260911_185819,DALY,Daly City,Blue,BLUE,Dublin/Pleasanton,DUBL,2,North,9,2026-09-11T19:07:17-07:00,future,0,0,C:\Users\Igor\StudioProjects\BartRunnerAndroid\app\src\test\resources\bart_live_20260911_185819\etd\daly.xml,2026-09-11T18:58:17-07:00
bart_live_20260911_185819,DALY,Daly City,Blue,BLUE,Dublin/Pleasanton,DUBL,2,North,30,2026-09-11T19:28:17-07:00,future,0,0,C:\Users\Igor\StudioProjects\BartRunnerAndroid\app\src\test\resources\bart_live_20260911_185819\etd\daly.xml,2026-09-11T18:58:17-07:00
bart_live_20260911_185819,DALY,Daly City,Red,RED,Millbrae,MLBR,1,South,12,2026-09-11T19:10:17-07:00,future,173,0,C:\Users\Igor\StudioProjects\BartRunnerAndroid\app\src\test\resources\bart_live_20260911_185819\etd\daly.xml,2026-09-11T18:58:17-07:00
bart_live_20260911_185819,DALY,Daly City,Red,RED,Millbrae,MLBR,1,South,29,2026-09-11T19:27:17-07:00,future,0,0,C:\Users\Igor\StudioProjects\BartRunnerAndroid\app\src\test\resources\bart_live_20260911_185819\etd\daly.xml,2026-09-11T18:58:17-07:00
bart_live_20260911_185819,DALY,Daly City,Red,RED,Millbrae,MLBR,1,South,49,2026-09-11T19:47:17-07:00,future,0,0,C:\Users\Igor\StudioProjects\BartRunnerAndroid\app\src\test\resources\bart_live_20260911_185819\etd\daly.xml,2026-09-11T18:58:17-07:00
bart_live_20260911_185819,DALY,Daly City,Yellow,YELLOW,Pittsburg/Bay Point,PITT,2,North,2,2026-09-11T19:00:17-07:00,future,358,0,C:\Users\Igor\StudioProjects\BartRunnerAndroid\app\src\test\resources\bart_live_20260911_185819\etd\daly.xml,2026-09-11T18:58:17-07:00
bart_live_20260911_185819,DALY,Daly City,Red,RED,Richmond,RICH,2,North,Leaving,2026-09-11T18:58:17-07:00,leaving,377,0,C:\Users\Igor\StudioProjects\BartRunnerAndroid\app\src\test\resources\bart_live_20260911_185819\etd\daly.xml,2026-09-11T18:58:17-07:00
bart_live_20260911_185819,DALY,Daly City,Red,RED,Richmond,RICH,2,North,16,2026-09-11T19:14:17-07:00,future,152,0,C:\Users\Igor\StudioProjects\BartRunnerAndroid\app\src\test\resources\bart_live_20260911_185819\etd\daly.xml,2026-09-11T18:58:17-07:00
bart_live_20260911_185819,DALY,Daly City,Red,RED,Richmond,RICH,2,North,34,2026-09-11T19:32:17-07:00,future,0,0,C:\Users\Igor\StudioProjects\BartRunnerAndroid\app\src\test\resources\bart_live_20260911_185819\etd\daly.xml,2026-09-11T18:58:17-07:00
bart_live_20260911_185819,DALY,Daly City,Yellow,YELLOW,SF Airport,SFIA,1,South,4,2026-09-11T19:02:17-07:00,future,114,0,C:\Users\Igor\StudioProjects\BartRunnerAndroid\app\src\test\resources\bart_live_20260911_185819\etd\daly.xml,2026-09-11T18:58:17-07:00
bart_live_20260911_185819,DALY,Daly City,Yellow,YELLOW,SF Airport,SFIA,1,South,14,2026-09-11T19:12:17-07:00,future,69,0,C:\Users\Igor\StudioProjects\BartRunnerAndroid\app\src\test\resources\bart_live_20260911_185819\etd\daly.xml,2026-09-11T18:58:17-07:00
bart_live_20260911_185819,DALY,Daly City,Yellow,YELLOW,SF Airport,SFIA,1,South,22,2026-09-11T19:20:17-07:00,future,0,0,C:\Users\Igor\StudioProjects\BartRunnerAndroid\app\src\test\resources\bart_live_20260911_185819\etd\daly.xml,2026-09-11T18:58:17-07:00
bart_live_20260911_185819,DALY,Daly City,Yellow,YELLOW,SFO/Millbrae,MLBR,1,South,102,2026-09-11T20:40:17-07:00,future,0,0,C:\Users\Igor\StudioProjects\BartRunnerAndroid\app\src\test\resources\bart_live_20260911_185819\etd\daly.xml,2026-09-11T18:58:17-07:00
bart_live_20260911_185819,DBRK,Downtown Berkeley,Orange,ORANGE,Berryessa,BERY,2,South,20,2026-09-11T19:18:17-07:00,future,0,0,C:\Users\Igor\StudioProjects\BartRunnerAndroid\app\src\test\resources\bart_live_20260911_185819\etd\dbrk.xml,2026-09-11T18:58:17-07:00
bart_live_20260911_185819,DBRK,Downtown Berkeley,Orange,ORANGE,Berryessa,BERY,2,South,40,2026-09-11T19:38:17-07:00,future,0,0,C:\Users\Igor\StudioProjects\BartRunnerAndroid\app\src\test\resources\bart_live_20260911_185819\etd\dbrk.xml,2026-09-11T18:58:17-07:00
bart_live_20260911_185819,DBRK,Downtown Berkeley,Red,RED,Millbrae,MLBR,2,South,7,2026-09-11T19:05:17-07:00,future,0,0,C:\Users\Igor\StudioProjects\BartRunnerAndroid\app\src\test\resources\bart_live_20260911_185819\etd\dbrk.xml,2026-09-11T18:58:17-07:00
bart_live_20260911_185819,DBRK,Downtown Berkeley,Red,RED,Millbrae,MLBR,2,South,27,2026-09-11T19:25:17-07:00,future,0,0,C:\Users\Igor\StudioProjects\BartRunnerAndroid\app\src\test\resources\bart_live_20260911_185819\etd\dbrk.xml,2026-09-11T18:58:17-07:00
bart_live_20260911_185819,DBRK,Downtown Berkeley,Red,RED,Millbrae,MLBR,2,South,47,2026-09-11T19:45:17-07:00,future,0,0,C:\Users\Igor\StudioProjects\BartRunnerAndroid\app\src\test\resources\bart_live_20260911_185819\etd\dbrk.xml,2026-09-11T18:58:17-07:00
bart_live_20260911_185819,DBRK,Downtown Berkeley,Red,RED,Richmond,RICH,1,North,9,2026-09-11T19:07:17-07:00,future,854,0,C:\Users\Igor\StudioProjects\BartRunnerAndroid\app\src\test\resources\bart_live_20260911_185819\etd\dbrk.xml,2026-09-11T18:58:17-07:00
bart_live_20260911_185819,DBRK,Downtown Berkeley,Orange,ORANGE,Richmond,RICH,1,North,11,2026-09-11T19:09:17-07:00,future,285,0,C:\Users\Igor\StudioProjects\BartRunnerAndroid\app\src\test\resources\bart_live_20260911_185819\etd\dbrk.xml,2026-09-11T18:58:17-07:00
bart_live_20260911_185819,DBRK,Downtown Berkeley,Red,RED,Richmond,RICH,1,North,23,2026-09-11T19:21:17-07:00,future,539,0,C:\Users\Igor\StudioProjects\BartRunnerAndroid\app\src\test\resources\bart_live_20260911_185819\etd\dbrk.xml,2026-09-11T18:58:17-07:00
bart_live_20260911_185819,DELN,El Cerrito del Norte,Orange,ORANGE,Berryessa,BERY,2,South,11,2026-09-11T19:09:17-07:00,future,0,0,C:\Users\Igor\StudioProjects\BartRunnerAndroid\app\src\test\resources\bart_live_20260911_185819\etd\deln.xml,2026-09-11T18:58:17-07:00
bart_live_20260911_185819,DELN,El Cerrito del Norte,Orange,ORANGE,Berryessa,BERY,2,South,31,2026-09-11T19:29:17-07:00,future,0,0,C:\Users\Igor\StudioProjects\BartRunnerAndroid\app\src\test\resources\bart_live_20260911_185819\etd\deln.xml,2026-09-11T18:58:17-07:00
bart_live_20260911_185819,DELN,El Cerrito del Norte,Red,RED,Millbrae,MLBR,2,South,18,2026-09-11T19:16:17-07:00,future,0,0,C:\Users\Igor\StudioProjects\BartRunnerAndroid\app\src\test\resources\bart_live_20260911_185819\etd\deln.xml,2026-09-11T18:58:17-07:00
bart_live_20260911_185819,DELN,El Cerrito del Norte,Red,RED,Millbrae,MLBR,2,South,38,2026-09-11T19:36:17-07:00,future,0,0,C:\Users\Igor\StudioProjects\BartRunnerAndroid\app\src\test\resources\bart_live_20260911_185819\etd\deln.xml,2026-09-11T18:58:17-07:00
bart_live_20260911_185819,DELN,El Cerrito del Norte,Red,RED,Richmond,RICH,1,North,3,2026-09-11T19:01:17-07:00,future,1175,0,C:\Users\Igor\StudioProjects\BartRunnerAndroid\app\src\test\resources\bart_live_20260911_185819\etd\deln.xml,2026-09-11T18:58:17-07:00
bart_live_20260911_185819,DELN,El Cerrito del Norte,Red,RED,Richmond,RICH,1,North,17,2026-09-11T19:15:17-07:00,future,862,0,C:\Users\Igor\StudioProjects\BartRunnerAndroid\app\src\test\resources\bart_live_20260911_185819\etd\deln.xml,2026-09-11T18:58:17-07:00
bart_live_20260911_185819,DELN,El Cerrito del Norte,Orange,ORANGE,Richmond,RICH,1,North,20,2026-09-11T19:18:17-07:00,future,259,0,C:\Users\Igor\StudioProjects\BartRunnerAndroid\app\src\test\resources\bart_live_20260911_185819\etd\deln.xml,2026-09-11T18:58:17-07:00
bart_live_20260911_185819,DUBL,Dublin/Pleasanton,Blue,BLUE,Daly City,DALY,2,South,16,2026-09-11T19:14:17-07:00,future,83,0,C:\Users\Igor\StudioProjects\BartRunnerAndroid\app\src\test\resources\bart_live_20260911_185819\etd\dubl.xml,2026-09-11T18:58:17-07:00
bart_live_20260911_185819,DUBL,Dublin/Pleasanton,Blue,BLUE,Daly City,DALY,2,South,31,2026-09-11T19:29:17-07:00,future,0,0,C:\Users\Igor\StudioProjects\BartRunnerAndroid\app\src\test\resources\bart_live_20260911_185819\etd\dubl.xml,2026-09-11T18:58:17-07:00
bart_live_20260911_185819,EMBR,Embarcadero,Yellow,YELLOW,Antioch,ANTC,2,North,11,2026-09-11T19:09:17-07:00,future,480,0,C:\Users\Igor\StudioProjects\BartRunnerAndroid\app\src\test\resources\bart_live_20260911_185819\etd\embr.xml,2026-09-11T18:58:17-07:00
bart_live_20260911_185819,EMBR,Embarcadero,Yellow,YELLOW,Antioch,ANTC,2,North,26,2026-09-11T19:24:17-07:00,future,211,0,C:\Users\Igor\StudioProjects\BartRunnerAndroid\app\src\test\resources\bart_live_20260911_185819\etd\embr.xml,2026-09-11T18:58:17-07:00
bart_live_20260911_185819,EMBR,Embarcadero,Yellow,YELLOW,Antioch,ANTC,2,North,43,2026-09-11T19:41:17-07:00,future,0,0,C:\Users\Igor\StudioProjects\BartRunnerAndroid\app\src\test\resources\bart_live_20260911_185819\etd\embr.xml,2026-09-11T18:58:17-07:00
bart_live_20260911_185819,EMBR,Embarcadero,Green,GREEN,Berryessa,BERY,2,North,4,2026-09-11T19:02:17-07:00,future,241,0,C:\Users\Igor\StudioProjects\BartRunnerAndroid\app\src\test\resources\bart_live_20260911_185819\etd\embr.xml,2026-09-11T18:58:17-07:00
bart_live_20260911_185819,EMBR,Embarcadero,Green,GREEN,Berryessa,BERY,2,North,22,2026-09-11T19:20:17-07:00,future,109,0,C:\Users\Igor\StudioProjects\BartRunnerAndroid\app\src\test\resources\bart_live_20260911_185819\etd\embr.xml,2026-09-11T18:58:17-07:00
bart_live_20260911_185819,EMBR,Embarcadero,Green,GREEN,Berryessa,BERY,2,North,41,2026-09-11T19:39:17-07:00,future,0,0,C:\Users\Igor\StudioProjects\BartRunnerAndroid\app\src\test\resources\bart_live_20260911_185819\etd\embr.xml,2026-09-11T18:58:17-07:00
bart_live_20260911_185819,EMBR,Embarcadero,Blue,BLUE,Daly City,DALY,1,South,5,2026-09-11T19:03:17-07:00,future,355,0,C:\Users\Igor\StudioProjects\BartRunnerAndroid\app\src\test\resources\bart_live_20260911_185819\etd\embr.xml,2026-09-11T18:58:17-07:00
bart_live_20260911_185819,EMBR,Embarcadero,Green,GREEN,Daly City,DALY,1,South,13,2026-09-11T19:11:17-07:00,future,311,0,C:\Users\Igor\StudioProjects\BartRunnerAndroid\app\src\test\resources\bart_live_20260911_185819\etd\embr.xml,2026-09-11T18:58:17-07:00
bart_live_20260911_185819,EMBR,Embarcadero,Blue,BLUE,Daly City,DALY,1,South,20,2026-09-11T19:18:17-07:00,future,0,0,C:\Users\Igor\StudioProjects\BartRunnerAndroid\app\src\test\resources\bart_live_20260911_185819\etd\embr.xml,2026-09-11T18:58:17-07:00
bart_live_20260911_185819,EMBR,Embarcadero,Blue,BLUE,Dublin/Pleasanton,DUBL,2,North,13,2026-09-11T19:11:17-07:00,future,310,0,C:\Users\Igor\StudioProjects\BartRunnerAndroid\app\src\test\resources\bart_live_20260911_185819\etd\embr.xml,2026-09-11T18:58:17-07:00
bart_live_20260911_185819,EMBR,Embarcadero,Blue,BLUE,Dublin/Pleasanton,DUBL,2,North,29,2026-09-11T19:27:17-07:00,future,0,0,C:\Users\Igor\StudioProjects\BartRunnerAndroid\app\src\test\resources\bart_live_20260911_185819\etd\embr.xml,2026-09-11T18:58:17-07:00
bart_live_20260911_185819,EMBR,Embarcadero,Blue,BLUE,Dublin/Pleasanton,DUBL,2,North,49,2026-09-11T19:47:17-07:00,future,0,0,C:\Users\Igor\StudioProjects\BartRunnerAndroid\app\src\test\resources\bart_live_20260911_185819\etd\embr.xml,2026-09-11T18:58:17-07:00
bart_live_20260911_185819,EMBR,Embarcadero,Red,RED,Millbrae,MLBR,1,South,11,2026-09-11T19:09:17-07:00,future,0,0,C:\Users\Igor\StudioProjects\BartRunnerAndroid\app\src\test\resources\bart_live_20260911_185819\etd\embr.xml,2026-09-11T18:58:17-07:00
bart_live_20260911_185819,EMBR,Embarcadero,Red,RED,Millbrae,MLBR,1,South,31,2026-09-11T19:29:17-07:00,future,0,0,C:\Users\Igor\StudioProjects\BartRunnerAndroid\app\src\test\resources\bart_live_20260911_185819\etd\embr.xml,2026-09-11T18:58:17-07:00
bart_live_20260911_185819,EMBR,Embarcadero,Red,RED,Millbrae,MLBR,1,South,51,2026-09-11T19:49:17-07:00,future,0,0,C:\Users\Igor\StudioProjects\BartRunnerAndroid\app\src\test\resources\bart_live_20260911_185819\etd\embr.xml,2026-09-11T18:58:17-07:00
bart_live_20260911_185819,EMBR,Embarcadero,Yellow,YELLOW,Pittsburg/Bay Point,PITT,2,North,8,2026-09-11T19:06:17-07:00,future,820,0,C:\Users\Igor\StudioProjects\BartRunnerAndroid\app\src\test\resources\bart_live_20260911_185819\etd\embr.xml,2026-09-11T18:58:17-07:00
bart_live_20260911_185819,EMBR,Embarcadero,Yellow,YELLOW,Pittsburg/Bay Point,PITT,2,North,19,2026-09-11T19:17:17-07:00,future,272,0,C:\Users\Igor\StudioProjects\BartRunnerAndroid\app\src\test\resources\bart_live_20260911_185819\etd\embr.xml,2026-09-11T18:58:17-07:00
bart_live_20260911_185819,EMBR,Embarcadero,Red,RED,Richmond,RICH,2,North,2,2026-09-11T19:00:17-07:00,future,623,0,C:\Users\Igor\StudioProjects\BartRunnerAndroid\app\src\test\resources\bart_live_20260911_185819\etd\embr.xml,2026-09-11T18:58:17-07:00
bart_live_20260911_185819,EMBR,Embarcadero,Red,RED,Richmond,RICH,2,North,17,2026-09-11T19:15:17-07:00,future,280,0,C:\Users\Igor\StudioProjects\BartRunnerAndroid\app\src\test\resources\bart_live_20260911_185819\etd\embr.xml,2026-09-11T18:58:17-07:00
bart_live_20260911_185819,EMBR,Embarcadero,Red,RED,Richmond,RICH,2,North,33,2026-09-11T19:31:17-07:00,future,72,0,C:\Users\Igor\StudioProjects\BartRunnerAndroid\app\src\test\resources\bart_live_20260911_185819\etd\embr.xml,2026-09-11T18:58:17-07:00
bart_live_20260911_185819,EMBR,Embarcadero,Yellow,YELLOW,SF Airport,SFIA,1,South,4,2026-09-11T19:02:17-07:00,future,0,0,C:\Users\Igor\StudioProjects\BartRunnerAndroid\app\src\test\resources\bart_live_20260911_185819\etd\embr.xml,2026-09-11T18:58:17-07:00
bart_live_20260911_185819,EMBR,Embarcadero,Yellow,YELLOW,SF Airport,SFIA,1,South,14,2026-09-11T19:12:17-07:00,future,0,0,C:\Users\Igor\StudioProjects\BartRunnerAndroid\app\src\test\resources\bart_live_20260911_185819\etd\embr.xml,2026-09-11T18:58:17-07:00
bart_live_20260911_185819,EMBR,Embarcadero,Yellow,YELLOW,SF Airport,SFIA,1,South,23,2026-09-11T19:21:17-07:00,future,0,0,C:\Users\Igor\StudioProjects\BartRunnerAndroid\app\src\test\resources\bart_live_20260911_185819\etd\embr.xml,2026-09-11T18:58:17-07:00
bart_live_20260911_185819,EMBR,Embarcadero,Yellow,YELLOW,SFO/Millbrae,MLBR,1,South,83,2026-09-11T20:21:17-07:00,future,0,0,C:\Users\Igor\StudioProjects\BartRunnerAndroid\app\src\test\resources\bart_live_20260911_185819\etd\embr.xml,2026-09-11T18:58:17-07:00
bart_live_20260911_185819,FRMT,Fremont,Green,GREEN,Berryessa,BERY,1,North,7,2026-09-11T19:05:17-07:00,future,0,0,C:\Users\Igor\StudioProjects\BartRunnerAndroid\app\src\test\resources\bart_live_20260911_185819\etd\frmt.xml,2026-09-11T18:58:17-07:00
bart_live_20260911_185819,FRMT,Fremont,Orange,ORANGE,Berryessa,BERY,1,South,10,2026-09-11T19:08:17-07:00,future,0,0,C:\Users\Igor\StudioProjects\BartRunnerAndroid\app\src\test\resources\bart_live_20260911_185819\etd\frmt.xml,2026-09-11T18:58:17-07:00
bart_live_20260911_185819,FRMT,Fremont,Orange,ORANGE,Berryessa,BERY,1,South,30,2026-09-11T19:28:17-07:00,future,0,0,C:\Users\Igor\StudioProjects\BartRunnerAndroid\app\src\test\resources\bart_live_20260911_185819\etd\frmt.xml,2026-09-11T18:58:17-07:00
bart_live_20260911_185819,FRMT,Fremont,Green,GREEN,Daly City,DALY,2,South,3,2026-09-11T19:01:17-07:00,future,67,0,C:\Users\Igor\StudioProjects\BartRunnerAndroid\app\src\test\resources\bart_live_20260911_185819\etd\frmt.xml,2026-09-11T18:58:17-07:00
bart_live_20260911_185819,FRMT,Fremont,Orange,ORANGE,Richmond,RICH,2,North,18,2026-09-11T19:16:17-07:00,future,0,0,C:\Users\Igor\StudioProjects\BartRunnerAndroid\app\src\test\resources\bart_live_20260911_185819\etd\frmt.xml,2026-09-11T18:58:17-07:00
bart_live_20260911_185819,FRMT,Fremont,Orange,ORANGE,Richmond,RICH,2,North,38,2026-09-11T19:36:17-07:00,future,0,0,C:\Users\Igor\StudioProjects\BartRunnerAndroid\app\src\test\resources\bart_live_20260911_185819\etd\frmt.xml,2026-09-11T18:58:17-07:00
bart_live_20260911_185819,FRMT,Fremont,Orange,ORANGE,Richmond,RICH,2,North,58,2026-09-11T19:56:17-07:00,future,0,0,C:\Users\Igor\StudioProjects\BartRunnerAndroid\app\src\test\resources\bart_live_20260911_185819\etd\frmt.xml,2026-09-11T18:58:17-07:00
bart_live_20260911_185819,FTVL,Fruitvale,Orange,ORANGE,Berryessa,BERY,1,South,1,2026-09-11T18:59:17-07:00,future,0,0,C:\Users\Igor\StudioProjects\BartRunnerAndroid\app\src\test\resources\bart_live_20260911_185819\etd\ftvl.xml,2026-09-11T18:58:17-07:00
bart_live_20260911_185819,FTVL,Fruitvale,Green,GREEN,Berryessa,BERY,1,North,4,2026-09-11T19:02:17-07:00,future,396,0,C:\Users\Igor\StudioProjects\BartRunnerAndroid\app\src\test\resources\bart_live_20260911_185819\etd\ftvl.xml,2026-09-11T18:58:17-07:00
bart_live_20260911_185819,FTVL,Fruitvale,Green,GREEN,Berryessa,BERY,1,North,20,2026-09-11T19:18:17-07:00,future,157,0,C:\Users\Igor\StudioProjects\BartRunnerAndroid\app\src\test\resources\bart_live_20260911_185819\etd\ftvl.xml,2026-09-11T18:58:17-07:00
bart_live_20260911_185819,FTVL,Fruitvale,Blue,BLUE,Daly City,DALY,2,South,3,2026-09-11T19:01:17-07:00,future,0,0,C:\Users\Igor\StudioProjects\BartRunnerAndroid\app\src\test\resources\bart_live_20260911_185819\etd\ftvl.xml,2026-09-11T18:58:17-07:00
bart_live_20260911_185819,FTVL,Fruitvale,Green,GREEN,Daly City,DALY,2,South,15,2026-09-11T19:13:17-07:00,future,269,0,C:\Users\Igor\StudioProjects\BartRunnerAndroid\app\src\test\resources\bart_live_20260911_185819\etd\ftvl.xml,2026-09-11T18:58:17-07:00
bart_live_20260911_185819,FTVL,Fruitvale,Blue,BLUE,Daly City,DALY,2,South,23,2026-09-11T19:21:17-07:00,future,0,0,C:\Users\Igor\StudioProjects\BartRunnerAndroid\app\src\test\resources\bart_live_20260911_185819\etd\ftvl.xml,2026-09-11T18:58:17-07:00
bart_live_20260911_185819,FTVL,Fruitvale,Blue,BLUE,Dublin/Pleasanton,DUBL,1,North,8,2026-09-11T19:06:17-07:00,future,150,0,C:\Users\Igor\StudioProjects\BartRunnerAndroid\app\src\test\resources\bart_live_20260911_185819\etd\ftvl.xml,2026-09-11T18:58:17-07:00
bart_live_20260911_185819,FTVL,Fruitvale,Blue,BLUE,Dublin/Pleasanton,DUBL,1,North,29,2026-09-11T19:27:17-07:00,future,224,0,C:\Users\Igor\StudioProjects\BartRunnerAndroid\app\src\test\resources\bart_live_20260911_185819\etd\ftvl.xml,2026-09-11T18:58:17-07:00
bart_live_20260911_185819,FTVL,Fruitvale,Blue,BLUE,Dublin/Pleasanton,DUBL,1,North,45,2026-09-11T19:43:17-07:00,future,0,0,C:\Users\Igor\StudioProjects\BartRunnerAndroid\app\src\test\resources\bart_live_20260911_185819\etd\ftvl.xml,2026-09-11T18:58:17-07:00
bart_live_20260911_185819,FTVL,Fruitvale,Orange,ORANGE,Richmond,RICH,2,North,8,2026-09-11T19:06:17-07:00,future,0,0,C:\Users\Igor\StudioProjects\BartRunnerAndroid\app\src\test\resources\bart_live_20260911_185819\etd\ftvl.xml,2026-09-11T18:58:17-07:00
bart_live_20260911_185819,FTVL,Fruitvale,Orange,ORANGE,Richmond,RICH,2,North,27,2026-09-11T19:25:17-07:00,future,0,0,C:\Users\Igor\StudioProjects\BartRunnerAndroid\app\src\test\resources\bart_live_20260911_185819\etd\ftvl.xml,2026-09-11T18:58:17-07:00
bart_live_20260911_185819,FTVL,Fruitvale,Orange,ORANGE,Richmond,RICH,2,North,47,2026-09-11T19:45:17-07:00,future,0,0,C:\Users\Igor\StudioProjects\BartRunnerAndroid\app\src\test\resources\bart_live_20260911_185819\etd\ftvl.xml,2026-09-11T18:58:17-07:00
bart_live_20260911_185819,GLEN,Glen Park,Yellow,YELLOW,Antioch,ANTC,2,North,Leaving,2026-09-11T18:58:17-07:00,leaving,467,0,C:\Users\Igor\StudioProjects\BartRunnerAndroid\app\src\test\resources\bart_live_20260911_185819\etd\glen.xml,2026-09-11T18:58:17-07:00
bart_live_20260911_185819,GLEN,Glen Park,Yellow,YELLOW,Antioch,ANTC,2,North,15,2026-09-11T19:13:17-07:00,future,249,0,C:\Users\Igor\StudioProjects\BartRunnerAndroid\app\src\test\resources\bart_live_20260911_185819\etd\glen.xml,2026-09-11T18:58:17-07:00
bart_live_20260911_185819,GLEN,Glen Park,Yellow,YELLOW,Antioch,ANTC,2,North,31,2026-09-11T19:29:17-07:00,future,0,0,C:\Users\Igor\StudioProjects\BartRunnerAndroid\app\src\test\resources\bart_live_20260911_185819\etd\glen.xml,2026-09-11T18:58:17-07:00
bart_live_20260911_185819,GLEN,Glen Park,Green,GREEN,Berryessa,BERY,2,North,11,2026-09-11T19:09:17-07:00,future,148,0,C:\Users\Igor\StudioProjects\BartRunnerAndroid\app\src\test\resources\bart_live_20260911_185819\etd\glen.xml,2026-09-11T18:58:17-07:00
bart_live_20260911_185819,GLEN,Glen Park,Green,GREEN,Berryessa,BERY,2,North,28,2026-09-11T19:26:17-07:00,future,0,0,C:\Users\Igor\StudioProjects\BartRunnerAndroid\app\src\test\resources\bart_live_20260911_185819\etd\glen.xml,2026-09-11T18:58:17-07:00
bart_live_20260911_185819,GLEN,Glen Park,Green,GREEN,Daly City,DALY,1,South,4,2026-09-11T19:02:17-07:00,future,239,0,C:\Users\Igor\StudioProjects\BartRunnerAndroid\app\src\test\resources\bart_live_20260911_185819\etd\glen.xml,2026-09-11T18:58:17-07:00
bart_live_20260911_185819,GLEN,Glen Park,Blue,BLUE,Daly City,DALY,1,South,17,2026-09-11T19:15:17-07:00,future,308,0,C:\Users\Igor\StudioProjects\BartRunnerAndroid\app\src\test\resources\bart_live_20260911_185819\etd\glen.xml,2026-09-11T18:58:17-07:00
bart_live_20260911_185819,GLEN,Glen Park,Green,GREEN,Daly City,DALY,1,South,24,2026-09-11T19:22:17-07:00,future,288,0,C:\Users\Igor\StudioProjects\BartRunnerAndroid\app\src\test\resources\bart_live_20260911_185819\etd\glen.xml,2026-09-11T18:58:17-07:00
bart_live_20260911_185819,GLEN,Glen Park,Blue,BLUE,Dublin/Pleasanton,DUBL,2,North,2,2026-09-11T19:00:17-07:00,future,349,0,C:\Users\Igor\StudioProjects\BartRunnerAndroid\app\src\test\resources\bart_live_20260911_185819\etd\glen.xml,2026-09-11T18:58:17-07:00
bart_live_20260911_185819,GLEN,Glen Park,Blue,BLUE,Dublin/Pleasanton,DUBL,2,North,16,2026-09-11T19:14:17-07:00,future,0,0,C:\Users\Igor\StudioProjects\BartRunnerAndroid\app\src\test\resources\bart_live_20260911_185819\etd\glen.xml,2026-09-11T18:58:17-07:00
bart_live_20260911_185819,GLEN,Glen Park,Blue,BLUE,Dublin/Pleasanton,DUBL,2,North,36,2026-09-11T19:34:17-07:00,future,0,0,C:\Users\Igor\StudioProjects\BartRunnerAndroid\app\src\test\resources\bart_live_20260911_185819\etd\glen.xml,2026-09-11T18:58:17-07:00
bart_live_20260911_185819,GLEN,Glen Park,Red,RED,Millbrae,MLBR,1,South,6,2026-09-11T19:04:17-07:00,future,200,0,C:\Users\Igor\StudioProjects\BartRunnerAndroid\app\src\test\resources\bart_live_20260911_185819\etd\glen.xml,2026-09-11T18:58:17-07:00
bart_live_20260911_185819,GLEN,Glen Park,Red,RED,Millbrae,MLBR,1,South,23,2026-09-11T19:21:17-07:00,future,0,0,C:\Users\Igor\StudioProjects\BartRunnerAndroid\app\src\test\resources\bart_live_20260911_185819\etd\glen.xml,2026-09-11T18:58:17-07:00
bart_live_20260911_185819,GLEN,Glen Park,Red,RED,Millbrae,MLBR,1,South,43,2026-09-11T19:41:17-07:00,future,0,0,C:\Users\Igor\StudioProjects\BartRunnerAndroid\app\src\test\resources\bart_live_20260911_185819\etd\glen.xml,2026-09-11T18:58:17-07:00
bart_live_20260911_185819,GLEN,Glen Park,Yellow,YELLOW,Pittsburg/Bay Point,PITT,2,North,8,2026-09-11T19:06:17-07:00,future,309,0,C:\Users\Igor\StudioProjects\BartRunnerAndroid\app\src\test\resources\bart_live_20260911_185819\etd\glen.xml,2026-09-11T18:58:17-07:00
bart_live_20260911_185819,GLEN,Glen Park,Red,RED,Richmond,RICH,2,North,5,2026-09-11T19:03:17-07:00,future,318,0,C:\Users\Igor\StudioProjects\BartRunnerAndroid\app\src\test\resources\bart_live_20260911_185819\etd\glen.xml,2026-09-11T18:58:17-07:00
bart_live_20260911_185819,GLEN,Glen Park,Red,RED,Richmond,RICH,2,North,22,2026-09-11T19:20:17-07:00,future,110,0,C:\Users\Igor\StudioProjects\BartRunnerAndroid\app\src\test\resources\bart_live_20260911_185819\etd\glen.xml,2026-09-11T18:58:17-07:00
bart_live_20260911_185819,GLEN,Glen Park,Red,RED,Richmond,RICH,2,North,40,2026-09-11T19:38:17-07:00,future,0,0,C:\Users\Igor\StudioProjects\BartRunnerAndroid\app\src\test\resources\bart_live_20260911_185819\etd\glen.xml,2026-09-11T18:58:17-07:00
bart_live_20260911_185819,GLEN,Glen Park,Yellow,YELLOW,SF Airport,SFIA,1,South,8,2026-09-11T19:06:17-07:00,future,77,0,C:\Users\Igor\StudioProjects\BartRunnerAndroid\app\src\test\resources\bart_live_20260911_185819\etd\glen.xml,2026-09-11T18:58:17-07:00
bart_live_20260911_185819,GLEN,Glen Park,Yellow,YELLOW,SF Airport,SFIA,1,South,15,2026-09-11T19:13:17-07:00,future,0,0,C:\Users\Igor\StudioProjects\BartRunnerAndroid\app\src\test\resources\bart_live_20260911_185819\etd\glen.xml,2026-09-11T18:58:17-07:00
bart_live_20260911_185819,GLEN,Glen Park,Yellow,YELLOW,SF Airport,SFIA,1,South,26,2026-09-11T19:24:17-07:00,future,0,0,C:\Users\Igor\StudioProjects\BartRunnerAndroid\app\src\test\resources\bart_live_20260911_185819\etd\glen.xml,2026-09-11T18:58:17-07:00
bart_live_20260911_185819,GLEN,Glen Park,Yellow,YELLOW,SFO/Millbrae,MLBR,1,South,95,2026-09-11T20:33:17-07:00,future,0,0,C:\Users\Igor\StudioProjects\BartRunnerAndroid\app\src\test\resources\bart_live_20260911_185819\etd\glen.xml,2026-09-11T18:58:17-07:00
bart_live_20260911_185819,HAYW,Hayward,Orange,ORANGE,Berryessa,BERY,1,South,16,2026-09-11T19:14:17-07:00,future,0,0,C:\Users\Igor\StudioProjects\BartRunnerAndroid\app\src\test\resources\bart_live_20260911_185819\etd\hayw.xml,2026-09-11T18:58:17-07:00
bart_live_20260911_185819,HAYW,Hayward,Green,GREEN,Berryessa,BERY,1,North,19,2026-09-11T19:17:17-07:00,future,334,0,C:\Users\Igor\StudioProjects\BartRunnerAndroid\app\src\test\resources\bart_live_20260911_185819\etd\hayw.xml,2026-09-11T18:58:17-07:00
bart_live_20260911_185819,HAYW,Hayward,Green,GREEN,Berryessa,BERY,1,North,35,2026-09-11T19:33:17-07:00,future,100,0,C:\Users\Igor\StudioProjects\BartRunnerAndroid\app\src\test\resources\bart_live_20260911_185819\etd\hayw.xml,2026-09-11T18:58:17-07:00
bart_live_20260911_185819,HAYW,Hayward,Green,GREEN,Daly City,DALY,2,South,1,2026-09-11T18:59:17-07:00,future,328,0,C:\Users\Igor\StudioProjects\BartRunnerAndroid\app\src\test\resources\bart_live_20260911_185819\etd\hayw.xml,2026-09-11T18:58:17-07:00
bart_live_20260911_185819,HAYW,Hayward,Green,GREEN,Daly City,DALY,2,South,15,2026-09-11T19:13:17-07:00,future,0,0,C:\Users\Igor\StudioProjects\BartRunnerAndroid\app\src\test\resources\bart_live_20260911_185819\etd\hayw.xml,2026-09-11T18:58:17-07:00
bart_live_20260911_185819,HAYW,Hayward,Orange,ORANGE,Richmond,RICH,2,North,13,2026-09-11T19:11:17-07:00,future,65,0,C:\Users\Igor\StudioProjects\BartRunnerAndroid\app\src\test\resources\bart_live_20260911_185819\etd\hayw.xml,2026-09-11T18:58:17-07:00
bart_live_20260911_185819,HAYW,Hayward,Orange,ORANGE,Richmond,RICH,2,North,32,2026-09-11T19:30:17-07:00,future,0,0,C:\Users\Igor\StudioProjects\BartRunnerAndroid\app\src\test\resources\bart_live_20260911_185819\etd\hayw.xml,2026-09-11T18:58:17-07:00
bart_live_20260911_185819,HAYW,Hayward,Orange,ORANGE,Richmond,RICH,2,North,52,2026-09-11T19:50:17-07:00,future,0,0,C:\Users\Igor\StudioProjects\BartRunnerAndroid\app\src\test\resources\bart_live_20260911_185819\etd\hayw.xml,2026-09-11T18:58:17-07:00
bart_live_20260911_185819,LAFY,Lafayette,Yellow,YELLOW,Antioch,ANTC,1,North,6,2026-09-11T19:04:17-07:00,future,771,0,C:\Users\Igor\StudioProjects\BartRunnerAndroid\app\src\test\resources\bart_live_20260911_185819\etd\lafy.xml,2026-09-11T18:58:17-07:00
bart_live_20260911_185819,LAFY,Lafayette,Yellow,YELLOW,Antioch,ANTC,1,North,24,2026-09-11T19:22:17-07:00,future,615,0,C:\Users\Igor\StudioProjects\BartRunnerAndroid\app\src\test\resources\bart_live_20260911_185819\etd\lafy.xml,2026-09-11T18:58:17-07:00
bart_live_20260911_185819,LAFY,Lafayette,Yellow,YELLOW,Antioch,ANTC,1,North,39,2026-09-11T19:37:17-07:00,future,348,0,C:\Users\Igor\StudioProjects\BartRunnerAndroid\app\src\test\resources\bart_live_20260911_185819\etd\lafy.xml,2026-09-11T18:58:17-07:00
bart_live_20260911_185819,LAFY,Lafayette,Yellow,YELLOW,Pittsburg/Bay Point,PITT,1,North,10,2026-09-11T19:08:17-07:00,future,326,0,C:\Users\Igor\StudioProjects\BartRunnerAndroid\app\src\test\resources\bart_live_20260911_185819\etd\lafy.xml,2026-09-11T18:58:17-07:00
bart_live_20260911_185819,LAFY,Lafayette,Yellow,YELLOW,Pittsburg/Bay Point,PITT,1,North,36,2026-09-11T19:34:17-07:00,future,688,0,C:\Users\Igor\StudioProjects\BartRunnerAndroid\app\src\test\resources\bart_live_20260911_185819\etd\lafy.xml,2026-09-11T18:58:17-07:00
bart_live_20260911_185819,LAFY,Lafayette,Yellow,YELLOW,Pittsburg/Bay Point,PITT,1,North,47,2026-09-11T19:45:17-07:00,future,142,0,C:\Users\Igor\StudioProjects\BartRunnerAndroid\app\src\test\resources\bart_live_20260911_185819\etd\lafy.xml,2026-09-11T18:58:17-07:00
bart_live_20260911_185819,LAFY,Lafayette,Yellow,YELLOW,SF Airport,SFIA,2,South,3,2026-09-11T19:01:17-07:00,future,0,0,C:\Users\Igor\StudioProjects\BartRunnerAndroid\app\src\test\resources\bart_live_20260911_185819\etd\lafy.xml,2026-09-11T18:58:17-07:00
bart_live_20260911_185819,LAFY,Lafayette,Yellow,YELLOW,SF Airport,SFIA,2,South,21,2026-09-11T19:19:17-07:00,future,586,0,C:\Users\Igor\StudioProjects\BartRunnerAndroid\app\src\test\resources\bart_live_20260911_185819\etd\lafy.xml,2026-09-11T18:58:17-07:00
bart_live_20260911_185819,LAFY,Lafayette,Yellow,YELLOW,SF Airport,SFIA,2,South,23,2026-09-11T19:21:17-07:00,future,0,0,C:\Users\Igor\StudioProjects\BartRunnerAndroid\app\src\test\resources\bart_live_20260911_185819\etd\lafy.xml,2026-09-11T18:58:17-07:00
bart_live_20260911_185819,LAFY,Lafayette,Yellow,YELLOW,SFO/Millbrae,MLBR,2,South,54,2026-09-11T19:52:17-07:00,future,174,0,C:\Users\Igor\StudioProjects\BartRunnerAndroid\app\src\test\resources\bart_live_20260911_185819\etd\lafy.xml,2026-09-11T18:58:17-07:00
bart_live_20260911_185819,LAKE,Lake Merritt,Green,GREEN,Berryessa,BERY,1,North,1,2026-09-11T18:59:17-07:00,future,443,0,C:\Users\Igor\StudioProjects\BartRunnerAndroid\app\src\test\resources\bart_live_20260911_185819\etd\lake.xml,2026-09-11T18:58:17-07:00
bart_live_20260911_185819,LAKE,Lake Merritt,Green,GREEN,Berryessa,BERY,1,North,16,2026-09-11T19:14:17-07:00,future,185,0,C:\Users\Igor\StudioProjects\BartRunnerAndroid\app\src\test\resources\bart_live_20260911_185819\etd\lake.xml,2026-09-11T18:58:17-07:00
bart_live_20260911_185819,LAKE,Lake Merritt,Orange,ORANGE,Berryessa,BERY,1,South,17,2026-09-11T19:15:17-07:00,future,0,0,C:\Users\Igor\StudioProjects\BartRunnerAndroid\app\src\test\resources\bart_live_20260911_185819\etd\lake.xml,2026-09-11T18:58:17-07:00
bart_live_20260911_185819,LAKE,Lake Merritt,Green,GREEN,Daly City,DALY,2,South,1,2026-09-11T18:59:17-07:00,future,365,0,C:\Users\Igor\StudioProjects\BartRunnerAndroid\app\src\test\resources\bart_live_20260911_185819\etd\lake.xml,2026-09-11T18:58:17-07:00
bart_live_20260911_185819,LAKE,Lake Merritt,Blue,BLUE,Daly City,DALY,2,South,8,2026-09-11T19:06:17-07:00,future,0,0,C:\Users\Igor\StudioProjects\BartRunnerAndroid\app\src\test\resources\bart_live_20260911_185819\etd\lake.xml,2026-09-11T18:58:17-07:00
bart_live_20260911_185819,LAKE,Lake Merritt,Green,GREEN,Daly City,DALY,2,South,19,2026-09-11T19:17:17-07:00,future,256,0,C:\Users\Igor\StudioProjects\BartRunnerAndroid\app\src\test\resources\bart_live_20260911_185819\etd\lake.xml,2026-09-11T18:58:17-07:00
bart_live_20260911_185819,LAKE,Lake Merritt,Blue,BLUE,Dublin/Pleasanton,DUBL,1,North,5,2026-09-11T19:03:17-07:00,future,204,0,C:\Users\Igor\StudioProjects\BartRunnerAndroid\app\src\test\resources\bart_live_20260911_185819\etd\lake.xml,2026-09-11T18:58:17-07:00
bart_live_20260911_185819,LAKE,Lake Merritt,Blue,BLUE,Dublin/Pleasanton,DUBL,1,North,25,2026-09-11T19:23:17-07:00,future,251,0,C:\Users\Igor\StudioProjects\BartRunnerAndroid\app\src\test\resources\bart_live_20260911_185819\etd\lake.xml,2026-09-11T18:58:17-07:00
bart_live_20260911_185819,LAKE,Lake Merritt,Blue,BLUE,Dublin/Pleasanton,DUBL,1,North,42,2026-09-11T19:40:17-07:00,future,0,0,C:\Users\Igor\StudioProjects\BartRunnerAndroid\app\src\test\resources\bart_live_20260911_185819\etd\lake.xml,2026-09-11T18:58:17-07:00
bart_live_20260911_185819,LAKE,Lake Merritt,Orange,ORANGE,Richmond,RICH,2,North,12,2026-09-11T19:10:17-07:00,future,0,0,C:\Users\Igor\StudioProjects\BartRunnerAndroid\app\src\test\resources\bart_live_20260911_185819\etd\lake.xml,2026-09-11T18:58:17-07:00
bart_live_20260911_185819,LAKE,Lake Merritt,Orange,ORANGE,Richmond,RICH,2,North,32,2026-09-11T19:30:17-07:00,future,0,0,C:\Users\Igor\StudioProjects\BartRunnerAndroid\app\src\test\resources\bart_live_20260911_185819\etd\lake.xml,2026-09-11T18:58:17-07:00
bart_live_20260911_185819,LAKE,Lake Merritt,Orange,ORANGE,Richmond,RICH,2,North,52,2026-09-11T19:50:17-07:00,future,0,0,C:\Users\Igor\StudioProjects\BartRunnerAndroid\app\src\test\resources\bart_live_20260911_185819\etd\lake.xml,2026-09-11T18:58:17-07:00
bart_live_20260911_185819,MCAR,MacArthur,Yellow,YELLOW,Antioch,ANTC,3,North,11,2026-09-11T19:09:17-07:00,future,632,0,C:\Users\Igor\StudioProjects\BartRunnerAndroid\app\src\test\resources\bart_live_20260911_185819\etd\mcar.xml,2026-09-11T18:58:17-07:00
bart_live_20260911_185819,MCAR,MacArthur,Yellow,YELLOW,Antioch,ANTC,3,North,27,2026-09-11T19:25:17-07:00,future,365,0,C:\Users\Igor\StudioProjects\BartRunnerAndroid\app\src\test\resources\bart_live_20260911_185819\etd\mcar.xml,2026-09-11T18:58:17-07:00
bart_live_20260911_185819,MCAR,MacArthur,Yellow,YELLOW,Antioch,ANTC,3,North,42,2026-09-11T19:40:17-07:00,future,95,0,C:\Users\Igor\StudioProjects\BartRunnerAndroid\app\src\test\resources\bart_live_20260911_185819\etd\mcar.xml,2026-09-11T18:58:17-07:00
bart_live_20260911_185819,MCAR,MacArthur,Orange,ORANGE,Berryessa,BERY,2,South,8,2026-09-11T19:06:17-07:00,future,0,0,C:\Users\Igor\StudioProjects\BartRunnerAndroid\app\src\test\resources\bart_live_20260911_185819\etd\mcar.xml,2026-09-11T18:58:17-07:00
bart_live_20260911_185819,MCAR,MacArthur,Orange,ORANGE,Berryessa,BERY,2,South,28,2026-09-11T19:26:17-07:00,future,0,0,C:\Users\Igor\StudioProjects\BartRunnerAndroid\app\src\test\resources\bart_live_20260911_185819\etd\mcar.xml,2026-09-11T18:58:17-07:00
bart_live_20260911_185819,MCAR,MacArthur,Orange,ORANGE,Berryessa,BERY,2,South,48,2026-09-11T19:46:17-07:00,future,0,0,C:\Users\Igor\StudioProjects\BartRunnerAndroid\app\src\test\resources\bart_live_20260911_185819\etd\mcar.xml,2026-09-11T18:58:17-07:00
bart_live_20260911_185819,MCAR,MacArthur,Red,RED,Millbrae,MLBR,2,South,13,2026-09-11T19:11:17-07:00,future,0,0,C:\Users\Igor\StudioProjects\BartRunnerAndroid\app\src\test\resources\bart_live_20260911_185819\etd\mcar.xml,2026-09-11T18:58:17-07:00
bart_live_20260911_185819,MCAR,MacArthur,Red,RED,Millbrae,MLBR,2,South,33,2026-09-11T19:31:17-07:00,future,0,0,C:\Users\Igor\StudioProjects\BartRunnerAndroid\app\src\test\resources\bart_live_20260911_185819\etd\mcar.xml,2026-09-11T18:58:17-07:00
bart_live_20260911_185819,MCAR,MacArthur,Red,RED,Millbrae,MLBR,2,South,53,2026-09-11T19:51:17-07:00,future,0,0,C:\Users\Igor\StudioProjects\BartRunnerAndroid\app\src\test\resources\bart_live_20260911_185819\etd\mcar.xml,2026-09-11T18:58:17-07:00
bart_live_20260911_185819,MCAR,MacArthur,Yellow,YELLOW,Pittsburg/Bay Point,PITT,3,North,24,2026-09-11T19:22:17-07:00,future,705,0,C:\Users\Igor\StudioProjects\BartRunnerAndroid\app\src\test\resources\bart_live_20260911_185819\etd\mcar.xml,2026-09-11T18:58:17-07:00
bart_live_20260911_185819,MCAR,MacArthur,Yellow,YELLOW,Pittsburg/Bay Point,PITT,3,North,35,2026-09-11T19:33:17-07:00,future,159,0,C:\Users\Igor\StudioProjects\BartRunnerAndroid\app\src\test\resources\bart_live_20260911_185819\etd\mcar.xml,2026-09-11T18:58:17-07:00
bart_live_20260911_185819,MCAR,MacArthur,Red,RED,Richmond,RICH,1,North,3,2026-09-11T19:01:17-07:00,future,874,0,C:\Users\Igor\StudioProjects\BartRunnerAndroid\app\src\test\resources\bart_live_20260911_185819\etd\mcar.xml,2026-09-11T18:58:17-07:00
bart_live_20260911_185819,MCAR,MacArthur,Orange,ORANGE,Richmond,RICH,1,North,5,2026-09-11T19:03:17-07:00,future,307,0,C:\Users\Igor\StudioProjects\BartRunnerAndroid\app\src\test\resources\bart_live_20260911_185819\etd\mcar.xml,2026-09-11T18:58:17-07:00
bart_live_20260911_185819,MCAR,MacArthur,Red,RED,Richmond,RICH,1,North,18,2026-09-11T19:16:17-07:00,future,548,0,C:\Users\Igor\StudioProjects\BartRunnerAndroid\app\src\test\resources\bart_live_20260911_185819\etd\mcar.xml,2026-09-11T18:58:17-07:00
bart_live_20260911_185819,MCAR,MacArthur,Yellow,YELLOW,SF Airport,SFIA,4,South,7,2026-09-11T19:05:17-07:00,future,129,0,C:\Users\Igor\StudioProjects\BartRunnerAndroid\app\src\test\resources\bart_live_20260911_185819\etd\mcar.xml,2026-09-11T18:58:17-07:00
bart_live_20260911_185819,MCAR,MacArthur,Yellow,YELLOW,SF Airport,SFIA,4,South,17,2026-09-11T19:15:17-07:00,future,0,0,C:\Users\Igor\StudioProjects\BartRunnerAndroid\app\src\test\resources\bart_live_20260911_185819\etd\mcar.xml,2026-09-11T18:58:17-07:00
bart_live_20260911_185819,MCAR,MacArthur,Yellow,YELLOW,SF Airport,SFIA,4,South,34,2026-09-11T19:32:17-07:00,future,552,0,C:\Users\Igor\StudioProjects\BartRunnerAndroid\app\src\test\resources\bart_live_20260911_185819\etd\mcar.xml,2026-09-11T18:58:17-07:00
bart_live_20260911_185819,MCAR,MacArthur,Yellow,YELLOW,SFO/Millbrae,MLBR,4,South,68,2026-09-11T20:06:17-07:00,future,140,0,C:\Users\Igor\StudioProjects\BartRunnerAndroid\app\src\test\resources\bart_live_20260911_185819\etd\mcar.xml,2026-09-11T18:58:17-07:00
bart_live_20260911_185819,MLBR,Millbrae,Red,RED,Richmond,RICH,3,North,13,2026-09-11T19:11:17-07:00,future,0,0,C:\Users\Igor\StudioProjects\BartRunnerAndroid\app\src\test\resources\bart_live_20260911_185819\etd\mlbr.xml,2026-09-11T18:58:17-07:00
bart_live_20260911_185819,MLBR,Millbrae,Red,RED,Richmond,RICH,3,North,33,2026-09-11T19:31:17-07:00,future,0,0,C:\Users\Igor\StudioProjects\BartRunnerAndroid\app\src\test\resources\bart_live_20260911_185819\etd\mlbr.xml,2026-09-11T18:58:17-07:00
bart_live_20260911_185819,MLPT,Milpitas,Green,GREEN,Berryessa,BERY,1,North,Leaving,2026-09-11T18:58:17-07:00,leaving,1179,0,C:\Users\Igor\StudioProjects\BartRunnerAndroid\app\src\test\resources\bart_live_20260911_185819\etd\mlpt.xml,2026-09-11T18:58:17-07:00
bart_live_20260911_185819,MLPT,Milpitas,Orange,ORANGE,Berryessa,BERY,1,South,6,2026-09-11T19:04:17-07:00,future,82,0,C:\Users\Igor\StudioProjects\BartRunnerAndroid\app\src\test\resources\bart_live_20260911_185819\etd\mlpt.xml,2026-09-11T18:58:17-07:00
bart_live_20260911_185819,MLPT,Milpitas,Green,GREEN,Berryessa,BERY,1,North,21,2026-09-11T19:19:17-07:00,future,0,0,C:\Users\Igor\StudioProjects\BartRunnerAndroid\app\src\test\resources\bart_live_20260911_185819\etd\mlpt.xml,2026-09-11T18:58:17-07:00
bart_live_20260911_185819,MLPT,Milpitas,Orange,ORANGE,Richmond,RICH,2,North,5,2026-09-11T19:03:17-07:00,future,0,0,C:\Users\Igor\StudioProjects\BartRunnerAndroid\app\src\test\resources\bart_live_20260911_185819\etd\mlpt.xml,2026-09-11T18:58:17-07:00
bart_live_20260911_185819,MLPT,Milpitas,Orange,ORANGE,Richmond,RICH,2,North,25,2026-09-11T19:23:17-07:00,future,0,0,C:\Users\Igor\StudioProjects\BartRunnerAndroid\app\src\test\resources\bart_live_20260911_185819\etd\mlpt.xml,2026-09-11T18:58:17-07:00
bart_live_20260911_185819,MLPT,Milpitas,Orange,ORANGE,Richmond,RICH,2,North,45,2026-09-11T19:43:17-07:00,future,0,0,C:\Users\Igor\StudioProjects\BartRunnerAndroid\app\src\test\resources\bart_live_20260911_185819\etd\mlpt.xml,2026-09-11T18:58:17-07:00
bart_live_20260911_185819,MONT,Montgomery St.,Yellow,YELLOW,Antioch,ANTC,2,North,9,2026-09-11T19:07:17-07:00,future,494,0,C:\Users\Igor\StudioProjects\BartRunnerAndroid\app\src\test\resources\bart_live_20260911_185819\etd\mont.xml,2026-09-11T18:58:17-07:00
bart_live_20260911_185819,MONT,Montgomery St.,Yellow,YELLOW,Antioch,ANTC,2,North,25,2026-09-11T19:23:17-07:00,future,224,0,C:\Users\Igor\StudioProjects\BartRunnerAndroid\app\src\test\resources\bart_live_20260911_185819\etd\mont.xml,2026-09-11T18:58:17-07:00
bart_live_20260911_185819,MONT,Montgomery St.,Yellow,YELLOW,Antioch,ANTC,2,North,41,2026-09-11T19:39:17-07:00,future,0,0,C:\Users\Igor\StudioProjects\BartRunnerAndroid\app\src\test\resources\bart_live_20260911_185819\etd\mont.xml,2026-09-11T18:58:17-07:00
bart_live_20260911_185819,MONT,Montgomery St.,Green,GREEN,Berryessa,BERY,2,North,3,2026-09-11T19:01:17-07:00,future,253,0,C:\Users\Igor\StudioProjects\BartRunnerAndroid\app\src\test\resources\bart_live_20260911_185819\etd\mont.xml,2026-09-11T18:58:17-07:00
bart_live_20260911_185819,MONT,Montgomery St.,Green,GREEN,Berryessa,BERY,2,North,21,2026-09-11T19:19:17-07:00,future,123,0,C:\Users\Igor\StudioProjects\BartRunnerAndroid\app\src\test\resources\bart_live_20260911_185819\etd\mont.xml,2026-09-11T18:58:17-07:00
bart_live_20260911_185819,MONT,Montgomery St.,Green,GREEN,Berryessa,BERY,2,North,39,2026-09-11T19:37:17-07:00,future,0,0,C:\Users\Igor\StudioProjects\BartRunnerAndroid\app\src\test\resources\bart_live_20260911_185819\etd\mont.xml,2026-09-11T18:58:17-07:00
bart_live_20260911_185819,MONT,Montgomery St.,Blue,BLUE,Daly City,DALY,1,South,7,2026-09-11T19:05:17-07:00,future,335,0,C:\Users\Igor\StudioProjects\BartRunnerAndroid\app\src\test\resources\bart_live_20260911_185819\etd\mont.xml,2026-09-11T18:58:17-07:00
bart_live_20260911_185819,MONT,Montgomery St.,Green,GREEN,Daly City,DALY,1,South,14,2026-09-11T19:12:17-07:00,future,310,0,C:\Users\Igor\StudioProjects\BartRunnerAndroid\app\src\test\resources\bart_live_20260911_185819\etd\mont.xml,2026-09-11T18:58:17-07:00
bart_live_20260911_185819,MONT,Montgomery St.,Blue,BLUE,Daly City,DALY,1,South,21,2026-09-11T19:19:17-07:00,future,0,0,C:\Users\Igor\StudioProjects\BartRunnerAndroid\app\src\test\resources\bart_live_20260911_185819\etd\mont.xml,2026-09-11T18:58:17-07:00
bart_live_20260911_185819,MONT,Montgomery St.,Blue,BLUE,Dublin/Pleasanton,DUBL,2,North,12,2026-09-11T19:10:17-07:00,future,323,0,C:\Users\Igor\StudioProjects\BartRunnerAndroid\app\src\test\resources\bart_live_20260911_185819\etd\mont.xml,2026-09-11T18:58:17-07:00
bart_live_20260911_185819,MONT,Montgomery St.,Blue,BLUE,Dublin/Pleasanton,DUBL,2,North,27,2026-09-11T19:25:17-07:00,future,0,0,C:\Users\Igor\StudioProjects\BartRunnerAndroid\app\src\test\resources\bart_live_20260911_185819\etd\mont.xml,2026-09-11T18:58:17-07:00
bart_live_20260911_185819,MONT,Montgomery St.,Blue,BLUE,Dublin/Pleasanton,DUBL,2,North,47,2026-09-11T19:45:17-07:00,future,0,0,C:\Users\Igor\StudioProjects\BartRunnerAndroid\app\src\test\resources\bart_live_20260911_185819\etd\mont.xml,2026-09-11T18:58:17-07:00
bart_live_20260911_185819,MONT,Montgomery St.,Red,RED,Millbrae,MLBR,1,South,12,2026-09-11T19:10:17-07:00,future,0,0,C:\Users\Igor\StudioProjects\BartRunnerAndroid\app\src\test\resources\bart_live_20260911_185819\etd\mont.xml,2026-09-11T18:58:17-07:00
bart_live_20260911_185819,MONT,Montgomery St.,Red,RED,Millbrae,MLBR,1,South,32,2026-09-11T19:30:17-07:00,future,0,0,C:\Users\Igor\StudioProjects\BartRunnerAndroid\app\src\test\resources\bart_live_20260911_185819\etd\mont.xml,2026-09-11T18:58:17-07:00
bart_live_20260911_185819,MONT,Montgomery St.,Red,RED,Millbrae,MLBR,1,South,52,2026-09-11T19:50:17-07:00,future,0,0,C:\Users\Igor\StudioProjects\BartRunnerAndroid\app\src\test\resources\bart_live_20260911_185819\etd\mont.xml,2026-09-11T18:58:17-07:00
bart_live_20260911_185819,MONT,Montgomery St.,Yellow,YELLOW,Pittsburg/Bay Point,PITT,2,North,7,2026-09-11T19:05:17-07:00,future,834,0,C:\Users\Igor\StudioProjects\BartRunnerAndroid\app\src\test\resources\bart_live_20260911_185819\etd\mont.xml,2026-09-11T18:58:17-07:00
bart_live_20260911_185819,MONT,Montgomery St.,Yellow,YELLOW,Pittsburg/Bay Point,PITT,2,North,18,2026-09-11T19:16:17-07:00,future,284,0,C:\Users\Igor\StudioProjects\BartRunnerAndroid\app\src\test\resources\bart_live_20260911_185819\etd\mont.xml,2026-09-11T18:58:17-07:00
bart_live_20260911_185819,MONT,Montgomery St.,Red,RED,Richmond,RICH,2,North,1,2026-09-11T18:59:17-07:00,future,638,0,C:\Users\Igor\StudioProjects\BartRunnerAndroid\app\src\test\resources\bart_live_20260911_185819\etd\mont.xml,2026-09-11T18:58:17-07:00
bart_live_20260911_185819,MONT,Montgomery St.,Red,RED,Richmond,RICH,2,North,15,2026-09-11T19:13:17-07:00,future,294,0,C:\Users\Igor\StudioProjects\BartRunnerAndroid\app\src\test\resources\bart_live_20260911_185819\etd\mont.xml,2026-09-11T18:58:17-07:00
bart_live_20260911_185819,MONT,Montgomery St.,Red,RED,Richmond,RICH,2,North,32,2026-09-11T19:30:17-07:00,future,85,0,C:\Users\Igor\StudioProjects\BartRunnerAndroid\app\src\test\resources\bart_live_20260911_185819\etd\mont.xml,2026-09-11T18:58:17-07:00
bart_live_20260911_185819,MONT,Montgomery St.,Yellow,YELLOW,SF Airport,SFIA,1,South,5,2026-09-11T19:03:17-07:00,future,0,0,C:\Users\Igor\StudioProjects\BartRunnerAndroid\app\src\test\resources\bart_live_20260911_185819\etd\mont.xml,2026-09-11T18:58:17-07:00
bart_live_20260911_185819,MONT,Montgomery St.,Yellow,YELLOW,SF Airport,SFIA,1,South,16,2026-09-11T19:14:17-07:00,future,0,0,C:\Users\Igor\StudioProjects\BartRunnerAndroid\app\src\test\resources\bart_live_20260911_185819\etd\mont.xml,2026-09-11T18:58:17-07:00
bart_live_20260911_185819,MONT,Montgomery St.,Yellow,YELLOW,SF Airport,SFIA,1,South,25,2026-09-11T19:23:17-07:00,future,0,0,C:\Users\Igor\StudioProjects\BartRunnerAndroid\app\src\test\resources\bart_live_20260911_185819\etd\mont.xml,2026-09-11T18:58:17-07:00
bart_live_20260911_185819,MONT,Montgomery St.,Yellow,YELLOW,SFO/Millbrae,MLBR,1,South,85,2026-09-11T20:23:17-07:00,future,0,0,C:\Users\Igor\StudioProjects\BartRunnerAndroid\app\src\test\resources\bart_live_20260911_185819\etd\mont.xml,2026-09-11T18:58:17-07:00
bart_live_20260911_185819,NBRK,North Berkeley,Orange,ORANGE,Berryessa,BERY,2,South,17,2026-09-11T19:15:17-07:00,future,0,0,C:\Users\Igor\StudioProjects\BartRunnerAndroid\app\src\test\resources\bart_live_20260911_185819\etd\nbrk.xml,2026-09-11T18:58:17-07:00
bart_live_20260911_185819,NBRK,North Berkeley,Orange,ORANGE,Berryessa,BERY,2,South,37,2026-09-11T19:35:17-07:00,future,0,0,C:\Users\Igor\StudioProjects\BartRunnerAndroid\app\src\test\resources\bart_live_20260911_185819\etd\nbrk.xml,2026-09-11T18:58:17-07:00
bart_live_20260911_185819,NBRK,North Berkeley,Red,RED,Millbrae,MLBR,2,South,5,2026-09-11T19:03:17-07:00,future,0,0,C:\Users\Igor\StudioProjects\BartRunnerAndroid\app\src\test\resources\bart_live_20260911_185819\etd\nbrk.xml,2026-09-11T18:58:17-07:00
bart_live_20260911_185819,NBRK,North Berkeley,Red,RED,Millbrae,MLBR,2,South,25,2026-09-11T19:23:17-07:00,future,0,0,C:\Users\Igor\StudioProjects\BartRunnerAndroid\app\src\test\resources\bart_live_20260911_185819\etd\nbrk.xml,2026-09-11T18:58:17-07:00
bart_live_20260911_185819,NBRK,North Berkeley,Red,RED,Millbrae,MLBR,2,South,45,2026-09-11T19:43:17-07:00,future,0,0,C:\Users\Igor\StudioProjects\BartRunnerAndroid\app\src\test\resources\bart_live_20260911_185819\etd\nbrk.xml,2026-09-11T18:58:17-07:00
bart_live_20260911_185819,NBRK,North Berkeley,Red,RED,Richmond,RICH,1,North,11,2026-09-11T19:09:17-07:00,future,859,0,C:\Users\Igor\StudioProjects\BartRunnerAndroid\app\src\test\resources\bart_live_20260911_185819\etd\nbrk.xml,2026-09-11T18:58:17-07:00
bart_live_20260911_185819,NBRK,North Berkeley,Orange,ORANGE,Richmond,RICH,1,North,13,2026-09-11T19:11:17-07:00,future,290,0,C:\Users\Igor\StudioProjects\BartRunnerAndroid\app\src\test\resources\bart_live_20260911_185819\etd\nbrk.xml,2026-09-11T18:58:17-07:00
bart_live_20260911_185819,NBRK,North Berkeley,Red,RED,Richmond,RICH,1,North,26,2026-09-11T19:24:17-07:00,future,544,0,C:\Users\Igor\StudioProjects\BartRunnerAndroid\app\src\test\resources\bart_live_20260911_185819\etd\nbrk.xml,2026-09-11T18:58:17-07:00
bart_live_20260911_185819,NCON,North Concord/Martinez,Yellow,YELLOW,Antioch,ANTC,1,North,2,2026-09-11T19:00:17-07:00,future,1246,0,C:\Users\Igor\StudioProjects\BartRunnerAndroid\app\src\test\resources\bart_live_20260911_185819\etd\ncon.xml,2026-09-11T18:58:17-07:00
bart_live_20260911_185819,NCON,North Concord/Martinez,Yellow,YELLOW,Antioch,ANTC,1,North,9,2026-09-11T19:07:17-07:00,future,1162,0,C:\Users\Igor\StudioProjects\BartRunnerAndroid\app\src\test\resources\bart_live_20260911_185819\etd\ncon.xml,2026-09-11T18:58:17-07:00
bart_live_20260911_185819,NCON,North Concord/Martinez,Yellow,YELLOW,Antioch,ANTC,1,North,22,2026-09-11T19:20:17-07:00,future,725,0,C:\Users\Igor\StudioProjects\BartRunnerAndroid\app\src\test\resources\bart_live_20260911_185819\etd\ncon.xml,2026-09-11T18:58:17-07:00
bart_live_20260911_185819,NCON,North Concord/Martinez,Yellow,YELLOW,Pittsburg/Bay Point,PITT,1,North,13,2026-09-11T19:11:17-07:00,future,696,0,C:\Users\Igor\StudioProjects\BartRunnerAndroid\app\src\test\resources\bart_live_20260911_185819\etd\ncon.xml,2026-09-11T18:58:17-07:00
bart_live_20260911_185819,NCON,North Concord/Martinez,Yellow,YELLOW,Pittsburg/Bay Point,PITT,1,North,26,2026-09-11T19:24:17-07:00,future,280,0,C:\Users\Igor\StudioProjects\BartRunnerAndroid\app\src\test\resources\bart_live_20260911_185819\etd\ncon.xml,2026-09-11T18:58:17-07:00
bart_live_20260911_185819,NCON,North Concord/Martinez,Yellow,YELLOW,Pittsburg/Bay Point,PITT,1,North,52,2026-09-11T19:50:17-07:00,future,641,0,C:\Users\Igor\StudioProjects\BartRunnerAndroid\app\src\test\resources\bart_live_20260911_185819\etd\ncon.xml,2026-09-11T18:58:17-07:00
bart_live_20260911_185819,NCON,North Concord/Martinez,Yellow,YELLOW,SF Airport,SFIA,2,South,5,2026-09-11T19:03:17-07:00,future,627,0,C:\Users\Igor\StudioProjects\BartRunnerAndroid\app\src\test\resources\bart_live_20260911_185819\etd\ncon.xml,2026-09-11T18:58:17-07:00
bart_live_20260911_185819,NCON,North Concord/Martinez,Yellow,YELLOW,SF Airport,SFIA,2,South,7,2026-09-11T19:05:17-07:00,future,0,0,C:\Users\Igor\StudioProjects\BartRunnerAndroid\app\src\test\resources\bart_live_20260911_185819\etd\ncon.xml,2026-09-11T18:58:17-07:00
bart_live_20260911_185819,NCON,North Concord/Martinez,Yellow,YELLOW,SF Airport,SFIA,2,South,15,2026-09-11T19:13:17-07:00,future,0,0,C:\Users\Igor\StudioProjects\BartRunnerAndroid\app\src\test\resources\bart_live_20260911_185819\etd\ncon.xml,2026-09-11T18:58:17-07:00
bart_live_20260911_185819,NCON,North Concord/Martinez,Yellow,YELLOW,SFO/Millbrae,MLBR,2,South,38,2026-09-11T19:36:17-07:00,future,215,0,C:\Users\Igor\StudioProjects\BartRunnerAndroid\app\src\test\resources\bart_live_20260911_185819\etd\ncon.xml,2026-09-11T18:58:17-07:00
bart_live_20260911_185819,ORIN,Orinda,Yellow,YELLOW,Antioch,ANTC,1,North,1,2026-09-11T18:59:17-07:00,future,767,0,C:\Users\Igor\StudioProjects\BartRunnerAndroid\app\src\test\resources\bart_live_20260911_185819\etd\orin.xml,2026-09-11T18:58:17-07:00
bart_live_20260911_185819,ORIN,Orinda,Yellow,YELLOW,Antioch,ANTC,1,North,19,2026-09-11T19:17:17-07:00,future,618,0,C:\Users\Igor\StudioProjects\BartRunnerAndroid\app\src\test\resources\bart_live_20260911_185819\etd\orin.xml,2026-09-11T18:58:17-07:00
bart_live_20260911_185819,ORIN,Orinda,Yellow,YELLOW,Antioch,ANTC,1,North,34,2026-09-11T19:32:17-07:00,future,351,0,C:\Users\Igor\StudioProjects\BartRunnerAndroid\app\src\test\resources\bart_live_20260911_185819\etd\orin.xml,2026-09-11T18:58:17-07:00
bart_live_20260911_185819,ORIN,Orinda,Yellow,YELLOW,Pittsburg/Bay Point,PITT,1,North,6,2026-09-11T19:04:17-07:00,future,329,0,C:\Users\Igor\StudioProjects\BartRunnerAndroid\app\src\test\resources\bart_live_20260911_185819\etd\orin.xml,2026-09-11T18:58:17-07:00
bart_live_20260911_185819,ORIN,Orinda,Yellow,YELLOW,Pittsburg/Bay Point,PITT,1,North,32,2026-09-11T19:30:17-07:00,future,691,0,C:\Users\Igor\StudioProjects\BartRunnerAndroid\app\src\test\resources\bart_live_20260911_185819\etd\orin.xml,2026-09-11T18:58:17-07:00
bart_live_20260911_185819,ORIN,Orinda,Yellow,YELLOW,Pittsburg/Bay Point,PITT,1,North,43,2026-09-11T19:41:17-07:00,future,145,0,C:\Users\Igor\StudioProjects\BartRunnerAndroid\app\src\test\resources\bart_live_20260911_185819\etd\orin.xml,2026-09-11T18:58:17-07:00
bart_live_20260911_185819,ORIN,Orinda,Yellow,YELLOW,SF Airport,SFIA,2,South,8,2026-09-11T19:06:17-07:00,future,0,0,C:\Users\Igor\StudioProjects\BartRunnerAndroid\app\src\test\resources\bart_live_20260911_185819\etd\orin.xml,2026-09-11T18:58:17-07:00
bart_live_20260911_185819,ORIN,Orinda,Yellow,YELLOW,SF Airport,SFIA,2,South,26,2026-09-11T19:24:17-07:00,future,575,0,C:\Users\Igor\StudioProjects\BartRunnerAndroid\app\src\test\resources\bart_live_20260911_185819\etd\orin.xml,2026-09-11T18:58:17-07:00
bart_live_20260911_185819,ORIN,Orinda,Yellow,YELLOW,SF Airport,SFIA,2,South,28,2026-09-11T19:26:17-07:00,future,0,0,C:\Users\Igor\StudioProjects\BartRunnerAndroid\app\src\test\resources\bart_live_20260911_185819\etd\orin.xml,2026-09-11T18:58:17-07:00
bart_live_20260911_185819,ORIN,Orinda,Yellow,YELLOW,SFO/Millbrae,MLBR,2,South,59,2026-09-11T19:57:17-07:00,future,163,0,C:\Users\Igor\StudioProjects\BartRunnerAndroid\app\src\test\resources\bart_live_20260911_185819\etd\orin.xml,2026-09-11T18:58:17-07:00
bart_live_20260911_185819,PCTR,Pittsburg Center,Yellow,YELLOW,Antioch,ANTC,1,North,8,2026-09-11T19:06:17-07:00,future,0,0,C:\Users\Igor\StudioProjects\BartRunnerAndroid\app\src\test\resources\bart_live_20260911_185819\etd\pctr.xml,2026-09-11T18:58:17-07:00
bart_live_20260911_185819,PCTR,Pittsburg Center,Yellow,YELLOW,Antioch,ANTC,1,North,28,2026-09-11T19:26:17-07:00,future,0,0,C:\Users\Igor\StudioProjects\BartRunnerAndroid\app\src\test\resources\bart_live_20260911_185819\etd\pctr.xml,2026-09-11T18:58:17-07:00
bart_live_20260911_185819,PCTR,Pittsburg Center,Yellow,YELLOW,Antioch,ANTC,1,North,48,2026-09-11T19:46:17-07:00,future,0,0,C:\Users\Igor\StudioProjects\BartRunnerAndroid\app\src\test\resources\bart_live_20260911_185819\etd\pctr.xml,2026-09-11T18:58:17-07:00
bart_live_20260911_185819,PCTR,Pittsburg Center,Yellow,YELLOW,SFO/Millbrae,MLBR,2,South,18,2026-09-11T19:16:17-07:00,future,0,0,C:\Users\Igor\StudioProjects\BartRunnerAndroid\app\src\test\resources\bart_live_20260911_185819\etd\pctr.xml,2026-09-11T18:58:17-07:00
bart_live_20260911_185819,PCTR,Pittsburg Center,Yellow,YELLOW,SFO/Millbrae,MLBR,2,South,38,2026-09-11T19:36:17-07:00,future,0,0,C:\Users\Igor\StudioProjects\BartRunnerAndroid\app\src\test\resources\bart_live_20260911_185819\etd\pctr.xml,2026-09-11T18:58:17-07:00
bart_live_20260911_185819,PCTR,Pittsburg Center,Yellow,YELLOW,SFO/Millbrae,MLBR,2,South,58,2026-09-11T19:56:17-07:00,future,0,0,C:\Users\Igor\StudioProjects\BartRunnerAndroid\app\src\test\resources\bart_live_20260911_185819\etd\pctr.xml,2026-09-11T18:58:17-07:00
bart_live_20260911_185819,PHIL,Pleasant Hill/Contra Costa Centre,Yellow,YELLOW,Antioch,ANTC,1,North,Leaving,2026-09-11T18:58:17-07:00,leaving,1189,0,C:\Users\Igor\StudioProjects\BartRunnerAndroid\app\src\test\resources\bart_live_20260911_185819\etd\phil.xml,2026-09-11T18:58:17-07:00
bart_live_20260911_185819,PHIL,Pleasant Hill/Contra Costa Centre,Yellow,YELLOW,Antioch,ANTC,1,North,13,2026-09-11T19:11:17-07:00,future,751,0,C:\Users\Igor\StudioProjects\BartRunnerAndroid\app\src\test\resources\bart_live_20260911_185819\etd\phil.xml,2026-09-11T18:58:17-07:00
bart_live_20260911_185819,PHIL,Pleasant Hill/Contra Costa Centre,Yellow,YELLOW,Antioch,ANTC,1,North,31,2026-09-11T19:29:17-07:00,future,594,0,C:\Users\Igor\StudioProjects\BartRunnerAndroid\app\src\test\resources\bart_live_20260911_185819\etd\phil.xml,2026-09-11T18:58:17-07:00
bart_live_20260911_185819,PHIL,Pleasant Hill/Contra Costa Centre,Yellow,YELLOW,Pittsburg/Bay Point,PITT,1,North,5,2026-09-11T19:03:17-07:00,future,722,0,C:\Users\Igor\StudioProjects\BartRunnerAndroid\app\src\test\resources\bart_live_20260911_185819\etd\phil.xml,2026-09-11T18:58:17-07:00
bart_live_20260911_185819,PHIL,Pleasant Hill/Contra Costa Centre,Yellow,YELLOW,Pittsburg/Bay Point,PITT,1,North,18,2026-09-11T19:16:17-07:00,future,306,0,C:\Users\Igor\StudioProjects\BartRunnerAndroid\app\src\test\resources\bart_live_20260911_185819\etd\phil.xml,2026-09-11T18:58:17-07:00
bart_live_20260911_185819,PHIL,Pleasant Hill/Contra Costa Centre,Yellow,YELLOW,Pittsburg/Bay Point,PITT,1,North,44,2026-09-11T19:42:17-07:00,future,667,0,C:\Users\Igor\StudioProjects\BartRunnerAndroid\app\src\test\resources\bart_live_20260911_185819\etd\phil.xml,2026-09-11T18:58:17-07:00
bart_live_20260911_185819,PHIL,Pleasant Hill/Contra Costa Centre,Yellow,YELLOW,SF Airport,SFIA,2,South,14,2026-09-11T19:12:17-07:00,future,604,0,C:\Users\Igor\StudioProjects\BartRunnerAndroid\app\src\test\resources\bart_live_20260911_185819\etd\phil.xml,2026-09-11T18:58:17-07:00
bart_live_20260911_185819,PHIL,Pleasant Hill/Contra Costa Centre,Yellow,YELLOW,SF Airport,SFIA,2,South,16,2026-09-11T19:14:17-07:00,future,0,0,C:\Users\Igor\StudioProjects\BartRunnerAndroid\app\src\test\resources\bart_live_20260911_185819\etd\phil.xml,2026-09-11T18:58:17-07:00
bart_live_20260911_185819,PHIL,Pleasant Hill/Contra Costa Centre,Yellow,YELLOW,SF Airport,SFIA,2,South,24,2026-09-11T19:22:17-07:00,future,0,0,C:\Users\Igor\StudioProjects\BartRunnerAndroid\app\src\test\resources\bart_live_20260911_185819\etd\phil.xml,2026-09-11T18:58:17-07:00
bart_live_20260911_185819,PHIL,Pleasant Hill/Contra Costa Centre,Yellow,YELLOW,SFO/Millbrae,MLBR,2,South,47,2026-09-11T19:45:17-07:00,future,192,0,C:\Users\Igor\StudioProjects\BartRunnerAndroid\app\src\test\resources\bart_live_20260911_185819\etd\phil.xml,2026-09-11T18:58:17-07:00
bart_live_20260911_185819,PITT,Pittsburg/Bay Point,Yellow,YELLOW,Antioch,ANTC,1,North,2,2026-09-11T19:00:17-07:00,future,1558,0,C:\Users\Igor\StudioProjects\BartRunnerAndroid\app\src\test\resources\bart_live_20260911_185819\etd\pitt.xml,2026-09-11T18:58:17-07:00
bart_live_20260911_185819,PITT,Pittsburg/Bay Point,Yellow,YELLOW,Antioch,ANTC,1,North,8,2026-09-11T19:06:17-07:00,future,1189,0,C:\Users\Igor\StudioProjects\BartRunnerAndroid\app\src\test\resources\bart_live_20260911_185819\etd\pitt.xml,2026-09-11T18:58:17-07:00
bart_live_20260911_185819,PITT,Pittsburg/Bay Point,Yellow,YELLOW,Antioch,ANTC,1,North,15,2026-09-11T19:13:17-07:00,future,1120,0,C:\Users\Igor\StudioProjects\BartRunnerAndroid\app\src\test\resources\bart_live_20260911_185819\etd\pitt.xml,2026-09-11T18:58:17-07:00
bart_live_20260911_185819,PITT,Pittsburg/Bay Point,Yellow,YELLOW,SF Airport,SFIA,2,South,1,2026-09-11T18:59:17-07:00,future,237,0,C:\Users\Igor\StudioProjects\BartRunnerAndroid\app\src\test\resources\bart_live_20260911_185819\etd\pitt.xml,2026-09-11T18:58:17-07:00
bart_live_20260911_185819,PITT,Pittsburg/Bay Point,Yellow,YELLOW,SF Airport,SFIA,2,South,8,2026-09-11T19:06:17-07:00,future,0,0,C:\Users\Igor\StudioProjects\BartRunnerAndroid\app\src\test\resources\bart_live_20260911_185819\etd\pitt.xml,2026-09-11T18:58:17-07:00
bart_live_20260911_185819,PITT,Pittsburg/Bay Point,Yellow,YELLOW,SFO/Millbrae,MLBR,2,South,32,2026-09-11T19:30:17-07:00,future,233,0,C:\Users\Igor\StudioProjects\BartRunnerAndroid\app\src\test\resources\bart_live_20260911_185819\etd\pitt.xml,2026-09-11T18:58:17-07:00
bart_live_20260911_185819,PLZA,El Cerrito Plaza,Orange,ORANGE,Berryessa,BERY,2,South,14,2026-09-11T19:12:17-07:00,future,0,0,C:\Users\Igor\StudioProjects\BartRunnerAndroid\app\src\test\resources\bart_live_20260911_185819\etd\plza.xml,2026-09-11T18:58:17-07:00
bart_live_20260911_185819,PLZA,El Cerrito Plaza,Orange,ORANGE,Berryessa,BERY,2,South,34,2026-09-11T19:32:17-07:00,future,0,0,C:\Users\Igor\StudioProjects\BartRunnerAndroid\app\src\test\resources\bart_live_20260911_185819\etd\plza.xml,2026-09-11T18:58:17-07:00
bart_live_20260911_185819,PLZA,El Cerrito Plaza,Red,RED,Millbrae,MLBR,2,South,1,2026-09-11T18:59:17-07:00,future,0,0,C:\Users\Igor\StudioProjects\BartRunnerAndroid\app\src\test\resources\bart_live_20260911_185819\etd\plza.xml,2026-09-11T18:58:17-07:00
bart_live_20260911_185819,PLZA,El Cerrito Plaza,Red,RED,Millbrae,MLBR,2,South,21,2026-09-11T19:19:17-07:00,future,0,0,C:\Users\Igor\StudioProjects\BartRunnerAndroid\app\src\test\resources\bart_live_20260911_185819\etd\plza.xml,2026-09-11T18:58:17-07:00
bart_live_20260911_185819,PLZA,El Cerrito Plaza,Red,RED,Millbrae,MLBR,2,South,41,2026-09-11T19:39:17-07:00,future,0,0,C:\Users\Igor\StudioProjects\BartRunnerAndroid\app\src\test\resources\bart_live_20260911_185819\etd\plza.xml,2026-09-11T18:58:17-07:00
bart_live_20260911_185819,PLZA,El Cerrito Plaza,Red,RED,Richmond,RICH,1,North,14,2026-09-11T19:12:17-07:00,future,869,0,C:\Users\Igor\StudioProjects\BartRunnerAndroid\app\src\test\resources\bart_live_20260911_185819\etd\plza.xml,2026-09-11T18:58:17-07:00
bart_live_20260911_185819,PLZA,El Cerrito Plaza,Orange,ORANGE,Richmond,RICH,1,North,17,2026-09-11T19:15:17-07:00,future,300,0,C:\Users\Igor\StudioProjects\BartRunnerAndroid\app\src\test\resources\bart_live_20260911_185819\etd\plza.xml,2026-09-11T18:58:17-07:00
bart_live_20260911_185819,PLZA,El Cerrito Plaza,Red,RED,Richmond,RICH,1,North,29,2026-09-11T19:27:17-07:00,future,554,0,C:\Users\Igor\StudioProjects\BartRunnerAndroid\app\src\test\resources\bart_live_20260911_185819\etd\plza.xml,2026-09-11T18:58:17-07:00
bart_live_20260911_185819,POWL,Powell St.,Yellow,YELLOW,Antioch,ANTC,2,North,8,2026-09-11T19:06:17-07:00,future,500,0,C:\Users\Igor\StudioProjects\BartRunnerAndroid\app\src\test\resources\bart_live_20260911_185819\etd\powl.xml,2026-09-11T18:58:17-07:00
bart_live_20260911_185819,POWL,Powell St.,Yellow,YELLOW,Antioch,ANTC,2,North,24,2026-09-11T19:22:17-07:00,future,229,0,C:\Users\Igor\StudioProjects\BartRunnerAndroid\app\src\test\resources\bart_live_20260911_185819\etd\powl.xml,2026-09-11T18:58:17-07:00
bart_live_20260911_185819,POWL,Powell St.,Yellow,YELLOW,Antioch,ANTC,2,North,40,2026-09-11T19:38:17-07:00,future,0,0,C:\Users\Igor\StudioProjects\BartRunnerAndroid\app\src\test\resources\bart_live_20260911_185819\etd\powl.xml,2026-09-11T18:58:17-07:00
bart_live_20260911_185819,POWL,Powell St.,Green,GREEN,Berryessa,BERY,2,North,1,2026-09-11T18:59:17-07:00,future,258,0,C:\Users\Igor\StudioProjects\BartRunnerAndroid\app\src\test\resources\bart_live_20260911_185819\etd\powl.xml,2026-09-11T18:58:17-07:00
bart_live_20260911_185819,POWL,Powell St.,Green,GREEN,Berryessa,BERY,2,North,19,2026-09-11T19:17:17-07:00,future,128,0,C:\Users\Igor\StudioProjects\BartRunnerAndroid\app\src\test\resources\bart_live_20260911_185819\etd\powl.xml,2026-09-11T18:58:17-07:00
bart_live_20260911_185819,POWL,Powell St.,Green,GREEN,Berryessa,BERY,2,North,37,2026-09-11T19:35:17-07:00,future,0,0,C:\Users\Igor\StudioProjects\BartRunnerAndroid\app\src\test\resources\bart_live_20260911_185819\etd\powl.xml,2026-09-11T18:58:17-07:00
bart_live_20260911_185819,POWL,Powell St.,Blue,BLUE,Daly City,DALY,1,South,8,2026-09-11T19:06:17-07:00,future,325,0,C:\Users\Igor\StudioProjects\BartRunnerAndroid\app\src\test\resources\bart_live_20260911_185819\etd\powl.xml,2026-09-11T18:58:17-07:00
bart_live_20260911_185819,POWL,Powell St.,Green,GREEN,Daly City,DALY,1,South,16,2026-09-11T19:14:17-07:00,future,299,0,C:\Users\Igor\StudioProjects\BartRunnerAndroid\app\src\test\resources\bart_live_20260911_185819\etd\powl.xml,2026-09-11T18:58:17-07:00
bart_live_20260911_185819,POWL,Powell St.,Blue,BLUE,Daly City,DALY,1,South,23,2026-09-11T19:21:17-07:00,future,0,0,C:\Users\Igor\StudioProjects\BartRunnerAndroid\app\src\test\resources\bart_live_20260911_185819\etd\powl.xml,2026-09-11T18:58:17-07:00
bart_live_20260911_185819,POWL,Powell St.,Blue,BLUE,Dublin/Pleasanton,DUBL,2,North,11,2026-09-11T19:09:17-07:00,future,329,0,C:\Users\Igor\StudioProjects\BartRunnerAndroid\app\src\test\resources\bart_live_20260911_185819\etd\powl.xml,2026-09-11T18:58:17-07:00
bart_live_20260911_185819,POWL,Powell St.,Blue,BLUE,Dublin/Pleasanton,DUBL,2,North,25,2026-09-11T19:23:17-07:00,future,0,0,C:\Users\Igor\StudioProjects\BartRunnerAndroid\app\src\test\resources\bart_live_20260911_185819\etd\powl.xml,2026-09-11T18:58:17-07:00
bart_live_20260911_185819,POWL,Powell St.,Blue,BLUE,Dublin/Pleasanton,DUBL,2,North,45,2026-09-11T19:43:17-07:00,future,0,0,C:\Users\Igor\StudioProjects\BartRunnerAndroid\app\src\test\resources\bart_live_20260911_185819\etd\powl.xml,2026-09-11T18:58:17-07:00
bart_live_20260911_185819,POWL,Powell St.,Red,RED,Millbrae,MLBR,1,South,14,2026-09-11T19:12:17-07:00,future,0,0,C:\Users\Igor\StudioProjects\BartRunnerAndroid\app\src\test\resources\bart_live_20260911_185819\etd\powl.xml,2026-09-11T18:58:17-07:00
bart_live_20260911_185819,POWL,Powell St.,Red,RED,Millbrae,MLBR,1,South,34,2026-09-11T19:32:17-07:00,future,0,0,C:\Users\Igor\StudioProjects\BartRunnerAndroid\app\src\test\resources\bart_live_20260911_185819\etd\powl.xml,2026-09-11T18:58:17-07:00
bart_live_20260911_185819,POWL,Powell St.,Red,RED,Millbrae,MLBR,1,South,54,2026-09-11T19:52:17-07:00,future,0,0,C:\Users\Igor\StudioProjects\BartRunnerAndroid\app\src\test\resources\bart_live_20260911_185819\etd\powl.xml,2026-09-11T18:58:17-07:00
bart_live_20260911_185819,POWL,Powell St.,Yellow,YELLOW,Pittsburg/Bay Point,PITT,2,North,5,2026-09-11T19:03:17-07:00,future,840,0,C:\Users\Igor\StudioProjects\BartRunnerAndroid\app\src\test\resources\bart_live_20260911_185819\etd\powl.xml,2026-09-11T18:58:17-07:00
bart_live_20260911_185819,POWL,Powell St.,Yellow,YELLOW,Pittsburg/Bay Point,PITT,2,North,16,2026-09-11T19:14:17-07:00,future,290,0,C:\Users\Igor\StudioProjects\BartRunnerAndroid\app\src\test\resources\bart_live_20260911_185819\etd\powl.xml,2026-09-11T18:58:17-07:00
bart_live_20260911_185819,POWL,Powell St.,Red,RED,Richmond,RICH,2,North,14,2026-09-11T19:12:17-07:00,future,299,0,C:\Users\Igor\StudioProjects\BartRunnerAndroid\app\src\test\resources\bart_live_20260911_185819\etd\powl.xml,2026-09-11T18:58:17-07:00
bart_live_20260911_185819,POWL,Powell St.,Red,RED,Richmond,RICH,2,North,30,2026-09-11T19:28:17-07:00,future,91,0,C:\Users\Igor\StudioProjects\BartRunnerAndroid\app\src\test\resources\bart_live_20260911_185819\etd\powl.xml,2026-09-11T18:58:17-07:00
bart_live_20260911_185819,POWL,Powell St.,Red,RED,Richmond,RICH,2,North,49,2026-09-11T19:47:17-07:00,future,0,0,C:\Users\Igor\StudioProjects\BartRunnerAndroid\app\src\test\resources\bart_live_20260911_185819\etd\powl.xml,2026-09-11T18:58:17-07:00
bart_live_20260911_185819,POWL,Powell St.,Yellow,YELLOW,SF Airport,SFIA,1,South,6,2026-09-11T19:04:17-07:00,future,0,0,C:\Users\Igor\StudioProjects\BartRunnerAndroid\app\src\test\resources\bart_live_20260911_185819\etd\powl.xml,2026-09-11T18:58:17-07:00
bart_live_20260911_185819,POWL,Powell St.,Yellow,YELLOW,SF Airport,SFIA,1,South,18,2026-09-11T19:16:17-07:00,future,0,0,C:\Users\Igor\StudioProjects\BartRunnerAndroid\app\src\test\resources\bart_live_20260911_185819\etd\powl.xml,2026-09-11T18:58:17-07:00
bart_live_20260911_185819,POWL,Powell St.,Yellow,YELLOW,SF Airport,SFIA,1,South,26,2026-09-11T19:24:17-07:00,future,0,0,C:\Users\Igor\StudioProjects\BartRunnerAndroid\app\src\test\resources\bart_live_20260911_185819\etd\powl.xml,2026-09-11T18:58:17-07:00
bart_live_20260911_185819,POWL,Powell St.,Yellow,YELLOW,SFO/Millbrae,MLBR,1,South,86,2026-09-11T20:24:17-07:00,future,0,0,C:\Users\Igor\StudioProjects\BartRunnerAndroid\app\src\test\resources\bart_live_20260911_185819\etd\powl.xml,2026-09-11T18:58:17-07:00
bart_live_20260911_185819,RICH,Richmond,Orange,ORANGE,Berryessa,BERY,2,South,4,2026-09-11T19:02:17-07:00,future,0,0,C:\Users\Igor\StudioProjects\BartRunnerAndroid\app\src\test\resources\bart_live_20260911_185819\etd\rich.xml,2026-09-11T18:58:17-07:00
bart_live_20260911_185819,RICH,Richmond,Orange,ORANGE,Berryessa,BERY,2,South,24,2026-09-11T19:22:17-07:00,future,0,0,C:\Users\Igor\StudioProjects\BartRunnerAndroid\app\src\test\resources\bart_live_20260911_185819\etd\rich.xml,2026-09-11T18:58:17-07:00
bart_live_20260911_185819,RICH,Richmond,Red,RED,Millbrae,MLBR,2,South,12,2026-09-11T19:10:17-07:00,future,0,0,C:\Users\Igor\StudioProjects\BartRunnerAndroid\app\src\test\resources\bart_live_20260911_185819\etd\rich.xml,2026-09-11T18:58:17-07:00
bart_live_20260911_185819,RICH,Richmond,Red,RED,Millbrae,MLBR,2,South,32,2026-09-11T19:30:17-07:00,future,0,0,C:\Users\Igor\StudioProjects\BartRunnerAndroid\app\src\test\resources\bart_live_20260911_185819\etd\rich.xml,2026-09-11T18:58:17-07:00
bart_live_20260911_185819,ROCK,Rockridge,Yellow,YELLOW,Antioch,ANTC,1,North,14,2026-09-11T19:12:17-07:00,future,628,0,C:\Users\Igor\StudioProjects\BartRunnerAndroid\app\src\test\resources\bart_live_20260911_185819\etd\rock.xml,2026-09-11T18:58:17-07:00
bart_live_20260911_185819,ROCK,Rockridge,Yellow,YELLOW,Antioch,ANTC,1,North,29,2026-09-11T19:27:17-07:00,future,361,0,C:\Users\Igor\StudioProjects\BartRunnerAndroid\app\src\test\resources\bart_live_20260911_185819\etd\rock.xml,2026-09-11T18:58:17-07:00
bart_live_20260911_185819,ROCK,Rockridge,Yellow,YELLOW,Antioch,ANTC,1,North,45,2026-09-11T19:43:17-07:00,future,91,0,C:\Users\Igor\StudioProjects\BartRunnerAndroid\app\src\test\resources\bart_live_20260911_185819\etd\rock.xml,2026-09-11T18:58:17-07:00
bart_live_20260911_185819,ROCK,Rockridge,Yellow,YELLOW,Pittsburg/Bay Point,PITT,1,North,Leaving,2026-09-11T18:58:17-07:00,leaving,331,0,C:\Users\Igor\StudioProjects\BartRunnerAndroid\app\src\test\resources\bart_live_20260911_185819\etd\rock.xml,2026-09-11T18:58:17-07:00
bart_live_20260911_185819,ROCK,Rockridge,Yellow,YELLOW,Pittsburg/Bay Point,PITT,1,North,27,2026-09-11T19:25:17-07:00,future,701,0,C:\Users\Igor\StudioProjects\BartRunnerAndroid\app\src\test\resources\bart_live_20260911_185819\etd\rock.xml,2026-09-11T18:58:17-07:00
bart_live_20260911_185819,ROCK,Rockridge,Yellow,YELLOW,Pittsburg/Bay Point,PITT,1,North,37,2026-09-11T19:35:17-07:00,future,155,0,C:\Users\Igor\StudioProjects\BartRunnerAndroid\app\src\test\resources\bart_live_20260911_185819\etd\rock.xml,2026-09-11T18:58:17-07:00
bart_live_20260911_185819,ROCK,Rockridge,Yellow,YELLOW,SF Airport,SFIA,2,South,5,2026-09-11T19:03:17-07:00,future,165,0,C:\Users\Igor\StudioProjects\BartRunnerAndroid\app\src\test\resources\bart_live_20260911_185819\etd\rock.xml,2026-09-11T18:58:17-07:00
bart_live_20260911_185819,ROCK,Rockridge,Yellow,YELLOW,SF Airport,SFIA,2,South,14,2026-09-11T19:12:17-07:00,future,0,0,C:\Users\Igor\StudioProjects\BartRunnerAndroid\app\src\test\resources\bart_live_20260911_185819\etd\rock.xml,2026-09-11T18:58:17-07:00
bart_live_20260911_185819,ROCK,Rockridge,Yellow,YELLOW,SF Airport,SFIA,2,South,31,2026-09-11T19:29:17-07:00,future,561,0,C:\Users\Igor\StudioProjects\BartRunnerAndroid\app\src\test\resources\bart_live_20260911_185819\etd\rock.xml,2026-09-11T18:58:17-07:00
bart_live_20260911_185819,ROCK,Rockridge,Yellow,YELLOW,SFO/Millbrae,MLBR,2,South,65,2026-09-11T20:03:17-07:00,future,149,0,C:\Users\Igor\StudioProjects\BartRunnerAndroid\app\src\test\resources\bart_live_20260911_185819\etd\rock.xml,2026-09-11T18:58:17-07:00
bart_live_20260911_185819,SANL,San Leandro,Orange,ORANGE,Berryessa,BERY,1,South,8,2026-09-11T19:06:17-07:00,future,0,0,C:\Users\Igor\StudioProjects\BartRunnerAndroid\app\src\test\resources\bart_live_20260911_185819\etd\sanl.xml,2026-09-11T18:58:17-07:00
bart_live_20260911_185819,SANL,San Leandro,Green,GREEN,Berryessa,BERY,1,North,11,2026-09-11T19:09:17-07:00,future,374,0,C:\Users\Igor\StudioProjects\BartRunnerAndroid\app\src\test\resources\bart_live_20260911_185819\etd\sanl.xml,2026-09-11T18:58:17-07:00
bart_live_20260911_185819,SANL,San Leandro,Green,GREEN,Berryessa,BERY,1,North,27,2026-09-11T19:25:17-07:00,future,135,0,C:\Users\Igor\StudioProjects\BartRunnerAndroid\app\src\test\resources\bart_live_20260911_185819\etd\sanl.xml,2026-09-11T18:58:17-07:00
bart_live_20260911_185819,SANL,San Leandro,Green,GREEN,Daly City,DALY,2,South,8,2026-09-11T19:06:17-07:00,future,293,0,C:\Users\Igor\StudioProjects\BartRunnerAndroid\app\src\test\resources\bart_live_20260911_185819\etd\sanl.xml,2026-09-11T18:58:17-07:00
bart_live_20260911_185819,SANL,San Leandro,Blue,BLUE,Daly City,DALY,2,South,15,2026-09-11T19:13:17-07:00,future,0,0,C:\Users\Igor\StudioProjects\BartRunnerAndroid\app\src\test\resources\bart_live_20260911_185819\etd\sanl.xml,2026-09-11T18:58:17-07:00
bart_live_20260911_185819,SANL,San Leandro,Green,GREEN,Daly City,DALY,2,South,23,2026-09-11T19:21:17-07:00,future,0,0,C:\Users\Igor\StudioProjects\BartRunnerAndroid\app\src\test\resources\bart_live_20260911_185819\etd\sanl.xml,2026-09-11T18:58:17-07:00
bart_live_20260911_185819,SANL,San Leandro,Blue,BLUE,Dublin/Pleasanton,DUBL,1,North,15,2026-09-11T19:13:17-07:00,future,128,0,C:\Users\Igor\StudioProjects\BartRunnerAndroid\app\src\test\resources\bart_live_20260911_185819\etd\sanl.xml,2026-09-11T18:58:17-07:00
bart_live_20260911_185819,SANL,San Leandro,Blue,BLUE,Dublin/Pleasanton,DUBL,1,North,36,2026-09-11T19:34:17-07:00,future,202,0,C:\Users\Igor\StudioProjects\BartRunnerAndroid\app\src\test\resources\bart_live_20260911_185819\etd\sanl.xml,2026-09-11T18:58:17-07:00
bart_live_20260911_185819,SANL,San Leandro,Blue,BLUE,Dublin/Pleasanton,DUBL,1,North,53,2026-09-11T19:51:17-07:00,future,0,0,C:\Users\Igor\StudioProjects\BartRunnerAndroid\app\src\test\resources\bart_live_20260911_185819\etd\sanl.xml,2026-09-11T18:58:17-07:00
bart_live_20260911_185819,SANL,San Leandro,Orange,ORANGE,Richmond,RICH,2,North,Leaving,2026-09-11T18:58:17-07:00,leaving,60,0,C:\Users\Igor\StudioProjects\BartRunnerAndroid\app\src\test\resources\bart_live_20260911_185819\etd\sanl.xml,2026-09-11T18:58:17-07:00
bart_live_20260911_185819,SANL,San Leandro,Orange,ORANGE,Richmond,RICH,2,North,20,2026-09-11T19:18:17-07:00,future,0,0,C:\Users\Igor\StudioProjects\BartRunnerAndroid\app\src\test\resources\bart_live_20260911_185819\etd\sanl.xml,2026-09-11T18:58:17-07:00
bart_live_20260911_185819,SANL,San Leandro,Orange,ORANGE,Richmond,RICH,2,North,40,2026-09-11T19:38:17-07:00,future,0,0,C:\Users\Igor\StudioProjects\BartRunnerAndroid\app\src\test\resources\bart_live_20260911_185819\etd\sanl.xml,2026-09-11T18:58:17-07:00
bart_live_20260911_185819,SBRN,San Bruno,Yellow,YELLOW,Antioch,ANTC,2,North,Leaving,2026-09-11T18:58:17-07:00,leaving,287,0,C:\Users\Igor\StudioProjects\BartRunnerAndroid\app\src\test\resources\bart_live_20260911_185819\etd\sbrn.xml,2026-09-11T18:58:17-07:00
bart_live_20260911_185819,SBRN,San Bruno,Yellow,YELLOW,Antioch,ANTC,2,North,15,2026-09-11T19:13:17-07:00,future,0,0,C:\Users\Igor\StudioProjects\BartRunnerAndroid\app\src\test\resources\bart_live_20260911_185819\etd\sbrn.xml,2026-09-11T18:58:17-07:00
bart_live_20260911_185819,SBRN,San Bruno,Yellow,YELLOW,Antioch,ANTC,2,North,35,2026-09-11T19:33:17-07:00,future,0,0,C:\Users\Igor\StudioProjects\BartRunnerAndroid\app\src\test\resources\bart_live_20260911_185819\etd\sbrn.xml,2026-09-11T18:58:17-07:00
bart_live_20260911_185819,SBRN,San Bruno,Red,RED,Millbrae,MLBR,1,South,3,2026-09-11T19:01:17-07:00,future,220,0,C:\Users\Igor\StudioProjects\BartRunnerAndroid\app\src\test\resources\bart_live_20260911_185819\etd\sbrn.xml,2026-09-11T18:58:17-07:00
bart_live_20260911_185819,SBRN,San Bruno,Red,RED,Millbrae,MLBR,1,South,22,2026-09-11T19:20:17-07:00,future,147,0,C:\Users\Igor\StudioProjects\BartRunnerAndroid\app\src\test\resources\bart_live_20260911_185819\etd\sbrn.xml,2026-09-11T18:58:17-07:00
bart_live_20260911_185819,SBRN,San Bruno,Red,RED,Millbrae,MLBR,1,South,40,2026-09-11T19:38:17-07:00,future,0,0,C:\Users\Igor\StudioProjects\BartRunnerAndroid\app\src\test\resources\bart_live_20260911_185819\etd\sbrn.xml,2026-09-11T18:58:17-07:00
bart_live_20260911_185819,SBRN,San Bruno,Red,RED,Richmond,RICH,2,North,7,2026-09-11T19:05:17-07:00,future,172,0,C:\Users\Igor\StudioProjects\BartRunnerAndroid\app\src\test\resources\bart_live_20260911_185819\etd\sbrn.xml,2026-09-11T18:58:17-07:00
bart_live_20260911_185819,SBRN,San Bruno,Red,RED,Richmond,RICH,2,North,24,2026-09-11T19:22:17-07:00,future,0,0,C:\Users\Igor\StudioProjects\BartRunnerAndroid\app\src\test\resources\bart_live_20260911_185819\etd\sbrn.xml,2026-09-11T18:58:17-07:00
bart_live_20260911_185819,SBRN,San Bruno,Red,RED,Richmond,RICH,2,North,44,2026-09-11T19:42:17-07:00,future,0,0,C:\Users\Igor\StudioProjects\BartRunnerAndroid\app\src\test\resources\bart_live_20260911_185819\etd\sbrn.xml,2026-09-11T18:58:17-07:00
bart_live_20260911_185819,SBRN,San Bruno,Yellow,YELLOW,SF Airport,SFIA,1,South,7,2026-09-11T19:05:17-07:00,future,221,0,C:\Users\Igor\StudioProjects\BartRunnerAndroid\app\src\test\resources\bart_live_20260911_185819\etd\sbrn.xml,2026-09-11T18:58:17-07:00
bart_live_20260911_185819,SBRN,San Bruno,Yellow,YELLOW,SF Airport,SFIA,1,South,13,2026-09-11T19:11:17-07:00,future,72,0,C:\Users\Igor\StudioProjects\BartRunnerAndroid\app\src\test\resources\bart_live_20260911_185819\etd\sbrn.xml,2026-09-11T18:58:17-07:00
bart_live_20260911_185819,SBRN,San Bruno,Yellow,YELLOW,SF Airport,SFIA,1,South,24,2026-09-11T19:22:17-07:00,future,0,0,C:\Users\Igor\StudioProjects\BartRunnerAndroid\app\src\test\resources\bart_live_20260911_185819\etd\sbrn.xml,2026-09-11T18:58:17-07:00
bart_live_20260911_185819,SBRN,San Bruno,Yellow,YELLOW,SFO/Millbrae,MLBR,1,South,112,2026-09-11T20:50:17-07:00,future,0,0,C:\Users\Igor\StudioProjects\BartRunnerAndroid\app\src\test\resources\bart_live_20260911_185819\etd\sbrn.xml,2026-09-11T18:58:17-07:00
bart_live_20260911_185819,SFIA,San Francisco Int'l Airport,Yellow,YELLOW,Antioch,ANTC,1,North,11,2026-09-11T19:09:17-07:00,future,0,0,C:\Users\Igor\StudioProjects\BartRunnerAndroid\app\src\test\resources\bart_live_20260911_185819\etd\sfia.xml,2026-09-11T18:58:17-07:00
bart_live_20260911_185819,SFIA,San Francisco Int'l Airport,Yellow,YELLOW,Antioch,ANTC,1,North,31,2026-09-11T19:29:17-07:00,future,0,0,C:\Users\Igor\StudioProjects\BartRunnerAndroid\app\src\test\resources\bart_live_20260911_185819\etd\sfia.xml,2026-09-11T18:58:17-07:00
bart_live_20260911_185819,SFIA,San Francisco Int'l Airport,Red,RED,Millbrae,MLBR,2,South,8,2026-09-11T19:06:17-07:00,future,68,0,C:\Users\Igor\StudioProjects\BartRunnerAndroid\app\src\test\resources\bart_live_20260911_185819\etd\sfia.xml,2026-09-11T18:58:17-07:00
bart_live_20260911_185819,SFIA,San Francisco Int'l Airport,Red,RED,Millbrae,MLBR,2,South,26,2026-09-11T19:24:17-07:00,future,0,0,C:\Users\Igor\StudioProjects\BartRunnerAndroid\app\src\test\resources\bart_live_20260911_185819\etd\sfia.xml,2026-09-11T18:58:17-07:00
bart_live_20260911_185819,SFIA,San Francisco Int'l Airport,Red,RED,Richmond,RICH,2,North,3,2026-09-11T19:01:17-07:00,future,185,0,C:\Users\Igor\StudioProjects\BartRunnerAndroid\app\src\test\resources\bart_live_20260911_185819\etd\sfia.xml,2026-09-11T18:58:17-07:00
bart_live_20260911_185819,SFIA,San Francisco Int'l Airport,Red,RED,Richmond,RICH,2,North,20,2026-09-11T19:18:17-07:00,future,0,0,C:\Users\Igor\StudioProjects\BartRunnerAndroid\app\src\test\resources\bart_live_20260911_185819\etd\sfia.xml,2026-09-11T18:58:17-07:00
bart_live_20260911_185819,SFIA,San Francisco Int'l Airport,Red,RED,Richmond,RICH,2,North,40,2026-09-11T19:38:17-07:00,future,0,0,C:\Users\Igor\StudioProjects\BartRunnerAndroid\app\src\test\resources\bart_live_20260911_185819\etd\sfia.xml,2026-09-11T18:58:17-07:00
bart_live_20260911_185819,SHAY,South Hayward,Orange,ORANGE,Berryessa,BERY,1,South,1,2026-09-11T18:59:17-07:00,future,0,0,C:\Users\Igor\StudioProjects\BartRunnerAndroid\app\src\test\resources\bart_live_20260911_185819\etd\shay.xml,2026-09-11T18:58:17-07:00
bart_live_20260911_185819,SHAY,South Hayward,Orange,ORANGE,Berryessa,BERY,1,South,21,2026-09-11T19:19:17-07:00,future,0,0,C:\Users\Igor\StudioProjects\BartRunnerAndroid\app\src\test\resources\bart_live_20260911_185819\etd\shay.xml,2026-09-11T18:58:17-07:00
bart_live_20260911_185819,SHAY,South Hayward,Green,GREEN,Berryessa,BERY,1,North,23,2026-09-11T19:21:17-07:00,future,325,0,C:\Users\Igor\StudioProjects\BartRunnerAndroid\app\src\test\resources\bart_live_20260911_185819\etd\shay.xml,2026-09-11T18:58:17-07:00
bart_live_20260911_185819,SHAY,South Hayward,Green,GREEN,Daly City,DALY,2,South,11,2026-09-11T19:09:17-07:00,future,0,0,C:\Users\Igor\StudioProjects\BartRunnerAndroid\app\src\test\resources\bart_live_20260911_185819\etd\shay.xml,2026-09-11T18:58:17-07:00
bart_live_20260911_185819,SHAY,South Hayward,Orange,ORANGE,Richmond,RICH,2,North,9,2026-09-11T19:07:17-07:00,future,76,0,C:\Users\Igor\StudioProjects\BartRunnerAndroid\app\src\test\resources\bart_live_20260911_185819\etd\shay.xml,2026-09-11T18:58:17-07:00
bart_live_20260911_185819,SHAY,South Hayward,Orange,ORANGE,Richmond,RICH,2,North,28,2026-09-11T19:26:17-07:00,future,0,0,C:\Users\Igor\StudioProjects\BartRunnerAndroid\app\src\test\resources\bart_live_20260911_185819\etd\shay.xml,2026-09-11T18:58:17-07:00
bart_live_20260911_185819,SHAY,South Hayward,Orange,ORANGE,Richmond,RICH,2,North,48,2026-09-11T19:46:17-07:00,future,0,0,C:\Users\Igor\StudioProjects\BartRunnerAndroid\app\src\test\resources\bart_live_20260911_185819\etd\shay.xml,2026-09-11T18:58:17-07:00
bart_live_20260911_185819,SSAN,South San Francisco,Yellow,YELLOW,Antioch,ANTC,2,North,3,2026-09-11T19:01:17-07:00,future,305,0,C:\Users\Igor\StudioProjects\BartRunnerAndroid\app\src\test\resources\bart_live_20260911_185819\etd\ssan.xml,2026-09-11T18:58:17-07:00
bart_live_20260911_185819,SSAN,South San Francisco,Yellow,YELLOW,Antioch,ANTC,2,North,18,2026-09-11T19:16:17-07:00,future,0,0,C:\Users\Igor\StudioProjects\BartRunnerAndroid\app\src\test\resources\bart_live_20260911_185819\etd\ssan.xml,2026-09-11T18:58:17-07:00
bart_live_20260911_185819,SSAN,South San Francisco,Yellow,YELLOW,Antioch,ANTC,2,North,38,2026-09-11T19:36:17-07:00,future,0,0,C:\Users\Igor\StudioProjects\BartRunnerAndroid\app\src\test\resources\bart_live_20260911_185819\etd\ssan.xml,2026-09-11T18:58:17-07:00
bart_live_20260911_185819,SSAN,South San Francisco,Red,RED,Millbrae,MLBR,1,South,1,2026-09-11T18:59:17-07:00,future,250,0,C:\Users\Igor\StudioProjects\BartRunnerAndroid\app\src\test\resources\bart_live_20260911_185819\etd\ssan.xml,2026-09-11T18:58:17-07:00
bart_live_20260911_185819,SSAN,South San Francisco,Red,RED,Millbrae,MLBR,1,South,19,2026-09-11T19:17:17-07:00,future,152,0,C:\Users\Igor\StudioProjects\BartRunnerAndroid\app\src\test\resources\bart_live_20260911_185819\etd\ssan.xml,2026-09-11T18:58:17-07:00
bart_live_20260911_185819,SSAN,South San Francisco,Red,RED,Millbrae,MLBR,1,South,36,2026-09-11T19:34:17-07:00,future,0,0,C:\Users\Igor\StudioProjects\BartRunnerAndroid\app\src\test\resources\bart_live_20260911_185819\etd\ssan.xml,2026-09-11T18:58:17-07:00
bart_live_20260911_185819,SSAN,South San Francisco,Red,RED,Richmond,RICH,2,North,10,2026-09-11T19:08:17-07:00,future,165,0,C:\Users\Igor\StudioProjects\BartRunnerAndroid\app\src\test\resources\bart_live_20260911_185819\etd\ssan.xml,2026-09-11T18:58:17-07:00
bart_live_20260911_185819,SSAN,South San Francisco,Red,RED,Richmond,RICH,2,North,27,2026-09-11T19:25:17-07:00,future,0,0,C:\Users\Igor\StudioProjects\BartRunnerAndroid\app\src\test\resources\bart_live_20260911_185819\etd\ssan.xml,2026-09-11T18:58:17-07:00
bart_live_20260911_185819,SSAN,South San Francisco,Red,RED,Richmond,RICH,2,North,47,2026-09-11T19:45:17-07:00,future,0,0,C:\Users\Igor\StudioProjects\BartRunnerAndroid\app\src\test\resources\bart_live_20260911_185819\etd\ssan.xml,2026-09-11T18:58:17-07:00
bart_live_20260911_185819,SSAN,South San Francisco,Yellow,YELLOW,SF Airport,SFIA,1,South,4,2026-09-11T19:02:17-07:00,future,226,0,C:\Users\Igor\StudioProjects\BartRunnerAndroid\app\src\test\resources\bart_live_20260911_185819\etd\ssan.xml,2026-09-11T18:58:17-07:00
bart_live_20260911_185819,SSAN,South San Francisco,Yellow,YELLOW,SF Airport,SFIA,1,South,10,2026-09-11T19:08:17-07:00,future,77,0,C:\Users\Igor\StudioProjects\BartRunnerAndroid\app\src\test\resources\bart_live_20260911_185819\etd\ssan.xml,2026-09-11T18:58:17-07:00
bart_live_20260911_185819,SSAN,South San Francisco,Yellow,YELLOW,SF Airport,SFIA,1,South,21,2026-09-11T19:19:17-07:00,future,0,0,C:\Users\Igor\StudioProjects\BartRunnerAndroid\app\src\test\resources\bart_live_20260911_185819\etd\ssan.xml,2026-09-11T18:58:17-07:00
bart_live_20260911_185819,SSAN,South San Francisco,Yellow,YELLOW,SFO/Millbrae,MLBR,1,South,109,2026-09-11T20:47:17-07:00,future,0,0,C:\Users\Igor\StudioProjects\BartRunnerAndroid\app\src\test\resources\bart_live_20260911_185819\etd\ssan.xml,2026-09-11T18:58:17-07:00
bart_live_20260911_185819,UCTY,Union City,Green,GREEN,Berryessa,BERY,1,North,3,2026-09-11T19:01:17-07:00,future,0,0,C:\Users\Igor\StudioProjects\BartRunnerAndroid\app\src\test\resources\bart_live_20260911_185819\etd\ucty.xml,2026-09-11T18:58:17-07:00
bart_live_20260911_185819,UCTY,Union City,Orange,ORANGE,Berryessa,BERY,1,South,6,2026-09-11T19:04:17-07:00,future,0,0,C:\Users\Igor\StudioProjects\BartRunnerAndroid\app\src\test\resources\bart_live_20260911_185819\etd\ucty.xml,2026-09-11T18:58:17-07:00
bart_live_20260911_185819,UCTY,Union City,Orange,ORANGE,Berryessa,BERY,1,South,26,2026-09-11T19:24:17-07:00,future,0,0,C:\Users\Igor\StudioProjects\BartRunnerAndroid\app\src\test\resources\bart_live_20260911_185819\etd\ucty.xml,2026-09-11T18:58:17-07:00
bart_live_20260911_185819,UCTY,Union City,Green,GREEN,Daly City,DALY,2,South,6,2026-09-11T19:04:17-07:00,future,0,0,C:\Users\Igor\StudioProjects\BartRunnerAndroid\app\src\test\resources\bart_live_20260911_185819\etd\ucty.xml,2026-09-11T18:58:17-07:00
bart_live_20260911_185819,UCTY,Union City,Orange,ORANGE,Richmond,RICH,2,North,4,2026-09-11T19:02:17-07:00,future,84,0,C:\Users\Igor\StudioProjects\BartRunnerAndroid\app\src\test\resources\bart_live_20260911_185819\etd\ucty.xml,2026-09-11T18:58:17-07:00
bart_live_20260911_185819,UCTY,Union City,Orange,ORANGE,Richmond,RICH,2,North,23,2026-09-11T19:21:17-07:00,future,0,0,C:\Users\Igor\StudioProjects\BartRunnerAndroid\app\src\test\resources\bart_live_20260911_185819\etd\ucty.xml,2026-09-11T18:58:17-07:00
bart_live_20260911_185819,UCTY,Union City,Orange,ORANGE,Richmond,RICH,2,North,43,2026-09-11T19:41:17-07:00,future,0,0,C:\Users\Igor\StudioProjects\BartRunnerAndroid\app\src\test\resources\bart_live_20260911_185819\etd\ucty.xml,2026-09-11T18:58:17-07:00
bart_live_20260911_185819,WARM,Warm Springs/South Fremont,Green,GREEN,Berryessa,BERY,1,North,13,2026-09-11T19:11:17-07:00,future,0,0,C:\Users\Igor\StudioProjects\BartRunnerAndroid\app\src\test\resources\bart_live_20260911_185819\etd\warm.xml,2026-09-11T18:58:17-07:00
bart_live_20260911_185819,WARM,Warm Springs/South Fremont,Orange,ORANGE,Berryessa,BERY,1,South,17,2026-09-11T19:15:17-07:00,future,0,0,C:\Users\Igor\StudioProjects\BartRunnerAndroid\app\src\test\resources\bart_live_20260911_185819\etd\warm.xml,2026-09-11T18:58:17-07:00
bart_live_20260911_185819,WARM,Warm Springs/South Fremont,Orange,ORANGE,Berryessa,BERY,1,South,37,2026-09-11T19:35:17-07:00,future,0,0,C:\Users\Igor\StudioProjects\BartRunnerAndroid\app\src\test\resources\bart_live_20260911_185819\etd\warm.xml,2026-09-11T18:58:17-07:00
bart_live_20260911_185819,WARM,Warm Springs/South Fremont,Orange,ORANGE,Richmond,RICH,2,North,12,2026-09-11T19:10:17-07:00,future,0,0,C:\Users\Igor\StudioProjects\BartRunnerAndroid\app\src\test\resources\bart_live_20260911_185819\etd\warm.xml,2026-09-11T18:58:17-07:00
bart_live_20260911_185819,WARM,Warm Springs/South Fremont,Orange,ORANGE,Richmond,RICH,2,North,32,2026-09-11T19:30:17-07:00,future,0,0,C:\Users\Igor\StudioProjects\BartRunnerAndroid\app\src\test\resources\bart_live_20260911_185819\etd\warm.xml,2026-09-11T18:58:17-07:00
bart_live_20260911_185819,WARM,Warm Springs/South Fremont,Orange,ORANGE,Richmond,RICH,2,North,52,2026-09-11T19:50:17-07:00,future,0,0,C:\Users\Igor\StudioProjects\BartRunnerAndroid\app\src\test\resources\bart_live_20260911_185819\etd\warm.xml,2026-09-11T18:58:17-07:00
bart_live_20260911_185819,WCRK,Walnut Creek,Yellow,YELLOW,Antioch,ANTC,1,North,11,2026-09-11T19:09:17-07:00,future,759,0,C:\Users\Igor\StudioProjects\BartRunnerAndroid\app\src\test\resources\bart_live_20260911_185819\etd\wcrk.xml,2026-09-11T18:58:17-07:00
bart_live_20260911_185819,WCRK,Walnut Creek,Yellow,YELLOW,Antioch,ANTC,1,North,28,2026-09-11T19:26:17-07:00,future,603,0,C:\Users\Igor\StudioProjects\BartRunnerAndroid\app\src\test\resources\bart_live_20260911_185819\etd\wcrk.xml,2026-09-11T18:58:17-07:00
bart_live_20260911_185819,WCRK,Walnut Creek,Yellow,YELLOW,Antioch,ANTC,1,North,44,2026-09-11T19:42:17-07:00,future,336,0,C:\Users\Igor\StudioProjects\BartRunnerAndroid\app\src\test\resources\bart_live_20260911_185819\etd\wcrk.xml,2026-09-11T18:58:17-07:00
bart_live_20260911_185819,WCRK,Walnut Creek,Yellow,YELLOW,Pittsburg/Bay Point,PITT,1,North,2,2026-09-11T19:00:17-07:00,future,730,0,C:\Users\Igor\StudioProjects\BartRunnerAndroid\app\src\test\resources\bart_live_20260911_185819\etd\wcrk.xml,2026-09-11T18:58:17-07:00
bart_live_20260911_185819,WCRK,Walnut Creek,Yellow,YELLOW,Pittsburg/Bay Point,PITT,1,North,15,2026-09-11T19:13:17-07:00,future,314,0,C:\Users\Igor\StudioProjects\BartRunnerAndroid\app\src\test\resources\bart_live_20260911_185819\etd\wcrk.xml,2026-09-11T18:58:17-07:00
bart_live_20260911_185819,WCRK,Walnut Creek,Yellow,YELLOW,Pittsburg/Bay Point,PITT,1,North,41,2026-09-11T19:39:17-07:00,future,676,0,C:\Users\Igor\StudioProjects\BartRunnerAndroid\app\src\test\resources\bart_live_20260911_185819\etd\wcrk.xml,2026-09-11T18:58:17-07:00
bart_live_20260911_185819,WCRK,Walnut Creek,Yellow,YELLOW,SF Airport,SFIA,2,South,17,2026-09-11T19:15:17-07:00,future,599,0,C:\Users\Igor\StudioProjects\BartRunnerAndroid\app\src\test\resources\bart_live_20260911_185819\etd\wcrk.xml,2026-09-11T18:58:17-07:00
bart_live_20260911_185819,WCRK,Walnut Creek,Yellow,YELLOW,SF Airport,SFIA,2,South,18,2026-09-11T19:16:17-07:00,future,0,0,C:\Users\Igor\StudioProjects\BartRunnerAndroid\app\src\test\resources\bart_live_20260911_185819\etd\wcrk.xml,2026-09-11T18:58:17-07:00
bart_live_20260911_185819,WCRK,Walnut Creek,Yellow,YELLOW,SF Airport,SFIA,2,South,27,2026-09-11T19:25:17-07:00,future,0,0,C:\Users\Igor\StudioProjects\BartRunnerAndroid\app\src\test\resources\bart_live_20260911_185819\etd\wcrk.xml,2026-09-11T18:58:17-07:00
bart_live_20260911_185819,WCRK,Walnut Creek,Yellow,YELLOW,SFO/Millbrae,MLBR,2,South,50,2026-09-11T19:48:17-07:00,future,187,0,C:\Users\Igor\StudioProjects\BartRunnerAndroid\app\src\test\resources\bart_live_20260911_185819\etd\wcrk.xml,2026-09-11T18:58:17-07:00
bart_live_20260911_185819,WDUB,West Dublin/Pleasanton,Blue,BLUE,Daly City,DALY,2,South,19,2026-09-11T19:17:17-07:00,future,182,0,C:\Users\Igor\StudioProjects\BartRunnerAndroid\app\src\test\resources\bart_live_20260911_185819\etd\wdub.xml,2026-09-11T18:58:17-07:00
bart_live_20260911_185819,WDUB,West Dublin/Pleasanton,Blue,BLUE,Daly City,DALY,2,South,36,2026-09-11T19:34:17-07:00,future,0,0,C:\Users\Igor\StudioProjects\BartRunnerAndroid\app\src\test\resources\bart_live_20260911_185819\etd\wdub.xml,2026-09-11T18:58:17-07:00
bart_live_20260911_185819,WDUB,West Dublin/Pleasanton,Blue,BLUE,Dublin/Pleasanton,DUBL,1,North,10,2026-09-11T19:08:17-07:00,future,1121,0,C:\Users\Igor\StudioProjects\BartRunnerAndroid\app\src\test\resources\bart_live_20260911_185819\etd\wdub.xml,2026-09-11T18:58:17-07:00
bart_live_20260911_185819,WDUB,West Dublin/Pleasanton,Blue,BLUE,Dublin/Pleasanton,DUBL,1,North,15,2026-09-11T19:13:17-07:00,future,239,0,C:\Users\Igor\StudioProjects\BartRunnerAndroid\app\src\test\resources\bart_live_20260911_185819\etd\wdub.xml,2026-09-11T18:58:17-07:00
bart_live_20260911_185819,WDUB,West Dublin/Pleasanton,Blue,BLUE,Dublin/Pleasanton,DUBL,1,North,32,2026-09-11T19:30:17-07:00,future,95,0,C:\Users\Igor\StudioProjects\BartRunnerAndroid\app\src\test\resources\bart_live_20260911_185819\etd\wdub.xml,2026-09-11T18:58:17-07:00
bart_live_20260911_185819,WOAK,West Oakland,Yellow,YELLOW,Antioch,ANTC,2,North,2,2026-09-11T19:00:17-07:00,future,728,0,C:\Users\Igor\StudioProjects\BartRunnerAndroid\app\src\test\resources\bart_live_20260911_185819\etd\woak.xml,2026-09-11T18:58:17-07:00
bart_live_20260911_185819,WOAK,West Oakland,Yellow,YELLOW,Antioch,ANTC,2,North,18,2026-09-11T19:16:17-07:00,future,452,0,C:\Users\Igor\StudioProjects\BartRunnerAndroid\app\src\test\resources\bart_live_20260911_185819\etd\woak.xml,2026-09-11T18:58:17-07:00
bart_live_20260911_185819,WOAK,West Oakland,Yellow,YELLOW,Antioch,ANTC,2,North,33,2026-09-11T19:31:17-07:00,future,182,0,C:\Users\Igor\StudioProjects\BartRunnerAndroid\app\src\test\resources\bart_live_20260911_185819\etd\woak.xml,2026-09-11T18:58:17-07:00
bart_live_20260911_185819,WOAK,West Oakland,Green,GREEN,Berryessa,BERY,2,North,11,2026-09-11T19:09:17-07:00,future,215,0,C:\Users\Igor\StudioProjects\BartRunnerAndroid\app\src\test\resources\bart_live_20260911_185819\etd\woak.xml,2026-09-11T18:58:17-07:00
bart_live_20260911_185819,WOAK,West Oakland,Green,GREEN,Berryessa,BERY,2,North,29,2026-09-11T19:27:17-07:00,future,81,0,C:\Users\Igor\StudioProjects\BartRunnerAndroid\app\src\test\resources\bart_live_20260911_185819\etd\woak.xml,2026-09-11T18:58:17-07:00
bart_live_20260911_185819,WOAK,West Oakland,Green,GREEN,Berryessa,BERY,2,North,48,2026-09-11T19:46:17-07:00,future,0,0,C:\Users\Igor\StudioProjects\BartRunnerAndroid\app\src\test\resources\bart_live_20260911_185819\etd\woak.xml,2026-09-11T18:58:17-07:00
bart_live_20260911_185819,WOAK,West Oakland,Green,GREEN,Daly City,DALY,1,South,6,2026-09-11T19:04:17-07:00,future,351,0,C:\Users\Igor\StudioProjects\BartRunnerAndroid\app\src\test\resources\bart_live_20260911_185819\etd\woak.xml,2026-09-11T18:58:17-07:00
bart_live_20260911_185819,WOAK,West Oakland,Blue,BLUE,Daly City,DALY,1,South,13,2026-09-11T19:11:17-07:00,future,0,0,C:\Users\Igor\StudioProjects\BartRunnerAndroid\app\src\test\resources\bart_live_20260911_185819\etd\woak.xml,2026-09-11T18:58:17-07:00
bart_live_20260911_185819,WOAK,West Oakland,Green,GREEN,Daly City,DALY,1,South,25,2026-09-11T19:23:17-07:00,future,248,0,C:\Users\Igor\StudioProjects\BartRunnerAndroid\app\src\test\resources\bart_live_20260911_185819\etd\woak.xml,2026-09-11T18:58:17-07:00
bart_live_20260911_185819,WOAK,West Oakland,Blue,BLUE,Dublin/Pleasanton,DUBL,2,North,20,2026-09-11T19:18:17-07:00,future,282,0,C:\Users\Igor\StudioProjects\BartRunnerAndroid\app\src\test\resources\bart_live_20260911_185819\etd\woak.xml,2026-09-11T18:58:17-07:00
bart_live_20260911_185819,WOAK,West Oakland,Blue,BLUE,Dublin/Pleasanton,DUBL,2,North,36,2026-09-11T19:34:17-07:00,future,0,0,C:\Users\Igor\StudioProjects\BartRunnerAndroid\app\src\test\resources\bart_live_20260911_185819\etd\woak.xml,2026-09-11T18:58:17-07:00
bart_live_20260911_185819,WOAK,West Oakland,Blue,BLUE,Dublin/Pleasanton,DUBL,2,North,56,2026-09-11T19:54:17-07:00,future,0,0,C:\Users\Igor\StudioProjects\BartRunnerAndroid\app\src\test\resources\bart_live_20260911_185819\etd\woak.xml,2026-09-11T18:58:17-07:00
bart_live_20260911_185819,WOAK,West Oakland,Red,RED,Millbrae,MLBR,1,South,4,2026-09-11T19:02:17-07:00,future,0,0,C:\Users\Igor\StudioProjects\BartRunnerAndroid\app\src\test\resources\bart_live_20260911_185819\etd\woak.xml,2026-09-11T18:58:17-07:00
bart_live_20260911_185819,WOAK,West Oakland,Red,RED,Millbrae,MLBR,1,South,24,2026-09-11T19:22:17-07:00,future,0,0,C:\Users\Igor\StudioProjects\BartRunnerAndroid\app\src\test\resources\bart_live_20260911_185819\etd\woak.xml,2026-09-11T18:58:17-07:00
bart_live_20260911_185819,WOAK,West Oakland,Red,RED,Millbrae,MLBR,1,South,44,2026-09-11T19:42:17-07:00,future,0,0,C:\Users\Igor\StudioProjects\BartRunnerAndroid\app\src\test\resources\bart_live_20260911_185819\etd\woak.xml,2026-09-11T18:58:17-07:00
bart_live_20260911_185819,WOAK,West Oakland,Yellow,YELLOW,Pittsburg/Bay Point,PITT,2,North,15,2026-09-11T19:13:17-07:00,future,792,0,C:\Users\Igor\StudioProjects\BartRunnerAndroid\app\src\test\resources\bart_live_20260911_185819\etd\woak.xml,2026-09-11T18:58:17-07:00
bart_live_20260911_185819,WOAK,West Oakland,Yellow,YELLOW,Pittsburg/Bay Point,PITT,2,North,26,2026-09-11T19:24:17-07:00,future,245,0,C:\Users\Igor\StudioProjects\BartRunnerAndroid\app\src\test\resources\bart_live_20260911_185819\etd\woak.xml,2026-09-11T18:58:17-07:00
bart_live_20260911_185819,WOAK,West Oakland,Red,RED,Richmond,RICH,2,North,9,2026-09-11T19:07:17-07:00,future,596,0,C:\Users\Igor\StudioProjects\BartRunnerAndroid\app\src\test\resources\bart_live_20260911_185819\etd\woak.xml,2026-09-11T18:58:17-07:00
bart_live_20260911_185819,WOAK,West Oakland,Red,RED,Richmond,RICH,2,North,23,2026-09-11T19:21:17-07:00,future,252,0,C:\Users\Igor\StudioProjects\BartRunnerAndroid\app\src\test\resources\bart_live_20260911_185819\etd\woak.xml,2026-09-11T18:58:17-07:00
bart_live_20260911_185819,WOAK,West Oakland,Red,RED,Richmond,RICH,2,North,40,2026-09-11T19:38:17-07:00,future,0,0,C:\Users\Igor\StudioProjects\BartRunnerAndroid\app\src\test\resources\bart_live_20260911_185819\etd\woak.xml,2026-09-11T18:58:17-07:00
bart_live_20260911_185819,WOAK,West Oakland,Yellow,YELLOW,SF Airport,SFIA,1,South,7,2026-09-11T19:05:17-07:00,future,0,0,C:\Users\Igor\StudioProjects\BartRunnerAndroid\app\src\test\resources\bart_live_20260911_185819\etd\woak.xml,2026-09-11T18:58:17-07:00
bart_live_20260911_185819,WOAK,West Oakland,Yellow,YELLOW,SF Airport,SFIA,1,South,17,2026-09-11T19:15:17-07:00,future,63,0,C:\Users\Igor\StudioProjects\BartRunnerAndroid\app\src\test\resources\bart_live_20260911_185819\etd\woak.xml,2026-09-11T18:58:17-07:00
bart_live_20260911_185819,WOAK,West Oakland,Yellow,YELLOW,SF Airport,SFIA,1,South,27,2026-09-11T19:25:17-07:00,future,0,0,C:\Users\Igor\StudioProjects\BartRunnerAndroid\app\src\test\resources\bart_live_20260911_185819\etd\woak.xml,2026-09-11T18:58:17-07:00
bart_live_20260911_185819,WOAK,West Oakland,Yellow,YELLOW,SFO/Millbrae,MLBR,1,South,77,2026-09-11T20:15:17-07:00,future,0,0,C:\Users\Igor\StudioProjects\BartRunnerAndroid\app\src\test\resources\bart_live_20260911_185819\etd\woak.xml,2026-09-11T18:58:17-07:00
bart_live_20260912_071605,12TH,12th St. Oakland City Center,Yellow,YELLOW,Antioch,ANTC,3,North,17,2026-09-12T07:33:02-07:00,future,0,0,C:\Users\Igor\StudioProjects\BartRunnerAndroid\app\src\test\resources\bart_live_20260912_071605\etd\12th.xml,2026-09-12T07:16:02-07:00
bart_live_20260912_071605,12TH,12th St. Oakland City Center,Yellow,YELLOW,Antioch,ANTC,3,North,37,2026-09-12T07:53:02-07:00,future,0,0,C:\Users\Igor\StudioProjects\BartRunnerAndroid\app\src\test\resources\bart_live_20260912_071605\etd\12th.xml,2026-09-12T07:16:02-07:00
bart_live_20260912_071605,12TH,12th St. Oakland City Center,Yellow,YELLOW,Antioch,ANTC,3,North,57,2026-09-12T08:13:02-07:00,future,0,0,C:\Users\Igor\StudioProjects\BartRunnerAndroid\app\src\test\resources\bart_live_20260912_071605\etd\12th.xml,2026-09-12T07:16:02-07:00
bart_live_20260912_071605,12TH,12th St. Oakland City Center,Orange,ORANGE,Berryessa,BERY,2,South,16,2026-09-12T07:32:02-07:00,future,0,0,C:\Users\Igor\StudioProjects\BartRunnerAndroid\app\src\test\resources\bart_live_20260912_071605\etd\12th.xml,2026-09-12T07:16:02-07:00
bart_live_20260912_071605,12TH,12th St. Oakland City Center,Orange,ORANGE,Berryessa,BERY,2,South,36,2026-09-12T07:52:02-07:00,future,0,0,C:\Users\Igor\StudioProjects\BartRunnerAndroid\app\src\test\resources\bart_live_20260912_071605\etd\12th.xml,2026-09-12T07:16:02-07:00
bart_live_20260912_071605,12TH,12th St. Oakland City Center,Orange,ORANGE,Berryessa,BERY,2,South,56,2026-09-12T08:12:02-07:00,future,0,0,C:\Users\Igor\StudioProjects\BartRunnerAndroid\app\src\test\resources\bart_live_20260912_071605\etd\12th.xml,2026-09-12T07:16:02-07:00
bart_live_20260912_071605,12TH,12th St. Oakland City Center,Red,RED,Millbrae,MLBR,2,South,1,2026-09-12T07:17:02-07:00,future,0,0,C:\Users\Igor\StudioProjects\BartRunnerAndroid\app\src\test\resources\bart_live_20260912_071605\etd\12th.xml,2026-09-12T07:16:02-07:00
bart_live_20260912_071605,12TH,12th St. Oakland City Center,Red,RED,Millbrae,MLBR,2,South,21,2026-09-12T07:37:02-07:00,future,0,0,C:\Users\Igor\StudioProjects\BartRunnerAndroid\app\src\test\resources\bart_live_20260912_071605\etd\12th.xml,2026-09-12T07:16:02-07:00
bart_live_20260912_071605,12TH,12th St. Oakland City Center,Red,RED,Millbrae,MLBR,2,South,41,2026-09-12T07:57:02-07:00,future,0,0,C:\Users\Igor\StudioProjects\BartRunnerAndroid\app\src\test\resources\bart_live_20260912_071605\etd\12th.xml,2026-09-12T07:16:02-07:00
bart_live_20260912_071605,12TH,12th St. Oakland City Center,Orange,ORANGE,Richmond,RICH,1,North,17,2026-09-12T07:33:02-07:00,future,0,0,C:\Users\Igor\StudioProjects\BartRunnerAndroid\app\src\test\resources\bart_live_20260912_071605\etd\12th.xml,2026-09-12T07:16:02-07:00
bart_live_20260912_071605,12TH,12th St. Oakland City Center,Orange,ORANGE,Richmond,RICH,1,North,37,2026-09-12T07:53:02-07:00,future,0,0,C:\Users\Igor\StudioProjects\BartRunnerAndroid\app\src\test\resources\bart_live_20260912_071605\etd\12th.xml,2026-09-12T07:16:02-07:00
bart_live_20260912_071605,12TH,12th St. Oakland City Center,Red,RED,Richmond,RICH,1,North,45,2026-09-12T08:01:02-07:00,future,0,0,C:\Users\Igor\StudioProjects\BartRunnerAndroid\app\src\test\resources\bart_live_20260912_071605\etd\12th.xml,2026-09-12T07:16:02-07:00
bart_live_20260912_071605,12TH,12th St. Oakland City Center,Yellow,YELLOW,SF Airport,SFIA,2,South,14,2026-09-12T07:30:02-07:00,future,0,0,C:\Users\Igor\StudioProjects\BartRunnerAndroid\app\src\test\resources\bart_live_20260912_071605\etd\12th.xml,2026-09-12T07:16:02-07:00
bart_live_20260912_071605,12TH,12th St. Oakland City Center,Yellow,YELLOW,SF Airport,SFIA,2,South,34,2026-09-12T07:50:02-07:00,future,0,0,C:\Users\Igor\StudioProjects\BartRunnerAndroid\app\src\test\resources\bart_live_20260912_071605\etd\12th.xml,2026-09-12T07:16:02-07:00
bart_live_20260912_071605,12TH,12th St. Oakland City Center,Yellow,YELLOW,SF Airport,SFIA,2,South,54,2026-09-12T08:10:02-07:00,future,0,0,C:\Users\Igor\StudioProjects\BartRunnerAndroid\app\src\test\resources\bart_live_20260912_071605\etd\12th.xml,2026-09-12T07:16:02-07:00
bart_live_20260912_071605,16TH,16th St. Mission,Yellow,YELLOW,Antioch,ANTC,2,North,Leaving,2026-09-12T07:16:02-07:00,leaving,131,0,C:\Users\Igor\StudioProjects\BartRunnerAndroid\app\src\test\resources\bart_live_20260912_071605\etd\16th.xml,2026-09-12T07:16:02-07:00
bart_live_20260912_071605,16TH,16th St. Mission,Yellow,YELLOW,Antioch,ANTC,2,North,18,2026-09-12T07:34:02-07:00,future,0,0,C:\Users\Igor\StudioProjects\BartRunnerAndroid\app\src\test\resources\bart_live_20260912_071605\etd\16th.xml,2026-09-12T07:16:02-07:00
bart_live_20260912_071605,16TH,16th St. Mission,Yellow,YELLOW,Antioch,ANTC,2,North,38,2026-09-12T07:54:02-07:00,future,0,0,C:\Users\Igor\StudioProjects\BartRunnerAndroid\app\src\test\resources\bart_live_20260912_071605\etd\16th.xml,2026-09-12T07:16:02-07:00
bart_live_20260912_071605,16TH,16th St. Mission,Blue,BLUE,Daly City,DALY,1,South,4,2026-09-12T07:20:02-07:00,future,0,0,C:\Users\Igor\StudioProjects\BartRunnerAndroid\app\src\test\resources\bart_live_20260912_071605\etd\16th.xml,2026-09-12T07:16:02-07:00
bart_live_20260912_071605,16TH,16th St. Mission,Blue,BLUE,Daly City,DALY,1,South,24,2026-09-12T07:40:02-07:00,future,0,0,C:\Users\Igor\StudioProjects\BartRunnerAndroid\app\src\test\resources\bart_live_20260912_071605\etd\16th.xml,2026-09-12T07:16:02-07:00
bart_live_20260912_071605,16TH,16th St. Mission,Blue,BLUE,Daly City,DALY,1,South,44,2026-09-12T08:00:02-07:00,future,0,0,C:\Users\Igor\StudioProjects\BartRunnerAndroid\app\src\test\resources\bart_live_20260912_071605\etd\16th.xml,2026-09-12T07:16:02-07:00
bart_live_20260912_071605,16TH,16th St. Mission,Blue,BLUE,Dublin/Pleasanton,DUBL,2,North,11,2026-09-12T07:27:02-07:00,future,0,0,C:\Users\Igor\StudioProjects\BartRunnerAndroid\app\src\test\resources\bart_live_20260912_071605\etd\16th.xml,2026-09-12T07:16:02-07:00
bart_live_20260912_071605,16TH,16th St. Mission,Blue,BLUE,Dublin/Pleasanton,DUBL,2,North,31,2026-09-12T07:47:02-07:00,future,0,0,C:\Users\Igor\StudioProjects\BartRunnerAndroid\app\src\test\resources\bart_live_20260912_071605\etd\16th.xml,2026-09-12T07:16:02-07:00
bart_live_20260912_071605,16TH,16th St. Mission,Blue,BLUE,Dublin/Pleasanton,DUBL,2,North,51,2026-09-12T08:07:02-07:00,future,0,0,C:\Users\Igor\StudioProjects\BartRunnerAndroid\app\src\test\resources\bart_live_20260912_071605\etd\16th.xml,2026-09-12T07:16:02-07:00
bart_live_20260912_071605,16TH,16th St. Mission,Red,RED,Millbrae,MLBR,1,South,Leaving,2026-09-12T07:16:02-07:00,leaving,0,0,C:\Users\Igor\StudioProjects\BartRunnerAndroid\app\src\test\resources\bart_live_20260912_071605\etd\16th.xml,2026-09-12T07:16:02-07:00
bart_live_20260912_071605,16TH,16th St. Mission,Red,RED,Millbrae,MLBR,1,South,20,2026-09-12T07:36:02-07:00,future,0,0,C:\Users\Igor\StudioProjects\BartRunnerAndroid\app\src\test\resources\bart_live_20260912_071605\etd\16th.xml,2026-09-12T07:16:02-07:00
bart_live_20260912_071605,16TH,16th St. Mission,Red,RED,Millbrae,MLBR,1,South,40,2026-09-12T07:56:02-07:00,future,0,0,C:\Users\Igor\StudioProjects\BartRunnerAndroid\app\src\test\resources\bart_live_20260912_071605\etd\16th.xml,2026-09-12T07:16:02-07:00
bart_live_20260912_071605,16TH,16th St. Mission,Red,RED,Richmond,RICH,2,North,27,2026-09-12T07:43:02-07:00,future,0,0,C:\Users\Igor\StudioProjects\BartRunnerAndroid\app\src\test\resources\bart_live_20260912_071605\etd\16th.xml,2026-09-12T07:16:02-07:00
bart_live_20260912_071605,16TH,16th St. Mission,Red,RED,Richmond,RICH,2,North,47,2026-09-12T08:03:02-07:00,future,0,0,C:\Users\Igor\StudioProjects\BartRunnerAndroid\app\src\test\resources\bart_live_20260912_071605\etd\16th.xml,2026-09-12T07:16:02-07:00
bart_live_20260912_071605,16TH,16th St. Mission,Yellow,YELLOW,SF Airport,SFIA,1,South,12,2026-09-12T07:28:02-07:00,future,0,0,C:\Users\Igor\StudioProjects\BartRunnerAndroid\app\src\test\resources\bart_live_20260912_071605\etd\16th.xml,2026-09-12T07:16:02-07:00
bart_live_20260912_071605,16TH,16th St. Mission,Yellow,YELLOW,SF Airport,SFIA,1,South,32,2026-09-12T07:48:02-07:00,future,0,0,C:\Users\Igor\StudioProjects\BartRunnerAndroid\app\src\test\resources\bart_live_20260912_071605\etd\16th.xml,2026-09-12T07:16:02-07:00
bart_live_20260912_071605,16TH,16th St. Mission,Yellow,YELLOW,SF Airport,SFIA,1,South,52,2026-09-12T08:08:02-07:00,future,0,0,C:\Users\Igor\StudioProjects\BartRunnerAndroid\app\src\test\resources\bart_live_20260912_071605\etd\16th.xml,2026-09-12T07:16:02-07:00
bart_live_20260912_071605,19TH,19th St. Oakland,Yellow,YELLOW,Antioch,ANTC,3,North,Leaving,2026-09-12T07:16:03-07:00,leaving,0,0,C:\Users\Igor\StudioProjects\BartRunnerAndroid\app\src\test\resources\bart_live_20260912_071605\etd\19th.xml,2026-09-12T07:16:03-07:00
bart_live_20260912_071605,19TH,19th St. Oakland,Yellow,YELLOW,Antioch,ANTC,3,North,19,2026-09-12T07:35:03-07:00,future,0,0,C:\Users\Igor\StudioProjects\BartRunnerAndroid\app\src\test\resources\bart_live_20260912_071605\etd\19th.xml,2026-09-12T07:16:03-07:00
bart_live_20260912_071605,19TH,19th St. Oakland,Yellow,YELLOW,Antioch,ANTC,3,North,39,2026-09-12T07:55:03-07:00,future,0,0,C:\Users\Igor\StudioProjects\BartRunnerAndroid\app\src\test\resources\bart_live_20260912_071605\etd\19th.xml,2026-09-12T07:16:03-07:00
bart_live_20260912_071605,19TH,19th St. Oakland,Orange,ORANGE,Berryessa,BERY,2,South,14,2026-09-12T07:30:03-07:00,future,0,0,C:\Users\Igor\StudioProjects\BartRunnerAndroid\app\src\test\resources\bart_live_20260912_071605\etd\19th.xml,2026-09-12T07:16:03-07:00
bart_live_20260912_071605,19TH,19th St. Oakland,Orange,ORANGE,Berryessa,BERY,2,South,34,2026-09-12T07:50:03-07:00,future,0,0,C:\Users\Igor\StudioProjects\BartRunnerAndroid\app\src\test\resources\bart_live_20260912_071605\etd\19th.xml,2026-09-12T07:16:03-07:00
bart_live_20260912_071605,19TH,19th St. Oakland,Orange,ORANGE,Berryessa,BERY,2,South,54,2026-09-12T08:10:03-07:00,future,0,0,C:\Users\Igor\StudioProjects\BartRunnerAndroid\app\src\test\resources\bart_live_20260912_071605\etd\19th.xml,2026-09-12T07:16:03-07:00
bart_live_20260912_071605,19TH,19th St. Oakland,Red,RED,Millbrae,MLBR,2,South,Leaving,2026-09-12T07:16:03-07:00,leaving,98,0,C:\Users\Igor\StudioProjects\BartRunnerAndroid\app\src\test\resources\bart_live_20260912_071605\etd\19th.xml,2026-09-12T07:16:03-07:00
bart_live_20260912_071605,19TH,19th St. Oakland,Red,RED,Millbrae,MLBR,2,South,19,2026-09-12T07:35:03-07:00,future,0,0,C:\Users\Igor\StudioProjects\BartRunnerAndroid\app\src\test\resources\bart_live_20260912_071605\etd\19th.xml,2026-09-12T07:16:03-07:00
bart_live_20260912_071605,19TH,19th St. Oakland,Red,RED,Millbrae,MLBR,2,South,39,2026-09-12T07:55:03-07:00,future,0,0,C:\Users\Igor\StudioProjects\BartRunnerAndroid\app\src\test\resources\bart_live_20260912_071605\etd\19th.xml,2026-09-12T07:16:03-07:00
bart_live_20260912_071605,19TH,19th St. Oakland,Orange,ORANGE,Richmond,RICH,1,North,Leaving,2026-09-12T07:16:03-07:00,leaving,98,0,C:\Users\Igor\StudioProjects\BartRunnerAndroid\app\src\test\resources\bart_live_20260912_071605\etd\19th.xml,2026-09-12T07:16:03-07:00
bart_live_20260912_071605,19TH,19th St. Oakland,Orange,ORANGE,Richmond,RICH,1,North,19,2026-09-12T07:35:03-07:00,future,0,0,C:\Users\Igor\StudioProjects\BartRunnerAndroid\app\src\test\resources\bart_live_20260912_071605\etd\19th.xml,2026-09-12T07:16:03-07:00
bart_live_20260912_071605,19TH,19th St. Oakland,Orange,ORANGE,Richmond,RICH,1,North,39,2026-09-12T07:55:03-07:00,future,0,0,C:\Users\Igor\StudioProjects\BartRunnerAndroid\app\src\test\resources\bart_live_20260912_071605\etd\19th.xml,2026-09-12T07:16:03-07:00
bart_live_20260912_071605,19TH,19th St. Oakland,Yellow,YELLOW,SF Airport,SFIA,2,South,11,2026-09-12T07:27:03-07:00,future,0,0,C:\Users\Igor\StudioProjects\BartRunnerAndroid\app\src\test\resources\bart_live_20260912_071605\etd\19th.xml,2026-09-12T07:16:03-07:00
bart_live_20260912_071605,19TH,19th St. Oakland,Yellow,YELLOW,SF Airport,SFIA,2,South,32,2026-09-12T07:48:03-07:00,future,0,0,C:\Users\Igor\StudioProjects\BartRunnerAndroid\app\src\test\resources\bart_live_20260912_071605\etd\19th.xml,2026-09-12T07:16:03-07:00
bart_live_20260912_071605,19TH,19th St. Oakland,Yellow,YELLOW,SF Airport,SFIA,2,South,52,2026-09-12T08:08:03-07:00,future,0,0,C:\Users\Igor\StudioProjects\BartRunnerAndroid\app\src\test\resources\bart_live_20260912_071605\etd\19th.xml,2026-09-12T07:16:03-07:00
bart_live_20260912_071605,24TH,24th St. Mission,Yellow,YELLOW,Antioch,ANTC,2,North,16,2026-09-12T07:32:03-07:00,future,0,0,C:\Users\Igor\StudioProjects\BartRunnerAndroid\app\src\test\resources\bart_live_20260912_071605\etd\24th.xml,2026-09-12T07:16:03-07:00
bart_live_20260912_071605,24TH,24th St. Mission,Yellow,YELLOW,Antioch,ANTC,2,North,36,2026-09-12T07:52:03-07:00,future,0,0,C:\Users\Igor\StudioProjects\BartRunnerAndroid\app\src\test\resources\bart_live_20260912_071605\etd\24th.xml,2026-09-12T07:16:03-07:00
bart_live_20260912_071605,24TH,24th St. Mission,Yellow,YELLOW,Antioch,ANTC,2,North,56,2026-09-12T08:12:03-07:00,future,0,0,C:\Users\Igor\StudioProjects\BartRunnerAndroid\app\src\test\resources\bart_live_20260912_071605\etd\24th.xml,2026-09-12T07:16:03-07:00
bart_live_20260912_071605,24TH,24th St. Mission,Blue,BLUE,Daly City,DALY,1,South,6,2026-09-12T07:22:03-07:00,future,0,0,C:\Users\Igor\StudioProjects\BartRunnerAndroid\app\src\test\resources\bart_live_20260912_071605\etd\24th.xml,2026-09-12T07:16:03-07:00
bart_live_20260912_071605,24TH,24th St. Mission,Blue,BLUE,Daly City,DALY,1,South,26,2026-09-12T07:42:03-07:00,future,0,0,C:\Users\Igor\StudioProjects\BartRunnerAndroid\app\src\test\resources\bart_live_20260912_071605\etd\24th.xml,2026-09-12T07:16:03-07:00
bart_live_20260912_071605,24TH,24th St. Mission,Blue,BLUE,Daly City,DALY,1,South,46,2026-09-12T08:02:03-07:00,future,0,0,C:\Users\Igor\StudioProjects\BartRunnerAndroid\app\src\test\resources\bart_live_20260912_071605\etd\24th.xml,2026-09-12T07:16:03-07:00
bart_live_20260912_071605,24TH,24th St. Mission,Blue,BLUE,Dublin/Pleasanton,DUBL,2,North,9,2026-09-12T07:25:03-07:00,future,0,0,C:\Users\Igor\StudioProjects\BartRunnerAndroid\app\src\test\resources\bart_live_20260912_071605\etd\24th.xml,2026-09-12T07:16:03-07:00
bart_live_20260912_071605,24TH,24th St. Mission,Blue,BLUE,Dublin/Pleasanton,DUBL,2,North,29,2026-09-12T07:45:03-07:00,future,0,0,C:\Users\Igor\StudioProjects\BartRunnerAndroid\app\src\test\resources\bart_live_20260912_071605\etd\24th.xml,2026-09-12T07:16:03-07:00
bart_live_20260912_071605,24TH,24th St. Mission,Blue,BLUE,Dublin/Pleasanton,DUBL,2,North,49,2026-09-12T08:05:03-07:00,future,0,0,C:\Users\Igor\StudioProjects\BartRunnerAndroid\app\src\test\resources\bart_live_20260912_071605\etd\24th.xml,2026-09-12T07:16:03-07:00
bart_live_20260912_071605,24TH,24th St. Mission,Red,RED,Millbrae,MLBR,1,South,2,2026-09-12T07:18:03-07:00,future,0,0,C:\Users\Igor\StudioProjects\BartRunnerAndroid\app\src\test\resources\bart_live_20260912_071605\etd\24th.xml,2026-09-12T07:16:03-07:00
bart_live_20260912_071605,24TH,24th St. Mission,Red,RED,Millbrae,MLBR,1,South,22,2026-09-12T07:38:03-07:00,future,0,0,C:\Users\Igor\StudioProjects\BartRunnerAndroid\app\src\test\resources\bart_live_20260912_071605\etd\24th.xml,2026-09-12T07:16:03-07:00
bart_live_20260912_071605,24TH,24th St. Mission,Red,RED,Millbrae,MLBR,1,South,42,2026-09-12T07:58:03-07:00,future,0,0,C:\Users\Igor\StudioProjects\BartRunnerAndroid\app\src\test\resources\bart_live_20260912_071605\etd\24th.xml,2026-09-12T07:16:03-07:00
bart_live_20260912_071605,24TH,24th St. Mission,Red,RED,Richmond,RICH,2,North,25,2026-09-12T07:41:03-07:00,future,0,0,C:\Users\Igor\StudioProjects\BartRunnerAndroid\app\src\test\resources\bart_live_20260912_071605\etd\24th.xml,2026-09-12T07:16:03-07:00
bart_live_20260912_071605,24TH,24th St. Mission,Red,RED,Richmond,RICH,2,North,45,2026-09-12T08:01:03-07:00,future,0,0,C:\Users\Igor\StudioProjects\BartRunnerAndroid\app\src\test\resources\bart_live_20260912_071605\etd\24th.xml,2026-09-12T07:16:03-07:00
bart_live_20260912_071605,24TH,24th St. Mission,Yellow,YELLOW,SF Airport,SFIA,1,South,14,2026-09-12T07:30:03-07:00,future,0,0,C:\Users\Igor\StudioProjects\BartRunnerAndroid\app\src\test\resources\bart_live_20260912_071605\etd\24th.xml,2026-09-12T07:16:03-07:00
bart_live_20260912_071605,24TH,24th St. Mission,Yellow,YELLOW,SF Airport,SFIA,1,South,34,2026-09-12T07:50:03-07:00,future,0,0,C:\Users\Igor\StudioProjects\BartRunnerAndroid\app\src\test\resources\bart_live_20260912_071605\etd\24th.xml,2026-09-12T07:16:03-07:00
bart_live_20260912_071605,24TH,24th St. Mission,Yellow,YELLOW,SF Airport,SFIA,1,South,54,2026-09-12T08:10:03-07:00,future,0,0,C:\Users\Igor\StudioProjects\BartRunnerAndroid\app\src\test\resources\bart_live_20260912_071605\etd\24th.xml,2026-09-12T07:16:03-07:00
bart_live_20260912_071605,ANTC,Antioch,Yellow,YELLOW,SFO/Millbrae,MLBR,2,South,12,2026-09-12T07:28:03-07:00,future,0,0,C:\Users\Igor\StudioProjects\BartRunnerAndroid\app\src\test\resources\bart_live_20260912_071605\etd\antc.xml,2026-09-12T07:16:03-07:00
bart_live_20260912_071605,ANTC,Antioch,Yellow,YELLOW,SFO/Millbrae,MLBR,2,South,32,2026-09-12T07:48:03-07:00,future,0,0,C:\Users\Igor\StudioProjects\BartRunnerAndroid\app\src\test\resources\bart_live_20260912_071605\etd\antc.xml,2026-09-12T07:16:03-07:00
bart_live_20260912_071605,ANTC,Antioch,Yellow,YELLOW,SFO/Millbrae,MLBR,2,South,52,2026-09-12T08:08:03-07:00,future,0,0,C:\Users\Igor\StudioProjects\BartRunnerAndroid\app\src\test\resources\bart_live_20260912_071605\etd\antc.xml,2026-09-12T07:16:03-07:00
bart_live_20260912_071605,ASHB,Ashby,Orange,ORANGE,Berryessa,BERY,2,South,4,2026-09-12T07:20:02-07:00,future,0,0,C:\Users\Igor\StudioProjects\BartRunnerAndroid\app\src\test\resources\bart_live_20260912_071605\etd\ashb.xml,2026-09-12T07:16:02-07:00
bart_live_20260912_071605,ASHB,Ashby,Orange,ORANGE,Berryessa,BERY,2,South,24,2026-09-12T07:40:02-07:00,future,0,0,C:\Users\Igor\StudioProjects\BartRunnerAndroid\app\src\test\resources\bart_live_20260912_071605\etd\ashb.xml,2026-09-12T07:16:02-07:00
bart_live_20260912_071605,ASHB,Ashby,Orange,ORANGE,Berryessa,BERY,2,South,44,2026-09-12T08:00:02-07:00,future,0,0,C:\Users\Igor\StudioProjects\BartRunnerAndroid\app\src\test\resources\bart_live_20260912_071605\etd\ashb.xml,2026-09-12T07:16:02-07:00
bart_live_20260912_071605,ASHB,Ashby,Red,RED,Millbrae,MLBR,2,South,12,2026-09-12T07:28:02-07:00,future,0,0,C:\Users\Igor\StudioProjects\BartRunnerAndroid\app\src\test\resources\bart_live_20260912_071605\etd\ashb.xml,2026-09-12T07:16:02-07:00
bart_live_20260912_071605,ASHB,Ashby,Red,RED,Millbrae,MLBR,2,South,32,2026-09-12T07:48:02-07:00,future,0,0,C:\Users\Igor\StudioProjects\BartRunnerAndroid\app\src\test\resources\bart_live_20260912_071605\etd\ashb.xml,2026-09-12T07:16:02-07:00
bart_live_20260912_071605,ASHB,Ashby,Red,RED,Millbrae,MLBR,2,South,52,2026-09-12T08:08:02-07:00,future,0,0,C:\Users\Igor\StudioProjects\BartRunnerAndroid\app\src\test\resources\bart_live_20260912_071605\etd\ashb.xml,2026-09-12T07:16:02-07:00
bart_live_20260912_071605,ASHB,Ashby,Orange,ORANGE,Richmond,RICH,1,North,7,2026-09-12T07:23:02-07:00,future,0,0,C:\Users\Igor\StudioProjects\BartRunnerAndroid\app\src\test\resources\bart_live_20260912_071605\etd\ashb.xml,2026-09-12T07:16:02-07:00
bart_live_20260912_071605,ASHB,Ashby,Orange,ORANGE,Richmond,RICH,1,North,26,2026-09-12T07:42:02-07:00,future,0,0,C:\Users\Igor\StudioProjects\BartRunnerAndroid\app\src\test\resources\bart_live_20260912_071605\etd\ashb.xml,2026-09-12T07:16:02-07:00
bart_live_20260912_071605,ASHB,Ashby,Orange,ORANGE,Richmond,RICH,1,North,46,2026-09-12T08:02:02-07:00,future,0,0,C:\Users\Igor\StudioProjects\BartRunnerAndroid\app\src\test\resources\bart_live_20260912_071605\etd\ashb.xml,2026-09-12T07:16:02-07:00
bart_live_20260912_071605,BALB,Balboa Park,Yellow,YELLOW,Antioch,ANTC,2,North,11,2026-09-12T07:27:03-07:00,future,0,0,C:\Users\Igor\StudioProjects\BartRunnerAndroid\app\src\test\resources\bart_live_20260912_071605\etd\balb.xml,2026-09-12T07:16:03-07:00
bart_live_20260912_071605,BALB,Balboa Park,Yellow,YELLOW,Antioch,ANTC,2,North,31,2026-09-12T07:47:03-07:00,future,0,0,C:\Users\Igor\StudioProjects\BartRunnerAndroid\app\src\test\resources\bart_live_20260912_071605\etd\balb.xml,2026-09-12T07:16:03-07:00
bart_live_20260912_071605,BALB,Balboa Park,Yellow,YELLOW,Antioch,ANTC,2,North,51,2026-09-12T08:07:03-07:00,future,0,0,C:\Users\Igor\StudioProjects\BartRunnerAndroid\app\src\test\resources\bart_live_20260912_071605\etd\balb.xml,2026-09-12T07:16:03-07:00
bart_live_20260912_071605,BALB,Balboa Park,Blue,BLUE,Daly City,DALY,1,South,11,2026-09-12T07:27:03-07:00,future,0,0,C:\Users\Igor\StudioProjects\BartRunnerAndroid\app\src\test\resources\bart_live_20260912_071605\etd\balb.xml,2026-09-12T07:16:03-07:00
bart_live_20260912_071605,BALB,Balboa Park,Blue,BLUE,Daly City,DALY,1,South,31,2026-09-12T07:47:03-07:00,future,0,0,C:\Users\Igor\StudioProjects\BartRunnerAndroid\app\src\test\resources\bart_live_20260912_071605\etd\balb.xml,2026-09-12T07:16:03-07:00
bart_live_20260912_071605,BALB,Balboa Park,Blue,BLUE,Daly City,DALY,1,South,51,2026-09-12T08:07:03-07:00,future,0,0,C:\Users\Igor\StudioProjects\BartRunnerAndroid\app\src\test\resources\bart_live_20260912_071605\etd\balb.xml,2026-09-12T07:16:03-07:00
bart_live_20260912_071605,BALB,Balboa Park,Blue,BLUE,Dublin/Pleasanton,DUBL,2,North,3,2026-09-12T07:19:03-07:00,future,0,0,C:\Users\Igor\StudioProjects\BartRunnerAndroid\app\src\test\resources\bart_live_20260912_071605\etd\balb.xml,2026-09-12T07:16:03-07:00
bart_live_20260912_071605,BALB,Balboa Park,Blue,BLUE,Dublin/Pleasanton,DUBL,2,North,24,2026-09-12T07:40:03-07:00,future,0,0,C:\Users\Igor\StudioProjects\BartRunnerAndroid\app\src\test\resources\bart_live_20260912_071605\etd\balb.xml,2026-09-12T07:16:03-07:00
bart_live_20260912_071605,BALB,Balboa Park,Blue,BLUE,Dublin/Pleasanton,DUBL,2,North,44,2026-09-12T08:00:03-07:00,future,0,0,C:\Users\Igor\StudioProjects\BartRunnerAndroid\app\src\test\resources\bart_live_20260912_071605\etd\balb.xml,2026-09-12T07:16:03-07:00
bart_live_20260912_071605,BALB,Balboa Park,Red,RED,Millbrae,MLBR,1,South,7,2026-09-12T07:23:03-07:00,future,0,0,C:\Users\Igor\StudioProjects\BartRunnerAndroid\app\src\test\resources\bart_live_20260912_071605\etd\balb.xml,2026-09-12T07:16:03-07:00
bart_live_20260912_071605,BALB,Balboa Park,Red,RED,Millbrae,MLBR,1,South,27,2026-09-12T07:43:03-07:00,future,0,0,C:\Users\Igor\StudioProjects\BartRunnerAndroid\app\src\test\resources\bart_live_20260912_071605\etd\balb.xml,2026-09-12T07:16:03-07:00
bart_live_20260912_071605,BALB,Balboa Park,Red,RED,Millbrae,MLBR,1,South,47,2026-09-12T08:03:03-07:00,future,0,0,C:\Users\Igor\StudioProjects\BartRunnerAndroid\app\src\test\resources\bart_live_20260912_071605\etd\balb.xml,2026-09-12T07:16:03-07:00
bart_live_20260912_071605,BALB,Balboa Park,Red,RED,Richmond,RICH,2,North,20,2026-09-12T07:36:03-07:00,future,0,0,C:\Users\Igor\StudioProjects\BartRunnerAndroid\app\src\test\resources\bart_live_20260912_071605\etd\balb.xml,2026-09-12T07:16:03-07:00
bart_live_20260912_071605,BALB,Balboa Park,Red,RED,Richmond,RICH,2,North,40,2026-09-12T07:56:03-07:00,future,0,0,C:\Users\Igor\StudioProjects\BartRunnerAndroid\app\src\test\resources\bart_live_20260912_071605\etd\balb.xml,2026-09-12T07:16:03-07:00
bart_live_20260912_071605,BALB,Balboa Park,Yellow,YELLOW,SF Airport,SFIA,1,South,Leaving,2026-09-12T07:16:03-07:00,leaving,0,0,C:\Users\Igor\StudioProjects\BartRunnerAndroid\app\src\test\resources\bart_live_20260912_071605\etd\balb.xml,2026-09-12T07:16:03-07:00
bart_live_20260912_071605,BALB,Balboa Park,Yellow,YELLOW,SF Airport,SFIA,1,South,19,2026-09-12T07:35:03-07:00,future,0,0,C:\Users\Igor\StudioProjects\BartRunnerAndroid\app\src\test\resources\bart_live_20260912_071605\etd\balb.xml,2026-09-12T07:16:03-07:00
bart_live_20260912_071605,BALB,Balboa Park,Yellow,YELLOW,SF Airport,SFIA,1,South,39,2026-09-12T07:55:03-07:00,future,0,0,C:\Users\Igor\StudioProjects\BartRunnerAndroid\app\src\test\resources\bart_live_20260912_071605\etd\balb.xml,2026-09-12T07:16:03-07:00
bart_live_20260912_071605,BAYF,Bay Fair,Orange,ORANGE,Berryessa,BERY,1,South,14,2026-09-12T07:30:03-07:00,future,0,0,C:\Users\Igor\StudioProjects\BartRunnerAndroid\app\src\test\resources\bart_live_20260912_071605\etd\bayf.xml,2026-09-12T07:16:03-07:00
bart_live_20260912_071605,BAYF,Bay Fair,Orange,ORANGE,Berryessa,BERY,1,South,34,2026-09-12T07:50:03-07:00,future,0,0,C:\Users\Igor\StudioProjects\BartRunnerAndroid\app\src\test\resources\bart_live_20260912_071605\etd\bayf.xml,2026-09-12T07:16:03-07:00
bart_live_20260912_071605,BAYF,Bay Fair,Orange,ORANGE,Berryessa,BERY,1,South,54,2026-09-12T08:10:03-07:00,future,0,0,C:\Users\Igor\StudioProjects\BartRunnerAndroid\app\src\test\resources\bart_live_20260912_071605\etd\bayf.xml,2026-09-12T07:16:03-07:00
bart_live_20260912_071605,BAYF,Bay Fair,Blue,BLUE,Daly City,DALY,2,South,8,2026-09-12T07:24:03-07:00,future,0,0,C:\Users\Igor\StudioProjects\BartRunnerAndroid\app\src\test\resources\bart_live_20260912_071605\etd\bayf.xml,2026-09-12T07:16:03-07:00
bart_live_20260912_071605,BAYF,Bay Fair,Blue,BLUE,Daly City,DALY,2,South,28,2026-09-12T07:44:03-07:00,future,0,0,C:\Users\Igor\StudioProjects\BartRunnerAndroid\app\src\test\resources\bart_live_20260912_071605\etd\bayf.xml,2026-09-12T07:16:03-07:00
bart_live_20260912_071605,BAYF,Bay Fair,Blue,BLUE,Daly City,DALY,2,South,48,2026-09-12T08:04:03-07:00,future,0,0,C:\Users\Igor\StudioProjects\BartRunnerAndroid\app\src\test\resources\bart_live_20260912_071605\etd\bayf.xml,2026-09-12T07:16:03-07:00
bart_live_20260912_071605,BAYF,Bay Fair,Blue,BLUE,Dublin/Pleasanton,DUBL,1,North,7,2026-09-12T07:23:03-07:00,future,0,0,C:\Users\Igor\StudioProjects\BartRunnerAndroid\app\src\test\resources\bart_live_20260912_071605\etd\bayf.xml,2026-09-12T07:16:03-07:00
bart_live_20260912_071605,BAYF,Bay Fair,Blue,BLUE,Dublin/Pleasanton,DUBL,1,North,27,2026-09-12T07:43:03-07:00,future,0,0,C:\Users\Igor\StudioProjects\BartRunnerAndroid\app\src\test\resources\bart_live_20260912_071605\etd\bayf.xml,2026-09-12T07:16:03-07:00
bart_live_20260912_071605,BAYF,Bay Fair,Blue,BLUE,Dublin/Pleasanton,DUBL,1,North,47,2026-09-12T08:03:03-07:00,future,0,0,C:\Users\Igor\StudioProjects\BartRunnerAndroid\app\src\test\resources\bart_live_20260912_071605\etd\bayf.xml,2026-09-12T07:16:03-07:00
bart_live_20260912_071605,BAYF,Bay Fair,Orange,ORANGE,Richmond,RICH,2,North,18,2026-09-12T07:34:03-07:00,future,0,0,C:\Users\Igor\StudioProjects\BartRunnerAndroid\app\src\test\resources\bart_live_20260912_071605\etd\bayf.xml,2026-09-12T07:16:03-07:00
bart_live_20260912_071605,BAYF,Bay Fair,Orange,ORANGE,Richmond,RICH,2,North,38,2026-09-12T07:54:03-07:00,future,0,0,C:\Users\Igor\StudioProjects\BartRunnerAndroid\app\src\test\resources\bart_live_20260912_071605\etd\bayf.xml,2026-09-12T07:16:03-07:00
bart_live_20260912_071605,BAYF,Bay Fair,Orange,ORANGE,Richmond,RICH,2,North,58,2026-09-12T08:14:03-07:00,future,0,0,C:\Users\Igor\StudioProjects\BartRunnerAndroid\app\src\test\resources\bart_live_20260912_071605\etd\bayf.xml,2026-09-12T07:16:03-07:00
bart_live_20260912_071605,BAYF,Bay Fair,Green,GREEN,South Hayward,SHAY,1,South,10,2026-09-12T07:26:03-07:00,future,0,0,C:\Users\Igor\StudioProjects\BartRunnerAndroid\app\src\test\resources\bart_live_20260912_071605\etd\bayf.xml,2026-09-12T07:16:03-07:00
bart_live_20260912_071605,BERY,Berryessa/North San Jose,Orange,ORANGE,Richmond,RICH,2,North,Leaving,2026-09-12T07:16:02-07:00,leaving,0,0,C:\Users\Igor\StudioProjects\BartRunnerAndroid\app\src\test\resources\bart_live_20260912_071605\etd\bery.xml,2026-09-12T07:16:02-07:00
bart_live_20260912_071605,BERY,Berryessa/North San Jose,Orange,ORANGE,Richmond,RICH,2,North,19,2026-09-12T07:35:02-07:00,future,0,0,C:\Users\Igor\StudioProjects\BartRunnerAndroid\app\src\test\resources\bart_live_20260912_071605\etd\bery.xml,2026-09-12T07:16:02-07:00
bart_live_20260912_071605,BERY,Berryessa/North San Jose,Orange,ORANGE,Richmond,RICH,2,North,39,2026-09-12T07:55:02-07:00,future,0,0,C:\Users\Igor\StudioProjects\BartRunnerAndroid\app\src\test\resources\bart_live_20260912_071605\etd\bery.xml,2026-09-12T07:16:02-07:00
bart_live_20260912_071605,CAST,Castro Valley,Blue,BLUE,Daly City,DALY,2,South,4,2026-09-12T07:20:02-07:00,future,0,0,C:\Users\Igor\StudioProjects\BartRunnerAndroid\app\src\test\resources\bart_live_20260912_071605\etd\cast.xml,2026-09-12T07:16:02-07:00
bart_live_20260912_071605,CAST,Castro Valley,Blue,BLUE,Daly City,DALY,2,South,24,2026-09-12T07:40:02-07:00,future,0,0,C:\Users\Igor\StudioProjects\BartRunnerAndroid\app\src\test\resources\bart_live_20260912_071605\etd\cast.xml,2026-09-12T07:16:02-07:00
bart_live_20260912_071605,CAST,Castro Valley,Blue,BLUE,Daly City,DALY,2,South,44,2026-09-12T08:00:02-07:00,future,0,0,C:\Users\Igor\StudioProjects\BartRunnerAndroid\app\src\test\resources\bart_live_20260912_071605\etd\cast.xml,2026-09-12T07:16:02-07:00
bart_live_20260912_071605,CAST,Castro Valley,Blue,BLUE,Dublin/Pleasanton,DUBL,1,North,12,2026-09-12T07:28:02-07:00,future,0,0,C:\Users\Igor\StudioProjects\BartRunnerAndroid\app\src\test\resources\bart_live_20260912_071605\etd\cast.xml,2026-09-12T07:16:02-07:00
bart_live_20260912_071605,CAST,Castro Valley,Blue,BLUE,Dublin/Pleasanton,DUBL,1,North,31,2026-09-12T07:47:02-07:00,future,0,0,C:\Users\Igor\StudioProjects\BartRunnerAndroid\app\src\test\resources\bart_live_20260912_071605\etd\cast.xml,2026-09-12T07:16:02-07:00
bart_live_20260912_071605,CAST,Castro Valley,Blue,BLUE,Dublin/Pleasanton,DUBL,1,North,51,2026-09-12T08:07:02-07:00,future,0,0,C:\Users\Igor\StudioProjects\BartRunnerAndroid\app\src\test\resources\bart_live_20260912_071605\etd\cast.xml,2026-09-12T07:16:02-07:00
bart_live_20260912_071605,CIVC,Civic Center/UN Plaza,Yellow,YELLOW,Antioch,ANTC,2,North,2,2026-09-12T07:18:02-07:00,future,100,0,C:\Users\Igor\StudioProjects\BartRunnerAndroid\app\src\test\resources\bart_live_20260912_071605\etd\civc.xml,2026-09-12T07:16:02-07:00
bart_live_20260912_071605,CIVC,Civic Center/UN Plaza,Yellow,YELLOW,Antioch,ANTC,2,North,20,2026-09-12T07:36:02-07:00,future,0,0,C:\Users\Igor\StudioProjects\BartRunnerAndroid\app\src\test\resources\bart_live_20260912_071605\etd\civc.xml,2026-09-12T07:16:02-07:00
bart_live_20260912_071605,CIVC,Civic Center/UN Plaza,Yellow,YELLOW,Antioch,ANTC,2,North,40,2026-09-12T07:56:02-07:00,future,0,0,C:\Users\Igor\StudioProjects\BartRunnerAndroid\app\src\test\resources\bart_live_20260912_071605\etd\civc.xml,2026-09-12T07:16:02-07:00
bart_live_20260912_071605,CIVC,Civic Center/UN Plaza,Blue,BLUE,Daly City,DALY,1,South,2,2026-09-12T07:18:02-07:00,future,0,0,C:\Users\Igor\StudioProjects\BartRunnerAndroid\app\src\test\resources\bart_live_20260912_071605\etd\civc.xml,2026-09-12T07:16:02-07:00
bart_live_20260912_071605,CIVC,Civic Center/UN Plaza,Blue,BLUE,Daly City,DALY,1,South,22,2026-09-12T07:38:02-07:00,future,0,0,C:\Users\Igor\StudioProjects\BartRunnerAndroid\app\src\test\resources\bart_live_20260912_071605\etd\civc.xml,2026-09-12T07:16:02-07:00
bart_live_20260912_071605,CIVC,Civic Center/UN Plaza,Blue,BLUE,Daly City,DALY,1,South,42,2026-09-12T07:58:02-07:00,future,0,0,C:\Users\Igor\StudioProjects\BartRunnerAndroid\app\src\test\resources\bart_live_20260912_071605\etd\civc.xml,2026-09-12T07:16:02-07:00
bart_live_20260912_071605,CIVC,Civic Center/UN Plaza,Blue,BLUE,Dublin/Pleasanton,DUBL,2,North,14,2026-09-12T07:30:02-07:00,future,0,0,C:\Users\Igor\StudioProjects\BartRunnerAndroid\app\src\test\resources\bart_live_20260912_071605\etd\civc.xml,2026-09-12T07:16:02-07:00
bart_live_20260912_071605,CIVC,Civic Center/UN Plaza,Blue,BLUE,Dublin/Pleasanton,DUBL,2,North,34,2026-09-12T07:50:02-07:00,future,0,0,C:\Users\Igor\StudioProjects\BartRunnerAndroid\app\src\test\resources\bart_live_20260912_071605\etd\civc.xml,2026-09-12T07:16:02-07:00
bart_live_20260912_071605,CIVC,Civic Center/UN Plaza,Blue,BLUE,Dublin/Pleasanton,DUBL,2,North,54,2026-09-12T08:10:02-07:00,future,0,0,C:\Users\Igor\StudioProjects\BartRunnerAndroid\app\src\test\resources\bart_live_20260912_071605\etd\civc.xml,2026-09-12T07:16:02-07:00
bart_live_20260912_071605,CIVC,Civic Center/UN Plaza,Red,RED,Millbrae,MLBR,1,South,18,2026-09-12T07:34:02-07:00,future,0,0,C:\Users\Igor\StudioProjects\BartRunnerAndroid\app\src\test\resources\bart_live_20260912_071605\etd\civc.xml,2026-09-12T07:16:02-07:00
bart_live_20260912_071605,CIVC,Civic Center/UN Plaza,Red,RED,Millbrae,MLBR,1,South,38,2026-09-12T07:54:02-07:00,future,0,0,C:\Users\Igor\StudioProjects\BartRunnerAndroid\app\src\test\resources\bart_live_20260912_071605\etd\civc.xml,2026-09-12T07:16:02-07:00
bart_live_20260912_071605,CIVC,Civic Center/UN Plaza,Red,RED,Millbrae,MLBR,1,South,58,2026-09-12T08:14:02-07:00,future,0,0,C:\Users\Igor\StudioProjects\BartRunnerAndroid\app\src\test\resources\bart_live_20260912_071605\etd\civc.xml,2026-09-12T07:16:02-07:00
bart_live_20260912_071605,CIVC,Civic Center/UN Plaza,Red,RED,Richmond,RICH,2,North,29,2026-09-12T07:45:02-07:00,future,0,0,C:\Users\Igor\StudioProjects\BartRunnerAndroid\app\src\test\resources\bart_live_20260912_071605\etd\civc.xml,2026-09-12T07:16:02-07:00
bart_live_20260912_071605,CIVC,Civic Center/UN Plaza,Red,RED,Richmond,RICH,2,North,49,2026-09-12T08:05:02-07:00,future,0,0,C:\Users\Igor\StudioProjects\BartRunnerAndroid\app\src\test\resources\bart_live_20260912_071605\etd\civc.xml,2026-09-12T07:16:02-07:00
bart_live_20260912_071605,CIVC,Civic Center/UN Plaza,Yellow,YELLOW,SF Airport,SFIA,1,South,10,2026-09-12T07:26:02-07:00,future,0,0,C:\Users\Igor\StudioProjects\BartRunnerAndroid\app\src\test\resources\bart_live_20260912_071605\etd\civc.xml,2026-09-12T07:16:02-07:00
bart_live_20260912_071605,CIVC,Civic Center/UN Plaza,Yellow,YELLOW,SF Airport,SFIA,1,South,30,2026-09-12T07:46:02-07:00,future,0,0,C:\Users\Igor\StudioProjects\BartRunnerAndroid\app\src\test\resources\bart_live_20260912_071605\etd\civc.xml,2026-09-12T07:16:02-07:00
bart_live_20260912_071605,CIVC,Civic Center/UN Plaza,Yellow,YELLOW,SF Airport,SFIA,1,South,50,2026-09-12T08:06:02-07:00,future,0,0,C:\Users\Igor\StudioProjects\BartRunnerAndroid\app\src\test\resources\bart_live_20260912_071605\etd\civc.xml,2026-09-12T07:16:02-07:00
bart_live_20260912_071605,COLM,Colma,Yellow,YELLOW,Antioch,ANTC,2,North,4,2026-09-12T07:20:03-07:00,future,0,0,C:\Users\Igor\StudioProjects\BartRunnerAndroid\app\src\test\resources\bart_live_20260912_071605\etd\colm.xml,2026-09-12T07:16:03-07:00
bart_live_20260912_071605,COLM,Colma,Yellow,YELLOW,Antioch,ANTC,2,North,23,2026-09-12T07:39:03-07:00,future,0,0,C:\Users\Igor\StudioProjects\BartRunnerAndroid\app\src\test\resources\bart_live_20260912_071605\etd\colm.xml,2026-09-12T07:16:03-07:00
bart_live_20260912_071605,COLM,Colma,Yellow,YELLOW,Antioch,ANTC,2,North,44,2026-09-12T08:00:03-07:00,future,0,0,C:\Users\Igor\StudioProjects\BartRunnerAndroid\app\src\test\resources\bart_live_20260912_071605\etd\colm.xml,2026-09-12T07:16:03-07:00
bart_live_20260912_071605,COLM,Colma,Red,RED,Millbrae,MLBR,1,South,15,2026-09-12T07:31:03-07:00,future,0,0,C:\Users\Igor\StudioProjects\BartRunnerAndroid\app\src\test\resources\bart_live_20260912_071605\etd\colm.xml,2026-09-12T07:16:03-07:00
bart_live_20260912_071605,COLM,Colma,Red,RED,Millbrae,MLBR,1,South,35,2026-09-12T07:51:03-07:00,future,0,0,C:\Users\Igor\StudioProjects\BartRunnerAndroid\app\src\test\resources\bart_live_20260912_071605\etd\colm.xml,2026-09-12T07:16:03-07:00
bart_live_20260912_071605,COLM,Colma,Red,RED,Millbrae,MLBR,1,South,55,2026-09-12T08:11:03-07:00,future,0,0,C:\Users\Igor\StudioProjects\BartRunnerAndroid\app\src\test\resources\bart_live_20260912_071605\etd\colm.xml,2026-09-12T07:16:03-07:00
bart_live_20260912_071605,COLM,Colma,Red,RED,Richmond,RICH,2,North,13,2026-09-12T07:29:03-07:00,future,0,0,C:\Users\Igor\StudioProjects\BartRunnerAndroid\app\src\test\resources\bart_live_20260912_071605\etd\colm.xml,2026-09-12T07:16:03-07:00
bart_live_20260912_071605,COLM,Colma,Red,RED,Richmond,RICH,2,North,33,2026-09-12T07:49:03-07:00,future,0,0,C:\Users\Igor\StudioProjects\BartRunnerAndroid\app\src\test\resources\bart_live_20260912_071605\etd\colm.xml,2026-09-12T07:16:03-07:00
bart_live_20260912_071605,COLM,Colma,Yellow,YELLOW,SF Airport,SFIA,1,South,8,2026-09-12T07:24:03-07:00,future,0,0,C:\Users\Igor\StudioProjects\BartRunnerAndroid\app\src\test\resources\bart_live_20260912_071605\etd\colm.xml,2026-09-12T07:16:03-07:00
bart_live_20260912_071605,COLM,Colma,Yellow,YELLOW,SF Airport,SFIA,1,South,28,2026-09-12T07:44:03-07:00,future,0,0,C:\Users\Igor\StudioProjects\BartRunnerAndroid\app\src\test\resources\bart_live_20260912_071605\etd\colm.xml,2026-09-12T07:16:03-07:00
bart_live_20260912_071605,COLM,Colma,Yellow,YELLOW,SF Airport,SFIA,1,South,48,2026-09-12T08:04:03-07:00,future,0,0,C:\Users\Igor\StudioProjects\BartRunnerAndroid\app\src\test\resources\bart_live_20260912_071605\etd\colm.xml,2026-09-12T07:16:03-07:00
bart_live_20260912_071605,COLS,Coliseum,Orange,ORANGE,Berryessa,BERY,1,South,6,2026-09-12T07:22:03-07:00,future,0,0,C:\Users\Igor\StudioProjects\BartRunnerAndroid\app\src\test\resources\bart_live_20260912_071605\etd\cols.xml,2026-09-12T07:16:03-07:00
bart_live_20260912_071605,COLS,Coliseum,Orange,ORANGE,Berryessa,BERY,1,South,26,2026-09-12T07:42:03-07:00,future,0,0,C:\Users\Igor\StudioProjects\BartRunnerAndroid\app\src\test\resources\bart_live_20260912_071605\etd\cols.xml,2026-09-12T07:16:03-07:00
bart_live_20260912_071605,COLS,Coliseum,Orange,ORANGE,Berryessa,BERY,1,South,46,2026-09-12T08:02:03-07:00,future,0,0,C:\Users\Igor\StudioProjects\BartRunnerAndroid\app\src\test\resources\bart_live_20260912_071605\etd\cols.xml,2026-09-12T07:16:03-07:00
bart_live_20260912_071605,COLS,Coliseum,Blue,BLUE,Daly City,DALY,2,South,16,2026-09-12T07:32:03-07:00,future,0,0,C:\Users\Igor\StudioProjects\BartRunnerAndroid\app\src\test\resources\bart_live_20260912_071605\etd\cols.xml,2026-09-12T07:16:03-07:00
bart_live_20260912_071605,COLS,Coliseum,Blue,BLUE,Daly City,DALY,2,South,36,2026-09-12T07:52:03-07:00,future,0,0,C:\Users\Igor\StudioProjects\BartRunnerAndroid\app\src\test\resources\bart_live_20260912_071605\etd\cols.xml,2026-09-12T07:16:03-07:00
bart_live_20260912_071605,COLS,Coliseum,Blue,BLUE,Daly City,DALY,2,South,56,2026-09-12T08:12:03-07:00,future,0,0,C:\Users\Igor\StudioProjects\BartRunnerAndroid\app\src\test\resources\bart_live_20260912_071605\etd\cols.xml,2026-09-12T07:16:03-07:00
bart_live_20260912_071605,COLS,Coliseum,Blue,BLUE,Dublin/Pleasanton,DUBL,1,North,18,2026-09-12T07:34:03-07:00,future,0,0,C:\Users\Igor\StudioProjects\BartRunnerAndroid\app\src\test\resources\bart_live_20260912_071605\etd\cols.xml,2026-09-12T07:16:03-07:00
bart_live_20260912_071605,COLS,Coliseum,Blue,BLUE,Dublin/Pleasanton,DUBL,1,North,39,2026-09-12T07:55:03-07:00,future,0,0,C:\Users\Igor\StudioProjects\BartRunnerAndroid\app\src\test\resources\bart_live_20260912_071605\etd\cols.xml,2026-09-12T07:16:03-07:00
bart_live_20260912_071605,COLS,Coliseum,Blue,BLUE,Dublin/Pleasanton,DUBL,1,North,59,2026-09-12T08:15:03-07:00,future,0,0,C:\Users\Igor\StudioProjects\BartRunnerAndroid\app\src\test\resources\bart_live_20260912_071605\etd\cols.xml,2026-09-12T07:16:03-07:00
bart_live_20260912_071605,COLS,Coliseum,Orange,ORANGE,Richmond,RICH,2,North,7,2026-09-12T07:23:03-07:00,future,0,0,C:\Users\Igor\StudioProjects\BartRunnerAndroid\app\src\test\resources\bart_live_20260912_071605\etd\cols.xml,2026-09-12T07:16:03-07:00
bart_live_20260912_071605,COLS,Coliseum,Orange,ORANGE,Richmond,RICH,2,North,26,2026-09-12T07:42:03-07:00,future,0,0,C:\Users\Igor\StudioProjects\BartRunnerAndroid\app\src\test\resources\bart_live_20260912_071605\etd\cols.xml,2026-09-12T07:16:03-07:00
bart_live_20260912_071605,COLS,Coliseum,Orange,ORANGE,Richmond,RICH,2,North,46,2026-09-12T08:02:03-07:00,future,0,0,C:\Users\Igor\StudioProjects\BartRunnerAndroid\app\src\test\resources\bart_live_20260912_071605\etd\cols.xml,2026-09-12T07:16:03-07:00
bart_live_20260912_071605,COLS,Coliseum,Green,GREEN,South Hayward,SHAY,1,South,2,2026-09-12T07:18:03-07:00,future,0,0,C:\Users\Igor\StudioProjects\BartRunnerAndroid\app\src\test\resources\bart_live_20260912_071605\etd\cols.xml,2026-09-12T07:16:03-07:00
bart_live_20260912_071605,CONC,Concord,Yellow,YELLOW,Antioch,ANTC,1,North,8,2026-09-12T07:24:02-07:00,future,0,0,C:\Users\Igor\StudioProjects\BartRunnerAndroid\app\src\test\resources\bart_live_20260912_071605\etd\conc.xml,2026-09-12T07:16:02-07:00
bart_live_20260912_071605,CONC,Concord,Yellow,YELLOW,Antioch,ANTC,1,North,28,2026-09-12T07:44:02-07:00,future,0,0,C:\Users\Igor\StudioProjects\BartRunnerAndroid\app\src\test\resources\bart_live_20260912_071605\etd\conc.xml,2026-09-12T07:16:02-07:00
bart_live_20260912_071605,CONC,Concord,Yellow,YELLOW,Antioch,ANTC,1,North,48,2026-09-12T08:04:02-07:00,future,0,0,C:\Users\Igor\StudioProjects\BartRunnerAndroid\app\src\test\resources\bart_live_20260912_071605\etd\conc.xml,2026-09-12T07:16:02-07:00
bart_live_20260912_071605,CONC,Concord,Yellow,YELLOW,SF Airport,SFIA,2,South,2,2026-09-12T07:18:02-07:00,future,65,0,C:\Users\Igor\StudioProjects\BartRunnerAndroid\app\src\test\resources\bart_live_20260912_071605\etd\conc.xml,2026-09-12T07:16:02-07:00
bart_live_20260912_071605,CONC,Concord,Yellow,YELLOW,SF Airport,SFIA,2,South,21,2026-09-12T07:37:02-07:00,future,0,0,C:\Users\Igor\StudioProjects\BartRunnerAndroid\app\src\test\resources\bart_live_20260912_071605\etd\conc.xml,2026-09-12T07:16:02-07:00
bart_live_20260912_071605,CONC,Concord,Yellow,YELLOW,SF Airport,SFIA,2,South,41,2026-09-12T07:57:02-07:00,future,0,0,C:\Users\Igor\StudioProjects\BartRunnerAndroid\app\src\test\resources\bart_live_20260912_071605\etd\conc.xml,2026-09-12T07:16:02-07:00
bart_live_20260912_071605,DALY,Daly City,Yellow,YELLOW,Antioch,ANTC,2,North,7,2026-09-12T07:23:03-07:00,future,0,0,C:\Users\Igor\StudioProjects\BartRunnerAndroid\app\src\test\resources\bart_live_20260912_071605\etd\daly.xml,2026-09-12T07:16:03-07:00
bart_live_20260912_071605,DALY,Daly City,Yellow,YELLOW,Antioch,ANTC,2,North,27,2026-09-12T07:43:03-07:00,future,0,0,C:\Users\Igor\StudioProjects\BartRunnerAndroid\app\src\test\resources\bart_live_20260912_071605\etd\daly.xml,2026-09-12T07:16:03-07:00
bart_live_20260912_071605,DALY,Daly City,Yellow,YELLOW,Antioch,ANTC,2,North,47,2026-09-12T08:03:03-07:00,future,0,0,C:\Users\Igor\StudioProjects\BartRunnerAndroid\app\src\test\resources\bart_live_20260912_071605\etd\daly.xml,2026-09-12T07:16:03-07:00
bart_live_20260912_071605,DALY,Daly City,Blue,BLUE,Dublin/Pleasanton,DUBL,2,North,Leaving,2026-09-12T07:16:03-07:00,leaving,0,0,C:\Users\Igor\StudioProjects\BartRunnerAndroid\app\src\test\resources\bart_live_20260912_071605\etd\daly.xml,2026-09-12T07:16:03-07:00
bart_live_20260912_071605,DALY,Daly City,Blue,BLUE,Dublin/Pleasanton,DUBL,2,North,20,2026-09-12T07:36:03-07:00,future,0,0,C:\Users\Igor\StudioProjects\BartRunnerAndroid\app\src\test\resources\bart_live_20260912_071605\etd\daly.xml,2026-09-12T07:16:03-07:00
bart_live_20260912_071605,DALY,Daly City,Blue,BLUE,Dublin/Pleasanton,DUBL,2,North,40,2026-09-12T07:56:03-07:00,future,0,0,C:\Users\Igor\StudioProjects\BartRunnerAndroid\app\src\test\resources\bart_live_20260912_071605\etd\daly.xml,2026-09-12T07:16:03-07:00
bart_live_20260912_071605,DALY,Daly City,Red,RED,Millbrae,MLBR,1,South,12,2026-09-12T07:28:03-07:00,future,0,0,C:\Users\Igor\StudioProjects\BartRunnerAndroid\app\src\test\resources\bart_live_20260912_071605\etd\daly.xml,2026-09-12T07:16:03-07:00
bart_live_20260912_071605,DALY,Daly City,Red,RED,Millbrae,MLBR,1,South,32,2026-09-12T07:48:03-07:00,future,0,0,C:\Users\Igor\StudioProjects\BartRunnerAndroid\app\src\test\resources\bart_live_20260912_071605\etd\daly.xml,2026-09-12T07:16:03-07:00
bart_live_20260912_071605,DALY,Daly City,Red,RED,Millbrae,MLBR,1,South,52,2026-09-12T08:08:03-07:00,future,0,0,C:\Users\Igor\StudioProjects\BartRunnerAndroid\app\src\test\resources\bart_live_20260912_071605\etd\daly.xml,2026-09-12T07:16:03-07:00
bart_live_20260912_071605,DALY,Daly City,Red,RED,Richmond,RICH,2,North,16,2026-09-12T07:32:03-07:00,future,0,0,C:\Users\Igor\StudioProjects\BartRunnerAndroid\app\src\test\resources\bart_live_20260912_071605\etd\daly.xml,2026-09-12T07:16:03-07:00
bart_live_20260912_071605,DALY,Daly City,Red,RED,Richmond,RICH,2,North,36,2026-09-12T07:52:03-07:00,future,0,0,C:\Users\Igor\StudioProjects\BartRunnerAndroid\app\src\test\resources\bart_live_20260912_071605\etd\daly.xml,2026-09-12T07:16:03-07:00
bart_live_20260912_071605,DALY,Daly City,Yellow,YELLOW,SF Airport,SFIA,1,South,4,2026-09-12T07:20:03-07:00,future,0,0,C:\Users\Igor\StudioProjects\BartRunnerAndroid\app\src\test\resources\bart_live_20260912_071605\etd\daly.xml,2026-09-12T07:16:03-07:00
bart_live_20260912_071605,DALY,Daly City,Yellow,YELLOW,SF Airport,SFIA,1,South,24,2026-09-12T07:40:03-07:00,future,0,0,C:\Users\Igor\StudioProjects\BartRunnerAndroid\app\src\test\resources\bart_live_20260912_071605\etd\daly.xml,2026-09-12T07:16:03-07:00
bart_live_20260912_071605,DALY,Daly City,Yellow,YELLOW,SF Airport,SFIA,1,South,44,2026-09-12T08:00:03-07:00,future,0,0,C:\Users\Igor\StudioProjects\BartRunnerAndroid\app\src\test\resources\bart_live_20260912_071605\etd\daly.xml,2026-09-12T07:16:03-07:00
bart_live_20260912_071605,DBRK,Downtown Berkeley,Orange,ORANGE,Berryessa,BERY,2,South,2,2026-09-12T07:18:02-07:00,future,0,0,C:\Users\Igor\StudioProjects\BartRunnerAndroid\app\src\test\resources\bart_live_20260912_071605\etd\dbrk.xml,2026-09-12T07:16:02-07:00
bart_live_20260912_071605,DBRK,Downtown Berkeley,Orange,ORANGE,Berryessa,BERY,2,South,22,2026-09-12T07:38:02-07:00,future,0,0,C:\Users\Igor\StudioProjects\BartRunnerAndroid\app\src\test\resources\bart_live_20260912_071605\etd\dbrk.xml,2026-09-12T07:16:02-07:00
bart_live_20260912_071605,DBRK,Downtown Berkeley,Orange,ORANGE,Berryessa,BERY,2,South,42,2026-09-12T07:58:02-07:00,future,0,0,C:\Users\Igor\StudioProjects\BartRunnerAndroid\app\src\test\resources\bart_live_20260912_071605\etd\dbrk.xml,2026-09-12T07:16:02-07:00
bart_live_20260912_071605,DBRK,Downtown Berkeley,Red,RED,Millbrae,MLBR,2,South,9,2026-09-12T07:25:02-07:00,future,0,0,C:\Users\Igor\StudioProjects\BartRunnerAndroid\app\src\test\resources\bart_live_20260912_071605\etd\dbrk.xml,2026-09-12T07:16:02-07:00
bart_live_20260912_071605,DBRK,Downtown Berkeley,Red,RED,Millbrae,MLBR,2,South,29,2026-09-12T07:45:02-07:00,future,0,0,C:\Users\Igor\StudioProjects\BartRunnerAndroid\app\src\test\resources\bart_live_20260912_071605\etd\dbrk.xml,2026-09-12T07:16:02-07:00
bart_live_20260912_071605,DBRK,Downtown Berkeley,Red,RED,Millbrae,MLBR,2,South,49,2026-09-12T08:05:02-07:00,future,0,0,C:\Users\Igor\StudioProjects\BartRunnerAndroid\app\src\test\resources\bart_live_20260912_071605\etd\dbrk.xml,2026-09-12T07:16:02-07:00
bart_live_20260912_071605,DBRK,Downtown Berkeley,Orange,ORANGE,Richmond,RICH,1,North,9,2026-09-12T07:25:02-07:00,future,0,0,C:\Users\Igor\StudioProjects\BartRunnerAndroid\app\src\test\resources\bart_live_20260912_071605\etd\dbrk.xml,2026-09-12T07:16:02-07:00
bart_live_20260912_071605,DBRK,Downtown Berkeley,Orange,ORANGE,Richmond,RICH,1,North,29,2026-09-12T07:45:02-07:00,future,0,0,C:\Users\Igor\StudioProjects\BartRunnerAndroid\app\src\test\resources\bart_live_20260912_071605\etd\dbrk.xml,2026-09-12T07:16:02-07:00
bart_live_20260912_071605,DBRK,Downtown Berkeley,Orange,ORANGE,Richmond,RICH,1,North,49,2026-09-12T08:05:02-07:00,future,0,0,C:\Users\Igor\StudioProjects\BartRunnerAndroid\app\src\test\resources\bart_live_20260912_071605\etd\dbrk.xml,2026-09-12T07:16:02-07:00
bart_live_20260912_071605,DELN,El Cerrito del Norte,Orange,ORANGE,Berryessa,BERY,2,South,13,2026-09-12T07:29:03-07:00,future,0,0,C:\Users\Igor\StudioProjects\BartRunnerAndroid\app\src\test\resources\bart_live_20260912_071605\etd\deln.xml,2026-09-12T07:16:03-07:00
bart_live_20260912_071605,DELN,El Cerrito del Norte,Orange,ORANGE,Berryessa,BERY,2,South,33,2026-09-12T07:49:03-07:00,future,0,0,C:\Users\Igor\StudioProjects\BartRunnerAndroid\app\src\test\resources\bart_live_20260912_071605\etd\deln.xml,2026-09-12T07:16:03-07:00
bart_live_20260912_071605,DELN,El Cerrito del Norte,Red,RED,Millbrae,MLBR,2,South,Leaving,2026-09-12T07:16:03-07:00,leaving,0,0,C:\Users\Igor\StudioProjects\BartRunnerAndroid\app\src\test\resources\bart_live_20260912_071605\etd\deln.xml,2026-09-12T07:16:03-07:00
bart_live_20260912_071605,DELN,El Cerrito del Norte,Red,RED,Millbrae,MLBR,2,South,20,2026-09-12T07:36:03-07:00,future,0,0,C:\Users\Igor\StudioProjects\BartRunnerAndroid\app\src\test\resources\bart_live_20260912_071605\etd\deln.xml,2026-09-12T07:16:03-07:00
bart_live_20260912_071605,DELN,El Cerrito del Norte,Red,RED,Millbrae,MLBR,2,South,40,2026-09-12T07:56:03-07:00,future,0,0,C:\Users\Igor\StudioProjects\BartRunnerAndroid\app\src\test\resources\bart_live_20260912_071605\etd\deln.xml,2026-09-12T07:16:03-07:00
bart_live_20260912_071605,DELN,El Cerrito del Norte,Orange,ORANGE,Richmond,RICH,1,North,18,2026-09-12T07:34:03-07:00,future,0,0,C:\Users\Igor\StudioProjects\BartRunnerAndroid\app\src\test\resources\bart_live_20260912_071605\etd\deln.xml,2026-09-12T07:16:03-07:00
bart_live_20260912_071605,DELN,El Cerrito del Norte,Orange,ORANGE,Richmond,RICH,1,North,38,2026-09-12T07:54:03-07:00,future,0,0,C:\Users\Igor\StudioProjects\BartRunnerAndroid\app\src\test\resources\bart_live_20260912_071605\etd\deln.xml,2026-09-12T07:16:03-07:00
bart_live_20260912_071605,DELN,El Cerrito del Norte,Orange,ORANGE,Richmond,RICH,1,North,58,2026-09-12T08:14:03-07:00,future,0,0,C:\Users\Igor\StudioProjects\BartRunnerAndroid\app\src\test\resources\bart_live_20260912_071605\etd\deln.xml,2026-09-12T07:16:03-07:00
bart_live_20260912_071605,DUBL,Dublin/Pleasanton,Blue,BLUE,Daly City,DALY,2,South,10,2026-09-12T07:26:03-07:00,future,0,0,C:\Users\Igor\StudioProjects\BartRunnerAndroid\app\src\test\resources\bart_live_20260912_071605\etd\dubl.xml,2026-09-12T07:16:03-07:00
bart_live_20260912_071605,DUBL,Dublin/Pleasanton,Blue,BLUE,Daly City,DALY,2,South,28,2026-09-12T07:44:03-07:00,future,0,0,C:\Users\Igor\StudioProjects\BartRunnerAndroid\app\src\test\resources\bart_live_20260912_071605\etd\dubl.xml,2026-09-12T07:16:03-07:00
bart_live_20260912_071605,EMBR,Embarcadero,Yellow,YELLOW,Antioch,ANTC,2,North,6,2026-09-12T07:22:03-07:00,future,72,0,C:\Users\Igor\StudioProjects\BartRunnerAndroid\app\src\test\resources\bart_live_20260912_071605\etd\embr.xml,2026-09-12T07:16:03-07:00
bart_live_20260912_071605,EMBR,Embarcadero,Yellow,YELLOW,Antioch,ANTC,2,North,25,2026-09-12T07:41:03-07:00,future,0,0,C:\Users\Igor\StudioProjects\BartRunnerAndroid\app\src\test\resources\bart_live_20260912_071605\etd\embr.xml,2026-09-12T07:16:03-07:00
bart_live_20260912_071605,EMBR,Embarcadero,Yellow,YELLOW,Antioch,ANTC,2,North,45,2026-09-12T08:01:03-07:00,future,0,0,C:\Users\Igor\StudioProjects\BartRunnerAndroid\app\src\test\resources\bart_live_20260912_071605\etd\embr.xml,2026-09-12T07:16:03-07:00
bart_live_20260912_071605,EMBR,Embarcadero,Blue,BLUE,Daly City,DALY,1,South,17,2026-09-12T07:33:03-07:00,future,0,0,C:\Users\Igor\StudioProjects\BartRunnerAndroid\app\src\test\resources\bart_live_20260912_071605\etd\embr.xml,2026-09-12T07:16:03-07:00
bart_live_20260912_071605,EMBR,Embarcadero,Blue,BLUE,Daly City,DALY,1,South,37,2026-09-12T07:53:03-07:00,future,0,0,C:\Users\Igor\StudioProjects\BartRunnerAndroid\app\src\test\resources\bart_live_20260912_071605\etd\embr.xml,2026-09-12T07:16:03-07:00
bart_live_20260912_071605,EMBR,Embarcadero,Blue,BLUE,Daly City,DALY,1,South,57,2026-09-12T08:13:03-07:00,future,0,0,C:\Users\Igor\StudioProjects\BartRunnerAndroid\app\src\test\resources\bart_live_20260912_071605\etd\embr.xml,2026-09-12T07:16:03-07:00
bart_live_20260912_071605,EMBR,Embarcadero,Blue,BLUE,Dublin/Pleasanton,DUBL,2,North,19,2026-09-12T07:35:03-07:00,future,0,0,C:\Users\Igor\StudioProjects\BartRunnerAndroid\app\src\test\resources\bart_live_20260912_071605\etd\embr.xml,2026-09-12T07:16:03-07:00
bart_live_20260912_071605,EMBR,Embarcadero,Blue,BLUE,Dublin/Pleasanton,DUBL,2,North,39,2026-09-12T07:55:03-07:00,future,0,0,C:\Users\Igor\StudioProjects\BartRunnerAndroid\app\src\test\resources\bart_live_20260912_071605\etd\embr.xml,2026-09-12T07:16:03-07:00
bart_live_20260912_071605,EMBR,Embarcadero,Blue,BLUE,Dublin/Pleasanton,DUBL,2,North,59,2026-09-12T08:15:03-07:00,future,0,0,C:\Users\Igor\StudioProjects\BartRunnerAndroid\app\src\test\resources\bart_live_20260912_071605\etd\embr.xml,2026-09-12T07:16:03-07:00
bart_live_20260912_071605,EMBR,Embarcadero,Red,RED,Millbrae,MLBR,1,South,13,2026-09-12T07:29:03-07:00,future,0,0,C:\Users\Igor\StudioProjects\BartRunnerAndroid\app\src\test\resources\bart_live_20260912_071605\etd\embr.xml,2026-09-12T07:16:03-07:00
bart_live_20260912_071605,EMBR,Embarcadero,Red,RED,Millbrae,MLBR,1,South,33,2026-09-12T07:49:03-07:00,future,0,0,C:\Users\Igor\StudioProjects\BartRunnerAndroid\app\src\test\resources\bart_live_20260912_071605\etd\embr.xml,2026-09-12T07:16:03-07:00
bart_live_20260912_071605,EMBR,Embarcadero,Red,RED,Millbrae,MLBR,1,South,53,2026-09-12T08:09:03-07:00,future,0,0,C:\Users\Igor\StudioProjects\BartRunnerAndroid\app\src\test\resources\bart_live_20260912_071605\etd\embr.xml,2026-09-12T07:16:03-07:00
bart_live_20260912_071605,EMBR,Embarcadero,Red,RED,Richmond,RICH,2,North,34,2026-09-12T07:50:03-07:00,future,0,0,C:\Users\Igor\StudioProjects\BartRunnerAndroid\app\src\test\resources\bart_live_20260912_071605\etd\embr.xml,2026-09-12T07:16:03-07:00
bart_live_20260912_071605,EMBR,Embarcadero,Red,RED,Richmond,RICH,2,North,54,2026-09-12T08:10:03-07:00,future,0,0,C:\Users\Igor\StudioProjects\BartRunnerAndroid\app\src\test\resources\bart_live_20260912_071605\etd\embr.xml,2026-09-12T07:16:03-07:00
bart_live_20260912_071605,EMBR,Embarcadero,Yellow,YELLOW,SF Airport,SFIA,1,South,5,2026-09-12T07:21:03-07:00,future,0,0,C:\Users\Igor\StudioProjects\BartRunnerAndroid\app\src\test\resources\bart_live_20260912_071605\etd\embr.xml,2026-09-12T07:16:03-07:00
bart_live_20260912_071605,EMBR,Embarcadero,Yellow,YELLOW,SF Airport,SFIA,1,South,25,2026-09-12T07:41:03-07:00,future,0,0,C:\Users\Igor\StudioProjects\BartRunnerAndroid\app\src\test\resources\bart_live_20260912_071605\etd\embr.xml,2026-09-12T07:16:03-07:00
bart_live_20260912_071605,EMBR,Embarcadero,Yellow,YELLOW,SF Airport,SFIA,1,South,45,2026-09-12T08:01:03-07:00,future,0,0,C:\Users\Igor\StudioProjects\BartRunnerAndroid\app\src\test\resources\bart_live_20260912_071605\etd\embr.xml,2026-09-12T07:16:03-07:00
bart_live_20260912_071605,FTVL,Fruitvale,Orange,ORANGE,Berryessa,BERY,1,South,3,2026-09-12T07:19:02-07:00,future,0,0,C:\Users\Igor\StudioProjects\BartRunnerAndroid\app\src\test\resources\bart_live_20260912_071605\etd\ftvl.xml,2026-09-12T07:16:02-07:00
bart_live_20260912_071605,FTVL,Fruitvale,Orange,ORANGE,Berryessa,BERY,1,South,23,2026-09-12T07:39:02-07:00,future,0,0,C:\Users\Igor\StudioProjects\BartRunnerAndroid\app\src\test\resources\bart_live_20260912_071605\etd\ftvl.xml,2026-09-12T07:16:02-07:00
bart_live_20260912_071605,FTVL,Fruitvale,Orange,ORANGE,Berryessa,BERY,1,South,43,2026-09-12T07:59:02-07:00,future,0,0,C:\Users\Igor\StudioProjects\BartRunnerAndroid\app\src\test\resources\bart_live_20260912_071605\etd\ftvl.xml,2026-09-12T07:16:02-07:00
bart_live_20260912_071605,FTVL,Fruitvale,Blue,BLUE,Daly City,DALY,2,South,Leaving,2026-09-12T07:16:02-07:00,leaving,0,0,C:\Users\Igor\StudioProjects\BartRunnerAndroid\app\src\test\resources\bart_live_20260912_071605\etd\ftvl.xml,2026-09-12T07:16:02-07:00
bart_live_20260912_071605,FTVL,Fruitvale,Blue,BLUE,Daly City,DALY,2,South,20,2026-09-12T07:36:02-07:00,future,0,0,C:\Users\Igor\StudioProjects\BartRunnerAndroid\app\src\test\resources\bart_live_20260912_071605\etd\ftvl.xml,2026-09-12T07:16:02-07:00
bart_live_20260912_071605,FTVL,Fruitvale,Blue,BLUE,Daly City,DALY,2,South,40,2026-09-12T07:56:02-07:00,future,0,0,C:\Users\Igor\StudioProjects\BartRunnerAndroid\app\src\test\resources\bart_live_20260912_071605\etd\ftvl.xml,2026-09-12T07:16:02-07:00
bart_live_20260912_071605,FTVL,Fruitvale,Blue,BLUE,Dublin/Pleasanton,DUBL,1,North,15,2026-09-12T07:31:02-07:00,future,0,0,C:\Users\Igor\StudioProjects\BartRunnerAndroid\app\src\test\resources\bart_live_20260912_071605\etd\ftvl.xml,2026-09-12T07:16:02-07:00
bart_live_20260912_071605,FTVL,Fruitvale,Blue,BLUE,Dublin/Pleasanton,DUBL,1,North,36,2026-09-12T07:52:02-07:00,future,0,0,C:\Users\Igor\StudioProjects\BartRunnerAndroid\app\src\test\resources\bart_live_20260912_071605\etd\ftvl.xml,2026-09-12T07:16:02-07:00
bart_live_20260912_071605,FTVL,Fruitvale,Blue,BLUE,Dublin/Pleasanton,DUBL,1,North,56,2026-09-12T08:12:02-07:00,future,0,0,C:\Users\Igor\StudioProjects\BartRunnerAndroid\app\src\test\resources\bart_live_20260912_071605\etd\ftvl.xml,2026-09-12T07:16:02-07:00
bart_live_20260912_071605,FTVL,Fruitvale,Orange,ORANGE,Richmond,RICH,2,North,10,2026-09-12T07:26:02-07:00,future,0,0,C:\Users\Igor\StudioProjects\BartRunnerAndroid\app\src\test\resources\bart_live_20260912_071605\etd\ftvl.xml,2026-09-12T07:16:02-07:00
bart_live_20260912_071605,FTVL,Fruitvale,Orange,ORANGE,Richmond,RICH,2,North,30,2026-09-12T07:46:02-07:00,future,0,0,C:\Users\Igor\StudioProjects\BartRunnerAndroid\app\src\test\resources\bart_live_20260912_071605\etd\ftvl.xml,2026-09-12T07:16:02-07:00
bart_live_20260912_071605,FTVL,Fruitvale,Orange,ORANGE,Richmond,RICH,2,North,50,2026-09-12T08:06:02-07:00,future,0,0,C:\Users\Igor\StudioProjects\BartRunnerAndroid\app\src\test\resources\bart_live_20260912_071605\etd\ftvl.xml,2026-09-12T07:16:02-07:00
bart_live_20260912_071605,GLEN,Glen Park,Yellow,YELLOW,Antioch,ANTC,2,North,13,2026-09-12T07:29:02-07:00,future,0,0,C:\Users\Igor\StudioProjects\BartRunnerAndroid\app\src\test\resources\bart_live_20260912_071605\etd\glen.xml,2026-09-12T07:16:02-07:00
bart_live_20260912_071605,GLEN,Glen Park,Yellow,YELLOW,Antioch,ANTC,2,North,33,2026-09-12T07:49:02-07:00,future,0,0,C:\Users\Igor\StudioProjects\BartRunnerAndroid\app\src\test\resources\bart_live_20260912_071605\etd\glen.xml,2026-09-12T07:16:02-07:00
bart_live_20260912_071605,GLEN,Glen Park,Yellow,YELLOW,Antioch,ANTC,2,North,53,2026-09-12T08:09:02-07:00,future,0,0,C:\Users\Igor\StudioProjects\BartRunnerAndroid\app\src\test\resources\bart_live_20260912_071605\etd\glen.xml,2026-09-12T07:16:02-07:00
bart_live_20260912_071605,GLEN,Glen Park,Blue,BLUE,Daly City,DALY,1,South,9,2026-09-12T07:25:02-07:00,future,0,0,C:\Users\Igor\StudioProjects\BartRunnerAndroid\app\src\test\resources\bart_live_20260912_071605\etd\glen.xml,2026-09-12T07:16:02-07:00
bart_live_20260912_071605,GLEN,Glen Park,Blue,BLUE,Daly City,DALY,1,South,29,2026-09-12T07:45:02-07:00,future,0,0,C:\Users\Igor\StudioProjects\BartRunnerAndroid\app\src\test\resources\bart_live_20260912_071605\etd\glen.xml,2026-09-12T07:16:02-07:00
bart_live_20260912_071605,GLEN,Glen Park,Blue,BLUE,Daly City,DALY,1,South,49,2026-09-12T08:05:02-07:00,future,0,0,C:\Users\Igor\StudioProjects\BartRunnerAndroid\app\src\test\resources\bart_live_20260912_071605\etd\glen.xml,2026-09-12T07:16:02-07:00
bart_live_20260912_071605,GLEN,Glen Park,Blue,BLUE,Dublin/Pleasanton,DUBL,2,North,7,2026-09-12T07:23:02-07:00,future,0,0,C:\Users\Igor\StudioProjects\BartRunnerAndroid\app\src\test\resources\bart_live_20260912_071605\etd\glen.xml,2026-09-12T07:16:02-07:00
bart_live_20260912_071605,GLEN,Glen Park,Blue,BLUE,Dublin/Pleasanton,DUBL,2,North,27,2026-09-12T07:43:02-07:00,future,0,0,C:\Users\Igor\StudioProjects\BartRunnerAndroid\app\src\test\resources\bart_live_20260912_071605\etd\glen.xml,2026-09-12T07:16:02-07:00
bart_live_20260912_071605,GLEN,Glen Park,Blue,BLUE,Dublin/Pleasanton,DUBL,2,North,47,2026-09-12T08:03:02-07:00,future,0,0,C:\Users\Igor\StudioProjects\BartRunnerAndroid\app\src\test\resources\bart_live_20260912_071605\etd\glen.xml,2026-09-12T07:16:02-07:00
bart_live_20260912_071605,GLEN,Glen Park,Red,RED,Millbrae,MLBR,1,South,5,2026-09-12T07:21:02-07:00,future,0,0,C:\Users\Igor\StudioProjects\BartRunnerAndroid\app\src\test\resources\bart_live_20260912_071605\etd\glen.xml,2026-09-12T07:16:02-07:00
bart_live_20260912_071605,GLEN,Glen Park,Red,RED,Millbrae,MLBR,1,South,25,2026-09-12T07:41:02-07:00,future,0,0,C:\Users\Igor\StudioProjects\BartRunnerAndroid\app\src\test\resources\bart_live_20260912_071605\etd\glen.xml,2026-09-12T07:16:02-07:00
bart_live_20260912_071605,GLEN,Glen Park,Red,RED,Millbrae,MLBR,1,South,45,2026-09-12T08:01:02-07:00,future,0,0,C:\Users\Igor\StudioProjects\BartRunnerAndroid\app\src\test\resources\bart_live_20260912_071605\etd\glen.xml,2026-09-12T07:16:02-07:00
bart_live_20260912_071605,GLEN,Glen Park,Red,RED,Richmond,RICH,2,North,22,2026-09-12T07:38:02-07:00,future,0,0,C:\Users\Igor\StudioProjects\BartRunnerAndroid\app\src\test\resources\bart_live_20260912_071605\etd\glen.xml,2026-09-12T07:16:02-07:00
bart_live_20260912_071605,GLEN,Glen Park,Red,RED,Richmond,RICH,2,North,42,2026-09-12T07:58:02-07:00,future,0,0,C:\Users\Igor\StudioProjects\BartRunnerAndroid\app\src\test\resources\bart_live_20260912_071605\etd\glen.xml,2026-09-12T07:16:02-07:00
bart_live_20260912_071605,GLEN,Glen Park,Yellow,YELLOW,SF Airport,SFIA,1,South,17,2026-09-12T07:33:02-07:00,future,0,0,C:\Users\Igor\StudioProjects\BartRunnerAndroid\app\src\test\resources\bart_live_20260912_071605\etd\glen.xml,2026-09-12T07:16:02-07:00
bart_live_20260912_071605,GLEN,Glen Park,Yellow,YELLOW,SF Airport,SFIA,1,South,37,2026-09-12T07:53:02-07:00,future,0,0,C:\Users\Igor\StudioProjects\BartRunnerAndroid\app\src\test\resources\bart_live_20260912_071605\etd\glen.xml,2026-09-12T07:16:02-07:00
bart_live_20260912_071605,GLEN,Glen Park,Yellow,YELLOW,SF Airport,SFIA,1,South,57,2026-09-12T08:13:02-07:00,future,0,0,C:\Users\Igor\StudioProjects\BartRunnerAndroid\app\src\test\resources\bart_live_20260912_071605\etd\glen.xml,2026-09-12T07:16:02-07:00
bart_live_20260912_071605,HAYW,Hayward,Orange,ORANGE,Berryessa,BERY,1,South,19,2026-09-12T07:35:02-07:00,future,0,0,C:\Users\Igor\StudioProjects\BartRunnerAndroid\app\src\test\resources\bart_live_20260912_071605\etd\hayw.xml,2026-09-12T07:16:02-07:00
bart_live_20260912_071605,HAYW,Hayward,Orange,ORANGE,Berryessa,BERY,1,South,39,2026-09-12T07:55:02-07:00,future,0,0,C:\Users\Igor\StudioProjects\BartRunnerAndroid\app\src\test\resources\bart_live_20260912_071605\etd\hayw.xml,2026-09-12T07:16:02-07:00
bart_live_20260912_071605,HAYW,Hayward,Orange,ORANGE,Berryessa,BERY,1,South,59,2026-09-12T08:15:02-07:00,future,0,0,C:\Users\Igor\StudioProjects\BartRunnerAndroid\app\src\test\resources\bart_live_20260912_071605\etd\hayw.xml,2026-09-12T07:16:02-07:00
bart_live_20260912_071605,HAYW,Hayward,Orange,ORANGE,Richmond,RICH,2,North,10,2026-09-12T07:26:02-07:00,future,0,0,C:\Users\Igor\StudioProjects\BartRunnerAndroid\app\src\test\resources\bart_live_20260912_071605\etd\hayw.xml,2026-09-12T07:16:02-07:00
bart_live_20260912_071605,HAYW,Hayward,Orange,ORANGE,Richmond,RICH,2,North,30,2026-09-12T07:46:02-07:00,future,0,0,C:\Users\Igor\StudioProjects\BartRunnerAndroid\app\src\test\resources\bart_live_20260912_071605\etd\hayw.xml,2026-09-12T07:16:02-07:00
bart_live_20260912_071605,HAYW,Hayward,Orange,ORANGE,Richmond,RICH,2,North,50,2026-09-12T08:06:02-07:00,future,0,0,C:\Users\Igor\StudioProjects\BartRunnerAndroid\app\src\test\resources\bart_live_20260912_071605\etd\hayw.xml,2026-09-12T07:16:02-07:00
bart_live_20260912_071605,HAYW,Hayward,Green,GREEN,South Hayward,SHAY,1,South,14,2026-09-12T07:30:02-07:00,future,0,0,C:\Users\Igor\StudioProjects\BartRunnerAndroid\app\src\test\resources\bart_live_20260912_071605\etd\hayw.xml,2026-09-12T07:16:02-07:00
bart_live_20260912_071605,LAFY,Lafayette,Yellow,YELLOW,Antioch,ANTC,1,North,16,2026-09-12T07:32:03-07:00,future,0,0,C:\Users\Igor\StudioProjects\BartRunnerAndroid\app\src\test\resources\bart_live_20260912_071605\etd\lafy.xml,2026-09-12T07:16:03-07:00
bart_live_20260912_071605,LAFY,Lafayette,Yellow,YELLOW,Antioch,ANTC,1,North,36,2026-09-12T07:52:03-07:00,future,0,0,C:\Users\Igor\StudioProjects\BartRunnerAndroid\app\src\test\resources\bart_live_20260912_071605\etd\lafy.xml,2026-09-12T07:16:03-07:00
bart_live_20260912_071605,LAFY,Lafayette,Yellow,YELLOW,Antioch,ANTC,1,North,56,2026-09-12T08:12:03-07:00,future,0,0,C:\Users\Igor\StudioProjects\BartRunnerAndroid\app\src\test\resources\bart_live_20260912_071605\etd\lafy.xml,2026-09-12T07:16:03-07:00
bart_live_20260912_071605,LAFY,Lafayette,Yellow,YELLOW,SF Airport,SFIA,2,South,14,2026-09-12T07:30:03-07:00,future,0,0,C:\Users\Igor\StudioProjects\BartRunnerAndroid\app\src\test\resources\bart_live_20260912_071605\etd\lafy.xml,2026-09-12T07:16:03-07:00
bart_live_20260912_071605,LAFY,Lafayette,Yellow,YELLOW,SF Airport,SFIA,2,South,34,2026-09-12T07:50:03-07:00,future,0,0,C:\Users\Igor\StudioProjects\BartRunnerAndroid\app\src\test\resources\bart_live_20260912_071605\etd\lafy.xml,2026-09-12T07:16:03-07:00
bart_live_20260912_071605,LAFY,Lafayette,Yellow,YELLOW,SF Airport,SFIA,2,South,54,2026-09-12T08:10:03-07:00,future,0,0,C:\Users\Igor\StudioProjects\BartRunnerAndroid\app\src\test\resources\bart_live_20260912_071605\etd\lafy.xml,2026-09-12T07:16:03-07:00
bart_live_20260912_071605,LAKE,Lake Merritt,Orange,ORANGE,Berryessa,BERY,1,South,19,2026-09-12T07:35:03-07:00,future,0,0,C:\Users\Igor\StudioProjects\BartRunnerAndroid\app\src\test\resources\bart_live_20260912_071605\etd\lake.xml,2026-09-12T07:16:03-07:00
bart_live_20260912_071605,LAKE,Lake Merritt,Orange,ORANGE,Berryessa,BERY,1,South,39,2026-09-12T07:55:03-07:00,future,0,0,C:\Users\Igor\StudioProjects\BartRunnerAndroid\app\src\test\resources\bart_live_20260912_071605\etd\lake.xml,2026-09-12T07:16:03-07:00
bart_live_20260912_071605,LAKE,Lake Merritt,Orange,ORANGE,Berryessa,BERY,1,South,59,2026-09-12T08:15:03-07:00,future,0,0,C:\Users\Igor\StudioProjects\BartRunnerAndroid\app\src\test\resources\bart_live_20260912_071605\etd\lake.xml,2026-09-12T07:16:03-07:00
bart_live_20260912_071605,LAKE,Lake Merritt,Blue,BLUE,Daly City,DALY,2,South,5,2026-09-12T07:21:03-07:00,future,0,0,C:\Users\Igor\StudioProjects\BartRunnerAndroid\app\src\test\resources\bart_live_20260912_071605\etd\lake.xml,2026-09-12T07:16:03-07:00
bart_live_20260912_071605,LAKE,Lake Merritt,Blue,BLUE,Daly City,DALY,2,South,24,2026-09-12T07:40:03-07:00,future,0,0,C:\Users\Igor\StudioProjects\BartRunnerAndroid\app\src\test\resources\bart_live_20260912_071605\etd\lake.xml,2026-09-12T07:16:03-07:00
bart_live_20260912_071605,LAKE,Lake Merritt,Blue,BLUE,Daly City,DALY,2,South,44,2026-09-12T08:00:03-07:00,future,0,0,C:\Users\Igor\StudioProjects\BartRunnerAndroid\app\src\test\resources\bart_live_20260912_071605\etd\lake.xml,2026-09-12T07:16:03-07:00
bart_live_20260912_071605,LAKE,Lake Merritt,Blue,BLUE,Dublin/Pleasanton,DUBL,1,North,11,2026-09-12T07:27:03-07:00,future,0,0,C:\Users\Igor\StudioProjects\BartRunnerAndroid\app\src\test\resources\bart_live_20260912_071605\etd\lake.xml,2026-09-12T07:16:03-07:00
bart_live_20260912_071605,LAKE,Lake Merritt,Blue,BLUE,Dublin/Pleasanton,DUBL,1,North,32,2026-09-12T07:48:03-07:00,future,0,0,C:\Users\Igor\StudioProjects\BartRunnerAndroid\app\src\test\resources\bart_live_20260912_071605\etd\lake.xml,2026-09-12T07:16:03-07:00
bart_live_20260912_071605,LAKE,Lake Merritt,Blue,BLUE,Dublin/Pleasanton,DUBL,1,North,52,2026-09-12T08:08:03-07:00,future,0,0,C:\Users\Igor\StudioProjects\BartRunnerAndroid\app\src\test\resources\bart_live_20260912_071605\etd\lake.xml,2026-09-12T07:16:03-07:00
bart_live_20260912_071605,LAKE,Lake Merritt,Orange,ORANGE,Richmond,RICH,2,North,14,2026-09-12T07:30:03-07:00,future,0,0,C:\Users\Igor\StudioProjects\BartRunnerAndroid\app\src\test\resources\bart_live_20260912_071605\etd\lake.xml,2026-09-12T07:16:03-07:00
bart_live_20260912_071605,LAKE,Lake Merritt,Orange,ORANGE,Richmond,RICH,2,North,34,2026-09-12T07:50:03-07:00,future,0,0,C:\Users\Igor\StudioProjects\BartRunnerAndroid\app\src\test\resources\bart_live_20260912_071605\etd\lake.xml,2026-09-12T07:16:03-07:00
bart_live_20260912_071605,LAKE,Lake Merritt,Orange,ORANGE,Richmond,RICH,2,North,54,2026-09-12T08:10:03-07:00,future,0,0,C:\Users\Igor\StudioProjects\BartRunnerAndroid\app\src\test\resources\bart_live_20260912_071605\etd\lake.xml,2026-09-12T07:16:03-07:00
bart_live_20260912_071605,MCAR,MacArthur,Yellow,YELLOW,Antioch,ANTC,3,North,3,2026-09-12T07:19:02-07:00,future,0,0,C:\Users\Igor\StudioProjects\BartRunnerAndroid\app\src\test\resources\bart_live_20260912_071605\etd\mcar.xml,2026-09-12T07:16:02-07:00
bart_live_20260912_071605,MCAR,MacArthur,Yellow,YELLOW,Antioch,ANTC,3,North,23,2026-09-12T07:39:02-07:00,future,0,0,C:\Users\Igor\StudioProjects\BartRunnerAndroid\app\src\test\resources\bart_live_20260912_071605\etd\mcar.xml,2026-09-12T07:16:02-07:00
bart_live_20260912_071605,MCAR,MacArthur,Yellow,YELLOW,Antioch,ANTC,3,North,43,2026-09-12T07:59:02-07:00,future,0,0,C:\Users\Igor\StudioProjects\BartRunnerAndroid\app\src\test\resources\bart_live_20260912_071605\etd\mcar.xml,2026-09-12T07:16:02-07:00
bart_live_20260912_071605,MCAR,MacArthur,Orange,ORANGE,Berryessa,BERY,2,South,10,2026-09-12T07:26:02-07:00,future,0,0,C:\Users\Igor\StudioProjects\BartRunnerAndroid\app\src\test\resources\bart_live_20260912_071605\etd\mcar.xml,2026-09-12T07:16:02-07:00
bart_live_20260912_071605,MCAR,MacArthur,Orange,ORANGE,Berryessa,BERY,2,South,30,2026-09-12T07:46:02-07:00,future,0,0,C:\Users\Igor\StudioProjects\BartRunnerAndroid\app\src\test\resources\bart_live_20260912_071605\etd\mcar.xml,2026-09-12T07:16:02-07:00
bart_live_20260912_071605,MCAR,MacArthur,Orange,ORANGE,Berryessa,BERY,2,South,50,2026-09-12T08:06:02-07:00,future,0,0,C:\Users\Igor\StudioProjects\BartRunnerAndroid\app\src\test\resources\bart_live_20260912_071605\etd\mcar.xml,2026-09-12T07:16:02-07:00
bart_live_20260912_071605,MCAR,MacArthur,Red,RED,Millbrae,MLBR,2,South,15,2026-09-12T07:31:02-07:00,future,0,0,C:\Users\Igor\StudioProjects\BartRunnerAndroid\app\src\test\resources\bart_live_20260912_071605\etd\mcar.xml,2026-09-12T07:16:02-07:00
bart_live_20260912_071605,MCAR,MacArthur,Red,RED,Millbrae,MLBR,2,South,35,2026-09-12T07:51:02-07:00,future,0,0,C:\Users\Igor\StudioProjects\BartRunnerAndroid\app\src\test\resources\bart_live_20260912_071605\etd\mcar.xml,2026-09-12T07:16:02-07:00
bart_live_20260912_071605,MCAR,MacArthur,Red,RED,Millbrae,MLBR,2,South,55,2026-09-12T08:11:02-07:00,future,0,0,C:\Users\Igor\StudioProjects\BartRunnerAndroid\app\src\test\resources\bart_live_20260912_071605\etd\mcar.xml,2026-09-12T07:16:02-07:00
bart_live_20260912_071605,MCAR,MacArthur,Orange,ORANGE,Richmond,RICH,1,North,4,2026-09-12T07:20:02-07:00,future,63,0,C:\Users\Igor\StudioProjects\BartRunnerAndroid\app\src\test\resources\bart_live_20260912_071605\etd\mcar.xml,2026-09-12T07:16:02-07:00
bart_live_20260912_071605,MCAR,MacArthur,Orange,ORANGE,Richmond,RICH,1,North,23,2026-09-12T07:39:02-07:00,future,0,0,C:\Users\Igor\StudioProjects\BartRunnerAndroid\app\src\test\resources\bart_live_20260912_071605\etd\mcar.xml,2026-09-12T07:16:02-07:00
bart_live_20260912_071605,MCAR,MacArthur,Orange,ORANGE,Richmond,RICH,1,North,43,2026-09-12T07:59:02-07:00,future,0,0,C:\Users\Igor\StudioProjects\BartRunnerAndroid\app\src\test\resources\bart_live_20260912_071605\etd\mcar.xml,2026-09-12T07:16:02-07:00
bart_live_20260912_071605,MCAR,MacArthur,Yellow,YELLOW,SF Airport,SFIA,4,South,8,2026-09-12T07:24:02-07:00,future,0,0,C:\Users\Igor\StudioProjects\BartRunnerAndroid\app\src\test\resources\bart_live_20260912_071605\etd\mcar.xml,2026-09-12T07:16:02-07:00
bart_live_20260912_071605,MCAR,MacArthur,Yellow,YELLOW,SF Airport,SFIA,4,South,28,2026-09-12T07:44:02-07:00,future,0,0,C:\Users\Igor\StudioProjects\BartRunnerAndroid\app\src\test\resources\bart_live_20260912_071605\etd\mcar.xml,2026-09-12T07:16:02-07:00
bart_live_20260912_071605,MCAR,MacArthur,Yellow,YELLOW,SF Airport,SFIA,4,South,48,2026-09-12T08:04:02-07:00,future,0,0,C:\Users\Igor\StudioProjects\BartRunnerAndroid\app\src\test\resources\bart_live_20260912_071605\etd\mcar.xml,2026-09-12T07:16:02-07:00
bart_live_20260912_071605,MLBR,Millbrae,Red,RED,Richmond,RICH,3,North,16,2026-09-12T07:32:03-07:00,future,0,0,C:\Users\Igor\StudioProjects\BartRunnerAndroid\app\src\test\resources\bart_live_20260912_071605\etd\mlbr.xml,2026-09-12T07:16:03-07:00
bart_live_20260912_071605,MLBR,Millbrae,Red,RED,Richmond,RICH,3,North,36,2026-09-12T07:52:03-07:00,future,0,0,C:\Users\Igor\StudioProjects\BartRunnerAndroid\app\src\test\resources\bart_live_20260912_071605\etd\mlbr.xml,2026-09-12T07:16:03-07:00
bart_live_20260912_071605,MLPT,Milpitas,Orange,ORANGE,Berryessa,BERY,1,South,6,2026-09-12T07:22:03-07:00,future,0,0,C:\Users\Igor\StudioProjects\BartRunnerAndroid\app\src\test\resources\bart_live_20260912_071605\etd\mlpt.xml,2026-09-12T07:16:03-07:00
bart_live_20260912_071605,MLPT,Milpitas,Orange,ORANGE,Berryessa,BERY,1,South,26,2026-09-12T07:42:03-07:00,future,0,0,C:\Users\Igor\StudioProjects\BartRunnerAndroid\app\src\test\resources\bart_live_20260912_071605\etd\mlpt.xml,2026-09-12T07:16:03-07:00
bart_live_20260912_071605,MLPT,Milpitas,Orange,ORANGE,Berryessa,BERY,1,South,46,2026-09-12T08:02:03-07:00,future,0,0,C:\Users\Igor\StudioProjects\BartRunnerAndroid\app\src\test\resources\bart_live_20260912_071605\etd\mlpt.xml,2026-09-12T07:16:03-07:00
bart_live_20260912_071605,MLPT,Milpitas,Orange,ORANGE,Richmond,RICH,2,North,4,2026-09-12T07:20:03-07:00,future,0,0,C:\Users\Igor\StudioProjects\BartRunnerAndroid\app\src\test\resources\bart_live_20260912_071605\etd\mlpt.xml,2026-09-12T07:16:03-07:00
bart_live_20260912_071605,MLPT,Milpitas,Orange,ORANGE,Richmond,RICH,2,North,24,2026-09-12T07:40:03-07:00,future,0,0,C:\Users\Igor\StudioProjects\BartRunnerAndroid\app\src\test\resources\bart_live_20260912_071605\etd\mlpt.xml,2026-09-12T07:16:03-07:00
bart_live_20260912_071605,MLPT,Milpitas,Orange,ORANGE,Richmond,RICH,2,North,44,2026-09-12T08:00:03-07:00,future,0,0,C:\Users\Igor\StudioProjects\BartRunnerAndroid\app\src\test\resources\bart_live_20260912_071605\etd\mlpt.xml,2026-09-12T07:16:03-07:00
bart_live_20260912_071605,MONT,Montgomery St.,Yellow,YELLOW,Antioch,ANTC,2,North,5,2026-09-12T07:21:03-07:00,future,88,0,C:\Users\Igor\StudioProjects\BartRunnerAndroid\app\src\test\resources\bart_live_20260912_071605\etd\mont.xml,2026-09-12T07:16:03-07:00
bart_live_20260912_071605,MONT,Montgomery St.,Yellow,YELLOW,Antioch,ANTC,2,North,24,2026-09-12T07:40:03-07:00,future,0,0,C:\Users\Igor\StudioProjects\BartRunnerAndroid\app\src\test\resources\bart_live_20260912_071605\etd\mont.xml,2026-09-12T07:16:03-07:00
bart_live_20260912_071605,MONT,Montgomery St.,Yellow,YELLOW,Antioch,ANTC,2,North,44,2026-09-12T08:00:03-07:00,future,0,0,C:\Users\Igor\StudioProjects\BartRunnerAndroid\app\src\test\resources\bart_live_20260912_071605\etd\mont.xml,2026-09-12T07:16:03-07:00
bart_live_20260912_071605,MONT,Montgomery St.,Blue,BLUE,Daly City,DALY,1,South,18,2026-09-12T07:34:03-07:00,future,0,0,C:\Users\Igor\StudioProjects\BartRunnerAndroid\app\src\test\resources\bart_live_20260912_071605\etd\mont.xml,2026-09-12T07:16:03-07:00
bart_live_20260912_071605,MONT,Montgomery St.,Blue,BLUE,Daly City,DALY,1,South,38,2026-09-12T07:54:03-07:00,future,0,0,C:\Users\Igor\StudioProjects\BartRunnerAndroid\app\src\test\resources\bart_live_20260912_071605\etd\mont.xml,2026-09-12T07:16:03-07:00
bart_live_20260912_071605,MONT,Montgomery St.,Blue,BLUE,Daly City,DALY,1,South,58,2026-09-12T08:14:03-07:00,future,0,0,C:\Users\Igor\StudioProjects\BartRunnerAndroid\app\src\test\resources\bart_live_20260912_071605\etd\mont.xml,2026-09-12T07:16:03-07:00
bart_live_20260912_071605,MONT,Montgomery St.,Blue,BLUE,Dublin/Pleasanton,DUBL,2,North,17,2026-09-12T07:33:03-07:00,future,0,0,C:\Users\Igor\StudioProjects\BartRunnerAndroid\app\src\test\resources\bart_live_20260912_071605\etd\mont.xml,2026-09-12T07:16:03-07:00
bart_live_20260912_071605,MONT,Montgomery St.,Blue,BLUE,Dublin/Pleasanton,DUBL,2,North,37,2026-09-12T07:53:03-07:00,future,0,0,C:\Users\Igor\StudioProjects\BartRunnerAndroid\app\src\test\resources\bart_live_20260912_071605\etd\mont.xml,2026-09-12T07:16:03-07:00
bart_live_20260912_071605,MONT,Montgomery St.,Blue,BLUE,Dublin/Pleasanton,DUBL,2,North,57,2026-09-12T08:13:03-07:00,future,0,0,C:\Users\Igor\StudioProjects\BartRunnerAndroid\app\src\test\resources\bart_live_20260912_071605\etd\mont.xml,2026-09-12T07:16:03-07:00
bart_live_20260912_071605,MONT,Montgomery St.,Red,RED,Millbrae,MLBR,1,South,14,2026-09-12T07:30:03-07:00,future,0,0,C:\Users\Igor\StudioProjects\BartRunnerAndroid\app\src\test\resources\bart_live_20260912_071605\etd\mont.xml,2026-09-12T07:16:03-07:00
bart_live_20260912_071605,MONT,Montgomery St.,Red,RED,Millbrae,MLBR,1,South,34,2026-09-12T07:50:03-07:00,future,0,0,C:\Users\Igor\StudioProjects\BartRunnerAndroid\app\src\test\resources\bart_live_20260912_071605\etd\mont.xml,2026-09-12T07:16:03-07:00
bart_live_20260912_071605,MONT,Montgomery St.,Red,RED,Millbrae,MLBR,1,South,54,2026-09-12T08:10:03-07:00,future,0,0,C:\Users\Igor\StudioProjects\BartRunnerAndroid\app\src\test\resources\bart_live_20260912_071605\etd\mont.xml,2026-09-12T07:16:03-07:00
bart_live_20260912_071605,MONT,Montgomery St.,Red,RED,Richmond,RICH,2,North,33,2026-09-12T07:49:03-07:00,future,0,0,C:\Users\Igor\StudioProjects\BartRunnerAndroid\app\src\test\resources\bart_live_20260912_071605\etd\mont.xml,2026-09-12T07:16:03-07:00
bart_live_20260912_071605,MONT,Montgomery St.,Red,RED,Richmond,RICH,2,North,53,2026-09-12T08:09:03-07:00,future,0,0,C:\Users\Igor\StudioProjects\BartRunnerAndroid\app\src\test\resources\bart_live_20260912_071605\etd\mont.xml,2026-09-12T07:16:03-07:00
bart_live_20260912_071605,MONT,Montgomery St.,Yellow,YELLOW,SF Airport,SFIA,1,South,7,2026-09-12T07:23:03-07:00,future,0,0,C:\Users\Igor\StudioProjects\BartRunnerAndroid\app\src\test\resources\bart_live_20260912_071605\etd\mont.xml,2026-09-12T07:16:03-07:00
bart_live_20260912_071605,MONT,Montgomery St.,Yellow,YELLOW,SF Airport,SFIA,1,South,27,2026-09-12T07:43:03-07:00,future,0,0,C:\Users\Igor\StudioProjects\BartRunnerAndroid\app\src\test\resources\bart_live_20260912_071605\etd\mont.xml,2026-09-12T07:16:03-07:00
bart_live_20260912_071605,MONT,Montgomery St.,Yellow,YELLOW,SF Airport,SFIA,1,South,47,2026-09-12T08:03:03-07:00,future,0,0,C:\Users\Igor\StudioProjects\BartRunnerAndroid\app\src\test\resources\bart_live_20260912_071605\etd\mont.xml,2026-09-12T07:16:03-07:00
bart_live_20260912_071605,NBRK,North Berkeley,Orange,ORANGE,Berryessa,BERY,2,South,19,2026-09-12T07:35:03-07:00,future,0,0,C:\Users\Igor\StudioProjects\BartRunnerAndroid\app\src\test\resources\bart_live_20260912_071605\etd\nbrk.xml,2026-09-12T07:16:03-07:00
bart_live_20260912_071605,NBRK,North Berkeley,Orange,ORANGE,Berryessa,BERY,2,South,39,2026-09-12T07:55:03-07:00,future,0,0,C:\Users\Igor\StudioProjects\BartRunnerAndroid\app\src\test\resources\bart_live_20260912_071605\etd\nbrk.xml,2026-09-12T07:16:03-07:00
bart_live_20260912_071605,NBRK,North Berkeley,Red,RED,Millbrae,MLBR,2,South,7,2026-09-12T07:23:03-07:00,future,0,0,C:\Users\Igor\StudioProjects\BartRunnerAndroid\app\src\test\resources\bart_live_20260912_071605\etd\nbrk.xml,2026-09-12T07:16:03-07:00
bart_live_20260912_071605,NBRK,North Berkeley,Red,RED,Millbrae,MLBR,2,South,27,2026-09-12T07:43:03-07:00,future,0,0,C:\Users\Igor\StudioProjects\BartRunnerAndroid\app\src\test\resources\bart_live_20260912_071605\etd\nbrk.xml,2026-09-12T07:16:03-07:00
bart_live_20260912_071605,NBRK,North Berkeley,Red,RED,Millbrae,MLBR,2,South,47,2026-09-12T08:03:03-07:00,future,0,0,C:\Users\Igor\StudioProjects\BartRunnerAndroid\app\src\test\resources\bart_live_20260912_071605\etd\nbrk.xml,2026-09-12T07:16:03-07:00
bart_live_20260912_071605,NBRK,North Berkeley,Orange,ORANGE,Richmond,RICH,1,North,12,2026-09-12T07:28:03-07:00,future,0,0,C:\Users\Igor\StudioProjects\BartRunnerAndroid\app\src\test\resources\bart_live_20260912_071605\etd\nbrk.xml,2026-09-12T07:16:03-07:00
bart_live_20260912_071605,NBRK,North Berkeley,Orange,ORANGE,Richmond,RICH,1,North,31,2026-09-12T07:47:03-07:00,future,0,0,C:\Users\Igor\StudioProjects\BartRunnerAndroid\app\src\test\resources\bart_live_20260912_071605\etd\nbrk.xml,2026-09-12T07:16:03-07:00
bart_live_20260912_071605,NBRK,North Berkeley,Orange,ORANGE,Richmond,RICH,1,North,51,2026-09-12T08:07:03-07:00,future,0,0,C:\Users\Igor\StudioProjects\BartRunnerAndroid\app\src\test\resources\bart_live_20260912_071605\etd\nbrk.xml,2026-09-12T07:16:03-07:00
bart_live_20260912_071605,NCON,North Concord/Martinez,Yellow,YELLOW,Antioch,ANTC,1,North,12,2026-09-12T07:28:03-07:00,future,0,0,C:\Users\Igor\StudioProjects\BartRunnerAndroid\app\src\test\resources\bart_live_20260912_071605\etd\ncon.xml,2026-09-12T07:16:03-07:00
bart_live_20260912_071605,NCON,North Concord/Martinez,Yellow,YELLOW,Antioch,ANTC,1,North,32,2026-09-12T07:48:03-07:00,future,0,0,C:\Users\Igor\StudioProjects\BartRunnerAndroid\app\src\test\resources\bart_live_20260912_071605\etd\ncon.xml,2026-09-12T07:16:03-07:00
bart_live_20260912_071605,NCON,North Concord/Martinez,Yellow,YELLOW,Antioch,ANTC,1,North,52,2026-09-12T08:08:03-07:00,future,0,0,C:\Users\Igor\StudioProjects\BartRunnerAndroid\app\src\test\resources\bart_live_20260912_071605\etd\ncon.xml,2026-09-12T07:16:03-07:00
bart_live_20260912_071605,NCON,North Concord/Martinez,Yellow,YELLOW,SF Airport,SFIA,2,South,17,2026-09-12T07:33:03-07:00,future,0,0,C:\Users\Igor\StudioProjects\BartRunnerAndroid\app\src\test\resources\bart_live_20260912_071605\etd\ncon.xml,2026-09-12T07:16:03-07:00
bart_live_20260912_071605,NCON,North Concord/Martinez,Yellow,YELLOW,SF Airport,SFIA,2,South,37,2026-09-12T07:53:03-07:00,future,0,0,C:\Users\Igor\StudioProjects\BartRunnerAndroid\app\src\test\resources\bart_live_20260912_071605\etd\ncon.xml,2026-09-12T07:16:03-07:00
bart_live_20260912_071605,ORIN,Orinda,Yellow,YELLOW,Antioch,ANTC,1,North,11,2026-09-12T07:27:03-07:00,future,0,0,C:\Users\Igor\StudioProjects\BartRunnerAndroid\app\src\test\resources\bart_live_20260912_071605\etd\orin.xml,2026-09-12T07:16:03-07:00
bart_live_20260912_071605,ORIN,Orinda,Yellow,YELLOW,Antioch,ANTC,1,North,31,2026-09-12T07:47:03-07:00,future,0,0,C:\Users\Igor\StudioProjects\BartRunnerAndroid\app\src\test\resources\bart_live_20260912_071605\etd\orin.xml,2026-09-12T07:16:03-07:00
bart_live_20260912_071605,ORIN,Orinda,Yellow,YELLOW,Antioch,ANTC,1,North,51,2026-09-12T08:07:03-07:00,future,0,0,C:\Users\Igor\StudioProjects\BartRunnerAndroid\app\src\test\resources\bart_live_20260912_071605\etd\orin.xml,2026-09-12T07:16:03-07:00
bart_live_20260912_071605,ORIN,Orinda,Yellow,YELLOW,SF Airport,SFIA,2,South,19,2026-09-12T07:35:03-07:00,future,0,0,C:\Users\Igor\StudioProjects\BartRunnerAndroid\app\src\test\resources\bart_live_20260912_071605\etd\orin.xml,2026-09-12T07:16:03-07:00
bart_live_20260912_071605,ORIN,Orinda,Yellow,YELLOW,SF Airport,SFIA,2,South,39,2026-09-12T07:55:03-07:00,future,0,0,C:\Users\Igor\StudioProjects\BartRunnerAndroid\app\src\test\resources\bart_live_20260912_071605\etd\orin.xml,2026-09-12T07:16:03-07:00
bart_live_20260912_071605,ORIN,Orinda,Yellow,YELLOW,SF Airport,SFIA,2,South,59,2026-09-12T08:15:03-07:00,future,0,0,C:\Users\Igor\StudioProjects\BartRunnerAndroid\app\src\test\resources\bart_live_20260912_071605\etd\orin.xml,2026-09-12T07:16:03-07:00
bart_live_20260912_071605,PCTR,Pittsburg Center,Yellow,YELLOW,Antioch,ANTC,1,North,10,2026-09-12T07:26:02-07:00,future,0,0,C:\Users\Igor\StudioProjects\BartRunnerAndroid\app\src\test\resources\bart_live_20260912_071605\etd\pctr.xml,2026-09-12T07:16:02-07:00
bart_live_20260912_071605,PCTR,Pittsburg Center,Yellow,YELLOW,Antioch,ANTC,1,North,30,2026-09-12T07:46:02-07:00,future,0,0,C:\Users\Igor\StudioProjects\BartRunnerAndroid\app\src\test\resources\bart_live_20260912_071605\etd\pctr.xml,2026-09-12T07:16:02-07:00
bart_live_20260912_071605,PCTR,Pittsburg Center,Yellow,YELLOW,Antioch,ANTC,1,North,50,2026-09-12T08:06:02-07:00,future,0,0,C:\Users\Igor\StudioProjects\BartRunnerAndroid\app\src\test\resources\bart_live_20260912_071605\etd\pctr.xml,2026-09-12T07:16:02-07:00
bart_live_20260912_071605,PCTR,Pittsburg Center,Yellow,YELLOW,SFO/Millbrae,MLBR,2,South,20,2026-09-12T07:36:02-07:00,future,0,0,C:\Users\Igor\StudioProjects\BartRunnerAndroid\app\src\test\resources\bart_live_20260912_071605\etd\pctr.xml,2026-09-12T07:16:02-07:00
bart_live_20260912_071605,PCTR,Pittsburg Center,Yellow,YELLOW,SFO/Millbrae,MLBR,2,South,40,2026-09-12T07:56:02-07:00,future,0,0,C:\Users\Igor\StudioProjects\BartRunnerAndroid\app\src\test\resources\bart_live_20260912_071605\etd\pctr.xml,2026-09-12T07:16:02-07:00
bart_live_20260912_071605,PCTR,Pittsburg Center,Yellow,YELLOW,SFO/Millbrae,MLBR,2,South,60,2026-09-12T08:16:02-07:00,future,0,0,C:\Users\Igor\StudioProjects\BartRunnerAndroid\app\src\test\resources\bart_live_20260912_071605\etd\pctr.xml,2026-09-12T07:16:02-07:00
bart_live_20260912_071605,PHIL,Pleasant Hill/Contra Costa Centre,Yellow,YELLOW,Antioch,ANTC,1,North,3,2026-09-12T07:19:03-07:00,future,0,0,C:\Users\Igor\StudioProjects\BartRunnerAndroid\app\src\test\resources\bart_live_20260912_071605\etd\phil.xml,2026-09-12T07:16:03-07:00
bart_live_20260912_071605,PHIL,Pleasant Hill/Contra Costa Centre,Yellow,YELLOW,Antioch,ANTC,1,North,23,2026-09-12T07:39:03-07:00,future,0,0,C:\Users\Igor\StudioProjects\BartRunnerAndroid\app\src\test\resources\bart_live_20260912_071605\etd\phil.xml,2026-09-12T07:16:03-07:00
bart_live_20260912_071605,PHIL,Pleasant Hill/Contra Costa Centre,Yellow,YELLOW,Antioch,ANTC,1,North,43,2026-09-12T07:59:03-07:00,future,0,0,C:\Users\Igor\StudioProjects\BartRunnerAndroid\app\src\test\resources\bart_live_20260912_071605\etd\phil.xml,2026-09-12T07:16:03-07:00
bart_live_20260912_071605,PHIL,Pleasant Hill/Contra Costa Centre,Yellow,YELLOW,SF Airport,SFIA,2,South,7,2026-09-12T07:23:03-07:00,future,0,0,C:\Users\Igor\StudioProjects\BartRunnerAndroid\app\src\test\resources\bart_live_20260912_071605\etd\phil.xml,2026-09-12T07:16:03-07:00
bart_live_20260912_071605,PHIL,Pleasant Hill/Contra Costa Centre,Yellow,YELLOW,SF Airport,SFIA,2,South,26,2026-09-12T07:42:03-07:00,future,0,0,C:\Users\Igor\StudioProjects\BartRunnerAndroid\app\src\test\resources\bart_live_20260912_071605\etd\phil.xml,2026-09-12T07:16:03-07:00
bart_live_20260912_071605,PHIL,Pleasant Hill/Contra Costa Centre,Yellow,YELLOW,SF Airport,SFIA,2,South,46,2026-09-12T08:02:03-07:00,future,0,0,C:\Users\Igor\StudioProjects\BartRunnerAndroid\app\src\test\resources\bart_live_20260912_071605\etd\phil.xml,2026-09-12T07:16:03-07:00
bart_live_20260912_071605,PITT,Pittsburg/Bay Point,Yellow,YELLOW,Antioch,ANTC,1,North,3,2026-09-12T07:19:03-07:00,future,247,0,C:\Users\Igor\StudioProjects\BartRunnerAndroid\app\src\test\resources\bart_live_20260912_071605\etd\pitt.xml,2026-09-12T07:16:03-07:00
bart_live_20260912_071605,PITT,Pittsburg/Bay Point,Yellow,YELLOW,Antioch,ANTC,1,North,19,2026-09-12T07:35:03-07:00,future,0,0,C:\Users\Igor\StudioProjects\BartRunnerAndroid\app\src\test\resources\bart_live_20260912_071605\etd\pitt.xml,2026-09-12T07:16:03-07:00
bart_live_20260912_071605,PITT,Pittsburg/Bay Point,Yellow,YELLOW,Antioch,ANTC,1,North,39,2026-09-12T07:55:03-07:00,future,0,0,C:\Users\Igor\StudioProjects\BartRunnerAndroid\app\src\test\resources\bart_live_20260912_071605\etd\pitt.xml,2026-09-12T07:16:03-07:00
bart_live_20260912_071605,PITT,Pittsburg/Bay Point,Yellow,YELLOW,SF Airport,SFIA,2,South,11,2026-09-12T07:27:03-07:00,future,0,0,C:\Users\Igor\StudioProjects\BartRunnerAndroid\app\src\test\resources\bart_live_20260912_071605\etd\pitt.xml,2026-09-12T07:16:03-07:00
bart_live_20260912_071605,PITT,Pittsburg/Bay Point,Yellow,YELLOW,SF Airport,SFIA,2,South,31,2026-09-12T07:47:03-07:00,future,0,0,C:\Users\Igor\StudioProjects\BartRunnerAndroid\app\src\test\resources\bart_live_20260912_071605\etd\pitt.xml,2026-09-12T07:16:03-07:00
bart_live_20260912_071605,PLZA,El Cerrito Plaza,Orange,ORANGE,Berryessa,BERY,2,South,16,2026-09-12T07:32:02-07:00,future,0,0,C:\Users\Igor\StudioProjects\BartRunnerAndroid\app\src\test\resources\bart_live_20260912_071605\etd\plza.xml,2026-09-12T07:16:02-07:00
bart_live_20260912_071605,PLZA,El Cerrito Plaza,Orange,ORANGE,Berryessa,BERY,2,South,36,2026-09-12T07:52:02-07:00,future,0,0,C:\Users\Igor\StudioProjects\BartRunnerAndroid\app\src\test\resources\bart_live_20260912_071605\etd\plza.xml,2026-09-12T07:16:02-07:00
bart_live_20260912_071605,PLZA,El Cerrito Plaza,Red,RED,Millbrae,MLBR,2,South,4,2026-09-12T07:20:02-07:00,future,0,0,C:\Users\Igor\StudioProjects\BartRunnerAndroid\app\src\test\resources\bart_live_20260912_071605\etd\plza.xml,2026-09-12T07:16:02-07:00
bart_live_20260912_071605,PLZA,El Cerrito Plaza,Red,RED,Millbrae,MLBR,2,South,23,2026-09-12T07:39:02-07:00,future,0,0,C:\Users\Igor\StudioProjects\BartRunnerAndroid\app\src\test\resources\bart_live_20260912_071605\etd\plza.xml,2026-09-12T07:16:02-07:00
bart_live_20260912_071605,PLZA,El Cerrito Plaza,Red,RED,Millbrae,MLBR,2,South,43,2026-09-12T07:59:02-07:00,future,0,0,C:\Users\Igor\StudioProjects\BartRunnerAndroid\app\src\test\resources\bart_live_20260912_071605\etd\plza.xml,2026-09-12T07:16:02-07:00
bart_live_20260912_071605,PLZA,El Cerrito Plaza,Orange,ORANGE,Richmond,RICH,1,North,15,2026-09-12T07:31:02-07:00,future,66,0,C:\Users\Igor\StudioProjects\BartRunnerAndroid\app\src\test\resources\bart_live_20260912_071605\etd\plza.xml,2026-09-12T07:16:02-07:00
bart_live_20260912_071605,PLZA,El Cerrito Plaza,Orange,ORANGE,Richmond,RICH,1,North,35,2026-09-12T07:51:02-07:00,future,0,0,C:\Users\Igor\StudioProjects\BartRunnerAndroid\app\src\test\resources\bart_live_20260912_071605\etd\plza.xml,2026-09-12T07:16:02-07:00
bart_live_20260912_071605,PLZA,El Cerrito Plaza,Orange,ORANGE,Richmond,RICH,1,North,55,2026-09-12T08:11:02-07:00,future,0,0,C:\Users\Igor\StudioProjects\BartRunnerAndroid\app\src\test\resources\bart_live_20260912_071605\etd\plza.xml,2026-09-12T07:16:02-07:00
bart_live_20260912_071605,POWL,Powell St.,Yellow,YELLOW,Antioch,ANTC,2,North,4,2026-09-12T07:20:02-07:00,future,97,0,C:\Users\Igor\StudioProjects\BartRunnerAndroid\app\src\test\resources\bart_live_20260912_071605\etd\powl.xml,2026-09-12T07:16:02-07:00
bart_live_20260912_071605,POWL,Powell St.,Yellow,YELLOW,Antioch,ANTC,2,North,22,2026-09-12T07:38:02-07:00,future,0,0,C:\Users\Igor\StudioProjects\BartRunnerAndroid\app\src\test\resources\bart_live_20260912_071605\etd\powl.xml,2026-09-12T07:16:02-07:00
bart_live_20260912_071605,POWL,Powell St.,Yellow,YELLOW,Antioch,ANTC,2,North,42,2026-09-12T07:58:02-07:00,future,0,0,C:\Users\Igor\StudioProjects\BartRunnerAndroid\app\src\test\resources\bart_live_20260912_071605\etd\powl.xml,2026-09-12T07:16:02-07:00
bart_live_20260912_071605,POWL,Powell St.,Blue,BLUE,Daly City,DALY,1,South,Leaving,2026-09-12T07:16:02-07:00,leaving,0,0,C:\Users\Igor\StudioProjects\BartRunnerAndroid\app\src\test\resources\bart_live_20260912_071605\etd\powl.xml,2026-09-12T07:16:02-07:00
bart_live_20260912_071605,POWL,Powell St.,Blue,BLUE,Daly City,DALY,1,South,20,2026-09-12T07:36:02-07:00,future,0,0,C:\Users\Igor\StudioProjects\BartRunnerAndroid\app\src\test\resources\bart_live_20260912_071605\etd\powl.xml,2026-09-12T07:16:02-07:00
bart_live_20260912_071605,POWL,Powell St.,Blue,BLUE,Daly City,DALY,1,South,40,2026-09-12T07:56:02-07:00,future,0,0,C:\Users\Igor\StudioProjects\BartRunnerAndroid\app\src\test\resources\bart_live_20260912_071605\etd\powl.xml,2026-09-12T07:16:02-07:00
bart_live_20260912_071605,POWL,Powell St.,Blue,BLUE,Dublin/Pleasanton,DUBL,2,North,16,2026-09-12T07:32:02-07:00,future,0,0,C:\Users\Igor\StudioProjects\BartRunnerAndroid\app\src\test\resources\bart_live_20260912_071605\etd\powl.xml,2026-09-12T07:16:02-07:00
bart_live_20260912_071605,POWL,Powell St.,Blue,BLUE,Dublin/Pleasanton,DUBL,2,North,36,2026-09-12T07:52:02-07:00,future,0,0,C:\Users\Igor\StudioProjects\BartRunnerAndroid\app\src\test\resources\bart_live_20260912_071605\etd\powl.xml,2026-09-12T07:16:02-07:00
bart_live_20260912_071605,POWL,Powell St.,Blue,BLUE,Dublin/Pleasanton,DUBL,2,North,56,2026-09-12T08:12:02-07:00,future,0,0,C:\Users\Igor\StudioProjects\BartRunnerAndroid\app\src\test\resources\bart_live_20260912_071605\etd\powl.xml,2026-09-12T07:16:02-07:00
bart_live_20260912_071605,POWL,Powell St.,Red,RED,Millbrae,MLBR,1,South,16,2026-09-12T07:32:02-07:00,future,0,0,C:\Users\Igor\StudioProjects\BartRunnerAndroid\app\src\test\resources\bart_live_20260912_071605\etd\powl.xml,2026-09-12T07:16:02-07:00
bart_live_20260912_071605,POWL,Powell St.,Red,RED,Millbrae,MLBR,1,South,36,2026-09-12T07:52:02-07:00,future,0,0,C:\Users\Igor\StudioProjects\BartRunnerAndroid\app\src\test\resources\bart_live_20260912_071605\etd\powl.xml,2026-09-12T07:16:02-07:00
bart_live_20260912_071605,POWL,Powell St.,Red,RED,Millbrae,MLBR,1,South,56,2026-09-12T08:12:02-07:00,future,0,0,C:\Users\Igor\StudioProjects\BartRunnerAndroid\app\src\test\resources\bart_live_20260912_071605\etd\powl.xml,2026-09-12T07:16:02-07:00
bart_live_20260912_071605,POWL,Powell St.,Red,RED,Richmond,RICH,2,North,31,2026-09-12T07:47:02-07:00,future,0,0,C:\Users\Igor\StudioProjects\BartRunnerAndroid\app\src\test\resources\bart_live_20260912_071605\etd\powl.xml,2026-09-12T07:16:02-07:00
bart_live_20260912_071605,POWL,Powell St.,Red,RED,Richmond,RICH,2,North,51,2026-09-12T08:07:02-07:00,future,0,0,C:\Users\Igor\StudioProjects\BartRunnerAndroid\app\src\test\resources\bart_live_20260912_071605\etd\powl.xml,2026-09-12T07:16:02-07:00
bart_live_20260912_071605,POWL,Powell St.,Yellow,YELLOW,SF Airport,SFIA,1,South,8,2026-09-12T07:24:02-07:00,future,0,0,C:\Users\Igor\StudioProjects\BartRunnerAndroid\app\src\test\resources\bart_live_20260912_071605\etd\powl.xml,2026-09-12T07:16:02-07:00
bart_live_20260912_071605,POWL,Powell St.,Yellow,YELLOW,SF Airport,SFIA,1,South,28,2026-09-12T07:44:02-07:00,future,0,0,C:\Users\Igor\StudioProjects\BartRunnerAndroid\app\src\test\resources\bart_live_20260912_071605\etd\powl.xml,2026-09-12T07:16:02-07:00
bart_live_20260912_071605,POWL,Powell St.,Yellow,YELLOW,SF Airport,SFIA,1,South,48,2026-09-12T08:04:02-07:00,future,0,0,C:\Users\Igor\StudioProjects\BartRunnerAndroid\app\src\test\resources\bart_live_20260912_071605\etd\powl.xml,2026-09-12T07:16:02-07:00
bart_live_20260912_071605,RICH,Richmond,Orange,ORANGE,Berryessa,BERY,2,South,7,2026-09-12T07:23:02-07:00,future,0,0,C:\Users\Igor\StudioProjects\BartRunnerAndroid\app\src\test\resources\bart_live_20260912_071605\etd\rich.xml,2026-09-12T07:16:02-07:00
bart_live_20260912_071605,RICH,Richmond,Orange,ORANGE,Berryessa,BERY,2,South,27,2026-09-12T07:43:02-07:00,future,0,0,C:\Users\Igor\StudioProjects\BartRunnerAndroid\app\src\test\resources\bart_live_20260912_071605\etd\rich.xml,2026-09-12T07:16:02-07:00
bart_live_20260912_071605,RICH,Richmond,Red,RED,Millbrae,MLBR,2,South,14,2026-09-12T07:30:02-07:00,future,0,0,C:\Users\Igor\StudioProjects\BartRunnerAndroid\app\src\test\resources\bart_live_20260912_071605\etd\rich.xml,2026-09-12T07:16:02-07:00
bart_live_20260912_071605,RICH,Richmond,Red,RED,Millbrae,MLBR,2,South,34,2026-09-12T07:50:02-07:00,future,0,0,C:\Users\Igor\StudioProjects\BartRunnerAndroid\app\src\test\resources\bart_live_20260912_071605\etd\rich.xml,2026-09-12T07:16:02-07:00
bart_live_20260912_071605,ROCK,Rockridge,Yellow,YELLOW,Antioch,ANTC,1,North,6,2026-09-12T07:22:02-07:00,future,0,0,C:\Users\Igor\StudioProjects\BartRunnerAndroid\app\src\test\resources\bart_live_20260912_071605\etd\rock.xml,2026-09-12T07:16:02-07:00
bart_live_20260912_071605,ROCK,Rockridge,Yellow,YELLOW,Antioch,ANTC,1,North,25,2026-09-12T07:41:02-07:00,future,0,0,C:\Users\Igor\StudioProjects\BartRunnerAndroid\app\src\test\resources\bart_live_20260912_071605\etd\rock.xml,2026-09-12T07:16:02-07:00
bart_live_20260912_071605,ROCK,Rockridge,Yellow,YELLOW,Antioch,ANTC,1,North,45,2026-09-12T08:01:02-07:00,future,0,0,C:\Users\Igor\StudioProjects\BartRunnerAndroid\app\src\test\resources\bart_live_20260912_071605\etd\rock.xml,2026-09-12T07:16:02-07:00
bart_live_20260912_071605,ROCK,Rockridge,Yellow,YELLOW,SF Airport,SFIA,2,South,5,2026-09-12T07:21:02-07:00,future,0,0,C:\Users\Igor\StudioProjects\BartRunnerAndroid\app\src\test\resources\bart_live_20260912_071605\etd\rock.xml,2026-09-12T07:16:02-07:00
bart_live_20260912_071605,ROCK,Rockridge,Yellow,YELLOW,SF Airport,SFIA,2,South,24,2026-09-12T07:40:02-07:00,future,0,0,C:\Users\Igor\StudioProjects\BartRunnerAndroid\app\src\test\resources\bart_live_20260912_071605\etd\rock.xml,2026-09-12T07:16:02-07:00
bart_live_20260912_071605,ROCK,Rockridge,Yellow,YELLOW,SF Airport,SFIA,2,South,44,2026-09-12T08:00:02-07:00,future,0,0,C:\Users\Igor\StudioProjects\BartRunnerAndroid\app\src\test\resources\bart_live_20260912_071605\etd\rock.xml,2026-09-12T07:16:02-07:00
bart_live_20260912_071605,SANL,San Leandro,Orange,ORANGE,Berryessa,BERY,1,South,10,2026-09-12T07:26:03-07:00,future,0,0,C:\Users\Igor\StudioProjects\BartRunnerAndroid\app\src\test\resources\bart_live_20260912_071605\etd\sanl.xml,2026-09-12T07:16:03-07:00
bart_live_20260912_071605,SANL,San Leandro,Orange,ORANGE,Berryessa,BERY,1,South,30,2026-09-12T07:46:03-07:00,future,0,0,C:\Users\Igor\StudioProjects\BartRunnerAndroid\app\src\test\resources\bart_live_20260912_071605\etd\sanl.xml,2026-09-12T07:16:03-07:00
bart_live_20260912_071605,SANL,San Leandro,Orange,ORANGE,Berryessa,BERY,1,South,50,2026-09-12T08:06:03-07:00,future,0,0,C:\Users\Igor\StudioProjects\BartRunnerAndroid\app\src\test\resources\bart_live_20260912_071605\etd\sanl.xml,2026-09-12T07:16:03-07:00
bart_live_20260912_071605,SANL,San Leandro,Blue,BLUE,Daly City,DALY,2,South,12,2026-09-12T07:28:03-07:00,future,0,0,C:\Users\Igor\StudioProjects\BartRunnerAndroid\app\src\test\resources\bart_live_20260912_071605\etd\sanl.xml,2026-09-12T07:16:03-07:00
bart_live_20260912_071605,SANL,San Leandro,Blue,BLUE,Daly City,DALY,2,South,32,2026-09-12T07:48:03-07:00,future,0,0,C:\Users\Igor\StudioProjects\BartRunnerAndroid\app\src\test\resources\bart_live_20260912_071605\etd\sanl.xml,2026-09-12T07:16:03-07:00
bart_live_20260912_071605,SANL,San Leandro,Blue,BLUE,Daly City,DALY,2,South,52,2026-09-12T08:08:03-07:00,future,0,0,C:\Users\Igor\StudioProjects\BartRunnerAndroid\app\src\test\resources\bart_live_20260912_071605\etd\sanl.xml,2026-09-12T07:16:03-07:00
bart_live_20260912_071605,SANL,San Leandro,Blue,BLUE,Dublin/Pleasanton,DUBL,1,North,4,2026-09-12T07:20:03-07:00,future,75,0,C:\Users\Igor\StudioProjects\BartRunnerAndroid\app\src\test\resources\bart_live_20260912_071605\etd\sanl.xml,2026-09-12T07:16:03-07:00
bart_live_20260912_071605,SANL,San Leandro,Blue,BLUE,Dublin/Pleasanton,DUBL,1,North,22,2026-09-12T07:38:03-07:00,future,0,0,C:\Users\Igor\StudioProjects\BartRunnerAndroid\app\src\test\resources\bart_live_20260912_071605\etd\sanl.xml,2026-09-12T07:16:03-07:00
bart_live_20260912_071605,SANL,San Leandro,Blue,BLUE,Dublin/Pleasanton,DUBL,1,North,43,2026-09-12T07:59:03-07:00,future,0,0,C:\Users\Igor\StudioProjects\BartRunnerAndroid\app\src\test\resources\bart_live_20260912_071605\etd\sanl.xml,2026-09-12T07:16:03-07:00
bart_live_20260912_071605,SANL,San Leandro,Orange,ORANGE,Richmond,RICH,2,North,3,2026-09-12T07:19:03-07:00,future,63,0,C:\Users\Igor\StudioProjects\BartRunnerAndroid\app\src\test\resources\bart_live_20260912_071605\etd\sanl.xml,2026-09-12T07:16:03-07:00
bart_live_20260912_071605,SANL,San Leandro,Orange,ORANGE,Richmond,RICH,2,North,22,2026-09-12T07:38:03-07:00,future,0,0,C:\Users\Igor\StudioProjects\BartRunnerAndroid\app\src\test\resources\bart_live_20260912_071605\etd\sanl.xml,2026-09-12T07:16:03-07:00
bart_live_20260912_071605,SANL,San Leandro,Orange,ORANGE,Richmond,RICH,2,North,42,2026-09-12T07:58:03-07:00,future,0,0,C:\Users\Igor\StudioProjects\BartRunnerAndroid\app\src\test\resources\bart_live_20260912_071605\etd\sanl.xml,2026-09-12T07:16:03-07:00
bart_live_20260912_071605,SANL,San Leandro,Green,GREEN,South Hayward,SHAY,1,South,6,2026-09-12T07:22:03-07:00,future,0,0,C:\Users\Igor\StudioProjects\BartRunnerAndroid\app\src\test\resources\bart_live_20260912_071605\etd\sanl.xml,2026-09-12T07:16:03-07:00
bart_live_20260912_071605,SBRN,San Bruno,Yellow,YELLOW,Antioch,ANTC,2,North,17,2026-09-12T07:33:03-07:00,future,0,0,C:\Users\Igor\StudioProjects\BartRunnerAndroid\app\src\test\resources\bart_live_20260912_071605\etd\sbrn.xml,2026-09-12T07:16:03-07:00
bart_live_20260912_071605,SBRN,San Bruno,Yellow,YELLOW,Antioch,ANTC,2,North,37,2026-09-12T07:53:03-07:00,future,0,0,C:\Users\Igor\StudioProjects\BartRunnerAndroid\app\src\test\resources\bart_live_20260912_071605\etd\sbrn.xml,2026-09-12T07:16:03-07:00
bart_live_20260912_071605,SBRN,San Bruno,Red,RED,Millbrae,MLBR,1,South,3,2026-09-12T07:19:03-07:00,future,0,0,C:\Users\Igor\StudioProjects\BartRunnerAndroid\app\src\test\resources\bart_live_20260912_071605\etd\sbrn.xml,2026-09-12T07:16:03-07:00
bart_live_20260912_071605,SBRN,San Bruno,Red,RED,Millbrae,MLBR,1,South,22,2026-09-12T07:38:03-07:00,future,0,0,C:\Users\Igor\StudioProjects\BartRunnerAndroid\app\src\test\resources\bart_live_20260912_071605\etd\sbrn.xml,2026-09-12T07:16:03-07:00
bart_live_20260912_071605,SBRN,San Bruno,Red,RED,Millbrae,MLBR,1,South,43,2026-09-12T07:59:03-07:00,future,0,0,C:\Users\Igor\StudioProjects\BartRunnerAndroid\app\src\test\resources\bart_live_20260912_071605\etd\sbrn.xml,2026-09-12T07:16:03-07:00
bart_live_20260912_071605,SBRN,San Bruno,Red,RED,Richmond,RICH,2,North,6,2026-09-12T07:22:03-07:00,future,0,0,C:\Users\Igor\StudioProjects\BartRunnerAndroid\app\src\test\resources\bart_live_20260912_071605\etd\sbrn.xml,2026-09-12T07:16:03-07:00
bart_live_20260912_071605,SBRN,San Bruno,Red,RED,Richmond,RICH,2,North,26,2026-09-12T07:42:03-07:00,future,0,0,C:\Users\Igor\StudioProjects\BartRunnerAndroid\app\src\test\resources\bart_live_20260912_071605\etd\sbrn.xml,2026-09-12T07:16:03-07:00
bart_live_20260912_071605,SBRN,San Bruno,Yellow,YELLOW,SF Airport,SFIA,1,South,14,2026-09-12T07:30:03-07:00,future,0,0,C:\Users\Igor\StudioProjects\BartRunnerAndroid\app\src\test\resources\bart_live_20260912_071605\etd\sbrn.xml,2026-09-12T07:16:03-07:00
bart_live_20260912_071605,SBRN,San Bruno,Yellow,YELLOW,SF Airport,SFIA,1,South,34,2026-09-12T07:50:03-07:00,future,0,0,C:\Users\Igor\StudioProjects\BartRunnerAndroid\app\src\test\resources\bart_live_20260912_071605\etd\sbrn.xml,2026-09-12T07:16:03-07:00
bart_live_20260912_071605,SBRN,San Bruno,Yellow,YELLOW,SF Airport,SFIA,1,South,54,2026-09-12T08:10:03-07:00,future,0,0,C:\Users\Igor\StudioProjects\BartRunnerAndroid\app\src\test\resources\bart_live_20260912_071605\etd\sbrn.xml,2026-09-12T07:16:03-07:00
bart_live_20260912_071605,SFIA,San Francisco Int'l Airport,Yellow,YELLOW,Antioch,ANTC,1,North,13,2026-09-12T07:29:03-07:00,future,0,0,C:\Users\Igor\StudioProjects\BartRunnerAndroid\app\src\test\resources\bart_live_20260912_071605\etd\sfia.xml,2026-09-12T07:16:03-07:00
bart_live_20260912_071605,SFIA,San Francisco Int'l Airport,Yellow,YELLOW,Antioch,ANTC,1,North,33,2026-09-12T07:49:03-07:00,future,0,0,C:\Users\Igor\StudioProjects\BartRunnerAndroid\app\src\test\resources\bart_live_20260912_071605\etd\sfia.xml,2026-09-12T07:16:03-07:00
bart_live_20260912_071605,SFIA,San Francisco Int'l Airport,Red,RED,Millbrae,MLBR,2,South,9,2026-09-12T07:25:03-07:00,future,0,0,C:\Users\Igor\StudioProjects\BartRunnerAndroid\app\src\test\resources\bart_live_20260912_071605\etd\sfia.xml,2026-09-12T07:16:03-07:00
bart_live_20260912_071605,SFIA,San Francisco Int'l Airport,Red,RED,Millbrae,MLBR,2,South,29,2026-09-12T07:45:03-07:00,future,0,0,C:\Users\Igor\StudioProjects\BartRunnerAndroid\app\src\test\resources\bart_live_20260912_071605\etd\sfia.xml,2026-09-12T07:16:03-07:00
bart_live_20260912_071605,SFIA,San Francisco Int'l Airport,Red,RED,Richmond,RICH,2,North,2,2026-09-12T07:18:03-07:00,future,0,0,C:\Users\Igor\StudioProjects\BartRunnerAndroid\app\src\test\resources\bart_live_20260912_071605\etd\sfia.xml,2026-09-12T07:16:03-07:00
bart_live_20260912_071605,SFIA,San Francisco Int'l Airport,Red,RED,Richmond,RICH,2,North,22,2026-09-12T07:38:03-07:00,future,0,0,C:\Users\Igor\StudioProjects\BartRunnerAndroid\app\src\test\resources\bart_live_20260912_071605\etd\sfia.xml,2026-09-12T07:16:03-07:00
bart_live_20260912_071605,SHAY,South Hayward,Orange,ORANGE,Berryessa,BERY,1,South,4,2026-09-12T07:20:03-07:00,future,0,0,C:\Users\Igor\StudioProjects\BartRunnerAndroid\app\src\test\resources\bart_live_20260912_071605\etd\shay.xml,2026-09-12T07:16:03-07:00
bart_live_20260912_071605,SHAY,South Hayward,Orange,ORANGE,Berryessa,BERY,1,South,23,2026-09-12T07:39:03-07:00,future,0,0,C:\Users\Igor\StudioProjects\BartRunnerAndroid\app\src\test\resources\bart_live_20260912_071605\etd\shay.xml,2026-09-12T07:16:03-07:00
bart_live_20260912_071605,SHAY,South Hayward,Orange,ORANGE,Berryessa,BERY,1,South,43,2026-09-12T07:59:03-07:00,future,0,0,C:\Users\Igor\StudioProjects\BartRunnerAndroid\app\src\test\resources\bart_live_20260912_071605\etd\shay.xml,2026-09-12T07:16:03-07:00
bart_live_20260912_071605,SHAY,South Hayward,Orange,ORANGE,Richmond,RICH,2,North,6,2026-09-12T07:22:03-07:00,future,0,0,C:\Users\Igor\StudioProjects\BartRunnerAndroid\app\src\test\resources\bart_live_20260912_071605\etd\shay.xml,2026-09-12T07:16:03-07:00
bart_live_20260912_071605,SHAY,South Hayward,Orange,ORANGE,Richmond,RICH,2,North,26,2026-09-12T07:42:03-07:00,future,0,0,C:\Users\Igor\StudioProjects\BartRunnerAndroid\app\src\test\resources\bart_live_20260912_071605\etd\shay.xml,2026-09-12T07:16:03-07:00
bart_live_20260912_071605,SHAY,South Hayward,Orange,ORANGE,Richmond,RICH,2,North,46,2026-09-12T08:02:03-07:00,future,0,0,C:\Users\Igor\StudioProjects\BartRunnerAndroid\app\src\test\resources\bart_live_20260912_071605\etd\shay.xml,2026-09-12T07:16:03-07:00
bart_live_20260912_071605,SSAN,South San Francisco,Yellow,YELLOW,Antioch,ANTC,2,North,1,2026-09-12T07:17:02-07:00,future,60,0,C:\Users\Igor\StudioProjects\BartRunnerAndroid\app\src\test\resources\bart_live_20260912_071605\etd\ssan.xml,2026-09-12T07:16:02-07:00
bart_live_20260912_071605,SSAN,South San Francisco,Yellow,YELLOW,Antioch,ANTC,2,North,20,2026-09-12T07:36:02-07:00,future,0,0,C:\Users\Igor\StudioProjects\BartRunnerAndroid\app\src\test\resources\bart_live_20260912_071605\etd\ssan.xml,2026-09-12T07:16:02-07:00
bart_live_20260912_071605,SSAN,South San Francisco,Yellow,YELLOW,Antioch,ANTC,2,North,40,2026-09-12T07:56:02-07:00,future,0,0,C:\Users\Igor\StudioProjects\BartRunnerAndroid\app\src\test\resources\bart_live_20260912_071605\etd\ssan.xml,2026-09-12T07:16:02-07:00
bart_live_20260912_071605,SSAN,South San Francisco,Red,RED,Millbrae,MLBR,1,South,18,2026-09-12T07:34:02-07:00,future,0,0,C:\Users\Igor\StudioProjects\BartRunnerAndroid\app\src\test\resources\bart_live_20260912_071605\etd\ssan.xml,2026-09-12T07:16:02-07:00
bart_live_20260912_071605,SSAN,South San Francisco,Red,RED,Millbrae,MLBR,1,South,38,2026-09-12T07:54:02-07:00,future,0,0,C:\Users\Igor\StudioProjects\BartRunnerAndroid\app\src\test\resources\bart_live_20260912_071605\etd\ssan.xml,2026-09-12T07:16:02-07:00
bart_live_20260912_071605,SSAN,South San Francisco,Red,RED,Millbrae,MLBR,1,South,58,2026-09-12T08:14:02-07:00,future,0,0,C:\Users\Igor\StudioProjects\BartRunnerAndroid\app\src\test\resources\bart_live_20260912_071605\etd\ssan.xml,2026-09-12T07:16:02-07:00
bart_live_20260912_071605,SSAN,South San Francisco,Red,RED,Richmond,RICH,2,North,9,2026-09-12T07:25:02-07:00,future,0,0,C:\Users\Igor\StudioProjects\BartRunnerAndroid\app\src\test\resources\bart_live_20260912_071605\etd\ssan.xml,2026-09-12T07:16:02-07:00
bart_live_20260912_071605,SSAN,South San Francisco,Red,RED,Richmond,RICH,2,North,29,2026-09-12T07:45:02-07:00,future,0,0,C:\Users\Igor\StudioProjects\BartRunnerAndroid\app\src\test\resources\bart_live_20260912_071605\etd\ssan.xml,2026-09-12T07:16:02-07:00
bart_live_20260912_071605,SSAN,South San Francisco,Yellow,YELLOW,SF Airport,SFIA,1,South,11,2026-09-12T07:27:02-07:00,future,0,0,C:\Users\Igor\StudioProjects\BartRunnerAndroid\app\src\test\resources\bart_live_20260912_071605\etd\ssan.xml,2026-09-12T07:16:02-07:00
bart_live_20260912_071605,SSAN,South San Francisco,Yellow,YELLOW,SF Airport,SFIA,1,South,31,2026-09-12T07:47:02-07:00,future,0,0,C:\Users\Igor\StudioProjects\BartRunnerAndroid\app\src\test\resources\bart_live_20260912_071605\etd\ssan.xml,2026-09-12T07:16:02-07:00
bart_live_20260912_071605,SSAN,South San Francisco,Yellow,YELLOW,SF Airport,SFIA,1,South,51,2026-09-12T08:07:02-07:00,future,0,0,C:\Users\Igor\StudioProjects\BartRunnerAndroid\app\src\test\resources\bart_live_20260912_071605\etd\ssan.xml,2026-09-12T07:16:02-07:00
bart_live_20260912_071605,UCTY,Union City,Orange,ORANGE,Richmond,RICH,1,North,Leaving,2026-09-12T07:16:03-07:00,leaving,0,0,C:\Users\Igor\StudioProjects\BartRunnerAndroid\app\src\test\resources\bart_live_20260912_071605\etd\ucty.xml,2026-09-12T07:16:03-07:00
bart_live_20260912_071605,UCTY,Union City,Orange,ORANGE,Richmond,RICH,1,North,21,2026-09-12T07:37:03-07:00,future,0,0,C:\Users\Igor\StudioProjects\BartRunnerAndroid\app\src\test\resources\bart_live_20260912_071605\etd\ucty.xml,2026-09-12T07:16:03-07:00
bart_live_20260912_071605,UCTY,Union City,Orange,ORANGE,Richmond,RICH,1,North,41,2026-09-12T07:57:03-07:00,future,0,0,C:\Users\Igor\StudioProjects\BartRunnerAndroid\app\src\test\resources\bart_live_20260912_071605\etd\ucty.xml,2026-09-12T07:16:03-07:00
bart_live_20260912_071605,WARM,Warm Springs/South Fremont,Orange,ORANGE,Berryessa,BERY,2,South,18,2026-09-12T07:34:03-07:00,future,0,0,C:\Users\Igor\StudioProjects\BartRunnerAndroid\app\src\test\resources\bart_live_20260912_071605\etd\warm.xml,2026-09-12T07:16:03-07:00
bart_live_20260912_071605,WARM,Warm Springs/South Fremont,Orange,ORANGE,Berryessa,BERY,2,South,38,2026-09-12T07:54:03-07:00,future,0,0,C:\Users\Igor\StudioProjects\BartRunnerAndroid\app\src\test\resources\bart_live_20260912_071605\etd\warm.xml,2026-09-12T07:16:03-07:00
bart_live_20260912_071605,WCRK,Walnut Creek,Yellow,YELLOW,Antioch,ANTC,1,North,1,2026-09-12T07:17:03-07:00,future,0,0,C:\Users\Igor\StudioProjects\BartRunnerAndroid\app\src\test\resources\bart_live_20260912_071605\etd\wcrk.xml,2026-09-12T07:16:03-07:00
bart_live_20260912_071605,WCRK,Walnut Creek,Yellow,YELLOW,Antioch,ANTC,1,North,20,2026-09-12T07:36:03-07:00,future,0,0,C:\Users\Igor\StudioProjects\BartRunnerAndroid\app\src\test\resources\bart_live_20260912_071605\etd\wcrk.xml,2026-09-12T07:16:03-07:00
bart_live_20260912_071605,WCRK,Walnut Creek,Yellow,YELLOW,Antioch,ANTC,1,North,40,2026-09-12T07:56:03-07:00,future,0,0,C:\Users\Igor\StudioProjects\BartRunnerAndroid\app\src\test\resources\bart_live_20260912_071605\etd\wcrk.xml,2026-09-12T07:16:03-07:00
bart_live_20260912_071605,WCRK,Walnut Creek,Yellow,YELLOW,SF Airport,SFIA,2,South,10,2026-09-12T07:26:03-07:00,future,0,0,C:\Users\Igor\StudioProjects\BartRunnerAndroid\app\src\test\resources\bart_live_20260912_071605\etd\wcrk.xml,2026-09-12T07:16:03-07:00
bart_live_20260912_071605,WCRK,Walnut Creek,Yellow,YELLOW,SF Airport,SFIA,2,South,29,2026-09-12T07:45:03-07:00,future,0,0,C:\Users\Igor\StudioProjects\BartRunnerAndroid\app\src\test\resources\bart_live_20260912_071605\etd\wcrk.xml,2026-09-12T07:16:03-07:00
bart_live_20260912_071605,WCRK,Walnut Creek,Yellow,YELLOW,SF Airport,SFIA,2,South,49,2026-09-12T08:05:03-07:00,future,0,0,C:\Users\Igor\StudioProjects\BartRunnerAndroid\app\src\test\resources\bart_live_20260912_071605\etd\wcrk.xml,2026-09-12T07:16:03-07:00
bart_live_20260912_071605,WDUB,West Dublin/Pleasanton,Blue,BLUE,Daly City,DALY,2,South,14,2026-09-12T07:30:03-07:00,future,0,0,C:\Users\Igor\StudioProjects\BartRunnerAndroid\app\src\test\resources\bart_live_20260912_071605\etd\wdub.xml,2026-09-12T07:16:03-07:00
bart_live_20260912_071605,WDUB,West Dublin/Pleasanton,Blue,BLUE,Daly City,DALY,2,South,34,2026-09-12T07:50:03-07:00,future,0,0,C:\Users\Igor\StudioProjects\BartRunnerAndroid\app\src\test\resources\bart_live_20260912_071605\etd\wdub.xml,2026-09-12T07:16:03-07:00
bart_live_20260912_071605,WDUB,West Dublin/Pleasanton,Blue,BLUE,Dublin/Pleasanton,DUBL,1,North,2,2026-09-12T07:18:03-07:00,future,85,0,C:\Users\Igor\StudioProjects\BartRunnerAndroid\app\src\test\resources\bart_live_20260912_071605\etd\wdub.xml,2026-09-12T07:16:03-07:00
bart_live_20260912_071605,WDUB,West Dublin/Pleasanton,Blue,BLUE,Dublin/Pleasanton,DUBL,1,North,21,2026-09-12T07:37:03-07:00,future,0,0,C:\Users\Igor\StudioProjects\BartRunnerAndroid\app\src\test\resources\bart_live_20260912_071605\etd\wdub.xml,2026-09-12T07:16:03-07:00
bart_live_20260912_071605,WDUB,West Dublin/Pleasanton,Blue,BLUE,Dublin/Pleasanton,DUBL,1,North,41,2026-09-12T07:57:03-07:00,future,0,0,C:\Users\Igor\StudioProjects\BartRunnerAndroid\app\src\test\resources\bart_live_20260912_071605\etd\wdub.xml,2026-09-12T07:16:03-07:00
bart_live_20260912_071605,WOAK,West Oakland,Yellow,YELLOW,Antioch,ANTC,2,North,13,2026-09-12T07:29:02-07:00,future,67,0,C:\Users\Igor\StudioProjects\BartRunnerAndroid\app\src\test\resources\bart_live_20260912_071605\etd\woak.xml,2026-09-12T07:16:02-07:00
bart_live_20260912_071605,WOAK,West Oakland,Yellow,YELLOW,Antioch,ANTC,2,North,32,2026-09-12T07:48:02-07:00,future,0,0,C:\Users\Igor\StudioProjects\BartRunnerAndroid\app\src\test\resources\bart_live_20260912_071605\etd\woak.xml,2026-09-12T07:16:02-07:00
bart_live_20260912_071605,WOAK,West Oakland,Yellow,YELLOW,Antioch,ANTC,2,North,52,2026-09-12T08:08:02-07:00,future,0,0,C:\Users\Igor\StudioProjects\BartRunnerAndroid\app\src\test\resources\bart_live_20260912_071605\etd\woak.xml,2026-09-12T07:16:02-07:00
bart_live_20260912_071605,WOAK,West Oakland,Blue,BLUE,Daly City,DALY,1,South,10,2026-09-12T07:26:02-07:00,future,0,0,C:\Users\Igor\StudioProjects\BartRunnerAndroid\app\src\test\resources\bart_live_20260912_071605\etd\woak.xml,2026-09-12T07:16:02-07:00
bart_live_20260912_071605,WOAK,West Oakland,Blue,BLUE,Daly City,DALY,1,South,30,2026-09-12T07:46:02-07:00,future,0,0,C:\Users\Igor\StudioProjects\BartRunnerAndroid\app\src\test\resources\bart_live_20260912_071605\etd\woak.xml,2026-09-12T07:16:02-07:00
bart_live_20260912_071605,WOAK,West Oakland,Blue,BLUE,Daly City,DALY,1,South,50,2026-09-12T08:06:02-07:00,future,0,0,C:\Users\Igor\StudioProjects\BartRunnerAndroid\app\src\test\resources\bart_live_20260912_071605\etd\woak.xml,2026-09-12T07:16:02-07:00
bart_live_20260912_071605,WOAK,West Oakland,Blue,BLUE,Dublin/Pleasanton,DUBL,2,North,6,2026-09-12T07:22:02-07:00,future,0,0,C:\Users\Igor\StudioProjects\BartRunnerAndroid\app\src\test\resources\bart_live_20260912_071605\etd\woak.xml,2026-09-12T07:16:02-07:00
bart_live_20260912_071605,WOAK,West Oakland,Blue,BLUE,Dublin/Pleasanton,DUBL,2,North,26,2026-09-12T07:42:02-07:00,future,0,0,C:\Users\Igor\StudioProjects\BartRunnerAndroid\app\src\test\resources\bart_live_20260912_071605\etd\woak.xml,2026-09-12T07:16:02-07:00
bart_live_20260912_071605,WOAK,West Oakland,Blue,BLUE,Dublin/Pleasanton,DUBL,2,North,46,2026-09-12T08:02:02-07:00,future,0,0,C:\Users\Igor\StudioProjects\BartRunnerAndroid\app\src\test\resources\bart_live_20260912_071605\etd\woak.xml,2026-09-12T07:16:02-07:00
bart_live_20260912_071605,WOAK,West Oakland,Red,RED,Millbrae,MLBR,1,South,6,2026-09-12T07:22:02-07:00,future,0,0,C:\Users\Igor\StudioProjects\BartRunnerAndroid\app\src\test\resources\bart_live_20260912_071605\etd\woak.xml,2026-09-12T07:16:02-07:00
bart_live_20260912_071605,WOAK,West Oakland,Red,RED,Millbrae,MLBR,1,South,26,2026-09-12T07:42:02-07:00,future,0,0,C:\Users\Igor\StudioProjects\BartRunnerAndroid\app\src\test\resources\bart_live_20260912_071605\etd\woak.xml,2026-09-12T07:16:02-07:00
bart_live_20260912_071605,WOAK,West Oakland,Red,RED,Millbrae,MLBR,1,South,46,2026-09-12T08:02:02-07:00,future,0,0,C:\Users\Igor\StudioProjects\BartRunnerAndroid\app\src\test\resources\bart_live_20260912_071605\etd\woak.xml,2026-09-12T07:16:02-07:00
bart_live_20260912_071605,WOAK,West Oakland,Red,RED,Richmond,RICH,2,North,41,2026-09-12T07:57:02-07:00,future,0,0,C:\Users\Igor\StudioProjects\BartRunnerAndroid\app\src\test\resources\bart_live_20260912_071605\etd\woak.xml,2026-09-12T07:16:02-07:00
bart_live_20260912_071605,WOAK,West Oakland,Red,RED,Richmond,RICH,2,North,61,2026-09-12T08:17:02-07:00,future,0,0,C:\Users\Igor\StudioProjects\BartRunnerAndroid\app\src\test\resources\bart_live_20260912_071605\etd\woak.xml,2026-09-12T07:16:02-07:00
bart_live_20260912_071605,WOAK,West Oakland,Yellow,YELLOW,SF Airport,SFIA,1,South,18,2026-09-12T07:34:02-07:00,future,0,0,C:\Users\Igor\StudioProjects\BartRunnerAndroid\app\src\test\resources\bart_live_20260912_071605\etd\woak.xml,2026-09-12T07:16:02-07:00
bart_live_20260912_071605,WOAK,West Oakland,Yellow,YELLOW,SF Airport,SFIA,1,South,38,2026-09-12T07:54:02-07:00,future,0,0,C:\Users\Igor\StudioProjects\BartRunnerAndroid\app\src\test\resources\bart_live_20260912_071605\etd\woak.xml,2026-09-12T07:16:02-07:00
bart_live_20260912_071605,WOAK,West Oakland,Yellow,YELLOW,SF Airport,SFIA,1,South,58,2026-09-12T08:14:02-07:00,future,0,0,C:\Users\Igor\StudioProjects\BartRunnerAndroid\app\src\test\resources\bart_live_20260912_071605\etd\woak.xml,2026-09-12T07:16:02-07:00
bart_live_20260912_192815,12TH,12th St. Oakland City Center,Yellow,YELLOW,Antioch,ANTC,3,North,6,2026-09-12T19:34:02-07:00,future,0,0,C:\Users\Igor\StudioProjects\BartRunnerAndroid\app\src\test\resources\bart_live_20260912_192815\etd\12th.xml,2026-09-12T19:28:02-07:00
bart_live_20260912_192815,12TH,12th St. Oakland City Center,Yellow,YELLOW,Antioch,ANTC,3,North,25,2026-09-12T19:53:02-07:00,future,0,0,C:\Users\Igor\StudioProjects\BartRunnerAndroid\app\src\test\resources\bart_live_20260912_192815\etd\12th.xml,2026-09-12T19:28:02-07:00
bart_live_20260912_192815,12TH,12th St. Oakland City Center,Yellow,YELLOW,Antioch,ANTC,3,North,45,2026-09-12T20:13:02-07:00,future,0,0,C:\Users\Igor\StudioProjects\BartRunnerAndroid\app\src\test\resources\bart_live_20260912_192815\etd\12th.xml,2026-09-12T19:28:02-07:00
bart_live_20260912_192815,12TH,12th St. Oakland City Center,Orange,ORANGE,Berryessa,BERY,2,South,7,2026-09-12T19:35:02-07:00,future,175,0,C:\Users\Igor\StudioProjects\BartRunnerAndroid\app\src\test\resources\bart_live_20260912_192815\etd\12th.xml,2026-09-12T19:28:02-07:00
bart_live_20260912_192815,12TH,12th St. Oakland City Center,Orange,ORANGE,Berryessa,BERY,2,South,24,2026-09-12T19:52:02-07:00,future,0,0,C:\Users\Igor\StudioProjects\BartRunnerAndroid\app\src\test\resources\bart_live_20260912_192815\etd\12th.xml,2026-09-12T19:28:02-07:00
bart_live_20260912_192815,12TH,12th St. Oakland City Center,Orange,ORANGE,Berryessa,BERY,2,South,44,2026-09-12T20:12:02-07:00,future,0,0,C:\Users\Igor\StudioProjects\BartRunnerAndroid\app\src\test\resources\bart_live_20260912_192815\etd\12th.xml,2026-09-12T19:28:02-07:00
bart_live_20260912_192815,12TH,12th St. Oakland City Center,Red,RED,Millbrae,MLBR,2,South,10,2026-09-12T19:38:02-07:00,future,0,0,C:\Users\Igor\StudioProjects\BartRunnerAndroid\app\src\test\resources\bart_live_20260912_192815\etd\12th.xml,2026-09-12T19:28:02-07:00
bart_live_20260912_192815,12TH,12th St. Oakland City Center,Red,RED,Millbrae,MLBR,2,South,29,2026-09-12T19:57:02-07:00,future,0,0,C:\Users\Igor\StudioProjects\BartRunnerAndroid\app\src\test\resources\bart_live_20260912_192815\etd\12th.xml,2026-09-12T19:28:02-07:00
bart_live_20260912_192815,12TH,12th St. Oakland City Center,Red,RED,Richmond,RICH,1,North,16,2026-09-12T19:44:02-07:00,future,150,0,C:\Users\Igor\StudioProjects\BartRunnerAndroid\app\src\test\resources\bart_live_20260912_192815\etd\12th.xml,2026-09-12T19:28:02-07:00
bart_live_20260912_192815,12TH,12th St. Oakland City Center,Orange,ORANGE,Richmond,RICH,1,North,30,2026-09-12T19:58:02-07:00,future,282,0,C:\Users\Igor\StudioProjects\BartRunnerAndroid\app\src\test\resources\bart_live_20260912_192815\etd\12th.xml,2026-09-12T19:28:02-07:00
bart_live_20260912_192815,12TH,12th St. Oakland City Center,Red,RED,Richmond,RICH,1,North,34,2026-09-12T20:02:02-07:00,future,0,0,C:\Users\Igor\StudioProjects\BartRunnerAndroid\app\src\test\resources\bart_live_20260912_192815\etd\12th.xml,2026-09-12T19:28:02-07:00
bart_live_20260912_192815,12TH,12th St. Oakland City Center,Yellow,YELLOW,SF Airport,SFIA,2,South,4,2026-09-12T19:32:02-07:00,future,168,0,C:\Users\Igor\StudioProjects\BartRunnerAndroid\app\src\test\resources\bart_live_20260912_192815\etd\12th.xml,2026-09-12T19:28:02-07:00
bart_live_20260912_192815,12TH,12th St. Oakland City Center,Yellow,YELLOW,SF Airport,SFIA,2,South,22,2026-09-12T19:50:02-07:00,future,0,0,C:\Users\Igor\StudioProjects\BartRunnerAndroid\app\src\test\resources\bart_live_20260912_192815\etd\12th.xml,2026-09-12T19:28:02-07:00
bart_live_20260912_192815,12TH,12th St. Oakland City Center,Yellow,YELLOW,SFO/Millbrae,MLBR,2,South,42,2026-09-12T20:10:02-07:00,future,0,0,C:\Users\Igor\StudioProjects\BartRunnerAndroid\app\src\test\resources\bart_live_20260912_192815\etd\12th.xml,2026-09-12T19:28:02-07:00
bart_live_20260912_192815,12TH,12th St. Oakland City Center,Yellow,YELLOW,SFO/Millbrae,MLBR,2,South,62,2026-09-12T20:30:02-07:00,future,0,0,C:\Users\Igor\StudioProjects\BartRunnerAndroid\app\src\test\resources\bart_live_20260912_192815\etd\12th.xml,2026-09-12T19:28:02-07:00
bart_live_20260912_192815,12TH,12th St. Oakland City Center,Yellow,YELLOW,SFO/Millbrae,MLBR,2,South,82,2026-09-12T20:50:02-07:00,future,0,0,C:\Users\Igor\StudioProjects\BartRunnerAndroid\app\src\test\resources\bart_live_20260912_192815\etd\12th.xml,2026-09-12T19:28:02-07:00
bart_live_20260912_192815,16TH,16th St. Mission,Yellow,YELLOW,Antioch,ANTC,2,North,8,2026-09-12T19:36:02-07:00,future,112,0,C:\Users\Igor\StudioProjects\BartRunnerAndroid\app\src\test\resources\bart_live_20260912_192815\etd\16th.xml,2026-09-12T19:28:02-07:00
bart_live_20260912_192815,16TH,16th St. Mission,Yellow,YELLOW,Antioch,ANTC,2,North,26,2026-09-12T19:54:02-07:00,future,0,0,C:\Users\Igor\StudioProjects\BartRunnerAndroid\app\src\test\resources\bart_live_20260912_192815\etd\16th.xml,2026-09-12T19:28:02-07:00
bart_live_20260912_192815,16TH,16th St. Mission,Yellow,YELLOW,Antioch,ANTC,2,North,46,2026-09-12T20:14:02-07:00,future,0,0,C:\Users\Igor\StudioProjects\BartRunnerAndroid\app\src\test\resources\bart_live_20260912_192815\etd\16th.xml,2026-09-12T19:28:02-07:00
bart_live_20260912_192815,16TH,16th St. Mission,WHITE,WHITE,Daly City,DALY,1,South,8,2026-09-12T19:36:02-07:00,future,521,1,C:\Users\Igor\StudioProjects\BartRunnerAndroid\app\src\test\resources\bart_live_20260912_192815\etd\16th.xml,2026-09-12T19:28:02-07:00
bart_live_20260912_192815,16TH,16th St. Mission,WHITE,WHITE,Daly City,DALY,1,South,18,2026-09-12T19:46:02-07:00,future,131,1,C:\Users\Igor\StudioProjects\BartRunnerAndroid\app\src\test\resources\bart_live_20260912_192815\etd\16th.xml,2026-09-12T19:28:02-07:00
bart_live_20260912_192815,16TH,16th St. Mission,Blue,BLUE,Daly City,DALY,1,South,51,2026-09-12T20:19:02-07:00,canceled,950,0,C:\Users\Igor\StudioProjects\BartRunnerAndroid\app\src\test\resources\bart_live_20260912_192815\etd\16th.xml,2026-09-12T19:28:02-07:00
bart_live_20260912_192815,16TH,16th St. Mission,Blue,BLUE,Dublin/Pleasanton,DUBL,2,North,21,2026-09-12T19:49:02-07:00,future,0,0,C:\Users\Igor\StudioProjects\BartRunnerAndroid\app\src\test\resources\bart_live_20260912_192815\etd\16th.xml,2026-09-12T19:28:02-07:00
bart_live_20260912_192815,16TH,16th St. Mission,Blue,BLUE,Dublin/Pleasanton,DUBL,2,North,41,2026-09-12T20:09:02-07:00,future,0,0,C:\Users\Igor\StudioProjects\BartRunnerAndroid\app\src\test\resources\bart_live_20260912_192815\etd\16th.xml,2026-09-12T19:28:02-07:00
bart_live_20260912_192815,16TH,16th St. Mission,WHITE,WHITE,Fruitvale,FTVL,2,North,1,2026-09-12T19:29:02-07:00,future,0,0,C:\Users\Igor\StudioProjects\BartRunnerAndroid\app\src\test\resources\bart_live_20260912_192815\etd\16th.xml,2026-09-12T19:28:02-07:00
bart_live_20260912_192815,16TH,16th St. Mission,Red,RED,Millbrae,MLBR,1,South,8,2026-09-12T19:36:02-07:00,future,0,0,C:\Users\Igor\StudioProjects\BartRunnerAndroid\app\src\test\resources\bart_live_20260912_192815\etd\16th.xml,2026-09-12T19:28:02-07:00
bart_live_20260912_192815,16TH,16th St. Mission,Red,RED,Millbrae,MLBR,1,South,28,2026-09-12T19:56:02-07:00,future,0,0,C:\Users\Igor\StudioProjects\BartRunnerAndroid\app\src\test\resources\bart_live_20260912_192815\etd\16th.xml,2026-09-12T19:28:02-07:00
bart_live_20260912_192815,16TH,16th St. Mission,Red,RED,Millbrae,MLBR,1,South,48,2026-09-12T20:16:02-07:00,future,0,0,C:\Users\Igor\StudioProjects\BartRunnerAndroid\app\src\test\resources\bart_live_20260912_192815\etd\16th.xml,2026-09-12T19:28:02-07:00
bart_live_20260912_192815,16TH,16th St. Mission,Red,RED,Richmond,RICH,2,North,16,2026-09-12T19:44:02-07:00,future,69,0,C:\Users\Igor\StudioProjects\BartRunnerAndroid\app\src\test\resources\bart_live_20260912_192815\etd\16th.xml,2026-09-12T19:28:02-07:00
bart_live_20260912_192815,16TH,16th St. Mission,Red,RED,Richmond,RICH,2,North,35,2026-09-12T20:03:02-07:00,future,0,0,C:\Users\Igor\StudioProjects\BartRunnerAndroid\app\src\test\resources\bart_live_20260912_192815\etd\16th.xml,2026-09-12T19:28:02-07:00
bart_live_20260912_192815,16TH,16th St. Mission,Red,RED,Richmond,RICH,2,North,55,2026-09-12T20:23:02-07:00,future,0,0,C:\Users\Igor\StudioProjects\BartRunnerAndroid\app\src\test\resources\bart_live_20260912_192815\etd\16th.xml,2026-09-12T19:28:02-07:00
bart_live_20260912_192815,16TH,16th St. Mission,Yellow,YELLOW,SF Airport,SFIA,1,South,1,2026-09-12T19:29:02-07:00,future,0,0,C:\Users\Igor\StudioProjects\BartRunnerAndroid\app\src\test\resources\bart_live_20260912_192815\etd\16th.xml,2026-09-12T19:28:02-07:00
bart_live_20260912_192815,16TH,16th St. Mission,Yellow,YELLOW,SF Airport,SFIA,1,South,22,2026-09-12T19:50:02-07:00,future,108,0,C:\Users\Igor\StudioProjects\BartRunnerAndroid\app\src\test\resources\bart_live_20260912_192815\etd\16th.xml,2026-09-12T19:28:02-07:00
bart_live_20260912_192815,16TH,16th St. Mission,Yellow,YELLOW,SF Airport,SFIA,1,South,40,2026-09-12T20:08:02-07:00,future,0,0,C:\Users\Igor\StudioProjects\BartRunnerAndroid\app\src\test\resources\bart_live_20260912_192815\etd\16th.xml,2026-09-12T19:28:02-07:00
bart_live_20260912_192815,16TH,16th St. Mission,Yellow,YELLOW,SFO/Millbrae,MLBR,1,South,60,2026-09-12T20:28:02-07:00,future,0,0,C:\Users\Igor\StudioProjects\BartRunnerAndroid\app\src\test\resources\bart_live_20260912_192815\etd\16th.xml,2026-09-12T19:28:02-07:00
bart_live_20260912_192815,16TH,16th St. Mission,Yellow,YELLOW,SFO/Millbrae,MLBR,1,South,80,2026-09-12T20:48:02-07:00,future,0,0,C:\Users\Igor\StudioProjects\BartRunnerAndroid\app\src\test\resources\bart_live_20260912_192815\etd\16th.xml,2026-09-12T19:28:02-07:00
bart_live_20260912_192815,16TH,16th St. Mission,Yellow,YELLOW,SFO/Millbrae,MLBR,1,South,100,2026-09-12T21:08:02-07:00,future,0,0,C:\Users\Igor\StudioProjects\BartRunnerAndroid\app\src\test\resources\bart_live_20260912_192815\etd\16th.xml,2026-09-12T19:28:02-07:00
bart_live_20260912_192815,19TH,19th St. Oakland,Yellow,YELLOW,Antioch,ANTC,3,North,8,2026-09-12T19:36:02-07:00,future,0,0,C:\Users\Igor\StudioProjects\BartRunnerAndroid\app\src\test\resources\bart_live_20260912_192815\etd\19th.xml,2026-09-12T19:28:02-07:00
bart_live_20260912_192815,19TH,19th St. Oakland,Yellow,YELLOW,Antioch,ANTC,3,North,27,2026-09-12T19:55:02-07:00,future,0,0,C:\Users\Igor\StudioProjects\BartRunnerAndroid\app\src\test\resources\bart_live_20260912_192815\etd\19th.xml,2026-09-12T19:28:02-07:00
bart_live_20260912_192815,19TH,19th St. Oakland,Yellow,YELLOW,Antioch,ANTC,3,North,47,2026-09-12T20:15:02-07:00,future,0,0,C:\Users\Igor\StudioProjects\BartRunnerAndroid\app\src\test\resources\bart_live_20260912_192815\etd\19th.xml,2026-09-12T19:28:02-07:00
bart_live_20260912_192815,19TH,19th St. Oakland,Orange,ORANGE,Berryessa,BERY,2,South,3,2026-09-12T19:31:02-07:00,future,67,0,C:\Users\Igor\StudioProjects\BartRunnerAndroid\app\src\test\resources\bart_live_20260912_192815\etd\19th.xml,2026-09-12T19:28:02-07:00
bart_live_20260912_192815,19TH,19th St. Oakland,Orange,ORANGE,Berryessa,BERY,2,South,22,2026-09-12T19:50:02-07:00,future,0,0,C:\Users\Igor\StudioProjects\BartRunnerAndroid\app\src\test\resources\bart_live_20260912_192815\etd\19th.xml,2026-09-12T19:28:02-07:00
bart_live_20260912_192815,19TH,19th St. Oakland,Orange,ORANGE,Berryessa,BERY,2,South,42,2026-09-12T20:10:02-07:00,future,0,0,C:\Users\Igor\StudioProjects\BartRunnerAndroid\app\src\test\resources\bart_live_20260912_192815\etd\19th.xml,2026-09-12T19:28:02-07:00
bart_live_20260912_192815,19TH,19th St. Oakland,Red,RED,Millbrae,MLBR,2,South,8,2026-09-12T19:36:02-07:00,future,65,0,C:\Users\Igor\StudioProjects\BartRunnerAndroid\app\src\test\resources\bart_live_20260912_192815\etd\19th.xml,2026-09-12T19:28:02-07:00
bart_live_20260912_192815,19TH,19th St. Oakland,Red,RED,Millbrae,MLBR,2,South,27,2026-09-12T19:55:02-07:00,future,0,0,C:\Users\Igor\StudioProjects\BartRunnerAndroid\app\src\test\resources\bart_live_20260912_192815\etd\19th.xml,2026-09-12T19:28:02-07:00
bart_live_20260912_192815,19TH,19th St. Oakland,WHITE,WHITE,Richmond,RICH,1,North,1,2026-09-12T19:29:02-07:00,future,235,1,C:\Users\Igor\StudioProjects\BartRunnerAndroid\app\src\test\resources\bart_live_20260912_192815\etd\19th.xml,2026-09-12T19:28:02-07:00
bart_live_20260912_192815,19TH,19th St. Oakland,Red,RED,Richmond,RICH,1,North,17,2026-09-12T19:45:02-07:00,future,150,0,C:\Users\Igor\StudioProjects\BartRunnerAndroid\app\src\test\resources\bart_live_20260912_192815\etd\19th.xml,2026-09-12T19:28:02-07:00
bart_live_20260912_192815,19TH,19th St. Oakland,Orange,ORANGE,Richmond,RICH,1,North,32,2026-09-12T20:00:02-07:00,future,282,0,C:\Users\Igor\StudioProjects\BartRunnerAndroid\app\src\test\resources\bart_live_20260912_192815\etd\19th.xml,2026-09-12T19:28:02-07:00
bart_live_20260912_192815,19TH,19th St. Oakland,Yellow,YELLOW,SF Airport,SFIA,2,South,3,2026-09-12T19:31:02-07:00,future,219,0,C:\Users\Igor\StudioProjects\BartRunnerAndroid\app\src\test\resources\bart_live_20260912_192815\etd\19th.xml,2026-09-12T19:28:02-07:00
bart_live_20260912_192815,19TH,19th St. Oakland,Yellow,YELLOW,SF Airport,SFIA,2,South,20,2026-09-12T19:48:02-07:00,future,0,0,C:\Users\Igor\StudioProjects\BartRunnerAndroid\app\src\test\resources\bart_live_20260912_192815\etd\19th.xml,2026-09-12T19:28:02-07:00
bart_live_20260912_192815,19TH,19th St. Oakland,Yellow,YELLOW,SFO/Millbrae,MLBR,2,South,40,2026-09-12T20:08:02-07:00,future,0,0,C:\Users\Igor\StudioProjects\BartRunnerAndroid\app\src\test\resources\bart_live_20260912_192815\etd\19th.xml,2026-09-12T19:28:02-07:00
bart_live_20260912_192815,19TH,19th St. Oakland,Yellow,YELLOW,SFO/Millbrae,MLBR,2,South,60,2026-09-12T20:28:02-07:00,future,0,0,C:\Users\Igor\StudioProjects\BartRunnerAndroid\app\src\test\resources\bart_live_20260912_192815\etd\19th.xml,2026-09-12T19:28:02-07:00
bart_live_20260912_192815,19TH,19th St. Oakland,Yellow,YELLOW,SFO/Millbrae,MLBR,2,South,80,2026-09-12T20:48:02-07:00,future,0,0,C:\Users\Igor\StudioProjects\BartRunnerAndroid\app\src\test\resources\bart_live_20260912_192815\etd\19th.xml,2026-09-12T19:28:02-07:00
bart_live_20260912_192815,24TH,24th St. Mission,Yellow,YELLOW,Antioch,ANTC,2,North,6,2026-09-12T19:34:02-07:00,future,117,0,C:\Users\Igor\StudioProjects\BartRunnerAndroid\app\src\test\resources\bart_live_20260912_192815\etd\24th.xml,2026-09-12T19:28:02-07:00
bart_live_20260912_192815,24TH,24th St. Mission,Yellow,YELLOW,Antioch,ANTC,2,North,24,2026-09-12T19:52:02-07:00,future,0,0,C:\Users\Igor\StudioProjects\BartRunnerAndroid\app\src\test\resources\bart_live_20260912_192815\etd\24th.xml,2026-09-12T19:28:02-07:00
bart_live_20260912_192815,24TH,24th St. Mission,Yellow,YELLOW,Antioch,ANTC,2,North,44,2026-09-12T20:12:02-07:00,future,0,0,C:\Users\Igor\StudioProjects\BartRunnerAndroid\app\src\test\resources\bart_live_20260912_192815\etd\24th.xml,2026-09-12T19:28:02-07:00
bart_live_20260912_192815,24TH,24th St. Mission,WHITE,WHITE,Daly City,DALY,1,South,10,2026-09-12T19:38:02-07:00,future,514,1,C:\Users\Igor\StudioProjects\BartRunnerAndroid\app\src\test\resources\bart_live_20260912_192815\etd\24th.xml,2026-09-12T19:28:02-07:00
bart_live_20260912_192815,24TH,24th St. Mission,WHITE,WHITE,Daly City,DALY,1,South,20,2026-09-12T19:48:02-07:00,future,129,1,C:\Users\Igor\StudioProjects\BartRunnerAndroid\app\src\test\resources\bart_live_20260912_192815\etd\24th.xml,2026-09-12T19:28:02-07:00
bart_live_20260912_192815,24TH,24th St. Mission,Blue,BLUE,Daly City,DALY,1,South,53,2026-09-12T20:21:02-07:00,canceled,948,0,C:\Users\Igor\StudioProjects\BartRunnerAndroid\app\src\test\resources\bart_live_20260912_192815\etd\24th.xml,2026-09-12T19:28:02-07:00
bart_live_20260912_192815,24TH,24th St. Mission,Blue,BLUE,Dublin/Pleasanton,DUBL,2,North,19,2026-09-12T19:47:02-07:00,future,0,0,C:\Users\Igor\StudioProjects\BartRunnerAndroid\app\src\test\resources\bart_live_20260912_192815\etd\24th.xml,2026-09-12T19:28:02-07:00
bart_live_20260912_192815,24TH,24th St. Mission,Blue,BLUE,Dublin/Pleasanton,DUBL,2,North,39,2026-09-12T20:07:02-07:00,future,0,0,C:\Users\Igor\StudioProjects\BartRunnerAndroid\app\src\test\resources\bart_live_20260912_192815\etd\24th.xml,2026-09-12T19:28:02-07:00
bart_live_20260912_192815,24TH,24th St. Mission,Red,RED,Millbrae,MLBR,1,South,10,2026-09-12T19:38:02-07:00,future,0,0,C:\Users\Igor\StudioProjects\BartRunnerAndroid\app\src\test\resources\bart_live_20260912_192815\etd\24th.xml,2026-09-12T19:28:02-07:00
bart_live_20260912_192815,24TH,24th St. Mission,Red,RED,Millbrae,MLBR,1,South,30,2026-09-12T19:58:02-07:00,future,0,0,C:\Users\Igor\StudioProjects\BartRunnerAndroid\app\src\test\resources\bart_live_20260912_192815\etd\24th.xml,2026-09-12T19:28:02-07:00
bart_live_20260912_192815,24TH,24th St. Mission,Red,RED,Millbrae,MLBR,1,South,50,2026-09-12T20:18:02-07:00,future,0,0,C:\Users\Igor\StudioProjects\BartRunnerAndroid\app\src\test\resources\bart_live_20260912_192815\etd\24th.xml,2026-09-12T19:28:02-07:00
bart_live_20260912_192815,24TH,24th St. Mission,Red,RED,Richmond,RICH,2,North,14,2026-09-12T19:42:02-07:00,future,74,0,C:\Users\Igor\StudioProjects\BartRunnerAndroid\app\src\test\resources\bart_live_20260912_192815\etd\24th.xml,2026-09-12T19:28:02-07:00
bart_live_20260912_192815,24TH,24th St. Mission,Red,RED,Richmond,RICH,2,North,33,2026-09-12T20:01:02-07:00,future,0,0,C:\Users\Igor\StudioProjects\BartRunnerAndroid\app\src\test\resources\bart_live_20260912_192815\etd\24th.xml,2026-09-12T19:28:02-07:00
bart_live_20260912_192815,24TH,24th St. Mission,Red,RED,Richmond,RICH,2,North,53,2026-09-12T20:21:02-07:00,future,0,0,C:\Users\Igor\StudioProjects\BartRunnerAndroid\app\src\test\resources\bart_live_20260912_192815\etd\24th.xml,2026-09-12T19:28:02-07:00
bart_live_20260912_192815,24TH,24th St. Mission,Yellow,YELLOW,SF Airport,SFIA,1,South,2,2026-09-12T19:30:02-07:00,future,0,0,C:\Users\Igor\StudioProjects\BartRunnerAndroid\app\src\test\resources\bart_live_20260912_192815\etd\24th.xml,2026-09-12T19:28:02-07:00
bart_live_20260912_192815,24TH,24th St. Mission,Yellow,YELLOW,SF Airport,SFIA,1,South,24,2026-09-12T19:52:02-07:00,future,106,0,C:\Users\Igor\StudioProjects\BartRunnerAndroid\app\src\test\resources\bart_live_20260912_192815\etd\24th.xml,2026-09-12T19:28:02-07:00
bart_live_20260912_192815,24TH,24th St. Mission,Yellow,YELLOW,SF Airport,SFIA,1,South,42,2026-09-12T20:10:02-07:00,future,0,0,C:\Users\Igor\StudioProjects\BartRunnerAndroid\app\src\test\resources\bart_live_20260912_192815\etd\24th.xml,2026-09-12T19:28:02-07:00
bart_live_20260912_192815,24TH,24th St. Mission,Yellow,YELLOW,SFO/Millbrae,MLBR,1,South,62,2026-09-12T20:30:02-07:00,future,0,0,C:\Users\Igor\StudioProjects\BartRunnerAndroid\app\src\test\resources\bart_live_20260912_192815\etd\24th.xml,2026-09-12T19:28:02-07:00
bart_live_20260912_192815,24TH,24th St. Mission,Yellow,YELLOW,SFO/Millbrae,MLBR,1,South,82,2026-09-12T20:50:02-07:00,future,0,0,C:\Users\Igor\StudioProjects\BartRunnerAndroid\app\src\test\resources\bart_live_20260912_192815\etd\24th.xml,2026-09-12T19:28:02-07:00
bart_live_20260912_192815,24TH,24th St. Mission,Yellow,YELLOW,SFO/Millbrae,MLBR,1,South,102,2026-09-12T21:10:02-07:00,future,0,0,C:\Users\Igor\StudioProjects\BartRunnerAndroid\app\src\test\resources\bart_live_20260912_192815\etd\24th.xml,2026-09-12T19:28:02-07:00
bart_live_20260912_192815,ANTC,Antioch,Yellow,YELLOW,SFO/Millbrae,MLBR,2,South,Leaving,2026-09-12T19:28:02-07:00,leaving,0,0,C:\Users\Igor\StudioProjects\BartRunnerAndroid\app\src\test\resources\bart_live_20260912_192815\etd\antc.xml,2026-09-12T19:28:02-07:00
bart_live_20260912_192815,ANTC,Antioch,Yellow,YELLOW,SFO/Millbrae,MLBR,2,South,20,2026-09-12T19:48:02-07:00,future,0,0,C:\Users\Igor\StudioProjects\BartRunnerAndroid\app\src\test\resources\bart_live_20260912_192815\etd\antc.xml,2026-09-12T19:28:02-07:00
bart_live_20260912_192815,ANTC,Antioch,Yellow,YELLOW,SFO/Millbrae,MLBR,2,South,40,2026-09-12T20:08:02-07:00,future,0,0,C:\Users\Igor\StudioProjects\BartRunnerAndroid\app\src\test\resources\bart_live_20260912_192815\etd\antc.xml,2026-09-12T19:28:02-07:00
bart_live_20260912_192815,ASHB,Ashby,Orange,ORANGE,Berryessa,BERY,2,South,12,2026-09-12T19:40:02-07:00,future,0,0,C:\Users\Igor\StudioProjects\BartRunnerAndroid\app\src\test\resources\bart_live_20260912_192815\etd\ashb.xml,2026-09-12T19:28:02-07:00
bart_live_20260912_192815,ASHB,Ashby,Orange,ORANGE,Berryessa,BERY,2,South,32,2026-09-12T20:00:02-07:00,future,0,0,C:\Users\Igor\StudioProjects\BartRunnerAndroid\app\src\test\resources\bart_live_20260912_192815\etd\ashb.xml,2026-09-12T19:28:02-07:00
bart_live_20260912_192815,ASHB,Ashby,Orange,ORANGE,Berryessa,BERY,2,South,52,2026-09-12T20:20:02-07:00,future,0,0,C:\Users\Igor\StudioProjects\BartRunnerAndroid\app\src\test\resources\bart_live_20260912_192815\etd\ashb.xml,2026-09-12T19:28:02-07:00
bart_live_20260912_192815,ASHB,Ashby,Red,RED,Millbrae,MLBR,2,South,2,2026-09-12T19:30:02-07:00,future,105,0,C:\Users\Igor\StudioProjects\BartRunnerAndroid\app\src\test\resources\bart_live_20260912_192815\etd\ashb.xml,2026-09-12T19:28:02-07:00
bart_live_20260912_192815,ASHB,Ashby,Red,RED,Millbrae,MLBR,2,South,20,2026-09-12T19:48:02-07:00,future,0,0,C:\Users\Igor\StudioProjects\BartRunnerAndroid\app\src\test\resources\bart_live_20260912_192815\etd\ashb.xml,2026-09-12T19:28:02-07:00
bart_live_20260912_192815,ASHB,Ashby,Red,RED,Richmond,RICH,1,North,5,2026-09-12T19:33:02-07:00,future,172,0,C:\Users\Igor\StudioProjects\BartRunnerAndroid\app\src\test\resources\bart_live_20260912_192815\etd\ashb.xml,2026-09-12T19:28:02-07:00
bart_live_20260912_192815,ASHB,Ashby,WHITE,WHITE,Richmond,RICH,1,North,7,2026-09-12T19:35:02-07:00,future,204,1,C:\Users\Igor\StudioProjects\BartRunnerAndroid\app\src\test\resources\bart_live_20260912_192815\etd\ashb.xml,2026-09-12T19:28:02-07:00
bart_live_20260912_192815,ASHB,Ashby,Red,RED,Richmond,RICH,1,North,24,2026-09-12T19:52:02-07:00,future,97,0,C:\Users\Igor\StudioProjects\BartRunnerAndroid\app\src\test\resources\bart_live_20260912_192815\etd\ashb.xml,2026-09-12T19:28:02-07:00
bart_live_20260912_192815,BALB,Balboa Park,Yellow,YELLOW,Antioch,ANTC,2,North,1,2026-09-12T19:29:03-07:00,future,121,0,C:\Users\Igor\StudioProjects\BartRunnerAndroid\app\src\test\resources\bart_live_20260912_192815\etd\balb.xml,2026-09-12T19:28:03-07:00
bart_live_20260912_192815,BALB,Balboa Park,Yellow,YELLOW,Antioch,ANTC,2,North,19,2026-09-12T19:47:03-07:00,future,0,0,C:\Users\Igor\StudioProjects\BartRunnerAndroid\app\src\test\resources\bart_live_20260912_192815\etd\balb.xml,2026-09-12T19:28:03-07:00
bart_live_20260912_192815,BALB,Balboa Park,Yellow,YELLOW,Antioch,ANTC,2,North,39,2026-09-12T20:07:03-07:00,future,0,0,C:\Users\Igor\StudioProjects\BartRunnerAndroid\app\src\test\resources\bart_live_20260912_192815\etd\balb.xml,2026-09-12T19:28:03-07:00
bart_live_20260912_192815,BALB,Balboa Park,WHITE,WHITE,Daly City,DALY,1,South,15,2026-09-12T19:43:03-07:00,future,506,1,C:\Users\Igor\StudioProjects\BartRunnerAndroid\app\src\test\resources\bart_live_20260912_192815\etd\balb.xml,2026-09-12T19:28:03-07:00
bart_live_20260912_192815,BALB,Balboa Park,WHITE,WHITE,Daly City,DALY,1,South,25,2026-09-12T19:53:03-07:00,future,121,1,C:\Users\Igor\StudioProjects\BartRunnerAndroid\app\src\test\resources\bart_live_20260912_192815\etd\balb.xml,2026-09-12T19:28:03-07:00
bart_live_20260912_192815,BALB,Balboa Park,Blue,BLUE,Daly City,DALY,1,South,58,2026-09-12T20:26:03-07:00,canceled,940,0,C:\Users\Igor\StudioProjects\BartRunnerAndroid\app\src\test\resources\bart_live_20260912_192815\etd\balb.xml,2026-09-12T19:28:03-07:00
bart_live_20260912_192815,BALB,Balboa Park,Blue,BLUE,Dublin/Pleasanton,DUBL,2,North,14,2026-09-12T19:42:03-07:00,future,0,0,C:\Users\Igor\StudioProjects\BartRunnerAndroid\app\src\test\resources\bart_live_20260912_192815\etd\balb.xml,2026-09-12T19:28:03-07:00
bart_live_20260912_192815,BALB,Balboa Park,Blue,BLUE,Dublin/Pleasanton,DUBL,2,North,34,2026-09-12T20:02:03-07:00,future,0,0,C:\Users\Igor\StudioProjects\BartRunnerAndroid\app\src\test\resources\bart_live_20260912_192815\etd\balb.xml,2026-09-12T19:28:03-07:00
bart_live_20260912_192815,BALB,Balboa Park,Red,RED,Millbrae,MLBR,1,South,Leaving,2026-09-12T19:28:03-07:00,leaving,305,0,C:\Users\Igor\StudioProjects\BartRunnerAndroid\app\src\test\resources\bart_live_20260912_192815\etd\balb.xml,2026-09-12T19:28:03-07:00
bart_live_20260912_192815,BALB,Balboa Park,Red,RED,Millbrae,MLBR,1,South,17,2026-09-12T19:45:03-07:00,future,96,0,C:\Users\Igor\StudioProjects\BartRunnerAndroid\app\src\test\resources\bart_live_20260912_192815\etd\balb.xml,2026-09-12T19:28:03-07:00
bart_live_20260912_192815,BALB,Balboa Park,Red,RED,Millbrae,MLBR,1,South,35,2026-09-12T20:03:03-07:00,future,0,0,C:\Users\Igor\StudioProjects\BartRunnerAndroid\app\src\test\resources\bart_live_20260912_192815\etd\balb.xml,2026-09-12T19:28:03-07:00
bart_live_20260912_192815,BALB,Balboa Park,Red,RED,Richmond,RICH,2,North,9,2026-09-12T19:37:03-07:00,future,72,0,C:\Users\Igor\StudioProjects\BartRunnerAndroid\app\src\test\resources\bart_live_20260912_192815\etd\balb.xml,2026-09-12T19:28:03-07:00
bart_live_20260912_192815,BALB,Balboa Park,Red,RED,Richmond,RICH,2,North,28,2026-09-12T19:56:03-07:00,future,0,0,C:\Users\Igor\StudioProjects\BartRunnerAndroid\app\src\test\resources\bart_live_20260912_192815\etd\balb.xml,2026-09-12T19:28:03-07:00
bart_live_20260912_192815,BALB,Balboa Park,Red,RED,Richmond,RICH,2,North,48,2026-09-12T20:16:03-07:00,future,0,0,C:\Users\Igor\StudioProjects\BartRunnerAndroid\app\src\test\resources\bart_live_20260912_192815\etd\balb.xml,2026-09-12T19:28:03-07:00
bart_live_20260912_192815,BALB,Balboa Park,Yellow,YELLOW,SF Airport,SFIA,1,South,7,2026-09-12T19:35:03-07:00,future,0,0,C:\Users\Igor\StudioProjects\BartRunnerAndroid\app\src\test\resources\bart_live_20260912_192815\etd\balb.xml,2026-09-12T19:28:03-07:00
bart_live_20260912_192815,BALB,Balboa Park,Yellow,YELLOW,SF Airport,SFIA,1,South,29,2026-09-12T19:57:03-07:00,future,98,0,C:\Users\Igor\StudioProjects\BartRunnerAndroid\app\src\test\resources\bart_live_20260912_192815\etd\balb.xml,2026-09-12T19:28:03-07:00
bart_live_20260912_192815,BALB,Balboa Park,Yellow,YELLOW,SF Airport,SFIA,1,South,47,2026-09-12T20:15:03-07:00,future,0,0,C:\Users\Igor\StudioProjects\BartRunnerAndroid\app\src\test\resources\bart_live_20260912_192815\etd\balb.xml,2026-09-12T19:28:03-07:00
bart_live_20260912_192815,BALB,Balboa Park,Yellow,YELLOW,SFO/Millbrae,MLBR,1,South,67,2026-09-12T20:35:03-07:00,future,0,0,C:\Users\Igor\StudioProjects\BartRunnerAndroid\app\src\test\resources\bart_live_20260912_192815\etd\balb.xml,2026-09-12T19:28:03-07:00
bart_live_20260912_192815,BALB,Balboa Park,Yellow,YELLOW,SFO/Millbrae,MLBR,1,South,87,2026-09-12T20:55:03-07:00,future,0,0,C:\Users\Igor\StudioProjects\BartRunnerAndroid\app\src\test\resources\bart_live_20260912_192815\etd\balb.xml,2026-09-12T19:28:03-07:00
bart_live_20260912_192815,BALB,Balboa Park,Yellow,YELLOW,SFO/Millbrae,MLBR,1,South,107,2026-09-12T21:15:03-07:00,future,0,0,C:\Users\Igor\StudioProjects\BartRunnerAndroid\app\src\test\resources\bart_live_20260912_192815\etd\balb.xml,2026-09-12T19:28:03-07:00
bart_live_20260912_192815,BAYF,Bay Fair,Orange,ORANGE,Berryessa,BERY,1,South,62,2026-09-12T20:30:02-07:00,future,0,0,C:\Users\Igor\StudioProjects\BartRunnerAndroid\app\src\test\resources\bart_live_20260912_192815\etd\bayf.xml,2026-09-12T19:28:02-07:00
bart_live_20260912_192815,BAYF,Bay Fair,Orange,ORANGE,Berryessa,BERY,1,South,82,2026-09-12T20:50:02-07:00,future,0,0,C:\Users\Igor\StudioProjects\BartRunnerAndroid\app\src\test\resources\bart_live_20260912_192815\etd\bayf.xml,2026-09-12T19:28:02-07:00
bart_live_20260912_192815,BAYF,Bay Fair,Blue,BLUE,Daly City,DALY,2,South,19,2026-09-12T19:47:02-07:00,future,158,0,C:\Users\Igor\StudioProjects\BartRunnerAndroid\app\src\test\resources\bart_live_20260912_192815\etd\bayf.xml,2026-09-12T19:28:02-07:00
bart_live_20260912_192815,BAYF,Bay Fair,Blue,BLUE,Daly City,DALY,2,South,36,2026-09-12T20:04:02-07:00,future,0,0,C:\Users\Igor\StudioProjects\BartRunnerAndroid\app\src\test\resources\bart_live_20260912_192815\etd\bayf.xml,2026-09-12T19:28:02-07:00
bart_live_20260912_192815,BAYF,Bay Fair,Blue,BLUE,Daly City,DALY,2,South,56,2026-09-12T20:24:02-07:00,future,0,0,C:\Users\Igor\StudioProjects\BartRunnerAndroid\app\src\test\resources\bart_live_20260912_192815\etd\bayf.xml,2026-09-12T19:28:02-07:00
bart_live_20260912_192815,BAYF,Bay Fair,Blue,BLUE,Dublin/Pleasanton,DUBL,1,North,57,2026-09-12T20:25:02-07:00,future,0,0,C:\Users\Igor\StudioProjects\BartRunnerAndroid\app\src\test\resources\bart_live_20260912_192815\etd\bayf.xml,2026-09-12T19:28:02-07:00
bart_live_20260912_192815,BAYF,Bay Fair,Blue,BLUE,Dublin/Pleasanton,DUBL,1,North,77,2026-09-12T20:45:02-07:00,future,0,0,C:\Users\Igor\StudioProjects\BartRunnerAndroid\app\src\test\resources\bart_live_20260912_192815\etd\bayf.xml,2026-09-12T19:28:02-07:00
bart_live_20260912_192815,BAYF,Bay Fair,Orange,ORANGE,Richmond,RICH,2,North,12,2026-09-12T19:40:02-07:00,future,584,0,C:\Users\Igor\StudioProjects\BartRunnerAndroid\app\src\test\resources\bart_live_20260912_192815\etd\bayf.xml,2026-09-12T19:28:02-07:00
bart_live_20260912_192815,BAYF,Bay Fair,Orange,ORANGE,Richmond,RICH,2,North,26,2026-09-12T19:54:02-07:00,future,0,0,C:\Users\Igor\StudioProjects\BartRunnerAndroid\app\src\test\resources\bart_live_20260912_192815\etd\bayf.xml,2026-09-12T19:28:02-07:00
bart_live_20260912_192815,BAYF,Bay Fair,Orange,ORANGE,Richmond,RICH,2,North,46,2026-09-12T20:14:02-07:00,future,0,0,C:\Users\Igor\StudioProjects\BartRunnerAndroid\app\src\test\resources\bart_live_20260912_192815\etd\bayf.xml,2026-09-12T19:28:02-07:00
bart_live_20260912_192815,BERY,Berryessa/North San Jose,Orange,ORANGE,Richmond,RICH,2,North,7,2026-09-12T19:35:02-07:00,future,0,0,C:\Users\Igor\StudioProjects\BartRunnerAndroid\app\src\test\resources\bart_live_20260912_192815\etd\bery.xml,2026-09-12T19:28:02-07:00
bart_live_20260912_192815,BERY,Berryessa/North San Jose,Orange,ORANGE,Richmond,RICH,2,North,27,2026-09-12T19:55:02-07:00,future,0,0,C:\Users\Igor\StudioProjects\BartRunnerAndroid\app\src\test\resources\bart_live_20260912_192815\etd\bery.xml,2026-09-12T19:28:02-07:00
bart_live_20260912_192815,CAST,Castro Valley,Blue,BLUE,Daly City,DALY,2,South,13,2026-09-12T19:41:03-07:00,canceled,1076,0,C:\Users\Igor\StudioProjects\BartRunnerAndroid\app\src\test\resources\bart_live_20260912_192815\etd\cast.xml,2026-09-12T19:28:03-07:00
bart_live_20260912_192815,CAST,Castro Valley,Blue,BLUE,Daly City,DALY,2,South,15,2026-09-12T19:43:03-07:00,future,196,0,C:\Users\Igor\StudioProjects\BartRunnerAndroid\app\src\test\resources\bart_live_20260912_192815\etd\cast.xml,2026-09-12T19:28:03-07:00
bart_live_20260912_192815,CAST,Castro Valley,Blue,BLUE,Daly City,DALY,2,South,32,2026-09-12T20:00:03-07:00,future,0,0,C:\Users\Igor\StudioProjects\BartRunnerAndroid\app\src\test\resources\bart_live_20260912_192815\etd\cast.xml,2026-09-12T19:28:03-07:00
bart_live_20260912_192815,CAST,Castro Valley,WHITE,WHITE,Dublin/Pleasanton,DUBL,2,South,Leaving,2026-09-12T19:28:03-07:00,leaving,0,1,C:\Users\Igor\StudioProjects\BartRunnerAndroid\app\src\test\resources\bart_live_20260912_192815\etd\cast.xml,2026-09-12T19:28:03-07:00
bart_live_20260912_192815,CAST,Castro Valley,Blue,BLUE,Dublin/Pleasanton,DUBL,1,North,61,2026-09-12T20:29:03-07:00,future,0,0,C:\Users\Igor\StudioProjects\BartRunnerAndroid\app\src\test\resources\bart_live_20260912_192815\etd\cast.xml,2026-09-12T19:28:03-07:00
bart_live_20260912_192815,CAST,Castro Valley,Blue,BLUE,Dublin/Pleasanton,DUBL,1,North,81,2026-09-12T20:49:03-07:00,future,0,0,C:\Users\Igor\StudioProjects\BartRunnerAndroid\app\src\test\resources\bart_live_20260912_192815\etd\cast.xml,2026-09-12T19:28:03-07:00
bart_live_20260912_192815,CIVC,Civic Center/UN Plaza,Yellow,YELLOW,Antioch,ANTC,2,North,10,2026-09-12T19:38:03-07:00,future,107,0,C:\Users\Igor\StudioProjects\BartRunnerAndroid\app\src\test\resources\bart_live_20260912_192815\etd\civc.xml,2026-09-12T19:28:03-07:00
bart_live_20260912_192815,CIVC,Civic Center/UN Plaza,Yellow,YELLOW,Antioch,ANTC,2,North,28,2026-09-12T19:56:03-07:00,future,0,0,C:\Users\Igor\StudioProjects\BartRunnerAndroid\app\src\test\resources\bart_live_20260912_192815\etd\civc.xml,2026-09-12T19:28:03-07:00
bart_live_20260912_192815,CIVC,Civic Center/UN Plaza,Yellow,YELLOW,Antioch,ANTC,2,North,48,2026-09-12T20:16:03-07:00,future,0,0,C:\Users\Igor\StudioProjects\BartRunnerAndroid\app\src\test\resources\bart_live_20260912_192815\etd\civc.xml,2026-09-12T19:28:03-07:00
bart_live_20260912_192815,CIVC,Civic Center/UN Plaza,WHITE,WHITE,Daly City,DALY,1,South,6,2026-09-12T19:34:03-07:00,future,511,1,C:\Users\Igor\StudioProjects\BartRunnerAndroid\app\src\test\resources\bart_live_20260912_192815\etd\civc.xml,2026-09-12T19:28:03-07:00
bart_live_20260912_192815,CIVC,Civic Center/UN Plaza,WHITE,WHITE,Daly City,DALY,1,South,16,2026-09-12T19:44:03-07:00,future,137,1,C:\Users\Igor\StudioProjects\BartRunnerAndroid\app\src\test\resources\bart_live_20260912_192815\etd\civc.xml,2026-09-12T19:28:03-07:00
bart_live_20260912_192815,CIVC,Civic Center/UN Plaza,Blue,BLUE,Daly City,DALY,1,South,49,2026-09-12T20:17:03-07:00,canceled,960,0,C:\Users\Igor\StudioProjects\BartRunnerAndroid\app\src\test\resources\bart_live_20260912_192815\etd\civc.xml,2026-09-12T19:28:03-07:00
bart_live_20260912_192815,CIVC,Civic Center/UN Plaza,Blue,BLUE,Dublin/Pleasanton,DUBL,2,North,23,2026-09-12T19:51:03-07:00,future,0,0,C:\Users\Igor\StudioProjects\BartRunnerAndroid\app\src\test\resources\bart_live_20260912_192815\etd\civc.xml,2026-09-12T19:28:03-07:00
bart_live_20260912_192815,CIVC,Civic Center/UN Plaza,Blue,BLUE,Dublin/Pleasanton,DUBL,2,North,43,2026-09-12T20:11:03-07:00,future,0,0,C:\Users\Igor\StudioProjects\BartRunnerAndroid\app\src\test\resources\bart_live_20260912_192815\etd\civc.xml,2026-09-12T19:28:03-07:00
bart_live_20260912_192815,CIVC,Civic Center/UN Plaza,WHITE,WHITE,Fruitvale,FTVL,2,North,4,2026-09-12T19:32:03-07:00,future,0,0,C:\Users\Igor\StudioProjects\BartRunnerAndroid\app\src\test\resources\bart_live_20260912_192815\etd\civc.xml,2026-09-12T19:28:03-07:00
bart_live_20260912_192815,CIVC,Civic Center/UN Plaza,Red,RED,Millbrae,MLBR,1,South,6,2026-09-12T19:34:03-07:00,future,0,0,C:\Users\Igor\StudioProjects\BartRunnerAndroid\app\src\test\resources\bart_live_20260912_192815\etd\civc.xml,2026-09-12T19:28:03-07:00
bart_live_20260912_192815,CIVC,Civic Center/UN Plaza,Red,RED,Millbrae,MLBR,1,South,26,2026-09-12T19:54:03-07:00,future,0,0,C:\Users\Igor\StudioProjects\BartRunnerAndroid\app\src\test\resources\bart_live_20260912_192815\etd\civc.xml,2026-09-12T19:28:03-07:00
bart_live_20260912_192815,CIVC,Civic Center/UN Plaza,Red,RED,Millbrae,MLBR,1,South,46,2026-09-12T20:14:03-07:00,future,0,0,C:\Users\Igor\StudioProjects\BartRunnerAndroid\app\src\test\resources\bart_live_20260912_192815\etd\civc.xml,2026-09-12T19:28:03-07:00
bart_live_20260912_192815,CIVC,Civic Center/UN Plaza,Red,RED,Richmond,RICH,2,North,Leaving,2026-09-12T19:28:03-07:00,leaving,203,0,C:\Users\Igor\StudioProjects\BartRunnerAndroid\app\src\test\resources\bart_live_20260912_192815\etd\civc.xml,2026-09-12T19:28:03-07:00
bart_live_20260912_192815,CIVC,Civic Center/UN Plaza,Red,RED,Richmond,RICH,2,North,18,2026-09-12T19:46:03-07:00,future,64,0,C:\Users\Igor\StudioProjects\BartRunnerAndroid\app\src\test\resources\bart_live_20260912_192815\etd\civc.xml,2026-09-12T19:28:03-07:00
bart_live_20260912_192815,CIVC,Civic Center/UN Plaza,Red,RED,Richmond,RICH,2,North,37,2026-09-12T20:05:03-07:00,future,0,0,C:\Users\Igor\StudioProjects\BartRunnerAndroid\app\src\test\resources\bart_live_20260912_192815\etd\civc.xml,2026-09-12T19:28:03-07:00
bart_live_20260912_192815,CIVC,Civic Center/UN Plaza,Yellow,YELLOW,SF Airport,SFIA,1,South,20,2026-09-12T19:48:03-07:00,future,117,0,C:\Users\Igor\StudioProjects\BartRunnerAndroid\app\src\test\resources\bart_live_20260912_192815\etd\civc.xml,2026-09-12T19:28:03-07:00
bart_live_20260912_192815,CIVC,Civic Center/UN Plaza,Yellow,YELLOW,SF Airport,SFIA,1,South,38,2026-09-12T20:06:03-07:00,future,0,0,C:\Users\Igor\StudioProjects\BartRunnerAndroid\app\src\test\resources\bart_live_20260912_192815\etd\civc.xml,2026-09-12T19:28:03-07:00
bart_live_20260912_192815,CIVC,Civic Center/UN Plaza,Yellow,YELLOW,SFO/Millbrae,MLBR,1,South,58,2026-09-12T20:26:03-07:00,future,0,0,C:\Users\Igor\StudioProjects\BartRunnerAndroid\app\src\test\resources\bart_live_20260912_192815\etd\civc.xml,2026-09-12T19:28:03-07:00
bart_live_20260912_192815,CIVC,Civic Center/UN Plaza,Yellow,YELLOW,SFO/Millbrae,MLBR,1,South,78,2026-09-12T20:46:03-07:00,future,0,0,C:\Users\Igor\StudioProjects\BartRunnerAndroid\app\src\test\resources\bart_live_20260912_192815\etd\civc.xml,2026-09-12T19:28:03-07:00
bart_live_20260912_192815,CIVC,Civic Center/UN Plaza,Yellow,YELLOW,SFO/Millbrae,MLBR,1,South,98,2026-09-12T21:06:03-07:00,future,0,0,C:\Users\Igor\StudioProjects\BartRunnerAndroid\app\src\test\resources\bart_live_20260912_192815\etd\civc.xml,2026-09-12T19:28:03-07:00
bart_live_20260912_192815,COLM,Colma,Yellow,YELLOW,Antioch,ANTC,2,North,11,2026-09-12T19:39:17-07:00,future,0,0,C:\Users\Igor\StudioProjects\BartRunnerAndroid\app\src\test\resources\bart_live_20260912_192815\etd\colm.xml,2026-09-12T19:28:17-07:00
bart_live_20260912_192815,COLM,Colma,Yellow,YELLOW,Antioch,ANTC,2,North,31,2026-09-12T19:59:17-07:00,future,0,0,C:\Users\Igor\StudioProjects\BartRunnerAndroid\app\src\test\resources\bart_live_20260912_192815\etd\colm.xml,2026-09-12T19:28:17-07:00
bart_live_20260912_192815,COLM,Colma,Yellow,YELLOW,Antioch,ANTC,2,North,51,2026-09-12T20:19:17-07:00,future,0,0,C:\Users\Igor\StudioProjects\BartRunnerAndroid\app\src\test\resources\bart_live_20260912_192815\etd\colm.xml,2026-09-12T19:28:17-07:00
bart_live_20260912_192815,COLM,Colma,Red,RED,Millbrae,MLBR,1,South,7,2026-09-12T19:35:17-07:00,future,255,0,C:\Users\Igor\StudioProjects\BartRunnerAndroid\app\src\test\resources\bart_live_20260912_192815\etd\colm.xml,2026-09-12T19:28:17-07:00
bart_live_20260912_192815,COLM,Colma,Red,RED,Millbrae,MLBR,1,South,24,2026-09-12T19:52:17-07:00,future,0,0,C:\Users\Igor\StudioProjects\BartRunnerAndroid\app\src\test\resources\bart_live_20260912_192815\etd\colm.xml,2026-09-12T19:28:17-07:00
bart_live_20260912_192815,COLM,Colma,Red,RED,Millbrae,MLBR,1,South,43,2026-09-12T20:11:17-07:00,future,0,0,C:\Users\Igor\StudioProjects\BartRunnerAndroid\app\src\test\resources\bart_live_20260912_192815\etd\colm.xml,2026-09-12T19:28:17-07:00
bart_live_20260912_192815,COLM,Colma,Red,RED,Richmond,RICH,2,North,3,2026-09-12T19:31:17-07:00,future,149,0,C:\Users\Igor\StudioProjects\BartRunnerAndroid\app\src\test\resources\bart_live_20260912_192815\etd\colm.xml,2026-09-12T19:28:17-07:00
bart_live_20260912_192815,COLM,Colma,Red,RED,Richmond,RICH,2,North,20,2026-09-12T19:48:17-07:00,future,0,0,C:\Users\Igor\StudioProjects\BartRunnerAndroid\app\src\test\resources\bart_live_20260912_192815\etd\colm.xml,2026-09-12T19:28:17-07:00
bart_live_20260912_192815,COLM,Colma,Red,RED,Richmond,RICH,2,North,40,2026-09-12T20:08:17-07:00,future,0,0,C:\Users\Igor\StudioProjects\BartRunnerAndroid\app\src\test\resources\bart_live_20260912_192815\etd\colm.xml,2026-09-12T19:28:17-07:00
bart_live_20260912_192815,COLM,Colma,Yellow,YELLOW,SF Airport,SFIA,1,South,16,2026-09-12T19:44:17-07:00,future,0,0,C:\Users\Igor\StudioProjects\BartRunnerAndroid\app\src\test\resources\bart_live_20260912_192815\etd\colm.xml,2026-09-12T19:28:17-07:00
bart_live_20260912_192815,COLM,Colma,Yellow,YELLOW,SF Airport,SFIA,1,South,36,2026-09-12T20:04:17-07:00,future,0,0,C:\Users\Igor\StudioProjects\BartRunnerAndroid\app\src\test\resources\bart_live_20260912_192815\etd\colm.xml,2026-09-12T19:28:17-07:00
bart_live_20260912_192815,COLM,Colma,Yellow,YELLOW,SF Airport,SFIA,1,South,56,2026-09-12T20:24:17-07:00,future,0,0,C:\Users\Igor\StudioProjects\BartRunnerAndroid\app\src\test\resources\bart_live_20260912_192815\etd\colm.xml,2026-09-12T19:28:17-07:00
bart_live_20260912_192815,COLM,Colma,Yellow,YELLOW,SFO/Millbrae,MLBR,1,South,76,2026-09-12T20:44:17-07:00,future,0,0,C:\Users\Igor\StudioProjects\BartRunnerAndroid\app\src\test\resources\bart_live_20260912_192815\etd\colm.xml,2026-09-12T19:28:17-07:00
bart_live_20260912_192815,COLM,Colma,Yellow,YELLOW,SFO/Millbrae,MLBR,1,South,96,2026-09-12T21:04:17-07:00,future,0,0,C:\Users\Igor\StudioProjects\BartRunnerAndroid\app\src\test\resources\bart_live_20260912_192815\etd\colm.xml,2026-09-12T19:28:17-07:00
bart_live_20260912_192815,COLM,Colma,Yellow,YELLOW,SFO/Millbrae,MLBR,1,South,116,2026-09-12T21:24:17-07:00,future,0,0,C:\Users\Igor\StudioProjects\BartRunnerAndroid\app\src\test\resources\bart_live_20260912_192815\etd\colm.xml,2026-09-12T19:28:17-07:00
bart_live_20260912_192815,COLS,Coliseum,Orange,ORANGE,Berryessa,BERY,1,South,54,2026-09-12T20:22:03-07:00,future,0,0,C:\Users\Igor\StudioProjects\BartRunnerAndroid\app\src\test\resources\bart_live_20260912_192815\etd\cols.xml,2026-09-12T19:28:03-07:00
bart_live_20260912_192815,COLS,Coliseum,Orange,ORANGE,Berryessa,BERY,1,South,74,2026-09-12T20:42:03-07:00,future,0,0,C:\Users\Igor\StudioProjects\BartRunnerAndroid\app\src\test\resources\bart_live_20260912_192815\etd\cols.xml,2026-09-12T19:28:03-07:00
bart_live_20260912_192815,COLS,Coliseum,Blue,BLUE,Daly City,DALY,2,South,25,2026-09-12T19:53:03-07:00,canceled,1039,0,C:\Users\Igor\StudioProjects\BartRunnerAndroid\app\src\test\resources\bart_live_20260912_192815\etd\cols.xml,2026-09-12T19:28:03-07:00
bart_live_20260912_192815,COLS,Coliseum,Blue,BLUE,Daly City,DALY,2,South,27,2026-09-12T19:55:03-07:00,future,129,0,C:\Users\Igor\StudioProjects\BartRunnerAndroid\app\src\test\resources\bart_live_20260912_192815\etd\cols.xml,2026-09-12T19:28:03-07:00
bart_live_20260912_192815,COLS,Coliseum,Blue,BLUE,Daly City,DALY,2,South,44,2026-09-12T20:12:03-07:00,future,0,0,C:\Users\Igor\StudioProjects\BartRunnerAndroid\app\src\test\resources\bart_live_20260912_192815\etd\cols.xml,2026-09-12T19:28:03-07:00
bart_live_20260912_192815,COLS,Coliseum,Blue,BLUE,Dublin/Pleasanton,DUBL,1,North,48,2026-09-12T20:16:03-07:00,future,0,0,C:\Users\Igor\StudioProjects\BartRunnerAndroid\app\src\test\resources\bart_live_20260912_192815\etd\cols.xml,2026-09-12T19:28:03-07:00
bart_live_20260912_192815,COLS,Coliseum,Blue,BLUE,Dublin/Pleasanton,DUBL,1,North,68,2026-09-12T20:36:03-07:00,future,0,0,C:\Users\Igor\StudioProjects\BartRunnerAndroid\app\src\test\resources\bart_live_20260912_192815\etd\cols.xml,2026-09-12T19:28:03-07:00
bart_live_20260912_192815,COLS,Coliseum,Orange,ORANGE,Richmond,RICH,2,North,20,2026-09-12T19:48:03-07:00,future,341,0,C:\Users\Igor\StudioProjects\BartRunnerAndroid\app\src\test\resources\bart_live_20260912_192815\etd\cols.xml,2026-09-12T19:28:03-07:00
bart_live_20260912_192815,COLS,Coliseum,Orange,ORANGE,Richmond,RICH,2,North,34,2026-09-12T20:02:03-07:00,future,0,0,C:\Users\Igor\StudioProjects\BartRunnerAndroid\app\src\test\resources\bart_live_20260912_192815\etd\cols.xml,2026-09-12T19:28:03-07:00
bart_live_20260912_192815,COLS,Coliseum,Orange,ORANGE,Richmond,RICH,2,North,54,2026-09-12T20:22:03-07:00,future,0,0,C:\Users\Igor\StudioProjects\BartRunnerAndroid\app\src\test\resources\bart_live_20260912_192815\etd\cols.xml,2026-09-12T19:28:03-07:00
bart_live_20260912_192815,CONC,Concord,Yellow,YELLOW,Antioch,ANTC,1,North,6,2026-09-12T19:34:03-07:00,future,559,0,C:\Users\Igor\StudioProjects\BartRunnerAndroid\app\src\test\resources\bart_live_20260912_192815\etd\conc.xml,2026-09-12T19:28:03-07:00
bart_live_20260912_192815,CONC,Concord,Yellow,YELLOW,Antioch,ANTC,1,North,23,2026-09-12T19:51:03-07:00,future,398,0,C:\Users\Igor\StudioProjects\BartRunnerAndroid\app\src\test\resources\bart_live_20260912_192815\etd\conc.xml,2026-09-12T19:28:03-07:00
bart_live_20260912_192815,CONC,Concord,Yellow,YELLOW,Antioch,ANTC,1,North,36,2026-09-12T20:04:03-07:00,future,0,0,C:\Users\Igor\StudioProjects\BartRunnerAndroid\app\src\test\resources\bart_live_20260912_192815\etd\conc.xml,2026-09-12T19:28:03-07:00
bart_live_20260912_192815,CONC,Concord,Yellow,YELLOW,SFO/Millbrae,MLBR,2,South,9,2026-09-12T19:37:03-07:00,future,0,0,C:\Users\Igor\StudioProjects\BartRunnerAndroid\app\src\test\resources\bart_live_20260912_192815\etd\conc.xml,2026-09-12T19:28:03-07:00
bart_live_20260912_192815,CONC,Concord,Yellow,YELLOW,SFO/Millbrae,MLBR,2,South,29,2026-09-12T19:57:03-07:00,future,0,0,C:\Users\Igor\StudioProjects\BartRunnerAndroid\app\src\test\resources\bart_live_20260912_192815\etd\conc.xml,2026-09-12T19:28:03-07:00
bart_live_20260912_192815,CONC,Concord,Yellow,YELLOW,SFO/Millbrae,MLBR,2,South,49,2026-09-12T20:17:03-07:00,future,0,0,C:\Users\Igor\StudioProjects\BartRunnerAndroid\app\src\test\resources\bart_live_20260912_192815\etd\conc.xml,2026-09-12T19:28:03-07:00
bart_live_20260912_192815,DALY,Daly City,Yellow,YELLOW,Antioch,ANTC,2,North,15,2026-09-12T19:43:03-07:00,future,0,0,C:\Users\Igor\StudioProjects\BartRunnerAndroid\app\src\test\resources\bart_live_20260912_192815\etd\daly.xml,2026-09-12T19:28:03-07:00
bart_live_20260912_192815,DALY,Daly City,Yellow,YELLOW,Antioch,ANTC,2,North,35,2026-09-12T20:03:03-07:00,future,0,0,C:\Users\Igor\StudioProjects\BartRunnerAndroid\app\src\test\resources\bart_live_20260912_192815\etd\daly.xml,2026-09-12T19:28:03-07:00
bart_live_20260912_192815,DALY,Daly City,Yellow,YELLOW,Antioch,ANTC,2,North,55,2026-09-12T20:23:03-07:00,future,0,0,C:\Users\Igor\StudioProjects\BartRunnerAndroid\app\src\test\resources\bart_live_20260912_192815\etd\daly.xml,2026-09-12T19:28:03-07:00
bart_live_20260912_192815,DALY,Daly City,Blue,BLUE,Dublin/Pleasanton,DUBL,2,North,9,2026-09-12T19:37:03-07:00,future,0,0,C:\Users\Igor\StudioProjects\BartRunnerAndroid\app\src\test\resources\bart_live_20260912_192815\etd\daly.xml,2026-09-12T19:28:03-07:00
bart_live_20260912_192815,DALY,Daly City,Blue,BLUE,Dublin/Pleasanton,DUBL,2,North,29,2026-09-12T19:57:03-07:00,future,0,0,C:\Users\Igor\StudioProjects\BartRunnerAndroid\app\src\test\resources\bart_live_20260912_192815\etd\daly.xml,2026-09-12T19:28:03-07:00
bart_live_20260912_192815,DALY,Daly City,Red,RED,Millbrae,MLBR,1,South,4,2026-09-12T19:32:03-07:00,future,279,0,C:\Users\Igor\StudioProjects\BartRunnerAndroid\app\src\test\resources\bart_live_20260912_192815\etd\daly.xml,2026-09-12T19:28:03-07:00
bart_live_20260912_192815,DALY,Daly City,Red,RED,Millbrae,MLBR,1,South,21,2026-09-12T19:49:03-07:00,future,71,0,C:\Users\Igor\StudioProjects\BartRunnerAndroid\app\src\test\resources\bart_live_20260912_192815\etd\daly.xml,2026-09-12T19:28:03-07:00
bart_live_20260912_192815,DALY,Daly City,Red,RED,Millbrae,MLBR,1,South,40,2026-09-12T20:08:03-07:00,future,0,0,C:\Users\Igor\StudioProjects\BartRunnerAndroid\app\src\test\resources\bart_live_20260912_192815\etd\daly.xml,2026-09-12T19:28:03-07:00
bart_live_20260912_192815,DALY,Daly City,Red,RED,Richmond,RICH,2,North,6,2026-09-12T19:34:03-07:00,future,130,0,C:\Users\Igor\StudioProjects\BartRunnerAndroid\app\src\test\resources\bart_live_20260912_192815\etd\daly.xml,2026-09-12T19:28:03-07:00
bart_live_20260912_192815,DALY,Daly City,Red,RED,Richmond,RICH,2,North,24,2026-09-12T19:52:03-07:00,future,0,0,C:\Users\Igor\StudioProjects\BartRunnerAndroid\app\src\test\resources\bart_live_20260912_192815\etd\daly.xml,2026-09-12T19:28:03-07:00
bart_live_20260912_192815,DALY,Daly City,Red,RED,Richmond,RICH,2,North,44,2026-09-12T20:12:03-07:00,future,0,0,C:\Users\Igor\StudioProjects\BartRunnerAndroid\app\src\test\resources\bart_live_20260912_192815\etd\daly.xml,2026-09-12T19:28:03-07:00
bart_live_20260912_192815,DALY,Daly City,Yellow,YELLOW,SF Airport,SFIA,1,South,12,2026-09-12T19:40:03-07:00,future,0,0,C:\Users\Igor\StudioProjects\BartRunnerAndroid\app\src\test\resources\bart_live_20260912_192815\etd\daly.xml,2026-09-12T19:28:03-07:00
bart_live_20260912_192815,DALY,Daly City,Yellow,YELLOW,SF Airport,SFIA,1,South,33,2026-09-12T20:01:03-07:00,future,77,0,C:\Users\Igor\StudioProjects\BartRunnerAndroid\app\src\test\resources\bart_live_20260912_192815\etd\daly.xml,2026-09-12T19:28:03-07:00
bart_live_20260912_192815,DALY,Daly City,Yellow,YELLOW,SF Airport,SFIA,1,South,52,2026-09-12T20:20:03-07:00,future,0,0,C:\Users\Igor\StudioProjects\BartRunnerAndroid\app\src\test\resources\bart_live_20260912_192815\etd\daly.xml,2026-09-12T19:28:03-07:00
bart_live_20260912_192815,DALY,Daly City,Yellow,YELLOW,SFO/Millbrae,MLBR,1,South,72,2026-09-12T20:40:03-07:00,future,0,0,C:\Users\Igor\StudioProjects\BartRunnerAndroid\app\src\test\resources\bart_live_20260912_192815\etd\daly.xml,2026-09-12T19:28:03-07:00
bart_live_20260912_192815,DALY,Daly City,Yellow,YELLOW,SFO/Millbrae,MLBR,1,South,92,2026-09-12T21:00:03-07:00,future,0,0,C:\Users\Igor\StudioProjects\BartRunnerAndroid\app\src\test\resources\bart_live_20260912_192815\etd\daly.xml,2026-09-12T19:28:03-07:00
bart_live_20260912_192815,DALY,Daly City,Yellow,YELLOW,SFO/Millbrae,MLBR,1,South,112,2026-09-12T21:20:03-07:00,future,0,0,C:\Users\Igor\StudioProjects\BartRunnerAndroid\app\src\test\resources\bart_live_20260912_192815\etd\daly.xml,2026-09-12T19:28:03-07:00
bart_live_20260912_192815,DBRK,Downtown Berkeley,Orange,ORANGE,Berryessa,BERY,2,South,10,2026-09-12T19:38:03-07:00,future,0,0,C:\Users\Igor\StudioProjects\BartRunnerAndroid\app\src\test\resources\bart_live_20260912_192815\etd\dbrk.xml,2026-09-12T19:28:03-07:00
bart_live_20260912_192815,DBRK,Downtown Berkeley,Orange,ORANGE,Berryessa,BERY,2,South,30,2026-09-12T19:58:03-07:00,future,0,0,C:\Users\Igor\StudioProjects\BartRunnerAndroid\app\src\test\resources\bart_live_20260912_192815\etd\dbrk.xml,2026-09-12T19:28:03-07:00
bart_live_20260912_192815,DBRK,Downtown Berkeley,Orange,ORANGE,Berryessa,BERY,2,South,50,2026-09-12T20:18:03-07:00,future,0,0,C:\Users\Igor\StudioProjects\BartRunnerAndroid\app\src\test\resources\bart_live_20260912_192815\etd\dbrk.xml,2026-09-12T19:28:03-07:00
bart_live_20260912_192815,DBRK,Downtown Berkeley,Red,RED,Millbrae,MLBR,2,South,17,2026-09-12T19:45:03-07:00,future,0,0,C:\Users\Igor\StudioProjects\BartRunnerAndroid\app\src\test\resources\bart_live_20260912_192815\etd\dbrk.xml,2026-09-12T19:28:03-07:00
bart_live_20260912_192815,DBRK,Downtown Berkeley,Red,RED,Richmond,RICH,1,North,7,2026-09-12T19:35:03-07:00,future,168,0,C:\Users\Igor\StudioProjects\BartRunnerAndroid\app\src\test\resources\bart_live_20260912_192815\etd\dbrk.xml,2026-09-12T19:28:03-07:00
bart_live_20260912_192815,DBRK,Downtown Berkeley,WHITE,WHITE,Richmond,RICH,1,North,9,2026-09-12T19:37:03-07:00,future,205,1,C:\Users\Igor\StudioProjects\BartRunnerAndroid\app\src\test\resources\bart_live_20260912_192815\etd\dbrk.xml,2026-09-12T19:28:03-07:00
bart_live_20260912_192815,DBRK,Downtown Berkeley,Red,RED,Richmond,RICH,1,North,26,2026-09-12T19:54:03-07:00,future,103,0,C:\Users\Igor\StudioProjects\BartRunnerAndroid\app\src\test\resources\bart_live_20260912_192815\etd\dbrk.xml,2026-09-12T19:28:03-07:00
bart_live_20260912_192815,DELN,El Cerrito del Norte,Orange,ORANGE,Berryessa,BERY,2,South,Leaving,2026-09-12T19:28:17-07:00,leaving,0,0,C:\Users\Igor\StudioProjects\BartRunnerAndroid\app\src\test\resources\bart_live_20260912_192815\etd\deln.xml,2026-09-12T19:28:17-07:00
bart_live_20260912_192815,DELN,El Cerrito del Norte,Orange,ORANGE,Berryessa,BERY,2,South,21,2026-09-12T19:49:17-07:00,future,0,0,C:\Users\Igor\StudioProjects\BartRunnerAndroid\app\src\test\resources\bart_live_20260912_192815\etd\deln.xml,2026-09-12T19:28:17-07:00
bart_live_20260912_192815,DELN,El Cerrito del Norte,Orange,ORANGE,Berryessa,BERY,2,South,41,2026-09-12T20:09:17-07:00,future,0,0,C:\Users\Igor\StudioProjects\BartRunnerAndroid\app\src\test\resources\bart_live_20260912_192815\etd\deln.xml,2026-09-12T19:28:17-07:00
bart_live_20260912_192815,DELN,El Cerrito del Norte,Red,RED,Millbrae,MLBR,2,South,8,2026-09-12T19:36:17-07:00,future,0,0,C:\Users\Igor\StudioProjects\BartRunnerAndroid\app\src\test\resources\bart_live_20260912_192815\etd\deln.xml,2026-09-12T19:28:17-07:00
bart_live_20260912_192815,DELN,El Cerrito del Norte,WHITE,WHITE,Richmond,RICH,1,North,1,2026-09-12T19:29:17-07:00,future,787,1,C:\Users\Igor\StudioProjects\BartRunnerAndroid\app\src\test\resources\bart_live_20260912_192815\etd\deln.xml,2026-09-12T19:28:17-07:00
bart_live_20260912_192815,DELN,El Cerrito del Norte,Red,RED,Richmond,RICH,1,North,16,2026-09-12T19:44:17-07:00,future,183,0,C:\Users\Igor\StudioProjects\BartRunnerAndroid\app\src\test\resources\bart_live_20260912_192815\etd\deln.xml,2026-09-12T19:28:17-07:00
bart_live_20260912_192815,DELN,El Cerrito del Norte,WHITE,WHITE,Richmond,RICH,1,North,17,2026-09-12T19:45:17-07:00,future,256,1,C:\Users\Igor\StudioProjects\BartRunnerAndroid\app\src\test\resources\bart_live_20260912_192815\etd\deln.xml,2026-09-12T19:28:17-07:00
bart_live_20260912_192815,DUBL,Dublin/Pleasanton,Blue,BLUE,Daly City,DALY,2,South,1,2026-09-12T19:29:03-07:00,canceled,1176,0,C:\Users\Igor\StudioProjects\BartRunnerAndroid\app\src\test\resources\bart_live_20260912_192815\etd\dubl.xml,2026-09-12T19:28:03-07:00
bart_live_20260912_192815,DUBL,Dublin/Pleasanton,Blue,BLUE,Daly City,DALY,2,South,1,2026-09-12T19:29:03-07:00,future,296,0,C:\Users\Igor\StudioProjects\BartRunnerAndroid\app\src\test\resources\bart_live_20260912_192815\etd\dubl.xml,2026-09-12T19:28:03-07:00
bart_live_20260912_192815,DUBL,Dublin/Pleasanton,Blue,BLUE,Daly City,DALY,2,South,16,2026-09-12T19:44:03-07:00,future,0,0,C:\Users\Igor\StudioProjects\BartRunnerAndroid\app\src\test\resources\bart_live_20260912_192815\etd\dubl.xml,2026-09-12T19:28:03-07:00
bart_live_20260912_192815,EMBR,Embarcadero,Yellow,YELLOW,Antioch,ANTC,2,North,15,2026-09-12T19:43:17-07:00,future,94,0,C:\Users\Igor\StudioProjects\BartRunnerAndroid\app\src\test\resources\bart_live_20260912_192815\etd\embr.xml,2026-09-12T19:28:17-07:00
bart_live_20260912_192815,EMBR,Embarcadero,Yellow,YELLOW,Antioch,ANTC,2,North,33,2026-09-12T20:01:17-07:00,future,0,0,C:\Users\Igor\StudioProjects\BartRunnerAndroid\app\src\test\resources\bart_live_20260912_192815\etd\embr.xml,2026-09-12T19:28:17-07:00
bart_live_20260912_192815,EMBR,Embarcadero,Yellow,YELLOW,Antioch,ANTC,2,North,53,2026-09-12T20:21:17-07:00,future,0,0,C:\Users\Igor\StudioProjects\BartRunnerAndroid\app\src\test\resources\bart_live_20260912_192815\etd\embr.xml,2026-09-12T19:28:17-07:00
bart_live_20260912_192815,EMBR,Embarcadero,WHITE,WHITE,Daly City,DALY,1,South,2,2026-09-12T19:30:17-07:00,future,555,1,C:\Users\Igor\StudioProjects\BartRunnerAndroid\app\src\test\resources\bart_live_20260912_192815\etd\embr.xml,2026-09-12T19:28:17-07:00
bart_live_20260912_192815,EMBR,Embarcadero,WHITE,WHITE,Daly City,DALY,1,South,12,2026-09-12T19:40:17-07:00,future,154,1,C:\Users\Igor\StudioProjects\BartRunnerAndroid\app\src\test\resources\bart_live_20260912_192815\etd\embr.xml,2026-09-12T19:28:17-07:00
bart_live_20260912_192815,EMBR,Embarcadero,Blue,BLUE,Daly City,DALY,1,South,45,2026-09-12T20:13:17-07:00,canceled,989,0,C:\Users\Igor\StudioProjects\BartRunnerAndroid\app\src\test\resources\bart_live_20260912_192815\etd\embr.xml,2026-09-12T19:28:17-07:00
bart_live_20260912_192815,EMBR,Embarcadero,Blue,BLUE,Dublin/Pleasanton,DUBL,2,North,28,2026-09-12T19:56:17-07:00,future,0,0,C:\Users\Igor\StudioProjects\BartRunnerAndroid\app\src\test\resources\bart_live_20260912_192815\etd\embr.xml,2026-09-12T19:28:17-07:00
bart_live_20260912_192815,EMBR,Embarcadero,Blue,BLUE,Dublin/Pleasanton,DUBL,2,North,48,2026-09-12T20:16:17-07:00,future,0,0,C:\Users\Igor\StudioProjects\BartRunnerAndroid\app\src\test\resources\bart_live_20260912_192815\etd\embr.xml,2026-09-12T19:28:17-07:00
bart_live_20260912_192815,EMBR,Embarcadero,WHITE,WHITE,Fruitvale,FTVL,2,North,8,2026-09-12T19:36:17-07:00,future,0,0,C:\Users\Igor\StudioProjects\BartRunnerAndroid\app\src\test\resources\bart_live_20260912_192815\etd\embr.xml,2026-09-12T19:28:17-07:00
bart_live_20260912_192815,EMBR,Embarcadero,Red,RED,Millbrae,MLBR,1,South,Leaving,2026-09-12T19:28:17-07:00,leaving,0,0,C:\Users\Igor\StudioProjects\BartRunnerAndroid\app\src\test\resources\bart_live_20260912_192815\etd\embr.xml,2026-09-12T19:28:17-07:00
bart_live_20260912_192815,EMBR,Embarcadero,Red,RED,Millbrae,MLBR,1,South,20,2026-09-12T19:48:17-07:00,future,0,0,C:\Users\Igor\StudioProjects\BartRunnerAndroid\app\src\test\resources\bart_live_20260912_192815\etd\embr.xml,2026-09-12T19:28:17-07:00
bart_live_20260912_192815,EMBR,Embarcadero,Red,RED,Millbrae,MLBR,1,South,41,2026-09-12T20:09:17-07:00,future,0,0,C:\Users\Igor\StudioProjects\BartRunnerAndroid\app\src\test\resources\bart_live_20260912_192815\etd\embr.xml,2026-09-12T19:28:17-07:00
bart_live_20260912_192815,EMBR,Embarcadero,Red,RED,Richmond,RICH,2,North,5,2026-09-12T19:33:17-07:00,future,170,0,C:\Users\Igor\StudioProjects\BartRunnerAndroid\app\src\test\resources\bart_live_20260912_192815\etd\embr.xml,2026-09-12T19:28:17-07:00
bart_live_20260912_192815,EMBR,Embarcadero,Red,RED,Richmond,RICH,2,North,23,2026-09-12T19:51:17-07:00,future,0,0,C:\Users\Igor\StudioProjects\BartRunnerAndroid\app\src\test\resources\bart_live_20260912_192815\etd\embr.xml,2026-09-12T19:28:17-07:00
bart_live_20260912_192815,EMBR,Embarcadero,Red,RED,Richmond,RICH,2,North,42,2026-09-12T20:10:17-07:00,future,0,0,C:\Users\Igor\StudioProjects\BartRunnerAndroid\app\src\test\resources\bart_live_20260912_192815\etd\embr.xml,2026-09-12T19:28:17-07:00
bart_live_20260912_192815,EMBR,Embarcadero,Yellow,YELLOW,SF Airport,SFIA,1,South,15,2026-09-12T19:43:17-07:00,future,147,0,C:\Users\Igor\StudioProjects\BartRunnerAndroid\app\src\test\resources\bart_live_20260912_192815\etd\embr.xml,2026-09-12T19:28:17-07:00
bart_live_20260912_192815,EMBR,Embarcadero,Yellow,YELLOW,SF Airport,SFIA,1,South,33,2026-09-12T20:01:17-07:00,future,0,0,C:\Users\Igor\StudioProjects\BartRunnerAndroid\app\src\test\resources\bart_live_20260912_192815\etd\embr.xml,2026-09-12T19:28:17-07:00
bart_live_20260912_192815,EMBR,Embarcadero,Yellow,YELLOW,SFO/Millbrae,MLBR,1,South,53,2026-09-12T20:21:17-07:00,future,0,0,C:\Users\Igor\StudioProjects\BartRunnerAndroid\app\src\test\resources\bart_live_20260912_192815\etd\embr.xml,2026-09-12T19:28:17-07:00
bart_live_20260912_192815,EMBR,Embarcadero,Yellow,YELLOW,SFO/Millbrae,MLBR,1,South,73,2026-09-12T20:41:17-07:00,future,0,0,C:\Users\Igor\StudioProjects\BartRunnerAndroid\app\src\test\resources\bart_live_20260912_192815\etd\embr.xml,2026-09-12T19:28:17-07:00
bart_live_20260912_192815,EMBR,Embarcadero,Yellow,YELLOW,SFO/Millbrae,MLBR,1,South,93,2026-09-12T21:01:17-07:00,future,0,0,C:\Users\Igor\StudioProjects\BartRunnerAndroid\app\src\test\resources\bart_live_20260912_192815\etd\embr.xml,2026-09-12T19:28:17-07:00
bart_live_20260912_192815,FTVL,Fruitvale,Orange,ORANGE,Berryessa,BERY,2,South,Leaving,2026-09-12T19:28:17-07:00,leaving,306,0,C:\Users\Igor\StudioProjects\BartRunnerAndroid\app\src\test\resources\bart_live_20260912_192815\etd\ftvl.xml,2026-09-12T19:28:17-07:00
bart_live_20260912_192815,FTVL,Fruitvale,Orange,ORANGE,Berryessa,BERY,1,South,11,2026-09-12T19:39:17-07:00,future,0,0,C:\Users\Igor\StudioProjects\BartRunnerAndroid\app\src\test\resources\bart_live_20260912_192815\etd\ftvl.xml,2026-09-12T19:28:17-07:00
bart_live_20260912_192815,FTVL,Fruitvale,Orange,ORANGE,Berryessa,BERY,1,South,31,2026-09-12T19:59:17-07:00,future,0,0,C:\Users\Igor\StudioProjects\BartRunnerAndroid\app\src\test\resources\bart_live_20260912_192815\etd\ftvl.xml,2026-09-12T19:28:17-07:00
bart_live_20260912_192815,FTVL,Fruitvale,Blue,BLUE,Daly City,DALY,2,South,29,2026-09-12T19:57:17-07:00,canceled,1029,0,C:\Users\Igor\StudioProjects\BartRunnerAndroid\app\src\test\resources\bart_live_20260912_192815\etd\ftvl.xml,2026-09-12T19:28:17-07:00
bart_live_20260912_192815,FTVL,Fruitvale,Blue,BLUE,Daly City,DALY,2,South,30,2026-09-12T19:58:17-07:00,future,134,0,C:\Users\Igor\StudioProjects\BartRunnerAndroid\app\src\test\resources\bart_live_20260912_192815\etd\ftvl.xml,2026-09-12T19:28:17-07:00
bart_live_20260912_192815,FTVL,Fruitvale,Blue,BLUE,Daly City,DALY,2,South,48,2026-09-12T20:16:17-07:00,future,0,0,C:\Users\Igor\StudioProjects\BartRunnerAndroid\app\src\test\resources\bart_live_20260912_192815\etd\ftvl.xml,2026-09-12T19:28:17-07:00
bart_live_20260912_192815,FTVL,Fruitvale,Blue,BLUE,Dublin/Pleasanton,DUBL,1,North,45,2026-09-12T20:13:17-07:00,future,0,0,C:\Users\Igor\StudioProjects\BartRunnerAndroid\app\src\test\resources\bart_live_20260912_192815\etd\ftvl.xml,2026-09-12T19:28:17-07:00
bart_live_20260912_192815,FTVL,Fruitvale,Blue,BLUE,Dublin/Pleasanton,DUBL,1,North,65,2026-09-12T20:33:17-07:00,future,0,0,C:\Users\Igor\StudioProjects\BartRunnerAndroid\app\src\test\resources\bart_live_20260912_192815\etd\ftvl.xml,2026-09-12T19:28:17-07:00
bart_live_20260912_192815,FTVL,Fruitvale,WHITE,WHITE,Fruitvale,FTVL,1,South,7,2026-09-12T19:35:17-07:00,future,97,0,C:\Users\Igor\StudioProjects\BartRunnerAndroid\app\src\test\resources\bart_live_20260912_192815\etd\ftvl.xml,2026-09-12T19:28:17-07:00
bart_live_20260912_192815,FTVL,Fruitvale,WHITE,WHITE,Fruitvale,FTVL,1,South,25,2026-09-12T19:53:17-07:00,future,0,0,C:\Users\Igor\StudioProjects\BartRunnerAndroid\app\src\test\resources\bart_live_20260912_192815\etd\ftvl.xml,2026-09-12T19:28:17-07:00
bart_live_20260912_192815,FTVL,Fruitvale,Orange,ORANGE,Richmond,RICH,2,North,23,2026-09-12T19:51:17-07:00,future,351,0,C:\Users\Igor\StudioProjects\BartRunnerAndroid\app\src\test\resources\bart_live_20260912_192815\etd\ftvl.xml,2026-09-12T19:28:17-07:00
bart_live_20260912_192815,FTVL,Fruitvale,Orange,ORANGE,Richmond,RICH,2,North,38,2026-09-12T20:06:17-07:00,future,0,0,C:\Users\Igor\StudioProjects\BartRunnerAndroid\app\src\test\resources\bart_live_20260912_192815\etd\ftvl.xml,2026-09-12T19:28:17-07:00
bart_live_20260912_192815,FTVL,Fruitvale,Orange,ORANGE,Richmond,RICH,2,North,58,2026-09-12T20:26:17-07:00,future,0,0,C:\Users\Igor\StudioProjects\BartRunnerAndroid\app\src\test\resources\bart_live_20260912_192815\etd\ftvl.xml,2026-09-12T19:28:17-07:00
bart_live_20260912_192815,GLEN,Glen Park,Yellow,YELLOW,Antioch,ANTC,2,North,3,2026-09-12T19:31:17-07:00,future,118,0,C:\Users\Igor\StudioProjects\BartRunnerAndroid\app\src\test\resources\bart_live_20260912_192815\etd\glen.xml,2026-09-12T19:28:17-07:00
bart_live_20260912_192815,GLEN,Glen Park,Yellow,YELLOW,Antioch,ANTC,2,North,21,2026-09-12T19:49:17-07:00,future,0,0,C:\Users\Igor\StudioProjects\BartRunnerAndroid\app\src\test\resources\bart_live_20260912_192815\etd\glen.xml,2026-09-12T19:28:17-07:00
bart_live_20260912_192815,GLEN,Glen Park,Yellow,YELLOW,Antioch,ANTC,2,North,41,2026-09-12T20:09:17-07:00,future,0,0,C:\Users\Igor\StudioProjects\BartRunnerAndroid\app\src\test\resources\bart_live_20260912_192815\etd\glen.xml,2026-09-12T19:28:17-07:00
bart_live_20260912_192815,GLEN,Glen Park,WHITE,WHITE,Daly City,DALY,1,South,12,2026-09-12T19:40:17-07:00,future,512,1,C:\Users\Igor\StudioProjects\BartRunnerAndroid\app\src\test\resources\bart_live_20260912_192815\etd\glen.xml,2026-09-12T19:28:17-07:00
bart_live_20260912_192815,GLEN,Glen Park,WHITE,WHITE,Daly City,DALY,1,South,23,2026-09-12T19:51:17-07:00,future,127,1,C:\Users\Igor\StudioProjects\BartRunnerAndroid\app\src\test\resources\bart_live_20260912_192815\etd\glen.xml,2026-09-12T19:28:17-07:00
bart_live_20260912_192815,GLEN,Glen Park,Blue,BLUE,Daly City,DALY,1,South,56,2026-09-12T20:24:17-07:00,canceled,946,0,C:\Users\Igor\StudioProjects\BartRunnerAndroid\app\src\test\resources\bart_live_20260912_192815\etd\glen.xml,2026-09-12T19:28:17-07:00
bart_live_20260912_192815,GLEN,Glen Park,Blue,BLUE,Dublin/Pleasanton,DUBL,2,North,16,2026-09-12T19:44:17-07:00,future,0,0,C:\Users\Igor\StudioProjects\BartRunnerAndroid\app\src\test\resources\bart_live_20260912_192815\etd\glen.xml,2026-09-12T19:28:17-07:00
bart_live_20260912_192815,GLEN,Glen Park,Blue,BLUE,Dublin/Pleasanton,DUBL,2,North,36,2026-09-12T20:04:17-07:00,future,0,0,C:\Users\Igor\StudioProjects\BartRunnerAndroid\app\src\test\resources\bart_live_20260912_192815\etd\glen.xml,2026-09-12T19:28:17-07:00
bart_live_20260912_192815,GLEN,Glen Park,Red,RED,Millbrae,MLBR,1,South,13,2026-09-12T19:41:17-07:00,future,0,0,C:\Users\Igor\StudioProjects\BartRunnerAndroid\app\src\test\resources\bart_live_20260912_192815\etd\glen.xml,2026-09-12T19:28:17-07:00
bart_live_20260912_192815,GLEN,Glen Park,Red,RED,Millbrae,MLBR,1,South,33,2026-09-12T20:01:17-07:00,future,0,0,C:\Users\Igor\StudioProjects\BartRunnerAndroid\app\src\test\resources\bart_live_20260912_192815\etd\glen.xml,2026-09-12T19:28:17-07:00
bart_live_20260912_192815,GLEN,Glen Park,Red,RED,Millbrae,MLBR,1,South,53,2026-09-12T20:21:17-07:00,future,0,0,C:\Users\Igor\StudioProjects\BartRunnerAndroid\app\src\test\resources\bart_live_20260912_192815\etd\glen.xml,2026-09-12T19:28:17-07:00
bart_live_20260912_192815,GLEN,Glen Park,Red,RED,Richmond,RICH,2,North,11,2026-09-12T19:39:17-07:00,future,75,0,C:\Users\Igor\StudioProjects\BartRunnerAndroid\app\src\test\resources\bart_live_20260912_192815\etd\glen.xml,2026-09-12T19:28:17-07:00
bart_live_20260912_192815,GLEN,Glen Park,Red,RED,Richmond,RICH,2,North,30,2026-09-12T19:58:17-07:00,future,0,0,C:\Users\Igor\StudioProjects\BartRunnerAndroid\app\src\test\resources\bart_live_20260912_192815\etd\glen.xml,2026-09-12T19:28:17-07:00
bart_live_20260912_192815,GLEN,Glen Park,Red,RED,Richmond,RICH,2,North,50,2026-09-12T20:18:17-07:00,future,0,0,C:\Users\Igor\StudioProjects\BartRunnerAndroid\app\src\test\resources\bart_live_20260912_192815\etd\glen.xml,2026-09-12T19:28:17-07:00
bart_live_20260912_192815,GLEN,Glen Park,Yellow,YELLOW,SF Airport,SFIA,1,South,5,2026-09-12T19:33:17-07:00,future,0,0,C:\Users\Igor\StudioProjects\BartRunnerAndroid\app\src\test\resources\bart_live_20260912_192815\etd\glen.xml,2026-09-12T19:28:17-07:00
bart_live_20260912_192815,GLEN,Glen Park,Yellow,YELLOW,SF Airport,SFIA,1,South,27,2026-09-12T19:55:17-07:00,future,104,0,C:\Users\Igor\StudioProjects\BartRunnerAndroid\app\src\test\resources\bart_live_20260912_192815\etd\glen.xml,2026-09-12T19:28:17-07:00
bart_live_20260912_192815,GLEN,Glen Park,Yellow,YELLOW,SF Airport,SFIA,1,South,45,2026-09-12T20:13:17-07:00,future,0,0,C:\Users\Igor\StudioProjects\BartRunnerAndroid\app\src\test\resources\bart_live_20260912_192815\etd\glen.xml,2026-09-12T19:28:17-07:00
bart_live_20260912_192815,GLEN,Glen Park,Yellow,YELLOW,SFO/Millbrae,MLBR,1,South,65,2026-09-12T20:33:17-07:00,future,0,0,C:\Users\Igor\StudioProjects\BartRunnerAndroid\app\src\test\resources\bart_live_20260912_192815\etd\glen.xml,2026-09-12T19:28:17-07:00
bart_live_20260912_192815,GLEN,Glen Park,Yellow,YELLOW,SFO/Millbrae,MLBR,1,South,85,2026-09-12T20:53:17-07:00,future,0,0,C:\Users\Igor\StudioProjects\BartRunnerAndroid\app\src\test\resources\bart_live_20260912_192815\etd\glen.xml,2026-09-12T19:28:17-07:00
bart_live_20260912_192815,GLEN,Glen Park,Yellow,YELLOW,SFO/Millbrae,MLBR,1,South,105,2026-09-12T21:13:17-07:00,future,0,0,C:\Users\Igor\StudioProjects\BartRunnerAndroid\app\src\test\resources\bart_live_20260912_192815\etd\glen.xml,2026-09-12T19:28:17-07:00
bart_live_20260912_192815,HAYW,Hayward,Orange,ORANGE,Berryessa,BERY,1,South,66,2026-09-12T20:34:17-07:00,future,0,0,C:\Users\Igor\StudioProjects\BartRunnerAndroid\app\src\test\resources\bart_live_20260912_192815\etd\hayw.xml,2026-09-12T19:28:17-07:00
bart_live_20260912_192815,HAYW,Hayward,Orange,ORANGE,Berryessa,BERY,1,South,86,2026-09-12T20:54:17-07:00,future,0,0,C:\Users\Igor\StudioProjects\BartRunnerAndroid\app\src\test\resources\bart_live_20260912_192815\etd\hayw.xml,2026-09-12T19:28:17-07:00
bart_live_20260912_192815,HAYW,Hayward,Orange,ORANGE,Richmond,RICH,2,North,9,2026-09-12T19:37:17-07:00,future,621,0,C:\Users\Igor\StudioProjects\BartRunnerAndroid\app\src\test\resources\bart_live_20260912_192815\etd\hayw.xml,2026-09-12T19:28:17-07:00
bart_live_20260912_192815,HAYW,Hayward,Orange,ORANGE,Richmond,RICH,2,North,18,2026-09-12T19:46:17-07:00,future,0,0,C:\Users\Igor\StudioProjects\BartRunnerAndroid\app\src\test\resources\bart_live_20260912_192815\etd\hayw.xml,2026-09-12T19:28:17-07:00
bart_live_20260912_192815,HAYW,Hayward,Orange,ORANGE,Richmond,RICH,2,North,38,2026-09-12T20:06:17-07:00,future,0,0,C:\Users\Igor\StudioProjects\BartRunnerAndroid\app\src\test\resources\bart_live_20260912_192815\etd\hayw.xml,2026-09-12T19:28:17-07:00
bart_live_20260912_192815,LAFY,Lafayette,Yellow,YELLOW,Antioch,ANTC,1,North,10,2026-09-12T19:38:17-07:00,future,428,0,C:\Users\Igor\StudioProjects\BartRunnerAndroid\app\src\test\resources\bart_live_20260912_192815\etd\lafy.xml,2026-09-12T19:28:17-07:00
bart_live_20260912_192815,LAFY,Lafayette,Yellow,YELLOW,Antioch,ANTC,1,North,23,2026-09-12T19:51:17-07:00,future,0,0,C:\Users\Igor\StudioProjects\BartRunnerAndroid\app\src\test\resources\bart_live_20260912_192815\etd\lafy.xml,2026-09-12T19:28:17-07:00
bart_live_20260912_192815,LAFY,Lafayette,Yellow,YELLOW,Antioch,ANTC,1,North,43,2026-09-12T20:11:17-07:00,future,0,0,C:\Users\Igor\StudioProjects\BartRunnerAndroid\app\src\test\resources\bart_live_20260912_192815\etd\lafy.xml,2026-09-12T19:28:17-07:00
bart_live_20260912_192815,LAFY,Lafayette,Yellow,YELLOW,SF Airport,SFIA,2,South,2,2026-09-12T19:30:17-07:00,future,0,0,C:\Users\Igor\StudioProjects\BartRunnerAndroid\app\src\test\resources\bart_live_20260912_192815\etd\lafy.xml,2026-09-12T19:28:17-07:00
bart_live_20260912_192815,LAFY,Lafayette,Yellow,YELLOW,SFO/Millbrae,MLBR,2,South,21,2026-09-12T19:49:17-07:00,future,0,0,C:\Users\Igor\StudioProjects\BartRunnerAndroid\app\src\test\resources\bart_live_20260912_192815\etd\lafy.xml,2026-09-12T19:28:17-07:00
bart_live_20260912_192815,LAFY,Lafayette,Yellow,YELLOW,SFO/Millbrae,MLBR,2,South,41,2026-09-12T20:09:17-07:00,future,0,0,C:\Users\Igor\StudioProjects\BartRunnerAndroid\app\src\test\resources\bart_live_20260912_192815\etd\lafy.xml,2026-09-12T19:28:17-07:00
bart_live_20260912_192815,LAFY,Lafayette,Yellow,YELLOW,SFO/Millbrae,MLBR,2,South,61,2026-09-12T20:29:17-07:00,future,0,0,C:\Users\Igor\StudioProjects\BartRunnerAndroid\app\src\test\resources\bart_live_20260912_192815\etd\lafy.xml,2026-09-12T19:28:17-07:00
bart_live_20260912_192815,LAKE,Lake Merritt,Orange,ORANGE,Berryessa,BERY,1,South,8,2026-09-12T19:36:17-07:00,future,0,0,C:\Users\Igor\StudioProjects\BartRunnerAndroid\app\src\test\resources\bart_live_20260912_192815\etd\lake.xml,2026-09-12T19:28:17-07:00
bart_live_20260912_192815,LAKE,Lake Merritt,Orange,ORANGE,Berryessa,BERY,1,South,27,2026-09-12T19:55:17-07:00,future,0,0,C:\Users\Igor\StudioProjects\BartRunnerAndroid\app\src\test\resources\bart_live_20260912_192815\etd\lake.xml,2026-09-12T19:28:17-07:00
bart_live_20260912_192815,LAKE,Lake Merritt,Orange,ORANGE,Berryessa,BERY,1,South,47,2026-09-12T20:15:17-07:00,future,0,0,C:\Users\Igor\StudioProjects\BartRunnerAndroid\app\src\test\resources\bart_live_20260912_192815\etd\lake.xml,2026-09-12T19:28:17-07:00
bart_live_20260912_192815,LAKE,Lake Merritt,WHITE,WHITE,Daly City,DALY,2,North,1,2026-09-12T19:29:17-07:00,future,167,1,C:\Users\Igor\StudioProjects\BartRunnerAndroid\app\src\test\resources\bart_live_20260912_192815\etd\lake.xml,2026-09-12T19:28:17-07:00
bart_live_20260912_192815,LAKE,Lake Merritt,Blue,BLUE,Daly City,DALY,2,South,33,2026-09-12T20:01:17-07:00,canceled,1016,0,C:\Users\Igor\StudioProjects\BartRunnerAndroid\app\src\test\resources\bart_live_20260912_192815\etd\lake.xml,2026-09-12T19:28:17-07:00
bart_live_20260912_192815,LAKE,Lake Merritt,Blue,BLUE,Daly City,DALY,2,South,34,2026-09-12T20:02:17-07:00,future,131,0,C:\Users\Igor\StudioProjects\BartRunnerAndroid\app\src\test\resources\bart_live_20260912_192815\etd\lake.xml,2026-09-12T19:28:17-07:00
bart_live_20260912_192815,LAKE,Lake Merritt,Blue,BLUE,Dublin/Pleasanton,DUBL,1,North,41,2026-09-12T20:09:17-07:00,future,0,0,C:\Users\Igor\StudioProjects\BartRunnerAndroid\app\src\test\resources\bart_live_20260912_192815\etd\lake.xml,2026-09-12T19:28:17-07:00
bart_live_20260912_192815,LAKE,Lake Merritt,Blue,BLUE,Dublin/Pleasanton,DUBL,1,North,61,2026-09-12T20:29:17-07:00,future,0,0,C:\Users\Igor\StudioProjects\BartRunnerAndroid\app\src\test\resources\bart_live_20260912_192815\etd\lake.xml,2026-09-12T19:28:17-07:00
bart_live_20260912_192815,LAKE,Lake Merritt,WHITE,WHITE,Fruitvale,FTVL,1,South,3,2026-09-12T19:31:17-07:00,future,144,0,C:\Users\Igor\StudioProjects\BartRunnerAndroid\app\src\test\resources\bart_live_20260912_192815\etd\lake.xml,2026-09-12T19:28:17-07:00
bart_live_20260912_192815,LAKE,Lake Merritt,WHITE,WHITE,Fruitvale,FTVL,1,South,21,2026-09-12T19:49:17-07:00,future,0,0,C:\Users\Igor\StudioProjects\BartRunnerAndroid\app\src\test\resources\bart_live_20260912_192815\etd\lake.xml,2026-09-12T19:28:17-07:00
bart_live_20260912_192815,LAKE,Lake Merritt,Orange,ORANGE,Richmond,RICH,2,North,28,2026-09-12T19:56:17-07:00,future,353,0,C:\Users\Igor\StudioProjects\BartRunnerAndroid\app\src\test\resources\bart_live_20260912_192815\etd\lake.xml,2026-09-12T19:28:17-07:00
bart_live_20260912_192815,LAKE,Lake Merritt,Orange,ORANGE,Richmond,RICH,2,North,42,2026-09-12T20:10:17-07:00,future,0,0,C:\Users\Igor\StudioProjects\BartRunnerAndroid\app\src\test\resources\bart_live_20260912_192815\etd\lake.xml,2026-09-12T19:28:17-07:00
bart_live_20260912_192815,LAKE,Lake Merritt,Orange,ORANGE,Richmond,RICH,2,North,62,2026-09-12T20:30:17-07:00,future,0,0,C:\Users\Igor\StudioProjects\BartRunnerAndroid\app\src\test\resources\bart_live_20260912_192815\etd\lake.xml,2026-09-12T19:28:17-07:00
bart_live_20260912_192815,MCAR,MacArthur,Yellow,YELLOW,Antioch,ANTC,3,North,11,2026-09-12T19:39:17-07:00,future,0,0,C:\Users\Igor\StudioProjects\BartRunnerAndroid\app\src\test\resources\bart_live_20260912_192815\etd\mcar.xml,2026-09-12T19:28:17-07:00
bart_live_20260912_192815,MCAR,MacArthur,Yellow,YELLOW,Antioch,ANTC,3,North,31,2026-09-12T19:59:17-07:00,future,0,0,C:\Users\Igor\StudioProjects\BartRunnerAndroid\app\src\test\resources\bart_live_20260912_192815\etd\mcar.xml,2026-09-12T19:28:17-07:00
bart_live_20260912_192815,MCAR,MacArthur,Yellow,YELLOW,Antioch,ANTC,3,North,51,2026-09-12T20:19:17-07:00,future,0,0,C:\Users\Igor\StudioProjects\BartRunnerAndroid\app\src\test\resources\bart_live_20260912_192815\etd\mcar.xml,2026-09-12T19:28:17-07:00
bart_live_20260912_192815,MCAR,MacArthur,Orange,ORANGE,Berryessa,BERY,2,South,Leaving,2026-09-12T19:28:17-07:00,leaving,0,0,C:\Users\Igor\StudioProjects\BartRunnerAndroid\app\src\test\resources\bart_live_20260912_192815\etd\mcar.xml,2026-09-12T19:28:17-07:00
bart_live_20260912_192815,MCAR,MacArthur,Orange,ORANGE,Berryessa,BERY,2,South,18,2026-09-12T19:46:17-07:00,future,0,0,C:\Users\Igor\StudioProjects\BartRunnerAndroid\app\src\test\resources\bart_live_20260912_192815\etd\mcar.xml,2026-09-12T19:28:17-07:00
bart_live_20260912_192815,MCAR,MacArthur,Orange,ORANGE,Berryessa,BERY,2,South,38,2026-09-12T20:06:17-07:00,future,0,0,C:\Users\Igor\StudioProjects\BartRunnerAndroid\app\src\test\resources\bart_live_20260912_192815\etd\mcar.xml,2026-09-12T19:28:17-07:00
bart_live_20260912_192815,MCAR,MacArthur,Red,RED,Millbrae,MLBR,2,South,4,2026-09-12T19:32:17-07:00,future,78,0,C:\Users\Igor\StudioProjects\BartRunnerAndroid\app\src\test\resources\bart_live_20260912_192815\etd\mcar.xml,2026-09-12T19:28:17-07:00
bart_live_20260912_192815,MCAR,MacArthur,Red,RED,Millbrae,MLBR,2,South,23,2026-09-12T19:51:17-07:00,future,0,0,C:\Users\Igor\StudioProjects\BartRunnerAndroid\app\src\test\resources\bart_live_20260912_192815\etd\mcar.xml,2026-09-12T19:28:17-07:00
bart_live_20260912_192815,MCAR,MacArthur,Red,RED,Richmond,RICH,1,North,2,2026-09-12T19:30:17-07:00,future,224,0,C:\Users\Igor\StudioProjects\BartRunnerAndroid\app\src\test\resources\bart_live_20260912_192815\etd\mcar.xml,2026-09-12T19:28:17-07:00
bart_live_20260912_192815,MCAR,MacArthur,WHITE,WHITE,Richmond,RICH,1,North,3,2026-09-12T19:31:17-07:00,future,209,1,C:\Users\Igor\StudioProjects\BartRunnerAndroid\app\src\test\resources\bart_live_20260912_192815\etd\mcar.xml,2026-09-12T19:28:17-07:00
bart_live_20260912_192815,MCAR,MacArthur,Red,RED,Richmond,RICH,1,North,21,2026-09-12T19:49:17-07:00,future,129,0,C:\Users\Igor\StudioProjects\BartRunnerAndroid\app\src\test\resources\bart_live_20260912_192815\etd\mcar.xml,2026-09-12T19:28:17-07:00
bart_live_20260912_192815,MCAR,MacArthur,Yellow,YELLOW,SF Airport,SFIA,4,South,15,2026-09-12T19:43:17-07:00,future,0,0,C:\Users\Igor\StudioProjects\BartRunnerAndroid\app\src\test\resources\bart_live_20260912_192815\etd\mcar.xml,2026-09-12T19:28:17-07:00
bart_live_20260912_192815,MCAR,MacArthur,Yellow,YELLOW,SFO/Millbrae,MLBR,4,South,36,2026-09-12T20:04:17-07:00,future,0,0,C:\Users\Igor\StudioProjects\BartRunnerAndroid\app\src\test\resources\bart_live_20260912_192815\etd\mcar.xml,2026-09-12T19:28:17-07:00
bart_live_20260912_192815,MCAR,MacArthur,Yellow,YELLOW,SFO/Millbrae,MLBR,4,South,56,2026-09-12T20:24:17-07:00,future,0,0,C:\Users\Igor\StudioProjects\BartRunnerAndroid\app\src\test\resources\bart_live_20260912_192815\etd\mcar.xml,2026-09-12T19:28:17-07:00
bart_live_20260912_192815,MCAR,MacArthur,Yellow,YELLOW,SFO/Millbrae,MLBR,4,South,76,2026-09-12T20:44:17-07:00,future,0,0,C:\Users\Igor\StudioProjects\BartRunnerAndroid\app\src\test\resources\bart_live_20260912_192815\etd\mcar.xml,2026-09-12T19:28:17-07:00
bart_live_20260912_192815,MLBR,Millbrae,Red,RED,Richmond,RICH,3,North,23,2026-09-12T19:51:17-07:00,future,0,0,C:\Users\Igor\StudioProjects\BartRunnerAndroid\app\src\test\resources\bart_live_20260912_192815\etd\mlbr.xml,2026-09-12T19:28:17-07:00
bart_live_20260912_192815,MLBR,Millbrae,Yellow,YELLOW,SF Airport,SFIA,3,South,7,2026-09-12T19:35:17-07:00,future,0,1,C:\Users\Igor\StudioProjects\BartRunnerAndroid\app\src\test\resources\bart_live_20260912_192815\etd\mlbr.xml,2026-09-12T19:28:17-07:00
bart_live_20260912_192815,MLPT,Milpitas,Orange,ORANGE,Berryessa,BERY,1,South,14,2026-09-12T19:42:17-07:00,future,0,0,C:\Users\Igor\StudioProjects\BartRunnerAndroid\app\src\test\resources\bart_live_20260912_192815\etd\mlpt.xml,2026-09-12T19:28:17-07:00
bart_live_20260912_192815,MLPT,Milpitas,Orange,ORANGE,Berryessa,BERY,1,South,34,2026-09-12T20:02:17-07:00,future,0,0,C:\Users\Igor\StudioProjects\BartRunnerAndroid\app\src\test\resources\bart_live_20260912_192815\etd\mlpt.xml,2026-09-12T19:28:17-07:00
bart_live_20260912_192815,MLPT,Milpitas,Orange,ORANGE,Richmond,RICH,2,North,11,2026-09-12T19:39:17-07:00,future,0,0,C:\Users\Igor\StudioProjects\BartRunnerAndroid\app\src\test\resources\bart_live_20260912_192815\etd\mlpt.xml,2026-09-12T19:28:17-07:00
bart_live_20260912_192815,MLPT,Milpitas,Orange,ORANGE,Richmond,RICH,2,North,31,2026-09-12T19:59:17-07:00,future,0,0,C:\Users\Igor\StudioProjects\BartRunnerAndroid\app\src\test\resources\bart_live_20260912_192815\etd\mlpt.xml,2026-09-12T19:28:17-07:00
bart_live_20260912_192815,MONT,Montgomery St.,Yellow,YELLOW,Antioch,ANTC,2,North,13,2026-09-12T19:41:17-07:00,future,100,0,C:\Users\Igor\StudioProjects\BartRunnerAndroid\app\src\test\resources\bart_live_20260912_192815\etd\mont.xml,2026-09-12T19:28:17-07:00
bart_live_20260912_192815,MONT,Montgomery St.,Yellow,YELLOW,Antioch,ANTC,2,North,31,2026-09-12T19:59:17-07:00,future,0,0,C:\Users\Igor\StudioProjects\BartRunnerAndroid\app\src\test\resources\bart_live_20260912_192815\etd\mont.xml,2026-09-12T19:28:17-07:00
bart_live_20260912_192815,MONT,Montgomery St.,Yellow,YELLOW,Antioch,ANTC,2,North,51,2026-09-12T20:19:17-07:00,future,0,0,C:\Users\Igor\StudioProjects\BartRunnerAndroid\app\src\test\resources\bart_live_20260912_192815\etd\mont.xml,2026-09-12T19:28:17-07:00
bart_live_20260912_192815,MONT,Montgomery St.,WHITE,WHITE,Daly City,DALY,1,South,3,2026-09-12T19:31:17-07:00,future,524,1,C:\Users\Igor\StudioProjects\BartRunnerAndroid\app\src\test\resources\bart_live_20260912_192815\etd\mont.xml,2026-09-12T19:28:17-07:00
bart_live_20260912_192815,MONT,Montgomery St.,WHITE,WHITE,Daly City,DALY,1,South,14,2026-09-12T19:42:17-07:00,future,150,1,C:\Users\Igor\StudioProjects\BartRunnerAndroid\app\src\test\resources\bart_live_20260912_192815\etd\mont.xml,2026-09-12T19:28:17-07:00
bart_live_20260912_192815,MONT,Montgomery St.,Blue,BLUE,Daly City,DALY,1,South,46,2026-09-12T20:14:17-07:00,canceled,976,0,C:\Users\Igor\StudioProjects\BartRunnerAndroid\app\src\test\resources\bart_live_20260912_192815\etd\mont.xml,2026-09-12T19:28:17-07:00
bart_live_20260912_192815,MONT,Montgomery St.,Blue,BLUE,Dublin/Pleasanton,DUBL,2,North,26,2026-09-12T19:54:17-07:00,future,0,0,C:\Users\Igor\StudioProjects\BartRunnerAndroid\app\src\test\resources\bart_live_20260912_192815\etd\mont.xml,2026-09-12T19:28:17-07:00
bart_live_20260912_192815,MONT,Montgomery St.,Blue,BLUE,Dublin/Pleasanton,DUBL,2,North,46,2026-09-12T20:14:17-07:00,future,0,0,C:\Users\Igor\StudioProjects\BartRunnerAndroid\app\src\test\resources\bart_live_20260912_192815\etd\mont.xml,2026-09-12T19:28:17-07:00
bart_live_20260912_192815,MONT,Montgomery St.,WHITE,WHITE,Fruitvale,FTVL,2,North,7,2026-09-12T19:35:17-07:00,future,0,0,C:\Users\Igor\StudioProjects\BartRunnerAndroid\app\src\test\resources\bart_live_20260912_192815\etd\mont.xml,2026-09-12T19:28:17-07:00
bart_live_20260912_192815,MONT,Montgomery St.,Red,RED,Millbrae,MLBR,1,South,2,2026-09-12T19:30:17-07:00,future,0,0,C:\Users\Igor\StudioProjects\BartRunnerAndroid\app\src\test\resources\bart_live_20260912_192815\etd\mont.xml,2026-09-12T19:28:17-07:00
bart_live_20260912_192815,MONT,Montgomery St.,Red,RED,Millbrae,MLBR,1,South,22,2026-09-12T19:50:17-07:00,future,0,0,C:\Users\Igor\StudioProjects\BartRunnerAndroid\app\src\test\resources\bart_live_20260912_192815\etd\mont.xml,2026-09-12T19:28:17-07:00
bart_live_20260912_192815,MONT,Montgomery St.,Red,RED,Millbrae,MLBR,1,South,42,2026-09-12T20:10:17-07:00,future,0,0,C:\Users\Igor\StudioProjects\BartRunnerAndroid\app\src\test\resources\bart_live_20260912_192815\etd\mont.xml,2026-09-12T19:28:17-07:00
bart_live_20260912_192815,MONT,Montgomery St.,Red,RED,Richmond,RICH,2,North,3,2026-09-12T19:31:17-07:00,future,176,0,C:\Users\Igor\StudioProjects\BartRunnerAndroid\app\src\test\resources\bart_live_20260912_192815\etd\mont.xml,2026-09-12T19:28:17-07:00
bart_live_20260912_192815,MONT,Montgomery St.,Red,RED,Richmond,RICH,2,North,21,2026-09-12T19:49:17-07:00,future,64,0,C:\Users\Igor\StudioProjects\BartRunnerAndroid\app\src\test\resources\bart_live_20260912_192815\etd\mont.xml,2026-09-12T19:28:17-07:00
bart_live_20260912_192815,MONT,Montgomery St.,Red,RED,Richmond,RICH,2,North,40,2026-09-12T20:08:17-07:00,future,0,0,C:\Users\Igor\StudioProjects\BartRunnerAndroid\app\src\test\resources\bart_live_20260912_192815\etd\mont.xml,2026-09-12T19:28:17-07:00
bart_live_20260912_192815,MONT,Montgomery St.,Yellow,YELLOW,SF Airport,SFIA,1,South,17,2026-09-12T19:45:17-07:00,future,134,0,C:\Users\Igor\StudioProjects\BartRunnerAndroid\app\src\test\resources\bart_live_20260912_192815\etd\mont.xml,2026-09-12T19:28:17-07:00
bart_live_20260912_192815,MONT,Montgomery St.,Yellow,YELLOW,SF Airport,SFIA,1,South,35,2026-09-12T20:03:17-07:00,future,0,0,C:\Users\Igor\StudioProjects\BartRunnerAndroid\app\src\test\resources\bart_live_20260912_192815\etd\mont.xml,2026-09-12T19:28:17-07:00
bart_live_20260912_192815,MONT,Montgomery St.,Yellow,YELLOW,SFO/Millbrae,MLBR,1,South,54,2026-09-12T20:22:17-07:00,future,0,0,C:\Users\Igor\StudioProjects\BartRunnerAndroid\app\src\test\resources\bart_live_20260912_192815\etd\mont.xml,2026-09-12T19:28:17-07:00
bart_live_20260912_192815,MONT,Montgomery St.,Yellow,YELLOW,SFO/Millbrae,MLBR,1,South,75,2026-09-12T20:43:17-07:00,future,0,0,C:\Users\Igor\StudioProjects\BartRunnerAndroid\app\src\test\resources\bart_live_20260912_192815\etd\mont.xml,2026-09-12T19:28:17-07:00
bart_live_20260912_192815,MONT,Montgomery St.,Yellow,YELLOW,SFO/Millbrae,MLBR,1,South,95,2026-09-12T21:03:17-07:00,future,0,0,C:\Users\Igor\StudioProjects\BartRunnerAndroid\app\src\test\resources\bart_live_20260912_192815\etd\mont.xml,2026-09-12T19:28:17-07:00
bart_live_20260912_192815,NBRK,North Berkeley,Orange,ORANGE,Berryessa,BERY,2,South,8,2026-09-12T19:36:17-07:00,future,0,0,C:\Users\Igor\StudioProjects\BartRunnerAndroid\app\src\test\resources\bart_live_20260912_192815\etd\nbrk.xml,2026-09-12T19:28:17-07:00
bart_live_20260912_192815,NBRK,North Berkeley,Orange,ORANGE,Berryessa,BERY,2,South,27,2026-09-12T19:55:17-07:00,future,0,0,C:\Users\Igor\StudioProjects\BartRunnerAndroid\app\src\test\resources\bart_live_20260912_192815\etd\nbrk.xml,2026-09-12T19:28:17-07:00
bart_live_20260912_192815,NBRK,North Berkeley,Orange,ORANGE,Berryessa,BERY,2,South,47,2026-09-12T20:15:17-07:00,future,0,0,C:\Users\Igor\StudioProjects\BartRunnerAndroid\app\src\test\resources\bart_live_20260912_192815\etd\nbrk.xml,2026-09-12T19:28:17-07:00
bart_live_20260912_192815,NBRK,North Berkeley,Red,RED,Millbrae,MLBR,2,South,15,2026-09-12T19:43:17-07:00,future,0,0,C:\Users\Igor\StudioProjects\BartRunnerAndroid\app\src\test\resources\bart_live_20260912_192815\etd\nbrk.xml,2026-09-12T19:28:17-07:00
bart_live_20260912_192815,NBRK,North Berkeley,Red,RED,Richmond,RICH,1,North,10,2026-09-12T19:38:17-07:00,future,173,0,C:\Users\Igor\StudioProjects\BartRunnerAndroid\app\src\test\resources\bart_live_20260912_192815\etd\nbrk.xml,2026-09-12T19:28:17-07:00
bart_live_20260912_192815,NBRK,North Berkeley,WHITE,WHITE,Richmond,RICH,1,North,11,2026-09-12T19:39:17-07:00,future,210,1,C:\Users\Igor\StudioProjects\BartRunnerAndroid\app\src\test\resources\bart_live_20260912_192815\etd\nbrk.xml,2026-09-12T19:28:17-07:00
bart_live_20260912_192815,NBRK,North Berkeley,Red,RED,Richmond,RICH,1,North,28,2026-09-12T19:56:17-07:00,future,98,0,C:\Users\Igor\StudioProjects\BartRunnerAndroid\app\src\test\resources\bart_live_20260912_192815\etd\nbrk.xml,2026-09-12T19:28:17-07:00
bart_live_20260912_192815,NCON,North Concord/Martinez,Yellow,YELLOW,Antioch,ANTC,1,North,9,2026-09-12T19:37:17-07:00,future,542,0,C:\Users\Igor\StudioProjects\BartRunnerAndroid\app\src\test\resources\bart_live_20260912_192815\etd\ncon.xml,2026-09-12T19:28:17-07:00
bart_live_20260912_192815,NCON,North Concord/Martinez,Yellow,YELLOW,Antioch,ANTC,1,North,26,2026-09-12T19:54:17-07:00,future,381,0,C:\Users\Igor\StudioProjects\BartRunnerAndroid\app\src\test\resources\bart_live_20260912_192815\etd\ncon.xml,2026-09-12T19:28:17-07:00
bart_live_20260912_192815,NCON,North Concord/Martinez,Yellow,YELLOW,Antioch,ANTC,1,North,40,2026-09-12T20:08:17-07:00,future,0,0,C:\Users\Igor\StudioProjects\BartRunnerAndroid\app\src\test\resources\bart_live_20260912_192815\etd\ncon.xml,2026-09-12T19:28:17-07:00
bart_live_20260912_192815,NCON,North Concord/Martinez,Yellow,YELLOW,SFO/Millbrae,MLBR,2,South,6,2026-09-12T19:34:17-07:00,future,60,0,C:\Users\Igor\StudioProjects\BartRunnerAndroid\app\src\test\resources\bart_live_20260912_192815\etd\ncon.xml,2026-09-12T19:28:17-07:00
bart_live_20260912_192815,NCON,North Concord/Martinez,Yellow,YELLOW,SFO/Millbrae,MLBR,2,South,25,2026-09-12T19:53:17-07:00,future,0,0,C:\Users\Igor\StudioProjects\BartRunnerAndroid\app\src\test\resources\bart_live_20260912_192815\etd\ncon.xml,2026-09-12T19:28:17-07:00
bart_live_20260912_192815,NCON,North Concord/Martinez,Yellow,YELLOW,SFO/Millbrae,MLBR,2,South,45,2026-09-12T20:13:17-07:00,future,0,0,C:\Users\Igor\StudioProjects\BartRunnerAndroid\app\src\test\resources\bart_live_20260912_192815\etd\ncon.xml,2026-09-12T19:28:17-07:00
bart_live_20260912_192815,ORIN,Orinda,Yellow,YELLOW,Antioch,ANTC,1,North,6,2026-09-12T19:34:17-07:00,future,431,0,C:\Users\Igor\StudioProjects\BartRunnerAndroid\app\src\test\resources\bart_live_20260912_192815\etd\orin.xml,2026-09-12T19:28:17-07:00
bart_live_20260912_192815,ORIN,Orinda,Yellow,YELLOW,Antioch,ANTC,1,North,19,2026-09-12T19:47:17-07:00,future,0,0,C:\Users\Igor\StudioProjects\BartRunnerAndroid\app\src\test\resources\bart_live_20260912_192815\etd\orin.xml,2026-09-12T19:28:17-07:00
bart_live_20260912_192815,ORIN,Orinda,Yellow,YELLOW,Antioch,ANTC,1,North,39,2026-09-12T20:07:17-07:00,future,0,0,C:\Users\Igor\StudioProjects\BartRunnerAndroid\app\src\test\resources\bart_live_20260912_192815\etd\orin.xml,2026-09-12T19:28:17-07:00
bart_live_20260912_192815,ORIN,Orinda,Yellow,YELLOW,SF Airport,SFIA,2,South,6,2026-09-12T19:34:17-07:00,future,0,0,C:\Users\Igor\StudioProjects\BartRunnerAndroid\app\src\test\resources\bart_live_20260912_192815\etd\orin.xml,2026-09-12T19:28:17-07:00
bart_live_20260912_192815,ORIN,Orinda,Yellow,YELLOW,SFO/Millbrae,MLBR,2,South,26,2026-09-12T19:54:17-07:00,future,0,0,C:\Users\Igor\StudioProjects\BartRunnerAndroid\app\src\test\resources\bart_live_20260912_192815\etd\orin.xml,2026-09-12T19:28:17-07:00
bart_live_20260912_192815,ORIN,Orinda,Yellow,YELLOW,SFO/Millbrae,MLBR,2,South,46,2026-09-12T20:14:17-07:00,future,0,0,C:\Users\Igor\StudioProjects\BartRunnerAndroid\app\src\test\resources\bart_live_20260912_192815\etd\orin.xml,2026-09-12T19:28:17-07:00
bart_live_20260912_192815,ORIN,Orinda,Yellow,YELLOW,SFO/Millbrae,MLBR,2,South,66,2026-09-12T20:34:17-07:00,future,0,0,C:\Users\Igor\StudioProjects\BartRunnerAndroid\app\src\test\resources\bart_live_20260912_192815\etd\orin.xml,2026-09-12T19:28:17-07:00
bart_live_20260912_192815,PCTR,Pittsburg Center,Yellow,YELLOW,Antioch,ANTC,1,North,18,2026-09-12T19:46:17-07:00,future,0,0,C:\Users\Igor\StudioProjects\BartRunnerAndroid\app\src\test\resources\bart_live_20260912_192815\etd\pctr.xml,2026-09-12T19:28:17-07:00
bart_live_20260912_192815,PCTR,Pittsburg Center,Yellow,YELLOW,Antioch,ANTC,1,North,38,2026-09-12T20:06:17-07:00,future,0,0,C:\Users\Igor\StudioProjects\BartRunnerAndroid\app\src\test\resources\bart_live_20260912_192815\etd\pctr.xml,2026-09-12T19:28:17-07:00
bart_live_20260912_192815,PCTR,Pittsburg Center,Yellow,YELLOW,Antioch,ANTC,1,North,58,2026-09-12T20:26:17-07:00,future,0,0,C:\Users\Igor\StudioProjects\BartRunnerAndroid\app\src\test\resources\bart_live_20260912_192815\etd\pctr.xml,2026-09-12T19:28:17-07:00
bart_live_20260912_192815,PCTR,Pittsburg Center,Yellow,YELLOW,SFO/Millbrae,MLBR,2,South,8,2026-09-12T19:36:17-07:00,future,0,0,C:\Users\Igor\StudioProjects\BartRunnerAndroid\app\src\test\resources\bart_live_20260912_192815\etd\pctr.xml,2026-09-12T19:28:17-07:00
bart_live_20260912_192815,PCTR,Pittsburg Center,Yellow,YELLOW,SFO/Millbrae,MLBR,2,South,28,2026-09-12T19:56:17-07:00,future,0,0,C:\Users\Igor\StudioProjects\BartRunnerAndroid\app\src\test\resources\bart_live_20260912_192815\etd\pctr.xml,2026-09-12T19:28:17-07:00
bart_live_20260912_192815,PCTR,Pittsburg Center,Yellow,YELLOW,SFO/Millbrae,MLBR,2,South,48,2026-09-12T20:16:17-07:00,future,0,0,C:\Users\Igor\StudioProjects\BartRunnerAndroid\app\src\test\resources\bart_live_20260912_192815\etd\pctr.xml,2026-09-12T19:28:17-07:00
bart_live_20260912_192815,PHIL,Pleasant Hill/Contra Costa Centre,Yellow,YELLOW,Antioch,ANTC,1,North,Leaving,2026-09-12T19:28:17-07:00,leaving,595,0,C:\Users\Igor\StudioProjects\BartRunnerAndroid\app\src\test\resources\bart_live_20260912_192815\etd\phil.xml,2026-09-12T19:28:17-07:00
bart_live_20260912_192815,PHIL,Pleasant Hill/Contra Costa Centre,Yellow,YELLOW,Antioch,ANTC,1,North,18,2026-09-12T19:46:17-07:00,future,407,0,C:\Users\Igor\StudioProjects\BartRunnerAndroid\app\src\test\resources\bart_live_20260912_192815\etd\phil.xml,2026-09-12T19:28:17-07:00
bart_live_20260912_192815,PHIL,Pleasant Hill/Contra Costa Centre,Yellow,YELLOW,Antioch,ANTC,1,North,31,2026-09-12T19:59:17-07:00,future,0,0,C:\Users\Igor\StudioProjects\BartRunnerAndroid\app\src\test\resources\bart_live_20260912_192815\etd\phil.xml,2026-09-12T19:28:17-07:00
bart_live_20260912_192815,PHIL,Pleasant Hill/Contra Costa Centre,Yellow,YELLOW,SFO/Millbrae,MLBR,2,South,14,2026-09-12T19:42:17-07:00,future,0,0,C:\Users\Igor\StudioProjects\BartRunnerAndroid\app\src\test\resources\bart_live_20260912_192815\etd\phil.xml,2026-09-12T19:28:17-07:00
bart_live_20260912_192815,PHIL,Pleasant Hill/Contra Costa Centre,Yellow,YELLOW,SFO/Millbrae,MLBR,2,South,34,2026-09-12T20:02:17-07:00,future,0,0,C:\Users\Igor\StudioProjects\BartRunnerAndroid\app\src\test\resources\bart_live_20260912_192815\etd\phil.xml,2026-09-12T19:28:17-07:00
bart_live_20260912_192815,PHIL,Pleasant Hill/Contra Costa Centre,Yellow,YELLOW,SFO/Millbrae,MLBR,2,South,54,2026-09-12T20:22:17-07:00,future,0,0,C:\Users\Igor\StudioProjects\BartRunnerAndroid\app\src\test\resources\bart_live_20260912_192815\etd\phil.xml,2026-09-12T19:28:17-07:00
bart_live_20260912_192815,PITT,Pittsburg/Bay Point,Yellow,YELLOW,Antioch,ANTC,1,North,15,2026-09-12T19:43:17-07:00,future,500,0,C:\Users\Igor\StudioProjects\BartRunnerAndroid\app\src\test\resources\bart_live_20260912_192815\etd\pitt.xml,2026-09-12T19:28:17-07:00
bart_live_20260912_192815,PITT,Pittsburg/Bay Point,Yellow,YELLOW,Antioch,ANTC,1,North,32,2026-09-12T20:00:17-07:00,future,339,0,C:\Users\Igor\StudioProjects\BartRunnerAndroid\app\src\test\resources\bart_live_20260912_192815\etd\pitt.xml,2026-09-12T19:28:17-07:00
bart_live_20260912_192815,PITT,Pittsburg/Bay Point,Yellow,YELLOW,Antioch,ANTC,1,North,46,2026-09-12T20:14:17-07:00,future,0,0,C:\Users\Igor\StudioProjects\BartRunnerAndroid\app\src\test\resources\bart_live_20260912_192815\etd\pitt.xml,2026-09-12T19:28:17-07:00
bart_live_20260912_192815,PITT,Pittsburg/Bay Point,Yellow,YELLOW,SFO/Millbrae,MLBR,2,South,20,2026-09-12T19:48:17-07:00,future,77,0,C:\Users\Igor\StudioProjects\BartRunnerAndroid\app\src\test\resources\bart_live_20260912_192815\etd\pitt.xml,2026-09-12T19:28:17-07:00
bart_live_20260912_192815,PITT,Pittsburg/Bay Point,Yellow,YELLOW,SFO/Millbrae,MLBR,2,South,38,2026-09-12T20:06:17-07:00,future,0,0,C:\Users\Igor\StudioProjects\BartRunnerAndroid\app\src\test\resources\bart_live_20260912_192815\etd\pitt.xml,2026-09-12T19:28:17-07:00
bart_live_20260912_192815,PLZA,El Cerrito Plaza,Orange,ORANGE,Berryessa,BERY,2,South,4,2026-09-12T19:32:17-07:00,future,0,0,C:\Users\Igor\StudioProjects\BartRunnerAndroid\app\src\test\resources\bart_live_20260912_192815\etd\plza.xml,2026-09-12T19:28:17-07:00
bart_live_20260912_192815,PLZA,El Cerrito Plaza,Orange,ORANGE,Berryessa,BERY,2,South,24,2026-09-12T19:52:17-07:00,future,0,0,C:\Users\Igor\StudioProjects\BartRunnerAndroid\app\src\test\resources\bart_live_20260912_192815\etd\plza.xml,2026-09-12T19:28:17-07:00
bart_live_20260912_192815,PLZA,El Cerrito Plaza,Orange,ORANGE,Berryessa,BERY,2,South,44,2026-09-12T20:12:17-07:00,future,0,0,C:\Users\Igor\StudioProjects\BartRunnerAndroid\app\src\test\resources\bart_live_20260912_192815\etd\plza.xml,2026-09-12T19:28:17-07:00
bart_live_20260912_192815,PLZA,El Cerrito Plaza,Red,RED,Millbrae,MLBR,2,South,11,2026-09-12T19:39:17-07:00,future,0,0,C:\Users\Igor\StudioProjects\BartRunnerAndroid\app\src\test\resources\bart_live_20260912_192815\etd\plza.xml,2026-09-12T19:28:17-07:00
bart_live_20260912_192815,PLZA,El Cerrito Plaza,Red,RED,Richmond,RICH,1,North,13,2026-09-12T19:41:17-07:00,future,183,0,C:\Users\Igor\StudioProjects\BartRunnerAndroid\app\src\test\resources\bart_live_20260912_192815\etd\plza.xml,2026-09-12T19:28:17-07:00
bart_live_20260912_192815,PLZA,El Cerrito Plaza,WHITE,WHITE,Richmond,RICH,1,North,14,2026-09-12T19:42:17-07:00,future,220,1,C:\Users\Igor\StudioProjects\BartRunnerAndroid\app\src\test\resources\bart_live_20260912_192815\etd\plza.xml,2026-09-12T19:28:17-07:00
bart_live_20260912_192815,PLZA,El Cerrito Plaza,Red,RED,Richmond,RICH,1,North,32,2026-09-12T20:00:17-07:00,future,103,0,C:\Users\Igor\StudioProjects\BartRunnerAndroid\app\src\test\resources\bart_live_20260912_192815\etd\plza.xml,2026-09-12T19:28:17-07:00
bart_live_20260912_192815,POWL,Powell St.,Yellow,YELLOW,Antioch,ANTC,2,North,11,2026-09-12T19:39:17-07:00,future,104,0,C:\Users\Igor\StudioProjects\BartRunnerAndroid\app\src\test\resources\bart_live_20260912_192815\etd\powl.xml,2026-09-12T19:28:17-07:00
bart_live_20260912_192815,POWL,Powell St.,Yellow,YELLOW,Antioch,ANTC,2,North,30,2026-09-12T19:58:17-07:00,future,0,0,C:\Users\Igor\StudioProjects\BartRunnerAndroid\app\src\test\resources\bart_live_20260912_192815\etd\powl.xml,2026-09-12T19:28:17-07:00
bart_live_20260912_192815,POWL,Powell St.,Yellow,YELLOW,Antioch,ANTC,2,North,50,2026-09-12T20:18:17-07:00,future,0,0,C:\Users\Igor\StudioProjects\BartRunnerAndroid\app\src\test\resources\bart_live_20260912_192815\etd\powl.xml,2026-09-12T19:28:17-07:00
bart_live_20260912_192815,POWL,Powell St.,WHITE,WHITE,Daly City,DALY,1,South,4,2026-09-12T19:32:17-07:00,future,515,1,C:\Users\Igor\StudioProjects\BartRunnerAndroid\app\src\test\resources\bart_live_20260912_192815\etd\powl.xml,2026-09-12T19:28:17-07:00
bart_live_20260912_192815,POWL,Powell St.,WHITE,WHITE,Daly City,DALY,1,South,15,2026-09-12T19:43:17-07:00,future,141,1,C:\Users\Igor\StudioProjects\BartRunnerAndroid\app\src\test\resources\bart_live_20260912_192815\etd\powl.xml,2026-09-12T19:28:17-07:00
bart_live_20260912_192815,POWL,Powell St.,Blue,BLUE,Daly City,DALY,1,South,48,2026-09-12T20:16:17-07:00,canceled,977,0,C:\Users\Igor\StudioProjects\BartRunnerAndroid\app\src\test\resources\bart_live_20260912_192815\etd\powl.xml,2026-09-12T19:28:17-07:00
bart_live_20260912_192815,POWL,Powell St.,Blue,BLUE,Dublin/Pleasanton,DUBL,2,North,25,2026-09-12T19:53:17-07:00,future,0,0,C:\Users\Igor\StudioProjects\BartRunnerAndroid\app\src\test\resources\bart_live_20260912_192815\etd\powl.xml,2026-09-12T19:28:17-07:00
bart_live_20260912_192815,POWL,Powell St.,Blue,BLUE,Dublin/Pleasanton,DUBL,2,North,45,2026-09-12T20:13:17-07:00,future,0,0,C:\Users\Igor\StudioProjects\BartRunnerAndroid\app\src\test\resources\bart_live_20260912_192815\etd\powl.xml,2026-09-12T19:28:17-07:00
bart_live_20260912_192815,POWL,Powell St.,WHITE,WHITE,Fruitvale,FTVL,2,North,5,2026-09-12T19:33:17-07:00,future,0,0,C:\Users\Igor\StudioProjects\BartRunnerAndroid\app\src\test\resources\bart_live_20260912_192815\etd\powl.xml,2026-09-12T19:28:17-07:00
bart_live_20260912_192815,POWL,Powell St.,Red,RED,Millbrae,MLBR,1,South,4,2026-09-12T19:32:17-07:00,future,0,0,C:\Users\Igor\StudioProjects\BartRunnerAndroid\app\src\test\resources\bart_live_20260912_192815\etd\powl.xml,2026-09-12T19:28:17-07:00
bart_live_20260912_192815,POWL,Powell St.,Red,RED,Millbrae,MLBR,1,South,24,2026-09-12T19:52:17-07:00,future,0,0,C:\Users\Igor\StudioProjects\BartRunnerAndroid\app\src\test\resources\bart_live_20260912_192815\etd\powl.xml,2026-09-12T19:28:17-07:00
bart_live_20260912_192815,POWL,Powell St.,Red,RED,Millbrae,MLBR,1,South,44,2026-09-12T20:12:17-07:00,future,0,0,C:\Users\Igor\StudioProjects\BartRunnerAndroid\app\src\test\resources\bart_live_20260912_192815\etd\powl.xml,2026-09-12T19:28:17-07:00
bart_live_20260912_192815,POWL,Powell St.,Red,RED,Richmond,RICH,2,North,2,2026-09-12T19:30:17-07:00,future,180,0,C:\Users\Igor\StudioProjects\BartRunnerAndroid\app\src\test\resources\bart_live_20260912_192815\etd\powl.xml,2026-09-12T19:28:17-07:00
bart_live_20260912_192815,POWL,Powell St.,Red,RED,Richmond,RICH,2,North,20,2026-09-12T19:48:17-07:00,future,64,0,C:\Users\Igor\StudioProjects\BartRunnerAndroid\app\src\test\resources\bart_live_20260912_192815\etd\powl.xml,2026-09-12T19:28:17-07:00
bart_live_20260912_192815,POWL,Powell St.,Red,RED,Richmond,RICH,2,North,39,2026-09-12T20:07:17-07:00,future,0,0,C:\Users\Igor\StudioProjects\BartRunnerAndroid\app\src\test\resources\bart_live_20260912_192815\etd\powl.xml,2026-09-12T19:28:17-07:00
bart_live_20260912_192815,POWL,Powell St.,Yellow,YELLOW,SF Airport,SFIA,1,South,18,2026-09-12T19:46:17-07:00,future,124,0,C:\Users\Igor\StudioProjects\BartRunnerAndroid\app\src\test\resources\bart_live_20260912_192815\etd\powl.xml,2026-09-12T19:28:17-07:00
bart_live_20260912_192815,POWL,Powell St.,Yellow,YELLOW,SF Airport,SFIA,1,South,36,2026-09-12T20:04:17-07:00,future,0,0,C:\Users\Igor\StudioProjects\BartRunnerAndroid\app\src\test\resources\bart_live_20260912_192815\etd\powl.xml,2026-09-12T19:28:17-07:00
bart_live_20260912_192815,POWL,Powell St.,Yellow,YELLOW,SFO/Millbrae,MLBR,1,South,56,2026-09-12T20:24:17-07:00,future,0,0,C:\Users\Igor\StudioProjects\BartRunnerAndroid\app\src\test\resources\bart_live_20260912_192815\etd\powl.xml,2026-09-12T19:28:17-07:00
bart_live_20260912_192815,POWL,Powell St.,Yellow,YELLOW,SFO/Millbrae,MLBR,1,South,76,2026-09-12T20:44:17-07:00,future,0,0,C:\Users\Igor\StudioProjects\BartRunnerAndroid\app\src\test\resources\bart_live_20260912_192815\etd\powl.xml,2026-09-12T19:28:17-07:00
bart_live_20260912_192815,POWL,Powell St.,Yellow,YELLOW,SFO/Millbrae,MLBR,1,South,96,2026-09-12T21:04:17-07:00,future,0,0,C:\Users\Igor\StudioProjects\BartRunnerAndroid\app\src\test\resources\bart_live_20260912_192815\etd\powl.xml,2026-09-12T19:28:17-07:00
bart_live_20260912_192815,RICH,Richmond,Orange,ORANGE,Berryessa,BERY,2,South,14,2026-09-12T19:42:17-07:00,future,0,0,C:\Users\Igor\StudioProjects\BartRunnerAndroid\app\src\test\resources\bart_live_20260912_192815\etd\rich.xml,2026-09-12T19:28:17-07:00
bart_live_20260912_192815,RICH,Richmond,Orange,ORANGE,Berryessa,BERY,2,South,34,2026-09-12T20:02:17-07:00,future,0,0,C:\Users\Igor\StudioProjects\BartRunnerAndroid\app\src\test\resources\bart_live_20260912_192815\etd\rich.xml,2026-09-12T19:28:17-07:00
bart_live_20260912_192815,RICH,Richmond,Red,RED,Millbrae,MLBR,2,South,2,2026-09-12T19:30:17-07:00,future,0,0,C:\Users\Igor\StudioProjects\BartRunnerAndroid\app\src\test\resources\bart_live_20260912_192815\etd\rich.xml,2026-09-12T19:28:17-07:00
bart_live_20260912_192815,ROCK,Rockridge,Yellow,YELLOW,Antioch,ANTC,1,North,Leaving,2026-09-12T19:28:17-07:00,leaving,453,0,C:\Users\Igor\StudioProjects\BartRunnerAndroid\app\src\test\resources\bart_live_20260912_192815\etd\rock.xml,2026-09-12T19:28:17-07:00
bart_live_20260912_192815,ROCK,Rockridge,Yellow,YELLOW,Antioch,ANTC,1,North,14,2026-09-12T19:42:17-07:00,future,0,0,C:\Users\Igor\StudioProjects\BartRunnerAndroid\app\src\test\resources\bart_live_20260912_192815\etd\rock.xml,2026-09-12T19:28:17-07:00
bart_live_20260912_192815,ROCK,Rockridge,Yellow,YELLOW,Antioch,ANTC,1,North,33,2026-09-12T20:01:17-07:00,future,0,0,C:\Users\Igor\StudioProjects\BartRunnerAndroid\app\src\test\resources\bart_live_20260912_192815\etd\rock.xml,2026-09-12T19:28:17-07:00
bart_live_20260912_192815,ROCK,Rockridge,Yellow,YELLOW,SF Airport,SFIA,2,South,12,2026-09-12T19:40:17-07:00,future,0,0,C:\Users\Igor\StudioProjects\BartRunnerAndroid\app\src\test\resources\bart_live_20260912_192815\etd\rock.xml,2026-09-12T19:28:17-07:00
bart_live_20260912_192815,ROCK,Rockridge,Yellow,YELLOW,SFO/Millbrae,MLBR,2,South,32,2026-09-12T20:00:17-07:00,future,0,0,C:\Users\Igor\StudioProjects\BartRunnerAndroid\app\src\test\resources\bart_live_20260912_192815\etd\rock.xml,2026-09-12T19:28:17-07:00
bart_live_20260912_192815,ROCK,Rockridge,Yellow,YELLOW,SFO/Millbrae,MLBR,2,South,52,2026-09-12T20:20:17-07:00,future,0,0,C:\Users\Igor\StudioProjects\BartRunnerAndroid\app\src\test\resources\bart_live_20260912_192815\etd\rock.xml,2026-09-12T19:28:17-07:00
bart_live_20260912_192815,ROCK,Rockridge,Yellow,YELLOW,SFO/Millbrae,MLBR,2,South,72,2026-09-12T20:40:17-07:00,future,0,0,C:\Users\Igor\StudioProjects\BartRunnerAndroid\app\src\test\resources\bart_live_20260912_192815\etd\rock.xml,2026-09-12T19:28:17-07:00
bart_live_20260912_192815,SANL,San Leandro,Orange,ORANGE,Berryessa,BERY,1,South,58,2026-09-12T20:26:17-07:00,future,0,0,C:\Users\Igor\StudioProjects\BartRunnerAndroid\app\src\test\resources\bart_live_20260912_192815\etd\sanl.xml,2026-09-12T19:28:17-07:00
bart_live_20260912_192815,SANL,San Leandro,Orange,ORANGE,Berryessa,BERY,1,South,78,2026-09-12T20:46:17-07:00,future,0,0,C:\Users\Igor\StudioProjects\BartRunnerAndroid\app\src\test\resources\bart_live_20260912_192815\etd\sanl.xml,2026-09-12T19:28:17-07:00
bart_live_20260912_192815,SANL,San Leandro,Blue,BLUE,Daly City,DALY,2,South,23,2026-09-12T19:51:17-07:00,future,168,0,C:\Users\Igor\StudioProjects\BartRunnerAndroid\app\src\test\resources\bart_live_20260912_192815\etd\sanl.xml,2026-09-12T19:28:17-07:00
bart_live_20260912_192815,SANL,San Leandro,Blue,BLUE,Daly City,DALY,2,South,40,2026-09-12T20:08:17-07:00,future,0,0,C:\Users\Igor\StudioProjects\BartRunnerAndroid\app\src\test\resources\bart_live_20260912_192815\etd\sanl.xml,2026-09-12T19:28:17-07:00
bart_live_20260912_192815,SANL,San Leandro,Blue,BLUE,Daly City,DALY,2,South,60,2026-09-12T20:28:17-07:00,future,0,0,C:\Users\Igor\StudioProjects\BartRunnerAndroid\app\src\test\resources\bart_live_20260912_192815\etd\sanl.xml,2026-09-12T19:28:17-07:00
bart_live_20260912_192815,SANL,San Leandro,Blue,BLUE,Dublin/Pleasanton,DUBL,1,North,52,2026-09-12T20:20:17-07:00,future,0,0,C:\Users\Igor\StudioProjects\BartRunnerAndroid\app\src\test\resources\bart_live_20260912_192815\etd\sanl.xml,2026-09-12T19:28:17-07:00
bart_live_20260912_192815,SANL,San Leandro,Blue,BLUE,Dublin/Pleasanton,DUBL,1,North,72,2026-09-12T20:40:17-07:00,future,0,0,C:\Users\Igor\StudioProjects\BartRunnerAndroid\app\src\test\resources\bart_live_20260912_192815\etd\sanl.xml,2026-09-12T19:28:17-07:00
bart_live_20260912_192815,SANL,San Leandro,Orange,ORANGE,Richmond,RICH,2,North,17,2026-09-12T19:45:17-07:00,future,390,0,C:\Users\Igor\StudioProjects\BartRunnerAndroid\app\src\test\resources\bart_live_20260912_192815\etd\sanl.xml,2026-09-12T19:28:17-07:00
bart_live_20260912_192815,SANL,San Leandro,Orange,ORANGE,Richmond,RICH,2,North,30,2026-09-12T19:58:17-07:00,future,0,0,C:\Users\Igor\StudioProjects\BartRunnerAndroid\app\src\test\resources\bart_live_20260912_192815\etd\sanl.xml,2026-09-12T19:28:17-07:00
bart_live_20260912_192815,SANL,San Leandro,Orange,ORANGE,Richmond,RICH,2,North,50,2026-09-12T20:18:17-07:00,future,0,0,C:\Users\Igor\StudioProjects\BartRunnerAndroid\app\src\test\resources\bart_live_20260912_192815\etd\sanl.xml,2026-09-12T19:28:17-07:00
bart_live_20260912_192815,SBRN,San Bruno,Yellow,YELLOW,Antioch,ANTC,2,North,5,2026-09-12T19:33:17-07:00,future,0,0,C:\Users\Igor\StudioProjects\BartRunnerAndroid\app\src\test\resources\bart_live_20260912_192815\etd\sbrn.xml,2026-09-12T19:28:17-07:00
bart_live_20260912_192815,SBRN,San Bruno,Yellow,YELLOW,Antioch,ANTC,2,North,25,2026-09-12T19:53:17-07:00,future,0,0,C:\Users\Igor\StudioProjects\BartRunnerAndroid\app\src\test\resources\bart_live_20260912_192815\etd\sbrn.xml,2026-09-12T19:28:17-07:00
bart_live_20260912_192815,SBRN,San Bruno,Yellow,YELLOW,Antioch,ANTC,2,North,45,2026-09-12T20:13:17-07:00,future,0,0,C:\Users\Igor\StudioProjects\BartRunnerAndroid\app\src\test\resources\bart_live_20260912_192815\etd\sbrn.xml,2026-09-12T19:28:17-07:00
bart_live_20260912_192815,SBRN,San Bruno,Red,RED,Millbrae,MLBR,1,South,14,2026-09-12T19:42:17-07:00,future,244,0,C:\Users\Igor\StudioProjects\BartRunnerAndroid\app\src\test\resources\bart_live_20260912_192815\etd\sbrn.xml,2026-09-12T19:28:17-07:00
bart_live_20260912_192815,SBRN,San Bruno,Red,RED,Millbrae,MLBR,1,South,30,2026-09-12T19:58:17-07:00,future,0,0,C:\Users\Igor\StudioProjects\BartRunnerAndroid\app\src\test\resources\bart_live_20260912_192815\etd\sbrn.xml,2026-09-12T19:28:17-07:00
bart_live_20260912_192815,SBRN,San Bruno,Red,RED,Millbrae,MLBR,1,South,50,2026-09-12T20:18:17-07:00,future,0,0,C:\Users\Igor\StudioProjects\BartRunnerAndroid\app\src\test\resources\bart_live_20260912_192815\etd\sbrn.xml,2026-09-12T19:28:17-07:00
bart_live_20260912_192815,SBRN,San Bruno,Red,RED,Richmond,RICH,2,North,14,2026-09-12T19:42:17-07:00,future,0,0,C:\Users\Igor\StudioProjects\BartRunnerAndroid\app\src\test\resources\bart_live_20260912_192815\etd\sbrn.xml,2026-09-12T19:28:17-07:00
bart_live_20260912_192815,SBRN,San Bruno,Red,RED,Richmond,RICH,2,North,34,2026-09-12T20:02:17-07:00,future,0,0,C:\Users\Igor\StudioProjects\BartRunnerAndroid\app\src\test\resources\bart_live_20260912_192815\etd\sbrn.xml,2026-09-12T19:28:17-07:00
bart_live_20260912_192815,SBRN,San Bruno,Yellow,YELLOW,SF Airport,SFIA,1,South,2,2026-09-12T19:30:17-07:00,future,0,0,C:\Users\Igor\StudioProjects\BartRunnerAndroid\app\src\test\resources\bart_live_20260912_192815\etd\sbrn.xml,2026-09-12T19:28:17-07:00
bart_live_20260912_192815,SBRN,San Bruno,Yellow,YELLOW,SF Airport,SFIA,1,South,22,2026-09-12T19:50:17-07:00,future,0,0,C:\Users\Igor\StudioProjects\BartRunnerAndroid\app\src\test\resources\bart_live_20260912_192815\etd\sbrn.xml,2026-09-12T19:28:17-07:00
bart_live_20260912_192815,SBRN,San Bruno,Yellow,YELLOW,SF Airport,SFIA,1,South,42,2026-09-12T20:10:17-07:00,future,0,0,C:\Users\Igor\StudioProjects\BartRunnerAndroid\app\src\test\resources\bart_live_20260912_192815\etd\sbrn.xml,2026-09-12T19:28:17-07:00
bart_live_20260912_192815,SBRN,San Bruno,Yellow,YELLOW,SFO/Millbrae,MLBR,1,South,82,2026-09-12T20:50:17-07:00,future,0,0,C:\Users\Igor\StudioProjects\BartRunnerAndroid\app\src\test\resources\bart_live_20260912_192815\etd\sbrn.xml,2026-09-12T19:28:17-07:00
bart_live_20260912_192815,SBRN,San Bruno,Yellow,YELLOW,SFO/Millbrae,MLBR,1,South,102,2026-09-12T21:10:17-07:00,future,0,0,C:\Users\Igor\StudioProjects\BartRunnerAndroid\app\src\test\resources\bart_live_20260912_192815\etd\sbrn.xml,2026-09-12T19:28:17-07:00
bart_live_20260912_192815,SBRN,San Bruno,Yellow,YELLOW,SFO/Millbrae,MLBR,1,South,122,2026-09-12T21:30:17-07:00,future,0,0,C:\Users\Igor\StudioProjects\BartRunnerAndroid\app\src\test\resources\bart_live_20260912_192815\etd\sbrn.xml,2026-09-12T19:28:17-07:00
bart_live_20260912_192815,SFIA,San Francisco Int'l Airport,Yellow,YELLOW,Antioch,ANTC,1,North,Leaving,2026-09-12T19:28:17-07:00,leaving,0,0,C:\Users\Igor\StudioProjects\BartRunnerAndroid\app\src\test\resources\bart_live_20260912_192815\etd\sfia.xml,2026-09-12T19:28:17-07:00
bart_live_20260912_192815,SFIA,San Francisco Int'l Airport,Yellow,YELLOW,Antioch,ANTC,1,North,21,2026-09-12T19:49:17-07:00,future,0,0,C:\Users\Igor\StudioProjects\BartRunnerAndroid\app\src\test\resources\bart_live_20260912_192815\etd\sfia.xml,2026-09-12T19:28:17-07:00
bart_live_20260912_192815,SFIA,San Francisco Int'l Airport,Yellow,YELLOW,Antioch,ANTC,1,North,41,2026-09-12T20:09:17-07:00,future,0,0,C:\Users\Igor\StudioProjects\BartRunnerAndroid\app\src\test\resources\bart_live_20260912_192815\etd\sfia.xml,2026-09-12T19:28:17-07:00
bart_live_20260912_192815,SFIA,San Francisco Int'l Airport,Red,RED,Millbrae,MLBR,2,South,18,2026-09-12T19:46:17-07:00,future,71,0,C:\Users\Igor\StudioProjects\BartRunnerAndroid\app\src\test\resources\bart_live_20260912_192815\etd\sfia.xml,2026-09-12T19:28:17-07:00
bart_live_20260912_192815,SFIA,San Francisco Int'l Airport,Red,RED,Millbrae,MLBR,2,South,36,2026-09-12T20:04:17-07:00,future,0,0,C:\Users\Igor\StudioProjects\BartRunnerAndroid\app\src\test\resources\bart_live_20260912_192815\etd\sfia.xml,2026-09-12T19:28:17-07:00
bart_live_20260912_192815,SFIA,San Francisco Int'l Airport,Red,RED,Richmond,RICH,2,North,10,2026-09-12T19:38:17-07:00,future,0,0,C:\Users\Igor\StudioProjects\BartRunnerAndroid\app\src\test\resources\bart_live_20260912_192815\etd\sfia.xml,2026-09-12T19:28:17-07:00
bart_live_20260912_192815,SFIA,San Francisco Int'l Airport,Red,RED,Richmond,RICH,2,North,30,2026-09-12T19:58:17-07:00,future,0,0,C:\Users\Igor\StudioProjects\BartRunnerAndroid\app\src\test\resources\bart_live_20260912_192815\etd\sfia.xml,2026-09-12T19:28:17-07:00
bart_live_20260912_192815,SHAY,South Hayward,Orange,ORANGE,Berryessa,BERY,1,South,71,2026-09-12T20:39:17-07:00,future,0,0,C:\Users\Igor\StudioProjects\BartRunnerAndroid\app\src\test\resources\bart_live_20260912_192815\etd\shay.xml,2026-09-12T19:28:17-07:00
bart_live_20260912_192815,SHAY,South Hayward,Orange,ORANGE,Berryessa,BERY,1,South,91,2026-09-12T20:59:17-07:00,future,0,0,C:\Users\Igor\StudioProjects\BartRunnerAndroid\app\src\test\resources\bart_live_20260912_192815\etd\shay.xml,2026-09-12T19:28:17-07:00
bart_live_20260912_192815,SHAY,South Hayward,Orange,ORANGE,Richmond,RICH,2,North,5,2026-09-12T19:33:17-07:00,future,647,0,C:\Users\Igor\StudioProjects\BartRunnerAndroid\app\src\test\resources\bart_live_20260912_192815\etd\shay.xml,2026-09-12T19:28:17-07:00
bart_live_20260912_192815,SHAY,South Hayward,Orange,ORANGE,Richmond,RICH,2,North,14,2026-09-12T19:42:17-07:00,future,0,0,C:\Users\Igor\StudioProjects\BartRunnerAndroid\app\src\test\resources\bart_live_20260912_192815\etd\shay.xml,2026-09-12T19:28:17-07:00
bart_live_20260912_192815,SHAY,South Hayward,Orange,ORANGE,Richmond,RICH,2,North,34,2026-09-12T20:02:17-07:00,future,0,0,C:\Users\Igor\StudioProjects\BartRunnerAndroid\app\src\test\resources\bart_live_20260912_192815\etd\shay.xml,2026-09-12T19:28:17-07:00
bart_live_20260912_192815,SSAN,South San Francisco,Yellow,YELLOW,Antioch,ANTC,2,North,8,2026-09-12T19:36:17-07:00,future,0,0,C:\Users\Igor\StudioProjects\BartRunnerAndroid\app\src\test\resources\bart_live_20260912_192815\etd\ssan.xml,2026-09-12T19:28:17-07:00
bart_live_20260912_192815,SSAN,South San Francisco,Yellow,YELLOW,Antioch,ANTC,2,North,28,2026-09-12T19:56:17-07:00,future,0,0,C:\Users\Igor\StudioProjects\BartRunnerAndroid\app\src\test\resources\bart_live_20260912_192815\etd\ssan.xml,2026-09-12T19:28:17-07:00
bart_live_20260912_192815,SSAN,South San Francisco,Yellow,YELLOW,Antioch,ANTC,2,North,48,2026-09-12T20:16:17-07:00,future,0,0,C:\Users\Igor\StudioProjects\BartRunnerAndroid\app\src\test\resources\bart_live_20260912_192815\etd\ssan.xml,2026-09-12T19:28:17-07:00
bart_live_20260912_192815,SSAN,South San Francisco,Red,RED,Millbrae,MLBR,1,South,10,2026-09-12T19:38:17-07:00,future,249,0,C:\Users\Igor\StudioProjects\BartRunnerAndroid\app\src\test\resources\bart_live_20260912_192815\etd\ssan.xml,2026-09-12T19:28:17-07:00
bart_live_20260912_192815,SSAN,South San Francisco,Red,RED,Millbrae,MLBR,1,South,27,2026-09-12T19:55:17-07:00,future,0,0,C:\Users\Igor\StudioProjects\BartRunnerAndroid\app\src\test\resources\bart_live_20260912_192815\etd\ssan.xml,2026-09-12T19:28:17-07:00
bart_live_20260912_192815,SSAN,South San Francisco,Red,RED,Millbrae,MLBR,1,South,46,2026-09-12T20:14:17-07:00,future,0,0,C:\Users\Igor\StudioProjects\BartRunnerAndroid\app\src\test\resources\bart_live_20260912_192815\etd\ssan.xml,2026-09-12T19:28:17-07:00
bart_live_20260912_192815,SSAN,South San Francisco,Red,RED,Richmond,RICH,2,North,17,2026-09-12T19:45:17-07:00,future,0,0,C:\Users\Igor\StudioProjects\BartRunnerAndroid\app\src\test\resources\bart_live_20260912_192815\etd\ssan.xml,2026-09-12T19:28:17-07:00
bart_live_20260912_192815,SSAN,South San Francisco,Red,RED,Richmond,RICH,2,North,37,2026-09-12T20:05:17-07:00,future,0,0,C:\Users\Igor\StudioProjects\BartRunnerAndroid\app\src\test\resources\bart_live_20260912_192815\etd\ssan.xml,2026-09-12T19:28:17-07:00
bart_live_20260912_192815,SSAN,South San Francisco,Yellow,YELLOW,SF Airport,SFIA,1,South,Leaving,2026-09-12T19:28:17-07:00,leaving,63,0,C:\Users\Igor\StudioProjects\BartRunnerAndroid\app\src\test\resources\bart_live_20260912_192815\etd\ssan.xml,2026-09-12T19:28:17-07:00
bart_live_20260912_192815,SSAN,South San Francisco,Yellow,YELLOW,SF Airport,SFIA,1,South,19,2026-09-12T19:47:17-07:00,future,0,0,C:\Users\Igor\StudioProjects\BartRunnerAndroid\app\src\test\resources\bart_live_20260912_192815\etd\ssan.xml,2026-09-12T19:28:17-07:00
bart_live_20260912_192815,SSAN,South San Francisco,Yellow,YELLOW,SF Airport,SFIA,1,South,39,2026-09-12T20:07:17-07:00,future,0,0,C:\Users\Igor\StudioProjects\BartRunnerAndroid\app\src\test\resources\bart_live_20260912_192815\etd\ssan.xml,2026-09-12T19:28:17-07:00
bart_live_20260912_192815,SSAN,South San Francisco,Yellow,YELLOW,SFO/Millbrae,MLBR,1,South,79,2026-09-12T20:47:17-07:00,future,0,0,C:\Users\Igor\StudioProjects\BartRunnerAndroid\app\src\test\resources\bart_live_20260912_192815\etd\ssan.xml,2026-09-12T19:28:17-07:00
bart_live_20260912_192815,SSAN,South San Francisco,Yellow,YELLOW,SFO/Millbrae,MLBR,1,South,99,2026-09-12T21:07:17-07:00,future,0,0,C:\Users\Igor\StudioProjects\BartRunnerAndroid\app\src\test\resources\bart_live_20260912_192815\etd\ssan.xml,2026-09-12T19:28:17-07:00
bart_live_20260912_192815,SSAN,South San Francisco,Yellow,YELLOW,SFO/Millbrae,MLBR,1,South,119,2026-09-12T21:27:17-07:00,future,0,0,C:\Users\Igor\StudioProjects\BartRunnerAndroid\app\src\test\resources\bart_live_20260912_192815\etd\ssan.xml,2026-09-12T19:28:17-07:00
bart_live_20260912_192815,UCTY,Union City,Orange,ORANGE,Richmond,RICH,1,North,1,2026-09-12T19:29:17-07:00,future,646,0,C:\Users\Igor\StudioProjects\BartRunnerAndroid\app\src\test\resources\bart_live_20260912_192815\etd\ucty.xml,2026-09-12T19:28:17-07:00
bart_live_20260912_192815,UCTY,Union City,Orange,ORANGE,Richmond,RICH,1,North,9,2026-09-12T19:37:17-07:00,future,0,0,C:\Users\Igor\StudioProjects\BartRunnerAndroid\app\src\test\resources\bart_live_20260912_192815\etd\ucty.xml,2026-09-12T19:28:17-07:00
bart_live_20260912_192815,UCTY,Union City,Orange,ORANGE,Richmond,RICH,1,North,29,2026-09-12T19:57:17-07:00,future,0,0,C:\Users\Igor\StudioProjects\BartRunnerAndroid\app\src\test\resources\bart_live_20260912_192815\etd\ucty.xml,2026-09-12T19:28:17-07:00
bart_live_20260912_192815,WARM,Warm Springs/South Fremont,Orange,ORANGE,Berryessa,BERY,2,South,6,2026-09-12T19:34:17-07:00,future,0,0,C:\Users\Igor\StudioProjects\BartRunnerAndroid\app\src\test\resources\bart_live_20260912_192815\etd\warm.xml,2026-09-12T19:28:17-07:00
bart_live_20260912_192815,WARM,Warm Springs/South Fremont,Orange,ORANGE,Berryessa,BERY,2,South,27,2026-09-12T19:55:17-07:00,future,0,0,C:\Users\Igor\StudioProjects\BartRunnerAndroid\app\src\test\resources\bart_live_20260912_192815\etd\warm.xml,2026-09-12T19:28:17-07:00
bart_live_20260912_192815,WCRK,Walnut Creek,Yellow,YELLOW,Antioch,ANTC,1,North,15,2026-09-12T19:43:17-07:00,future,416,0,C:\Users\Igor\StudioProjects\BartRunnerAndroid\app\src\test\resources\bart_live_20260912_192815\etd\wcrk.xml,2026-09-12T19:28:17-07:00
bart_live_20260912_192815,WCRK,Walnut Creek,Yellow,YELLOW,Antioch,ANTC,1,North,28,2026-09-12T19:56:17-07:00,future,0,0,C:\Users\Igor\StudioProjects\BartRunnerAndroid\app\src\test\resources\bart_live_20260912_192815\etd\wcrk.xml,2026-09-12T19:28:17-07:00
bart_live_20260912_192815,WCRK,Walnut Creek,Yellow,YELLOW,Antioch,ANTC,1,North,48,2026-09-12T20:16:17-07:00,future,0,0,C:\Users\Igor\StudioProjects\BartRunnerAndroid\app\src\test\resources\bart_live_20260912_192815\etd\wcrk.xml,2026-09-12T19:28:17-07:00
bart_live_20260912_192815,WCRK,Walnut Creek,Yellow,YELLOW,SFO/Millbrae,MLBR,2,South,17,2026-09-12T19:45:17-07:00,future,0,0,C:\Users\Igor\StudioProjects\BartRunnerAndroid\app\src\test\resources\bart_live_20260912_192815\etd\wcrk.xml,2026-09-12T19:28:17-07:00
bart_live_20260912_192815,WCRK,Walnut Creek,Yellow,YELLOW,SFO/Millbrae,MLBR,2,South,37,2026-09-12T20:05:17-07:00,future,0,0,C:\Users\Igor\StudioProjects\BartRunnerAndroid\app\src\test\resources\bart_live_20260912_192815\etd\wcrk.xml,2026-09-12T19:28:17-07:00
bart_live_20260912_192815,WCRK,Walnut Creek,Yellow,YELLOW,SFO/Millbrae,MLBR,2,South,57,2026-09-12T20:25:17-07:00,future,0,0,C:\Users\Igor\StudioProjects\BartRunnerAndroid\app\src\test\resources\bart_live_20260912_192815\etd\wcrk.xml,2026-09-12T19:28:17-07:00
bart_live_20260912_192815,WDUB,West Dublin/Pleasanton,Blue,BLUE,Daly City,DALY,2,South,4,2026-09-12T19:32:17-07:00,canceled,1104,0,C:\Users\Igor\StudioProjects\BartRunnerAndroid\app\src\test\resources\bart_live_20260912_192815\etd\wdub.xml,2026-09-12T19:28:17-07:00
bart_live_20260912_192815,WDUB,West Dublin/Pleasanton,Blue,BLUE,Daly City,DALY,2,South,5,2026-09-12T19:33:17-07:00,future,224,0,C:\Users\Igor\StudioProjects\BartRunnerAndroid\app\src\test\resources\bart_live_20260912_192815\etd\wdub.xml,2026-09-12T19:28:17-07:00
bart_live_20260912_192815,WDUB,West Dublin/Pleasanton,Blue,BLUE,Daly City,DALY,2,South,21,2026-09-12T19:49:17-07:00,future,0,0,C:\Users\Igor\StudioProjects\BartRunnerAndroid\app\src\test\resources\bart_live_20260912_192815\etd\wdub.xml,2026-09-12T19:28:17-07:00
bart_live_20260912_192815,WDUB,West Dublin/Pleasanton,WHITE,WHITE,Dublin/Pleasanton,DUBL,1,North,9,2026-09-12T19:37:17-07:00,future,0,1,C:\Users\Igor\StudioProjects\BartRunnerAndroid\app\src\test\resources\bart_live_20260912_192815\etd\wdub.xml,2026-09-12T19:28:17-07:00
bart_live_20260912_192815,WDUB,West Dublin/Pleasanton,Blue,BLUE,Dublin/Pleasanton,DUBL,1,North,70,2026-09-12T20:38:17-07:00,future,0,0,C:\Users\Igor\StudioProjects\BartRunnerAndroid\app\src\test\resources\bart_live_20260912_192815\etd\wdub.xml,2026-09-12T19:28:17-07:00
bart_live_20260912_192815,WDUB,West Dublin/Pleasanton,Blue,BLUE,Dublin/Pleasanton,DUBL,1,North,90,2026-09-12T20:58:17-07:00,future,0,0,C:\Users\Igor\StudioProjects\BartRunnerAndroid\app\src\test\resources\bart_live_20260912_192815\etd\wdub.xml,2026-09-12T19:28:17-07:00
bart_live_20260912_192815,WOAK,West Oakland,Yellow,YELLOW,Antioch,ANTC,2,North,2,2026-09-12T19:30:17-07:00,future,92,0,C:\Users\Igor\StudioProjects\BartRunnerAndroid\app\src\test\resources\bart_live_20260912_192815\etd\woak.xml,2026-09-12T19:28:17-07:00
bart_live_20260912_192815,WOAK,West Oakland,Yellow,YELLOW,Antioch,ANTC,2,North,21,2026-09-12T19:49:17-07:00,future,76,0,C:\Users\Igor\StudioProjects\BartRunnerAndroid\app\src\test\resources\bart_live_20260912_192815\etd\woak.xml,2026-09-12T19:28:17-07:00
bart_live_20260912_192815,WOAK,West Oakland,Yellow,YELLOW,Antioch,ANTC,2,North,40,2026-09-12T20:08:17-07:00,future,0,0,C:\Users\Igor\StudioProjects\BartRunnerAndroid\app\src\test\resources\bart_live_20260912_192815\etd\woak.xml,2026-09-12T19:28:17-07:00
bart_live_20260912_192815,WOAK,West Oakland,WHITE,WHITE,Daly City,DALY,1,South,6,2026-09-12T19:34:17-07:00,future,167,1,C:\Users\Igor\StudioProjects\BartRunnerAndroid\app\src\test\resources\bart_live_20260912_192815\etd\woak.xml,2026-09-12T19:28:17-07:00
bart_live_20260912_192815,WOAK,West Oakland,Blue,BLUE,Daly City,DALY,1,South,38,2026-09-12T20:06:17-07:00,canceled,1008,0,C:\Users\Igor\StudioProjects\BartRunnerAndroid\app\src\test\resources\bart_live_20260912_192815\etd\woak.xml,2026-09-12T19:28:17-07:00
bart_live_20260912_192815,WOAK,West Oakland,Blue,BLUE,Daly City,DALY,1,South,40,2026-09-12T20:08:17-07:00,future,133,0,C:\Users\Igor\StudioProjects\BartRunnerAndroid\app\src\test\resources\bart_live_20260912_192815\etd\woak.xml,2026-09-12T19:28:17-07:00
bart_live_20260912_192815,WOAK,West Oakland,Blue,BLUE,Dublin/Pleasanton,DUBL,2,North,35,2026-09-12T20:03:17-07:00,future,0,0,C:\Users\Igor\StudioProjects\BartRunnerAndroid\app\src\test\resources\bart_live_20260912_192815\etd\woak.xml,2026-09-12T19:28:17-07:00
bart_live_20260912_192815,WOAK,West Oakland,Blue,BLUE,Dublin/Pleasanton,DUBL,2,North,55,2026-09-12T20:23:17-07:00,future,0,0,C:\Users\Igor\StudioProjects\BartRunnerAndroid\app\src\test\resources\bart_live_20260912_192815\etd\woak.xml,2026-09-12T19:28:17-07:00
bart_live_20260912_192815,WOAK,West Oakland,WHITE,WHITE,Fruitvale,FTVL,2,North,15,2026-09-12T19:43:17-07:00,future,0,0,C:\Users\Igor\StudioProjects\BartRunnerAndroid\app\src\test\resources\bart_live_20260912_192815\etd\woak.xml,2026-09-12T19:28:17-07:00
bart_live_20260912_192815,WOAK,West Oakland,Red,RED,Millbrae,MLBR,1,South,14,2026-09-12T19:42:17-07:00,future,0,0,C:\Users\Igor\StudioProjects\BartRunnerAndroid\app\src\test\resources\bart_live_20260912_192815\etd\woak.xml,2026-09-12T19:28:17-07:00
bart_live_20260912_192815,WOAK,West Oakland,Red,RED,Millbrae,MLBR,1,South,34,2026-09-12T20:02:17-07:00,future,0,0,C:\Users\Igor\StudioProjects\BartRunnerAndroid\app\src\test\resources\bart_live_20260912_192815\etd\woak.xml,2026-09-12T19:28:17-07:00
bart_live_20260912_192815,WOAK,West Oakland,Red,RED,Richmond,RICH,2,North,12,2026-09-12T19:40:17-07:00,future,152,0,C:\Users\Igor\StudioProjects\BartRunnerAndroid\app\src\test\resources\bart_live_20260912_192815\etd\woak.xml,2026-09-12T19:28:17-07:00
bart_live_20260912_192815,WOAK,West Oakland,Red,RED,Richmond,RICH,2,North,30,2026-09-12T19:58:17-07:00,future,0,0,C:\Users\Igor\StudioProjects\BartRunnerAndroid\app\src\test\resources\bart_live_20260912_192815\etd\woak.xml,2026-09-12T19:28:17-07:00
bart_live_20260912_192815,WOAK,West Oakland,Red,RED,Richmond,RICH,2,North,49,2026-09-12T20:17:17-07:00,future,0,0,C:\Users\Igor\StudioProjects\BartRunnerAndroid\app\src\test\resources\bart_live_20260912_192815\etd\woak.xml,2026-09-12T19:28:17-07:00
bart_live_20260912_192815,WOAK,West Oakland,Yellow,YELLOW,SF Airport,SFIA,1,South,9,2026-09-12T19:37:17-07:00,future,165,0,C:\Users\Igor\StudioProjects\BartRunnerAndroid\app\src\test\resources\bart_live_20260912_192815\etd\woak.xml,2026-09-12T19:28:17-07:00
bart_live_20260912_192815,WOAK,West Oakland,Yellow,YELLOW,SF Airport,SFIA,1,South,26,2026-09-12T19:54:17-07:00,future,0,0,C:\Users\Igor\StudioProjects\BartRunnerAndroid\app\src\test\resources\bart_live_20260912_192815\etd\woak.xml,2026-09-12T19:28:17-07:00
bart_live_20260912_192815,WOAK,West Oakland,Yellow,YELLOW,SFO/Millbrae,MLBR,1,South,46,2026-09-12T20:14:17-07:00,future,0,0,C:\Users\Igor\StudioProjects\BartRunnerAndroid\app\src\test\resources\bart_live_20260912_192815\etd\woak.xml,2026-09-12T19:28:17-07:00
bart_live_20260912_192815,WOAK,West Oakland,Yellow,YELLOW,SFO/Millbrae,MLBR,1,South,66,2026-09-12T20:34:17-07:00,future,0,0,C:\Users\Igor\StudioProjects\BartRunnerAndroid\app\src\test\resources\bart_live_20260912_192815\etd\woak.xml,2026-09-12T19:28:17-07:00
bart_live_20260912_192815,WOAK,West Oakland,Yellow,YELLOW,SFO/Millbrae,MLBR,1,South,86,2026-09-12T20:54:17-07:00,future,0,0,C:\Users\Igor\StudioProjects\BartRunnerAndroid\app\src\test\resources\bart_live_20260912_192815\etd\woak.xml,2026-09-12T19:28:17-07:00
bart_live_20260913_182435,12TH,12th St. Oakland City Center,Yellow,YELLOW,Antioch,ANTC,3,North,11,2026-09-13T18:35:32-07:00,future,149,0,C:\Users\Igor\StudioProjects\BartRunnerAndroid\app\src\test\resources\bart_live_20260913_182435\etd\12th.xml,2026-09-13T18:24:32-07:00
bart_live_20260913_182435,12TH,12th St. Oakland City Center,Yellow,YELLOW,Antioch,ANTC,3,North,29,2026-09-13T18:53:32-07:00,future,0,0,C:\Users\Igor\StudioProjects\BartRunnerAndroid\app\src\test\resources\bart_live_20260913_182435\etd\12th.xml,2026-09-13T18:24:32-07:00
bart_live_20260913_182435,12TH,12th St. Oakland City Center,Yellow,YELLOW,Antioch,ANTC,3,North,49,2026-09-13T19:13:32-07:00,future,0,0,C:\Users\Igor\StudioProjects\BartRunnerAndroid\app\src\test\resources\bart_live_20260913_182435\etd\12th.xml,2026-09-13T18:24:32-07:00
bart_live_20260913_182435,12TH,12th St. Oakland City Center,Orange,ORANGE,Berryessa,BERY,2,South,8,2026-09-13T18:32:32-07:00,future,0,0,C:\Users\Igor\StudioProjects\BartRunnerAndroid\app\src\test\resources\bart_live_20260913_182435\etd\12th.xml,2026-09-13T18:24:32-07:00
bart_live_20260913_182435,12TH,12th St. Oakland City Center,Orange,ORANGE,Berryessa,BERY,2,South,28,2026-09-13T18:52:32-07:00,future,0,0,C:\Users\Igor\StudioProjects\BartRunnerAndroid\app\src\test\resources\bart_live_20260913_182435\etd\12th.xml,2026-09-13T18:24:32-07:00
bart_live_20260913_182435,12TH,12th St. Oakland City Center,Orange,ORANGE,Berryessa,BERY,2,South,48,2026-09-13T19:12:32-07:00,future,0,0,C:\Users\Igor\StudioProjects\BartRunnerAndroid\app\src\test\resources\bart_live_20260913_182435\etd\12th.xml,2026-09-13T18:24:32-07:00
bart_live_20260913_182435,12TH,12th St. Oakland City Center,Red,RED,Millbrae,MLBR,2,South,13,2026-09-13T18:37:32-07:00,future,0,0,C:\Users\Igor\StudioProjects\BartRunnerAndroid\app\src\test\resources\bart_live_20260913_182435\etd\12th.xml,2026-09-13T18:24:32-07:00
bart_live_20260913_182435,12TH,12th St. Oakland City Center,Red,RED,Millbrae,MLBR,2,South,33,2026-09-13T18:57:32-07:00,future,0,0,C:\Users\Igor\StudioProjects\BartRunnerAndroid\app\src\test\resources\bart_live_20260913_182435\etd\12th.xml,2026-09-13T18:24:32-07:00
bart_live_20260913_182435,12TH,12th St. Oakland City Center,Red,RED,Millbrae,MLBR,2,South,53,2026-09-13T19:17:32-07:00,future,0,0,C:\Users\Igor\StudioProjects\BartRunnerAndroid\app\src\test\resources\bart_live_20260913_182435\etd\12th.xml,2026-09-13T18:24:32-07:00
bart_live_20260913_182435,12TH,12th St. Oakland City Center,Orange,ORANGE,Richmond,RICH,1,North,9,2026-09-13T18:33:32-07:00,future,0,0,C:\Users\Igor\StudioProjects\BartRunnerAndroid\app\src\test\resources\bart_live_20260913_182435\etd\12th.xml,2026-09-13T18:24:32-07:00
bart_live_20260913_182435,12TH,12th St. Oakland City Center,Red,RED,Richmond,RICH,1,North,19,2026-09-13T18:43:32-07:00,future,125,0,C:\Users\Igor\StudioProjects\BartRunnerAndroid\app\src\test\resources\bart_live_20260913_182435\etd\12th.xml,2026-09-13T18:24:32-07:00
bart_live_20260913_182435,12TH,12th St. Oakland City Center,Orange,ORANGE,Richmond,RICH,1,North,31,2026-09-13T18:55:32-07:00,future,0,0,C:\Users\Igor\StudioProjects\BartRunnerAndroid\app\src\test\resources\bart_live_20260913_182435\etd\12th.xml,2026-09-13T18:24:32-07:00
bart_live_20260913_182435,12TH,12th St. Oakland City Center,Yellow,YELLOW,SF Airport,SFIA,2,South,5,2026-09-13T18:29:32-07:00,future,0,0,C:\Users\Igor\StudioProjects\BartRunnerAndroid\app\src\test\resources\bart_live_20260913_182435\etd\12th.xml,2026-09-13T18:24:32-07:00
bart_live_20260913_182435,12TH,12th St. Oakland City Center,Yellow,YELLOW,SF Airport,SFIA,2,South,25,2026-09-13T18:49:32-07:00,future,0,0,C:\Users\Igor\StudioProjects\BartRunnerAndroid\app\src\test\resources\bart_live_20260913_182435\etd\12th.xml,2026-09-13T18:24:32-07:00
bart_live_20260913_182435,12TH,12th St. Oakland City Center,Yellow,YELLOW,SF Airport,SFIA,2,South,45,2026-09-13T19:09:32-07:00,future,0,0,C:\Users\Igor\StudioProjects\BartRunnerAndroid\app\src\test\resources\bart_live_20260913_182435\etd\12th.xml,2026-09-13T18:24:32-07:00
bart_live_20260913_182435,16TH,16th St. Mission,Yellow,YELLOW,Antioch,ANTC,2,North,10,2026-09-13T18:34:33-07:00,future,0,0,C:\Users\Igor\StudioProjects\BartRunnerAndroid\app\src\test\resources\bart_live_20260913_182435\etd\16th.xml,2026-09-13T18:24:33-07:00
bart_live_20260913_182435,16TH,16th St. Mission,Yellow,YELLOW,Antioch,ANTC,2,North,29,2026-09-13T18:53:33-07:00,future,0,0,C:\Users\Igor\StudioProjects\BartRunnerAndroid\app\src\test\resources\bart_live_20260913_182435\etd\16th.xml,2026-09-13T18:24:33-07:00
bart_live_20260913_182435,16TH,16th St. Mission,Yellow,YELLOW,Antioch,ANTC,2,North,49,2026-09-13T19:13:33-07:00,future,0,0,C:\Users\Igor\StudioProjects\BartRunnerAndroid\app\src\test\resources\bart_live_20260913_182435\etd\16th.xml,2026-09-13T18:24:33-07:00
bart_live_20260913_182435,16TH,16th St. Mission,Blue,BLUE,Daly City,DALY,1,South,15,2026-09-13T18:39:33-07:00,future,0,0,C:\Users\Igor\StudioProjects\BartRunnerAndroid\app\src\test\resources\bart_live_20260913_182435\etd\16th.xml,2026-09-13T18:24:33-07:00
bart_live_20260913_182435,16TH,16th St. Mission,Blue,BLUE,Daly City,DALY,1,South,35,2026-09-13T18:59:33-07:00,future,0,0,C:\Users\Igor\StudioProjects\BartRunnerAndroid\app\src\test\resources\bart_live_20260913_182435\etd\16th.xml,2026-09-13T18:24:33-07:00
bart_live_20260913_182435,16TH,16th St. Mission,Blue,BLUE,Daly City,DALY,1,South,55,2026-09-13T19:19:33-07:00,future,0,0,C:\Users\Igor\StudioProjects\BartRunnerAndroid\app\src\test\resources\bart_live_20260913_182435\etd\16th.xml,2026-09-13T18:24:33-07:00
bart_live_20260913_182435,16TH,16th St. Mission,Blue,BLUE,Dublin/Pleasanton,DUBL,2,North,5,2026-09-13T18:29:33-07:00,future,127,0,C:\Users\Igor\StudioProjects\BartRunnerAndroid\app\src\test\resources\bart_live_20260913_182435\etd\16th.xml,2026-09-13T18:24:33-07:00
bart_live_20260913_182435,16TH,16th St. Mission,Blue,BLUE,Dublin/Pleasanton,DUBL,2,North,22,2026-09-13T18:46:33-07:00,future,0,0,C:\Users\Igor\StudioProjects\BartRunnerAndroid\app\src\test\resources\bart_live_20260913_182435\etd\16th.xml,2026-09-13T18:24:33-07:00
bart_live_20260913_182435,16TH,16th St. Mission,Blue,BLUE,Dublin/Pleasanton,DUBL,2,North,42,2026-09-13T19:06:33-07:00,future,0,0,C:\Users\Igor\StudioProjects\BartRunnerAndroid\app\src\test\resources\bart_live_20260913_182435\etd\16th.xml,2026-09-13T18:24:33-07:00
bart_live_20260913_182435,16TH,16th St. Mission,Red,RED,Millbrae,MLBR,1,South,11,2026-09-13T18:35:33-07:00,future,0,0,C:\Users\Igor\StudioProjects\BartRunnerAndroid\app\src\test\resources\bart_live_20260913_182435\etd\16th.xml,2026-09-13T18:24:33-07:00
bart_live_20260913_182435,16TH,16th St. Mission,Red,RED,Millbrae,MLBR,1,South,31,2026-09-13T18:55:33-07:00,future,0,0,C:\Users\Igor\StudioProjects\BartRunnerAndroid\app\src\test\resources\bart_live_20260913_182435\etd\16th.xml,2026-09-13T18:24:33-07:00
bart_live_20260913_182435,16TH,16th St. Mission,Red,RED,Millbrae,MLBR,1,South,51,2026-09-13T19:15:33-07:00,future,0,0,C:\Users\Igor\StudioProjects\BartRunnerAndroid\app\src\test\resources\bart_live_20260913_182435\etd\16th.xml,2026-09-13T18:24:33-07:00
bart_live_20260913_182435,16TH,16th St. Mission,Red,RED,Richmond,RICH,2,North,2,2026-09-13T18:26:33-07:00,future,185,0,C:\Users\Igor\StudioProjects\BartRunnerAndroid\app\src\test\resources\bart_live_20260913_182435\etd\16th.xml,2026-09-13T18:24:33-07:00
bart_live_20260913_182435,16TH,16th St. Mission,Red,RED,Richmond,RICH,2,North,18,2026-09-13T18:42:33-07:00,future,0,0,C:\Users\Igor\StudioProjects\BartRunnerAndroid\app\src\test\resources\bart_live_20260913_182435\etd\16th.xml,2026-09-13T18:24:33-07:00
bart_live_20260913_182435,16TH,16th St. Mission,Red,RED,Richmond,RICH,2,North,38,2026-09-13T19:02:33-07:00,future,0,0,C:\Users\Igor\StudioProjects\BartRunnerAndroid\app\src\test\resources\bart_live_20260913_182435\etd\16th.xml,2026-09-13T18:24:33-07:00
bart_live_20260913_182435,16TH,16th St. Mission,Yellow,YELLOW,SF Airport,SFIA,1,South,4,2026-09-13T18:28:33-07:00,future,0,0,C:\Users\Igor\StudioProjects\BartRunnerAndroid\app\src\test\resources\bart_live_20260913_182435\etd\16th.xml,2026-09-13T18:24:33-07:00
bart_live_20260913_182435,16TH,16th St. Mission,Yellow,YELLOW,SF Airport,SFIA,1,South,24,2026-09-13T18:48:33-07:00,future,0,0,C:\Users\Igor\StudioProjects\BartRunnerAndroid\app\src\test\resources\bart_live_20260913_182435\etd\16th.xml,2026-09-13T18:24:33-07:00
bart_live_20260913_182435,16TH,16th St. Mission,Yellow,YELLOW,SF Airport,SFIA,1,South,44,2026-09-13T19:08:33-07:00,future,0,0,C:\Users\Igor\StudioProjects\BartRunnerAndroid\app\src\test\resources\bart_live_20260913_182435\etd\16th.xml,2026-09-13T18:24:33-07:00
bart_live_20260913_182435,19TH,19th St. Oakland,Yellow,YELLOW,Antioch,ANTC,3,North,13,2026-09-13T18:37:33-07:00,future,144,0,C:\Users\Igor\StudioProjects\BartRunnerAndroid\app\src\test\resources\bart_live_20260913_182435\etd\19th.xml,2026-09-13T18:24:33-07:00
bart_live_20260913_182435,19TH,19th St. Oakland,Yellow,YELLOW,Antioch,ANTC,3,North,31,2026-09-13T18:55:33-07:00,future,0,0,C:\Users\Igor\StudioProjects\BartRunnerAndroid\app\src\test\resources\bart_live_20260913_182435\etd\19th.xml,2026-09-13T18:24:33-07:00
bart_live_20260913_182435,19TH,19th St. Oakland,Yellow,YELLOW,Antioch,ANTC,3,North,51,2026-09-13T19:15:33-07:00,future,0,0,C:\Users\Igor\StudioProjects\BartRunnerAndroid\app\src\test\resources\bart_live_20260913_182435\etd\19th.xml,2026-09-13T18:24:33-07:00
bart_live_20260913_182435,19TH,19th St. Oakland,Orange,ORANGE,Berryessa,BERY,2,South,5,2026-09-13T18:29:33-07:00,future,0,0,C:\Users\Igor\StudioProjects\BartRunnerAndroid\app\src\test\resources\bart_live_20260913_182435\etd\19th.xml,2026-09-13T18:24:33-07:00
bart_live_20260913_182435,19TH,19th St. Oakland,Orange,ORANGE,Berryessa,BERY,2,South,25,2026-09-13T18:49:33-07:00,future,0,0,C:\Users\Igor\StudioProjects\BartRunnerAndroid\app\src\test\resources\bart_live_20260913_182435\etd\19th.xml,2026-09-13T18:24:33-07:00
bart_live_20260913_182435,19TH,19th St. Oakland,Orange,ORANGE,Berryessa,BERY,2,South,45,2026-09-13T19:09:33-07:00,future,0,0,C:\Users\Igor\StudioProjects\BartRunnerAndroid\app\src\test\resources\bart_live_20260913_182435\etd\19th.xml,2026-09-13T18:24:33-07:00
bart_live_20260913_182435,19TH,19th St. Oakland,Red,RED,Millbrae,MLBR,2,South,10,2026-09-13T18:34:33-07:00,future,0,0,C:\Users\Igor\StudioProjects\BartRunnerAndroid\app\src\test\resources\bart_live_20260913_182435\etd\19th.xml,2026-09-13T18:24:33-07:00
bart_live_20260913_182435,19TH,19th St. Oakland,Red,RED,Millbrae,MLBR,2,South,31,2026-09-13T18:55:33-07:00,future,0,0,C:\Users\Igor\StudioProjects\BartRunnerAndroid\app\src\test\resources\bart_live_20260913_182435\etd\19th.xml,2026-09-13T18:24:33-07:00
bart_live_20260913_182435,19TH,19th St. Oakland,Red,RED,Millbrae,MLBR,2,South,51,2026-09-13T19:15:33-07:00,future,0,0,C:\Users\Igor\StudioProjects\BartRunnerAndroid\app\src\test\resources\bart_live_20260913_182435\etd\19th.xml,2026-09-13T18:24:33-07:00
bart_live_20260913_182435,19TH,19th St. Oakland,Red,RED,Richmond,RICH,1,North,1,2026-09-13T18:25:33-07:00,future,138,0,C:\Users\Igor\StudioProjects\BartRunnerAndroid\app\src\test\resources\bart_live_20260913_182435\etd\19th.xml,2026-09-13T18:24:33-07:00
bart_live_20260913_182435,19TH,19th St. Oakland,Orange,ORANGE,Richmond,RICH,1,North,11,2026-09-13T18:35:33-07:00,future,0,0,C:\Users\Igor\StudioProjects\BartRunnerAndroid\app\src\test\resources\bart_live_20260913_182435\etd\19th.xml,2026-09-13T18:24:33-07:00
bart_live_20260913_182435,19TH,19th St. Oakland,Red,RED,Richmond,RICH,1,North,20,2026-09-13T18:44:33-07:00,future,125,0,C:\Users\Igor\StudioProjects\BartRunnerAndroid\app\src\test\resources\bart_live_20260913_182435\etd\19th.xml,2026-09-13T18:24:33-07:00
bart_live_20260913_182435,19TH,19th St. Oakland,Yellow,YELLOW,SF Airport,SFIA,2,South,3,2026-09-13T18:27:33-07:00,future,0,0,C:\Users\Igor\StudioProjects\BartRunnerAndroid\app\src\test\resources\bart_live_20260913_182435\etd\19th.xml,2026-09-13T18:24:33-07:00
bart_live_20260913_182435,19TH,19th St. Oakland,Yellow,YELLOW,SF Airport,SFIA,2,South,23,2026-09-13T18:47:33-07:00,future,0,0,C:\Users\Igor\StudioProjects\BartRunnerAndroid\app\src\test\resources\bart_live_20260913_182435\etd\19th.xml,2026-09-13T18:24:33-07:00
bart_live_20260913_182435,19TH,19th St. Oakland,Yellow,YELLOW,SF Airport,SFIA,2,South,43,2026-09-13T19:07:33-07:00,future,0,0,C:\Users\Igor\StudioProjects\BartRunnerAndroid\app\src\test\resources\bart_live_20260913_182435\etd\19th.xml,2026-09-13T18:24:33-07:00
bart_live_20260913_182435,24TH,24th St. Mission,Yellow,YELLOW,Antioch,ANTC,2,North,8,2026-09-13T18:32:32-07:00,future,0,0,C:\Users\Igor\StudioProjects\BartRunnerAndroid\app\src\test\resources\bart_live_20260913_182435\etd\24th.xml,2026-09-13T18:24:32-07:00
bart_live_20260913_182435,24TH,24th St. Mission,Yellow,YELLOW,Antioch,ANTC,2,North,27,2026-09-13T18:51:32-07:00,future,0,0,C:\Users\Igor\StudioProjects\BartRunnerAndroid\app\src\test\resources\bart_live_20260913_182435\etd\24th.xml,2026-09-13T18:24:32-07:00
bart_live_20260913_182435,24TH,24th St. Mission,Yellow,YELLOW,Antioch,ANTC,2,North,47,2026-09-13T19:11:32-07:00,future,0,0,C:\Users\Igor\StudioProjects\BartRunnerAndroid\app\src\test\resources\bart_live_20260913_182435\etd\24th.xml,2026-09-13T18:24:32-07:00
bart_live_20260913_182435,24TH,24th St. Mission,Blue,BLUE,Daly City,DALY,1,South,17,2026-09-13T18:41:32-07:00,future,0,0,C:\Users\Igor\StudioProjects\BartRunnerAndroid\app\src\test\resources\bart_live_20260913_182435\etd\24th.xml,2026-09-13T18:24:32-07:00
bart_live_20260913_182435,24TH,24th St. Mission,Blue,BLUE,Daly City,DALY,1,South,37,2026-09-13T19:01:32-07:00,future,0,0,C:\Users\Igor\StudioProjects\BartRunnerAndroid\app\src\test\resources\bart_live_20260913_182435\etd\24th.xml,2026-09-13T18:24:32-07:00
bart_live_20260913_182435,24TH,24th St. Mission,Blue,BLUE,Daly City,DALY,1,South,57,2026-09-13T19:21:32-07:00,future,0,0,C:\Users\Igor\StudioProjects\BartRunnerAndroid\app\src\test\resources\bart_live_20260913_182435\etd\24th.xml,2026-09-13T18:24:32-07:00
bart_live_20260913_182435,24TH,24th St. Mission,Blue,BLUE,Dublin/Pleasanton,DUBL,2,North,2,2026-09-13T18:26:32-07:00,future,132,0,C:\Users\Igor\StudioProjects\BartRunnerAndroid\app\src\test\resources\bart_live_20260913_182435\etd\24th.xml,2026-09-13T18:24:32-07:00
bart_live_20260913_182435,24TH,24th St. Mission,Blue,BLUE,Dublin/Pleasanton,DUBL,2,North,20,2026-09-13T18:44:32-07:00,future,0,0,C:\Users\Igor\StudioProjects\BartRunnerAndroid\app\src\test\resources\bart_live_20260913_182435\etd\24th.xml,2026-09-13T18:24:32-07:00
bart_live_20260913_182435,24TH,24th St. Mission,Blue,BLUE,Dublin/Pleasanton,DUBL,2,North,40,2026-09-13T19:04:32-07:00,future,0,0,C:\Users\Igor\StudioProjects\BartRunnerAndroid\app\src\test\resources\bart_live_20260913_182435\etd\24th.xml,2026-09-13T18:24:32-07:00
bart_live_20260913_182435,24TH,24th St. Mission,Red,RED,Millbrae,MLBR,1,South,13,2026-09-13T18:37:32-07:00,future,0,0,C:\Users\Igor\StudioProjects\BartRunnerAndroid\app\src\test\resources\bart_live_20260913_182435\etd\24th.xml,2026-09-13T18:24:32-07:00
bart_live_20260913_182435,24TH,24th St. Mission,Red,RED,Millbrae,MLBR,1,South,33,2026-09-13T18:57:32-07:00,future,0,0,C:\Users\Igor\StudioProjects\BartRunnerAndroid\app\src\test\resources\bart_live_20260913_182435\etd\24th.xml,2026-09-13T18:24:32-07:00
bart_live_20260913_182435,24TH,24th St. Mission,Red,RED,Millbrae,MLBR,1,South,53,2026-09-13T19:17:32-07:00,future,0,0,C:\Users\Igor\StudioProjects\BartRunnerAndroid\app\src\test\resources\bart_live_20260913_182435\etd\24th.xml,2026-09-13T18:24:32-07:00
bart_live_20260913_182435,24TH,24th St. Mission,Red,RED,Richmond,RICH,2,North,16,2026-09-13T18:40:32-07:00,future,0,0,C:\Users\Igor\StudioProjects\BartRunnerAndroid\app\src\test\resources\bart_live_20260913_182435\etd\24th.xml,2026-09-13T18:24:32-07:00
bart_live_20260913_182435,24TH,24th St. Mission,Red,RED,Richmond,RICH,2,North,36,2026-09-13T19:00:32-07:00,future,0,0,C:\Users\Igor\StudioProjects\BartRunnerAndroid\app\src\test\resources\bart_live_20260913_182435\etd\24th.xml,2026-09-13T18:24:32-07:00
bart_live_20260913_182435,24TH,24th St. Mission,Red,RED,Richmond,RICH,2,North,56,2026-09-13T19:20:32-07:00,future,0,0,C:\Users\Igor\StudioProjects\BartRunnerAndroid\app\src\test\resources\bart_live_20260913_182435\etd\24th.xml,2026-09-13T18:24:32-07:00
bart_live_20260913_182435,24TH,24th St. Mission,Yellow,YELLOW,SF Airport,SFIA,1,South,6,2026-09-13T18:30:32-07:00,future,0,0,C:\Users\Igor\StudioProjects\BartRunnerAndroid\app\src\test\resources\bart_live_20260913_182435\etd\24th.xml,2026-09-13T18:24:32-07:00
bart_live_20260913_182435,24TH,24th St. Mission,Yellow,YELLOW,SF Airport,SFIA,1,South,26,2026-09-13T18:50:32-07:00,future,0,0,C:\Users\Igor\StudioProjects\BartRunnerAndroid\app\src\test\resources\bart_live_20260913_182435\etd\24th.xml,2026-09-13T18:24:32-07:00
bart_live_20260913_182435,24TH,24th St. Mission,Yellow,YELLOW,SF Airport,SFIA,1,South,46,2026-09-13T19:10:32-07:00,future,0,0,C:\Users\Igor\StudioProjects\BartRunnerAndroid\app\src\test\resources\bart_live_20260913_182435\etd\24th.xml,2026-09-13T18:24:32-07:00
bart_live_20260913_182435,ANTC,Antioch,Yellow,YELLOW,SFO/Millbrae,MLBR,2,South,4,2026-09-13T18:28:32-07:00,future,0,0,C:\Users\Igor\StudioProjects\BartRunnerAndroid\app\src\test\resources\bart_live_20260913_182435\etd\antc.xml,2026-09-13T18:24:32-07:00
bart_live_20260913_182435,ANTC,Antioch,Yellow,YELLOW,SFO/Millbrae,MLBR,2,South,24,2026-09-13T18:48:32-07:00,future,0,0,C:\Users\Igor\StudioProjects\BartRunnerAndroid\app\src\test\resources\bart_live_20260913_182435\etd\antc.xml,2026-09-13T18:24:32-07:00
bart_live_20260913_182435,ANTC,Antioch,Yellow,YELLOW,SFO/Millbrae,MLBR,2,South,44,2026-09-13T19:08:32-07:00,future,0,0,C:\Users\Igor\StudioProjects\BartRunnerAndroid\app\src\test\resources\bart_live_20260913_182435\etd\antc.xml,2026-09-13T18:24:32-07:00
bart_live_20260913_182435,ASHB,Ashby,Orange,ORANGE,Berryessa,BERY,2,South,16,2026-09-13T18:40:32-07:00,future,0,0,C:\Users\Igor\StudioProjects\BartRunnerAndroid\app\src\test\resources\bart_live_20260913_182435\etd\ashb.xml,2026-09-13T18:24:32-07:00
bart_live_20260913_182435,ASHB,Ashby,Orange,ORANGE,Berryessa,BERY,2,South,36,2026-09-13T19:00:32-07:00,future,0,0,C:\Users\Igor\StudioProjects\BartRunnerAndroid\app\src\test\resources\bart_live_20260913_182435\etd\ashb.xml,2026-09-13T18:24:32-07:00
bart_live_20260913_182435,ASHB,Ashby,Orange,ORANGE,Berryessa,BERY,2,South,56,2026-09-13T19:20:32-07:00,future,0,0,C:\Users\Igor\StudioProjects\BartRunnerAndroid\app\src\test\resources\bart_live_20260913_182435\etd\ashb.xml,2026-09-13T18:24:32-07:00
bart_live_20260913_182435,ASHB,Ashby,Red,RED,Millbrae,MLBR,2,South,4,2026-09-13T18:28:32-07:00,future,0,0,C:\Users\Igor\StudioProjects\BartRunnerAndroid\app\src\test\resources\bart_live_20260913_182435\etd\ashb.xml,2026-09-13T18:24:32-07:00
bart_live_20260913_182435,ASHB,Ashby,Red,RED,Millbrae,MLBR,2,South,23,2026-09-13T18:47:32-07:00,future,0,0,C:\Users\Igor\StudioProjects\BartRunnerAndroid\app\src\test\resources\bart_live_20260913_182435\etd\ashb.xml,2026-09-13T18:24:32-07:00
bart_live_20260913_182435,ASHB,Ashby,Red,RED,Millbrae,MLBR,2,South,43,2026-09-13T19:07:32-07:00,future,0,0,C:\Users\Igor\StudioProjects\BartRunnerAndroid\app\src\test\resources\bart_live_20260913_182435\etd\ashb.xml,2026-09-13T18:24:32-07:00
bart_live_20260913_182435,ASHB,Ashby,Red,RED,Richmond,RICH,1,North,7,2026-09-13T18:31:32-07:00,future,86,0,C:\Users\Igor\StudioProjects\BartRunnerAndroid\app\src\test\resources\bart_live_20260913_182435\etd\ashb.xml,2026-09-13T18:24:32-07:00
bart_live_20260913_182435,ASHB,Ashby,Orange,ORANGE,Richmond,RICH,1,North,18,2026-09-13T18:42:32-07:00,future,0,0,C:\Users\Igor\StudioProjects\BartRunnerAndroid\app\src\test\resources\bart_live_20260913_182435\etd\ashb.xml,2026-09-13T18:24:32-07:00
bart_live_20260913_182435,ASHB,Ashby,Red,RED,Richmond,RICH,1,North,27,2026-09-13T18:51:32-07:00,future,68,0,C:\Users\Igor\StudioProjects\BartRunnerAndroid\app\src\test\resources\bart_live_20260913_182435\etd\ashb.xml,2026-09-13T18:24:32-07:00
bart_live_20260913_182435,BALB,Balboa Park,Yellow,YELLOW,Antioch,ANTC,2,North,3,2026-09-13T18:27:33-07:00,future,0,0,C:\Users\Igor\StudioProjects\BartRunnerAndroid\app\src\test\resources\bart_live_20260913_182435\etd\balb.xml,2026-09-13T18:24:33-07:00
bart_live_20260913_182435,BALB,Balboa Park,Yellow,YELLOW,Antioch,ANTC,2,North,22,2026-09-13T18:46:33-07:00,future,0,0,C:\Users\Igor\StudioProjects\BartRunnerAndroid\app\src\test\resources\bart_live_20260913_182435\etd\balb.xml,2026-09-13T18:24:33-07:00
bart_live_20260913_182435,BALB,Balboa Park,Yellow,YELLOW,Antioch,ANTC,2,North,42,2026-09-13T19:06:33-07:00,future,0,0,C:\Users\Igor\StudioProjects\BartRunnerAndroid\app\src\test\resources\bart_live_20260913_182435\etd\balb.xml,2026-09-13T18:24:33-07:00
bart_live_20260913_182435,BALB,Balboa Park,Blue,BLUE,Daly City,DALY,1,South,2,2026-09-13T18:26:33-07:00,future,0,0,C:\Users\Igor\StudioProjects\BartRunnerAndroid\app\src\test\resources\bart_live_20260913_182435\etd\balb.xml,2026-09-13T18:24:33-07:00
bart_live_20260913_182435,BALB,Balboa Park,Blue,BLUE,Daly City,DALY,1,South,22,2026-09-13T18:46:33-07:00,future,0,0,C:\Users\Igor\StudioProjects\BartRunnerAndroid\app\src\test\resources\bart_live_20260913_182435\etd\balb.xml,2026-09-13T18:24:33-07:00
bart_live_20260913_182435,BALB,Balboa Park,Blue,BLUE,Daly City,DALY,1,South,42,2026-09-13T19:06:33-07:00,future,0,0,C:\Users\Igor\StudioProjects\BartRunnerAndroid\app\src\test\resources\bart_live_20260913_182435\etd\balb.xml,2026-09-13T18:24:33-07:00
bart_live_20260913_182435,BALB,Balboa Park,Blue,BLUE,Dublin/Pleasanton,DUBL,2,North,15,2026-09-13T18:39:33-07:00,future,0,0,C:\Users\Igor\StudioProjects\BartRunnerAndroid\app\src\test\resources\bart_live_20260913_182435\etd\balb.xml,2026-09-13T18:24:33-07:00
bart_live_20260913_182435,BALB,Balboa Park,Blue,BLUE,Dublin/Pleasanton,DUBL,2,North,35,2026-09-13T18:59:33-07:00,future,0,0,C:\Users\Igor\StudioProjects\BartRunnerAndroid\app\src\test\resources\bart_live_20260913_182435\etd\balb.xml,2026-09-13T18:24:33-07:00
bart_live_20260913_182435,BALB,Balboa Park,Red,RED,Millbrae,MLBR,1,South,19,2026-09-13T18:43:33-07:00,future,0,0,C:\Users\Igor\StudioProjects\BartRunnerAndroid\app\src\test\resources\bart_live_20260913_182435\etd\balb.xml,2026-09-13T18:24:33-07:00
bart_live_20260913_182435,BALB,Balboa Park,Red,RED,Millbrae,MLBR,1,South,39,2026-09-13T19:03:33-07:00,future,0,0,C:\Users\Igor\StudioProjects\BartRunnerAndroid\app\src\test\resources\bart_live_20260913_182435\etd\balb.xml,2026-09-13T18:24:33-07:00
bart_live_20260913_182435,BALB,Balboa Park,Red,RED,Millbrae,MLBR,1,South,59,2026-09-13T19:23:33-07:00,future,0,0,C:\Users\Igor\StudioProjects\BartRunnerAndroid\app\src\test\resources\bart_live_20260913_182435\etd\balb.xml,2026-09-13T18:24:33-07:00
bart_live_20260913_182435,BALB,Balboa Park,Red,RED,Richmond,RICH,2,North,11,2026-09-13T18:35:33-07:00,future,0,0,C:\Users\Igor\StudioProjects\BartRunnerAndroid\app\src\test\resources\bart_live_20260913_182435\etd\balb.xml,2026-09-13T18:24:33-07:00
bart_live_20260913_182435,BALB,Balboa Park,Red,RED,Richmond,RICH,2,North,31,2026-09-13T18:55:33-07:00,future,0,0,C:\Users\Igor\StudioProjects\BartRunnerAndroid\app\src\test\resources\bart_live_20260913_182435\etd\balb.xml,2026-09-13T18:24:33-07:00
bart_live_20260913_182435,BALB,Balboa Park,Red,RED,Richmond,RICH,2,North,51,2026-09-13T19:15:33-07:00,future,0,0,C:\Users\Igor\StudioProjects\BartRunnerAndroid\app\src\test\resources\bart_live_20260913_182435\etd\balb.xml,2026-09-13T18:24:33-07:00
bart_live_20260913_182435,BALB,Balboa Park,Yellow,YELLOW,SF Airport,SFIA,1,South,11,2026-09-13T18:35:33-07:00,future,0,0,C:\Users\Igor\StudioProjects\BartRunnerAndroid\app\src\test\resources\bart_live_20260913_182435\etd\balb.xml,2026-09-13T18:24:33-07:00
bart_live_20260913_182435,BALB,Balboa Park,Yellow,YELLOW,SF Airport,SFIA,1,South,31,2026-09-13T18:55:33-07:00,future,0,0,C:\Users\Igor\StudioProjects\BartRunnerAndroid\app\src\test\resources\bart_live_20260913_182435\etd\balb.xml,2026-09-13T18:24:33-07:00
bart_live_20260913_182435,BALB,Balboa Park,Yellow,YELLOW,SF Airport,SFIA,1,South,51,2026-09-13T19:15:33-07:00,future,0,0,C:\Users\Igor\StudioProjects\BartRunnerAndroid\app\src\test\resources\bart_live_20260913_182435\etd\balb.xml,2026-09-13T18:24:33-07:00
bart_live_20260913_182435,BAYF,Bay Fair,Orange,ORANGE,Berryessa,BERY,1,South,6,2026-09-13T18:30:33-07:00,future,0,0,C:\Users\Igor\StudioProjects\BartRunnerAndroid\app\src\test\resources\bart_live_20260913_182435\etd\bayf.xml,2026-09-13T18:24:33-07:00
bart_live_20260913_182435,BAYF,Bay Fair,Orange,ORANGE,Berryessa,BERY,1,South,26,2026-09-13T18:50:33-07:00,future,0,0,C:\Users\Igor\StudioProjects\BartRunnerAndroid\app\src\test\resources\bart_live_20260913_182435\etd\bayf.xml,2026-09-13T18:24:33-07:00
bart_live_20260913_182435,BAYF,Bay Fair,Orange,ORANGE,Berryessa,BERY,1,South,46,2026-09-13T19:10:33-07:00,future,0,0,C:\Users\Igor\StudioProjects\BartRunnerAndroid\app\src\test\resources\bart_live_20260913_182435\etd\bayf.xml,2026-09-13T18:24:33-07:00
bart_live_20260913_182435,BAYF,Bay Fair,Blue,BLUE,Daly City,DALY,2,South,19,2026-09-13T18:43:33-07:00,future,0,0,C:\Users\Igor\StudioProjects\BartRunnerAndroid\app\src\test\resources\bart_live_20260913_182435\etd\bayf.xml,2026-09-13T18:24:33-07:00
bart_live_20260913_182435,BAYF,Bay Fair,Blue,BLUE,Daly City,DALY,2,South,39,2026-09-13T19:03:33-07:00,future,0,0,C:\Users\Igor\StudioProjects\BartRunnerAndroid\app\src\test\resources\bart_live_20260913_182435\etd\bayf.xml,2026-09-13T18:24:33-07:00
bart_live_20260913_182435,BAYF,Bay Fair,Blue,BLUE,Daly City,DALY,2,South,59,2026-09-13T19:23:33-07:00,future,0,0,C:\Users\Igor\StudioProjects\BartRunnerAndroid\app\src\test\resources\bart_live_20260913_182435\etd\bayf.xml,2026-09-13T18:24:33-07:00
bart_live_20260913_182435,BAYF,Bay Fair,Blue,BLUE,Dublin/Pleasanton,DUBL,1,South,18,2026-09-13T18:42:33-07:00,future,0,0,C:\Users\Igor\StudioProjects\BartRunnerAndroid\app\src\test\resources\bart_live_20260913_182435\etd\bayf.xml,2026-09-13T18:24:33-07:00
bart_live_20260913_182435,BAYF,Bay Fair,Blue,BLUE,Dublin/Pleasanton,DUBL,1,South,38,2026-09-13T19:02:33-07:00,future,0,0,C:\Users\Igor\StudioProjects\BartRunnerAndroid\app\src\test\resources\bart_live_20260913_182435\etd\bayf.xml,2026-09-13T18:24:33-07:00
bart_live_20260913_182435,BAYF,Bay Fair,Blue,BLUE,Dublin/Pleasanton,DUBL,1,South,58,2026-09-13T19:22:33-07:00,future,0,0,C:\Users\Igor\StudioProjects\BartRunnerAndroid\app\src\test\resources\bart_live_20260913_182435\etd\bayf.xml,2026-09-13T18:24:33-07:00
bart_live_20260913_182435,BAYF,Bay Fair,Orange,ORANGE,Richmond,RICH,2,North,10,2026-09-13T18:34:33-07:00,future,0,0,C:\Users\Igor\StudioProjects\BartRunnerAndroid\app\src\test\resources\bart_live_20260913_182435\etd\bayf.xml,2026-09-13T18:24:33-07:00
bart_live_20260913_182435,BAYF,Bay Fair,Orange,ORANGE,Richmond,RICH,2,North,30,2026-09-13T18:54:33-07:00,future,0,0,C:\Users\Igor\StudioProjects\BartRunnerAndroid\app\src\test\resources\bart_live_20260913_182435\etd\bayf.xml,2026-09-13T18:24:33-07:00
bart_live_20260913_182435,BAYF,Bay Fair,Orange,ORANGE,Richmond,RICH,2,North,50,2026-09-13T19:14:33-07:00,future,0,0,C:\Users\Igor\StudioProjects\BartRunnerAndroid\app\src\test\resources\bart_live_20260913_182435\etd\bayf.xml,2026-09-13T18:24:33-07:00
bart_live_20260913_182435,BERY,Berryessa/North San Jose,Orange,ORANGE,Richmond,RICH,2,North,10,2026-09-13T18:34:32-07:00,future,0,0,C:\Users\Igor\StudioProjects\BartRunnerAndroid\app\src\test\resources\bart_live_20260913_182435\etd\bery.xml,2026-09-13T18:24:32-07:00
bart_live_20260913_182435,BERY,Berryessa/North San Jose,Orange,ORANGE,Richmond,RICH,2,North,30,2026-09-13T18:54:32-07:00,future,0,0,C:\Users\Igor\StudioProjects\BartRunnerAndroid\app\src\test\resources\bart_live_20260913_182435\etd\bery.xml,2026-09-13T18:24:32-07:00
bart_live_20260913_182435,CAST,Castro Valley,Blue,BLUE,Daly City,DALY,2,South,15,2026-09-13T18:39:33-07:00,future,0,0,C:\Users\Igor\StudioProjects\BartRunnerAndroid\app\src\test\resources\bart_live_20260913_182435\etd\cast.xml,2026-09-13T18:24:33-07:00
bart_live_20260913_182435,CAST,Castro Valley,Blue,BLUE,Daly City,DALY,2,South,35,2026-09-13T18:59:33-07:00,future,0,0,C:\Users\Igor\StudioProjects\BartRunnerAndroid\app\src\test\resources\bart_live_20260913_182435\etd\cast.xml,2026-09-13T18:24:33-07:00
bart_live_20260913_182435,CAST,Castro Valley,Blue,BLUE,Daly City,DALY,2,South,55,2026-09-13T19:19:33-07:00,future,0,0,C:\Users\Igor\StudioProjects\BartRunnerAndroid\app\src\test\resources\bart_live_20260913_182435\etd\cast.xml,2026-09-13T18:24:33-07:00
bart_live_20260913_182435,CAST,Castro Valley,Blue,BLUE,Dublin/Pleasanton,DUBL,1,North,3,2026-09-13T18:27:33-07:00,future,0,0,C:\Users\Igor\StudioProjects\BartRunnerAndroid\app\src\test\resources\bart_live_20260913_182435\etd\cast.xml,2026-09-13T18:24:33-07:00
bart_live_20260913_182435,CAST,Castro Valley,Blue,BLUE,Dublin/Pleasanton,DUBL,1,North,22,2026-09-13T18:46:33-07:00,future,0,0,C:\Users\Igor\StudioProjects\BartRunnerAndroid\app\src\test\resources\bart_live_20260913_182435\etd\cast.xml,2026-09-13T18:24:33-07:00
bart_live_20260913_182435,CAST,Castro Valley,Blue,BLUE,Dublin/Pleasanton,DUBL,1,North,42,2026-09-13T19:06:33-07:00,future,0,0,C:\Users\Igor\StudioProjects\BartRunnerAndroid\app\src\test\resources\bart_live_20260913_182435\etd\cast.xml,2026-09-13T18:24:33-07:00
bart_live_20260913_182435,CIVC,Civic Center/UN Plaza,Yellow,YELLOW,Antioch,ANTC,2,North,12,2026-09-13T18:36:32-07:00,future,0,0,C:\Users\Igor\StudioProjects\BartRunnerAndroid\app\src\test\resources\bart_live_20260913_182435\etd\civc.xml,2026-09-13T18:24:32-07:00
bart_live_20260913_182435,CIVC,Civic Center/UN Plaza,Yellow,YELLOW,Antioch,ANTC,2,North,32,2026-09-13T18:56:32-07:00,future,0,0,C:\Users\Igor\StudioProjects\BartRunnerAndroid\app\src\test\resources\bart_live_20260913_182435\etd\civc.xml,2026-09-13T18:24:32-07:00
bart_live_20260913_182435,CIVC,Civic Center/UN Plaza,Yellow,YELLOW,Antioch,ANTC,2,North,52,2026-09-13T19:16:32-07:00,future,0,0,C:\Users\Igor\StudioProjects\BartRunnerAndroid\app\src\test\resources\bart_live_20260913_182435\etd\civc.xml,2026-09-13T18:24:32-07:00
bart_live_20260913_182435,CIVC,Civic Center/UN Plaza,Blue,BLUE,Daly City,DALY,1,South,13,2026-09-13T18:37:32-07:00,future,0,0,C:\Users\Igor\StudioProjects\BartRunnerAndroid\app\src\test\resources\bart_live_20260913_182435\etd\civc.xml,2026-09-13T18:24:32-07:00
bart_live_20260913_182435,CIVC,Civic Center/UN Plaza,Blue,BLUE,Daly City,DALY,1,South,33,2026-09-13T18:57:32-07:00,future,0,0,C:\Users\Igor\StudioProjects\BartRunnerAndroid\app\src\test\resources\bart_live_20260913_182435\etd\civc.xml,2026-09-13T18:24:32-07:00
bart_live_20260913_182435,CIVC,Civic Center/UN Plaza,Blue,BLUE,Daly City,DALY,1,South,53,2026-09-13T19:17:32-07:00,future,0,0,C:\Users\Igor\StudioProjects\BartRunnerAndroid\app\src\test\resources\bart_live_20260913_182435\etd\civc.xml,2026-09-13T18:24:32-07:00
bart_live_20260913_182435,CIVC,Civic Center/UN Plaza,Blue,BLUE,Dublin/Pleasanton,DUBL,2,North,7,2026-09-13T18:31:32-07:00,future,102,0,C:\Users\Igor\StudioProjects\BartRunnerAndroid\app\src\test\resources\bart_live_20260913_182435\etd\civc.xml,2026-09-13T18:24:32-07:00
bart_live_20260913_182435,CIVC,Civic Center/UN Plaza,Blue,BLUE,Dublin/Pleasanton,DUBL,2,North,25,2026-09-13T18:49:32-07:00,future,0,0,C:\Users\Igor\StudioProjects\BartRunnerAndroid\app\src\test\resources\bart_live_20260913_182435\etd\civc.xml,2026-09-13T18:24:32-07:00
bart_live_20260913_182435,CIVC,Civic Center/UN Plaza,Blue,BLUE,Dublin/Pleasanton,DUBL,2,North,45,2026-09-13T19:09:32-07:00,future,0,0,C:\Users\Igor\StudioProjects\BartRunnerAndroid\app\src\test\resources\bart_live_20260913_182435\etd\civc.xml,2026-09-13T18:24:32-07:00
bart_live_20260913_182435,CIVC,Civic Center/UN Plaza,Red,RED,Millbrae,MLBR,1,South,9,2026-09-13T18:33:32-07:00,future,0,0,C:\Users\Igor\StudioProjects\BartRunnerAndroid\app\src\test\resources\bart_live_20260913_182435\etd\civc.xml,2026-09-13T18:24:32-07:00
bart_live_20260913_182435,CIVC,Civic Center/UN Plaza,Red,RED,Millbrae,MLBR,1,South,29,2026-09-13T18:53:32-07:00,future,0,0,C:\Users\Igor\StudioProjects\BartRunnerAndroid\app\src\test\resources\bart_live_20260913_182435\etd\civc.xml,2026-09-13T18:24:32-07:00
bart_live_20260913_182435,CIVC,Civic Center/UN Plaza,Red,RED,Millbrae,MLBR,1,South,49,2026-09-13T19:13:32-07:00,future,0,0,C:\Users\Igor\StudioProjects\BartRunnerAndroid\app\src\test\resources\bart_live_20260913_182435\etd\civc.xml,2026-09-13T18:24:32-07:00
bart_live_20260913_182435,CIVC,Civic Center/UN Plaza,Red,RED,Richmond,RICH,2,North,4,2026-09-13T18:28:32-07:00,future,167,0,C:\Users\Igor\StudioProjects\BartRunnerAndroid\app\src\test\resources\bart_live_20260913_182435\etd\civc.xml,2026-09-13T18:24:32-07:00
bart_live_20260913_182435,CIVC,Civic Center/UN Plaza,Red,RED,Richmond,RICH,2,North,21,2026-09-13T18:45:32-07:00,future,0,0,C:\Users\Igor\StudioProjects\BartRunnerAndroid\app\src\test\resources\bart_live_20260913_182435\etd\civc.xml,2026-09-13T18:24:32-07:00
bart_live_20260913_182435,CIVC,Civic Center/UN Plaza,Red,RED,Richmond,RICH,2,North,41,2026-09-13T19:05:32-07:00,future,0,0,C:\Users\Igor\StudioProjects\BartRunnerAndroid\app\src\test\resources\bart_live_20260913_182435\etd\civc.xml,2026-09-13T18:24:32-07:00
bart_live_20260913_182435,CIVC,Civic Center/UN Plaza,Yellow,YELLOW,SF Airport,SFIA,1,South,2,2026-09-13T18:26:32-07:00,future,0,0,C:\Users\Igor\StudioProjects\BartRunnerAndroid\app\src\test\resources\bart_live_20260913_182435\etd\civc.xml,2026-09-13T18:24:32-07:00
bart_live_20260913_182435,CIVC,Civic Center/UN Plaza,Yellow,YELLOW,SF Airport,SFIA,1,South,22,2026-09-13T18:46:32-07:00,future,0,0,C:\Users\Igor\StudioProjects\BartRunnerAndroid\app\src\test\resources\bart_live_20260913_182435\etd\civc.xml,2026-09-13T18:24:32-07:00
bart_live_20260913_182435,CIVC,Civic Center/UN Plaza,Yellow,YELLOW,SF Airport,SFIA,1,South,42,2026-09-13T19:06:32-07:00,future,0,0,C:\Users\Igor\StudioProjects\BartRunnerAndroid\app\src\test\resources\bart_live_20260913_182435\etd\civc.xml,2026-09-13T18:24:32-07:00
bart_live_20260913_182435,COLM,Colma,Yellow,YELLOW,Antioch,ANTC,2,North,15,2026-09-13T18:39:33-07:00,future,0,0,C:\Users\Igor\StudioProjects\BartRunnerAndroid\app\src\test\resources\bart_live_20260913_182435\etd\colm.xml,2026-09-13T18:24:33-07:00
bart_live_20260913_182435,COLM,Colma,Yellow,YELLOW,Antioch,ANTC,2,North,35,2026-09-13T18:59:33-07:00,future,0,0,C:\Users\Igor\StudioProjects\BartRunnerAndroid\app\src\test\resources\bart_live_20260913_182435\etd\colm.xml,2026-09-13T18:24:33-07:00
bart_live_20260913_182435,COLM,Colma,Red,RED,Millbrae,MLBR,1,South,7,2026-09-13T18:31:33-07:00,future,0,0,C:\Users\Igor\StudioProjects\BartRunnerAndroid\app\src\test\resources\bart_live_20260913_182435\etd\colm.xml,2026-09-13T18:24:33-07:00
bart_live_20260913_182435,COLM,Colma,Red,RED,Millbrae,MLBR,1,South,27,2026-09-13T18:51:33-07:00,future,0,0,C:\Users\Igor\StudioProjects\BartRunnerAndroid\app\src\test\resources\bart_live_20260913_182435\etd\colm.xml,2026-09-13T18:24:33-07:00
bart_live_20260913_182435,COLM,Colma,Red,RED,Millbrae,MLBR,1,South,47,2026-09-13T19:11:33-07:00,future,0,0,C:\Users\Igor\StudioProjects\BartRunnerAndroid\app\src\test\resources\bart_live_20260913_182435\etd\colm.xml,2026-09-13T18:24:33-07:00
bart_live_20260913_182435,COLM,Colma,Red,RED,Richmond,RICH,2,North,4,2026-09-13T18:28:33-07:00,future,0,0,C:\Users\Igor\StudioProjects\BartRunnerAndroid\app\src\test\resources\bart_live_20260913_182435\etd\colm.xml,2026-09-13T18:24:33-07:00
bart_live_20260913_182435,COLM,Colma,Red,RED,Richmond,RICH,2,North,24,2026-09-13T18:48:33-07:00,future,0,0,C:\Users\Igor\StudioProjects\BartRunnerAndroid\app\src\test\resources\bart_live_20260913_182435\etd\colm.xml,2026-09-13T18:24:33-07:00
bart_live_20260913_182435,COLM,Colma,Red,RED,Richmond,RICH,2,North,44,2026-09-13T19:08:33-07:00,future,0,0,C:\Users\Igor\StudioProjects\BartRunnerAndroid\app\src\test\resources\bart_live_20260913_182435\etd\colm.xml,2026-09-13T18:24:33-07:00
bart_live_20260913_182435,COLM,Colma,Yellow,YELLOW,SF Airport,SFIA,1,South,Leaving,2026-09-13T18:24:33-07:00,leaving,0,0,C:\Users\Igor\StudioProjects\BartRunnerAndroid\app\src\test\resources\bart_live_20260913_182435\etd\colm.xml,2026-09-13T18:24:33-07:00
bart_live_20260913_182435,COLM,Colma,Yellow,YELLOW,SF Airport,SFIA,1,South,19,2026-09-13T18:43:33-07:00,future,0,0,C:\Users\Igor\StudioProjects\BartRunnerAndroid\app\src\test\resources\bart_live_20260913_182435\etd\colm.xml,2026-09-13T18:24:33-07:00
bart_live_20260913_182435,COLM,Colma,Yellow,YELLOW,SF Airport,SFIA,1,South,39,2026-09-13T19:03:33-07:00,future,0,0,C:\Users\Igor\StudioProjects\BartRunnerAndroid\app\src\test\resources\bart_live_20260913_182435\etd\colm.xml,2026-09-13T18:24:33-07:00
bart_live_20260913_182435,COLS,Coliseum,Orange,ORANGE,Berryessa,BERY,1,South,18,2026-09-13T18:42:32-07:00,future,0,0,C:\Users\Igor\StudioProjects\BartRunnerAndroid\app\src\test\resources\bart_live_20260913_182435\etd\cols.xml,2026-09-13T18:24:32-07:00
bart_live_20260913_182435,COLS,Coliseum,Orange,ORANGE,Berryessa,BERY,1,South,38,2026-09-13T19:02:32-07:00,future,0,0,C:\Users\Igor\StudioProjects\BartRunnerAndroid\app\src\test\resources\bart_live_20260913_182435\etd\cols.xml,2026-09-13T18:24:32-07:00
bart_live_20260913_182435,COLS,Coliseum,Orange,ORANGE,Berryessa,BERY,1,South,58,2026-09-13T19:22:32-07:00,future,0,0,C:\Users\Igor\StudioProjects\BartRunnerAndroid\app\src\test\resources\bart_live_20260913_182435\etd\cols.xml,2026-09-13T18:24:32-07:00
bart_live_20260913_182435,COLS,Coliseum,Blue,BLUE,Daly City,DALY,2,South,7,2026-09-13T18:31:32-07:00,future,0,0,C:\Users\Igor\StudioProjects\BartRunnerAndroid\app\src\test\resources\bart_live_20260913_182435\etd\cols.xml,2026-09-13T18:24:32-07:00
bart_live_20260913_182435,COLS,Coliseum,Blue,BLUE,Daly City,DALY,2,South,27,2026-09-13T18:51:32-07:00,future,0,0,C:\Users\Igor\StudioProjects\BartRunnerAndroid\app\src\test\resources\bart_live_20260913_182435\etd\cols.xml,2026-09-13T18:24:32-07:00
bart_live_20260913_182435,COLS,Coliseum,Blue,BLUE,Daly City,DALY,2,South,47,2026-09-13T19:11:32-07:00,future,0,0,C:\Users\Igor\StudioProjects\BartRunnerAndroid\app\src\test\resources\bart_live_20260913_182435\etd\cols.xml,2026-09-13T18:24:32-07:00
bart_live_20260913_182435,COLS,Coliseum,Blue,BLUE,Dublin/Pleasanton,DUBL,1,South,10,2026-09-13T18:34:32-07:00,future,0,0,C:\Users\Igor\StudioProjects\BartRunnerAndroid\app\src\test\resources\bart_live_20260913_182435\etd\cols.xml,2026-09-13T18:24:32-07:00
bart_live_20260913_182435,COLS,Coliseum,Blue,BLUE,Dublin/Pleasanton,DUBL,1,South,30,2026-09-13T18:54:32-07:00,future,0,0,C:\Users\Igor\StudioProjects\BartRunnerAndroid\app\src\test\resources\bart_live_20260913_182435\etd\cols.xml,2026-09-13T18:24:32-07:00
bart_live_20260913_182435,COLS,Coliseum,Blue,BLUE,Dublin/Pleasanton,DUBL,1,South,50,2026-09-13T19:14:32-07:00,future,0,0,C:\Users\Igor\StudioProjects\BartRunnerAndroid\app\src\test\resources\bart_live_20260913_182435\etd\cols.xml,2026-09-13T18:24:32-07:00
bart_live_20260913_182435,COLS,Coliseum,Orange,ORANGE,Richmond,RICH,2,North,20,2026-09-13T18:44:32-07:00,future,0,0,C:\Users\Igor\StudioProjects\BartRunnerAndroid\app\src\test\resources\bart_live_20260913_182435\etd\cols.xml,2026-09-13T18:24:32-07:00
bart_live_20260913_182435,COLS,Coliseum,Orange,ORANGE,Richmond,RICH,2,North,38,2026-09-13T19:02:32-07:00,future,0,0,C:\Users\Igor\StudioProjects\BartRunnerAndroid\app\src\test\resources\bart_live_20260913_182435\etd\cols.xml,2026-09-13T18:24:32-07:00
bart_live_20260913_182435,COLS,Coliseum,Orange,ORANGE,Richmond,RICH,2,North,58,2026-09-13T19:22:32-07:00,future,0,0,C:\Users\Igor\StudioProjects\BartRunnerAndroid\app\src\test\resources\bart_live_20260913_182435\etd\cols.xml,2026-09-13T18:24:32-07:00
bart_live_20260913_182435,CONC,Concord,Yellow,YELLOW,Antioch,ANTC,1,North,1,2026-09-13T18:25:32-07:00,future,0,0,C:\Users\Igor\StudioProjects\BartRunnerAndroid\app\src\test\resources\bart_live_20260913_182435\etd\conc.xml,2026-09-13T18:24:32-07:00
bart_live_20260913_182435,CONC,Concord,Yellow,YELLOW,Antioch,ANTC,1,North,22,2026-09-13T18:46:32-07:00,future,116,0,C:\Users\Igor\StudioProjects\BartRunnerAndroid\app\src\test\resources\bart_live_20260913_182435\etd\conc.xml,2026-09-13T18:24:32-07:00
bart_live_20260913_182435,CONC,Concord,Yellow,YELLOW,Antioch,ANTC,1,North,41,2026-09-13T19:05:32-07:00,future,67,0,C:\Users\Igor\StudioProjects\BartRunnerAndroid\app\src\test\resources\bart_live_20260913_182435\etd\conc.xml,2026-09-13T18:24:32-07:00
bart_live_20260913_182435,CONC,Concord,Yellow,YELLOW,SF Airport,SFIA,2,South,12,2026-09-13T18:36:32-07:00,future,0,0,C:\Users\Igor\StudioProjects\BartRunnerAndroid\app\src\test\resources\bart_live_20260913_182435\etd\conc.xml,2026-09-13T18:24:32-07:00
bart_live_20260913_182435,CONC,Concord,Yellow,YELLOW,SF Airport,SFIA,2,South,32,2026-09-13T18:56:32-07:00,future,0,0,C:\Users\Igor\StudioProjects\BartRunnerAndroid\app\src\test\resources\bart_live_20260913_182435\etd\conc.xml,2026-09-13T18:24:32-07:00
bart_live_20260913_182435,CONC,Concord,Yellow,YELLOW,SF Airport,SFIA,2,South,52,2026-09-13T19:16:32-07:00,future,0,0,C:\Users\Igor\StudioProjects\BartRunnerAndroid\app\src\test\resources\bart_live_20260913_182435\etd\conc.xml,2026-09-13T18:24:32-07:00
bart_live_20260913_182435,DALY,Daly City,Yellow,YELLOW,Antioch,ANTC,2,North,1,2026-09-13T18:25:32-07:00,future,95,0,C:\Users\Igor\StudioProjects\BartRunnerAndroid\app\src\test\resources\bart_live_20260913_182435\etd\daly.xml,2026-09-13T18:24:32-07:00
bart_live_20260913_182435,DALY,Daly City,Yellow,YELLOW,Antioch,ANTC,2,North,19,2026-09-13T18:43:32-07:00,future,0,0,C:\Users\Igor\StudioProjects\BartRunnerAndroid\app\src\test\resources\bart_live_20260913_182435\etd\daly.xml,2026-09-13T18:24:32-07:00
bart_live_20260913_182435,DALY,Daly City,Yellow,YELLOW,Antioch,ANTC,2,North,39,2026-09-13T19:03:32-07:00,future,0,0,C:\Users\Igor\StudioProjects\BartRunnerAndroid\app\src\test\resources\bart_live_20260913_182435\etd\daly.xml,2026-09-13T18:24:32-07:00
bart_live_20260913_182435,DALY,Daly City,Blue,BLUE,Dublin/Pleasanton,DUBL,2,North,11,2026-09-13T18:35:32-07:00,future,0,0,C:\Users\Igor\StudioProjects\BartRunnerAndroid\app\src\test\resources\bart_live_20260913_182435\etd\daly.xml,2026-09-13T18:24:32-07:00
bart_live_20260913_182435,DALY,Daly City,Blue,BLUE,Dublin/Pleasanton,DUBL,2,North,31,2026-09-13T18:55:32-07:00,future,0,0,C:\Users\Igor\StudioProjects\BartRunnerAndroid\app\src\test\resources\bart_live_20260913_182435\etd\daly.xml,2026-09-13T18:24:32-07:00
bart_live_20260913_182435,DALY,Daly City,Red,RED,Millbrae,MLBR,1,South,3,2026-09-13T18:27:32-07:00,future,0,0,C:\Users\Igor\StudioProjects\BartRunnerAndroid\app\src\test\resources\bart_live_20260913_182435\etd\daly.xml,2026-09-13T18:24:32-07:00
bart_live_20260913_182435,DALY,Daly City,Red,RED,Millbrae,MLBR,1,South,23,2026-09-13T18:47:32-07:00,future,0,0,C:\Users\Igor\StudioProjects\BartRunnerAndroid\app\src\test\resources\bart_live_20260913_182435\etd\daly.xml,2026-09-13T18:24:32-07:00
bart_live_20260913_182435,DALY,Daly City,Red,RED,Millbrae,MLBR,1,South,43,2026-09-13T19:07:32-07:00,future,0,0,C:\Users\Igor\StudioProjects\BartRunnerAndroid\app\src\test\resources\bart_live_20260913_182435\etd\daly.xml,2026-09-13T18:24:32-07:00
bart_live_20260913_182435,DALY,Daly City,Red,RED,Richmond,RICH,2,North,8,2026-09-13T18:32:32-07:00,future,0,0,C:\Users\Igor\StudioProjects\BartRunnerAndroid\app\src\test\resources\bart_live_20260913_182435\etd\daly.xml,2026-09-13T18:24:32-07:00
bart_live_20260913_182435,DALY,Daly City,Red,RED,Richmond,RICH,2,North,28,2026-09-13T18:52:32-07:00,future,0,0,C:\Users\Igor\StudioProjects\BartRunnerAndroid\app\src\test\resources\bart_live_20260913_182435\etd\daly.xml,2026-09-13T18:24:32-07:00
bart_live_20260913_182435,DALY,Daly City,Red,RED,Richmond,RICH,2,North,48,2026-09-13T19:12:32-07:00,future,0,0,C:\Users\Igor\StudioProjects\BartRunnerAndroid\app\src\test\resources\bart_live_20260913_182435\etd\daly.xml,2026-09-13T18:24:32-07:00
bart_live_20260913_182435,DALY,Daly City,Yellow,YELLOW,SF Airport,SFIA,1,South,15,2026-09-13T18:39:32-07:00,future,0,0,C:\Users\Igor\StudioProjects\BartRunnerAndroid\app\src\test\resources\bart_live_20260913_182435\etd\daly.xml,2026-09-13T18:24:32-07:00
bart_live_20260913_182435,DALY,Daly City,Yellow,YELLOW,SF Airport,SFIA,1,South,35,2026-09-13T18:59:32-07:00,future,0,0,C:\Users\Igor\StudioProjects\BartRunnerAndroid\app\src\test\resources\bart_live_20260913_182435\etd\daly.xml,2026-09-13T18:24:32-07:00
bart_live_20260913_182435,DALY,Daly City,Yellow,YELLOW,SF Airport,SFIA,1,South,55,2026-09-13T19:19:32-07:00,future,0,0,C:\Users\Igor\StudioProjects\BartRunnerAndroid\app\src\test\resources\bart_live_20260913_182435\etd\daly.xml,2026-09-13T18:24:32-07:00
bart_live_20260913_182435,DBRK,Downtown Berkeley,Orange,ORANGE,Berryessa,BERY,2,South,13,2026-09-13T18:37:32-07:00,future,0,0,C:\Users\Igor\StudioProjects\BartRunnerAndroid\app\src\test\resources\bart_live_20260913_182435\etd\dbrk.xml,2026-09-13T18:24:32-07:00
bart_live_20260913_182435,DBRK,Downtown Berkeley,Orange,ORANGE,Berryessa,BERY,2,South,33,2026-09-13T18:57:32-07:00,future,0,0,C:\Users\Igor\StudioProjects\BartRunnerAndroid\app\src\test\resources\bart_live_20260913_182435\etd\dbrk.xml,2026-09-13T18:24:32-07:00
bart_live_20260913_182435,DBRK,Downtown Berkeley,Orange,ORANGE,Berryessa,BERY,2,South,53,2026-09-13T19:17:32-07:00,future,0,0,C:\Users\Igor\StudioProjects\BartRunnerAndroid\app\src\test\resources\bart_live_20260913_182435\etd\dbrk.xml,2026-09-13T18:24:32-07:00
bart_live_20260913_182435,DBRK,Downtown Berkeley,Red,RED,Millbrae,MLBR,2,South,2,2026-09-13T18:26:32-07:00,future,64,0,C:\Users\Igor\StudioProjects\BartRunnerAndroid\app\src\test\resources\bart_live_20260913_182435\etd\dbrk.xml,2026-09-13T18:24:32-07:00
bart_live_20260913_182435,DBRK,Downtown Berkeley,Red,RED,Millbrae,MLBR,2,South,21,2026-09-13T18:45:32-07:00,future,0,0,C:\Users\Igor\StudioProjects\BartRunnerAndroid\app\src\test\resources\bart_live_20260913_182435\etd\dbrk.xml,2026-09-13T18:24:32-07:00
bart_live_20260913_182435,DBRK,Downtown Berkeley,Red,RED,Millbrae,MLBR,2,South,41,2026-09-13T19:05:32-07:00,future,0,0,C:\Users\Igor\StudioProjects\BartRunnerAndroid\app\src\test\resources\bart_live_20260913_182435\etd\dbrk.xml,2026-09-13T18:24:32-07:00
bart_live_20260913_182435,DBRK,Downtown Berkeley,Orange,ORANGE,Richmond,RICH,1,North,2,2026-09-13T18:26:32-07:00,future,130,0,C:\Users\Igor\StudioProjects\BartRunnerAndroid\app\src\test\resources\bart_live_20260913_182435\etd\dbrk.xml,2026-09-13T18:24:32-07:00
bart_live_20260913_182435,DBRK,Downtown Berkeley,Red,RED,Richmond,RICH,1,North,10,2026-09-13T18:34:32-07:00,future,83,0,C:\Users\Igor\StudioProjects\BartRunnerAndroid\app\src\test\resources\bart_live_20260913_182435\etd\dbrk.xml,2026-09-13T18:24:32-07:00
bart_live_20260913_182435,DBRK,Downtown Berkeley,Orange,ORANGE,Richmond,RICH,1,North,20,2026-09-13T18:44:32-07:00,future,0,0,C:\Users\Igor\StudioProjects\BartRunnerAndroid\app\src\test\resources\bart_live_20260913_182435\etd\dbrk.xml,2026-09-13T18:24:32-07:00
bart_live_20260913_182435,DELN,El Cerrito del Norte,Orange,ORANGE,Berryessa,BERY,2,South,4,2026-09-13T18:28:32-07:00,future,0,0,C:\Users\Igor\StudioProjects\BartRunnerAndroid\app\src\test\resources\bart_live_20260913_182435\etd\deln.xml,2026-09-13T18:24:32-07:00
bart_live_20260913_182435,DELN,El Cerrito del Norte,Orange,ORANGE,Berryessa,BERY,2,South,24,2026-09-13T18:48:32-07:00,future,0,0,C:\Users\Igor\StudioProjects\BartRunnerAndroid\app\src\test\resources\bart_live_20260913_182435\etd\deln.xml,2026-09-13T18:24:32-07:00
bart_live_20260913_182435,DELN,El Cerrito del Norte,Orange,ORANGE,Berryessa,BERY,2,South,44,2026-09-13T19:08:32-07:00,future,0,0,C:\Users\Igor\StudioProjects\BartRunnerAndroid\app\src\test\resources\bart_live_20260913_182435\etd\deln.xml,2026-09-13T18:24:32-07:00
bart_live_20260913_182435,DELN,El Cerrito del Norte,Red,RED,Millbrae,MLBR,2,South,12,2026-09-13T18:36:32-07:00,future,0,0,C:\Users\Igor\StudioProjects\BartRunnerAndroid\app\src\test\resources\bart_live_20260913_182435\etd\deln.xml,2026-09-13T18:24:32-07:00
bart_live_20260913_182435,DELN,El Cerrito del Norte,Red,RED,Millbrae,MLBR,2,South,32,2026-09-13T18:56:32-07:00,future,0,0,C:\Users\Igor\StudioProjects\BartRunnerAndroid\app\src\test\resources\bart_live_20260913_182435\etd\deln.xml,2026-09-13T18:24:32-07:00
bart_live_20260913_182435,DELN,El Cerrito del Norte,Orange,ORANGE,Richmond,RICH,1,North,11,2026-09-13T18:35:32-07:00,future,97,0,C:\Users\Igor\StudioProjects\BartRunnerAndroid\app\src\test\resources\bart_live_20260913_182435\etd\deln.xml,2026-09-13T18:24:32-07:00
bart_live_20260913_182435,DELN,El Cerrito del Norte,Red,RED,Richmond,RICH,1,North,18,2026-09-13T18:42:32-07:00,future,91,0,C:\Users\Igor\StudioProjects\BartRunnerAndroid\app\src\test\resources\bart_live_20260913_182435\etd\deln.xml,2026-09-13T18:24:32-07:00
bart_live_20260913_182435,DELN,El Cerrito del Norte,Orange,ORANGE,Richmond,RICH,1,North,30,2026-09-13T18:54:32-07:00,future,0,0,C:\Users\Igor\StudioProjects\BartRunnerAndroid\app\src\test\resources\bart_live_20260913_182435\etd\deln.xml,2026-09-13T18:24:32-07:00
bart_live_20260913_182435,DUBL,Dublin/Pleasanton,Blue,BLUE,Daly City,DALY,2,South,Leaving,2026-09-13T18:24:33-07:00,leaving,0,0,C:\Users\Igor\StudioProjects\BartRunnerAndroid\app\src\test\resources\bart_live_20260913_182435\etd\dubl.xml,2026-09-13T18:24:33-07:00
bart_live_20260913_182435,DUBL,Dublin/Pleasanton,Blue,BLUE,Daly City,DALY,2,South,20,2026-09-13T18:44:33-07:00,future,0,0,C:\Users\Igor\StudioProjects\BartRunnerAndroid\app\src\test\resources\bart_live_20260913_182435\etd\dubl.xml,2026-09-13T18:24:33-07:00
bart_live_20260913_182435,DUBL,Dublin/Pleasanton,Blue,BLUE,Daly City,DALY,2,South,40,2026-09-13T19:04:33-07:00,future,0,0,C:\Users\Igor\StudioProjects\BartRunnerAndroid\app\src\test\resources\bart_live_20260913_182435\etd\dubl.xml,2026-09-13T18:24:33-07:00
bart_live_20260913_182435,EMBR,Embarcadero,Yellow,YELLOW,Antioch,ANTC,2,North,Leaving,2026-09-13T18:24:33-07:00,leaving,231,0,C:\Users\Igor\StudioProjects\BartRunnerAndroid\app\src\test\resources\bart_live_20260913_182435\etd\embr.xml,2026-09-13T18:24:33-07:00
bart_live_20260913_182435,EMBR,Embarcadero,Yellow,YELLOW,Antioch,ANTC,2,North,17,2026-09-13T18:41:33-07:00,future,0,0,C:\Users\Igor\StudioProjects\BartRunnerAndroid\app\src\test\resources\bart_live_20260913_182435\etd\embr.xml,2026-09-13T18:24:33-07:00
bart_live_20260913_182435,EMBR,Embarcadero,Yellow,YELLOW,Antioch,ANTC,2,North,37,2026-09-13T19:01:33-07:00,future,0,0,C:\Users\Igor\StudioProjects\BartRunnerAndroid\app\src\test\resources\bart_live_20260913_182435\etd\embr.xml,2026-09-13T18:24:33-07:00
bart_live_20260913_182435,EMBR,Embarcadero,Blue,BLUE,Daly City,DALY,1,South,8,2026-09-13T18:32:33-07:00,future,0,0,C:\Users\Igor\StudioProjects\BartRunnerAndroid\app\src\test\resources\bart_live_20260913_182435\etd\embr.xml,2026-09-13T18:24:33-07:00
bart_live_20260913_182435,EMBR,Embarcadero,Blue,BLUE,Daly City,DALY,1,South,28,2026-09-13T18:52:33-07:00,future,0,0,C:\Users\Igor\StudioProjects\BartRunnerAndroid\app\src\test\resources\bart_live_20260913_182435\etd\embr.xml,2026-09-13T18:24:33-07:00
bart_live_20260913_182435,EMBR,Embarcadero,Blue,BLUE,Daly City,DALY,1,South,48,2026-09-13T19:12:33-07:00,future,0,0,C:\Users\Igor\StudioProjects\BartRunnerAndroid\app\src\test\resources\bart_live_20260913_182435\etd\embr.xml,2026-09-13T18:24:33-07:00
bart_live_20260913_182435,EMBR,Embarcadero,Blue,BLUE,Dublin/Pleasanton,DUBL,2,North,11,2026-09-13T18:35:33-07:00,future,103,0,C:\Users\Igor\StudioProjects\BartRunnerAndroid\app\src\test\resources\bart_live_20260913_182435\etd\embr.xml,2026-09-13T18:24:33-07:00
bart_live_20260913_182435,EMBR,Embarcadero,Blue,BLUE,Dublin/Pleasanton,DUBL,2,North,30,2026-09-13T18:54:33-07:00,future,0,0,C:\Users\Igor\StudioProjects\BartRunnerAndroid\app\src\test\resources\bart_live_20260913_182435\etd\embr.xml,2026-09-13T18:24:33-07:00
bart_live_20260913_182435,EMBR,Embarcadero,Blue,BLUE,Dublin/Pleasanton,DUBL,2,North,50,2026-09-13T19:14:33-07:00,future,0,0,C:\Users\Igor\StudioProjects\BartRunnerAndroid\app\src\test\resources\bart_live_20260913_182435\etd\embr.xml,2026-09-13T18:24:33-07:00
bart_live_20260913_182435,EMBR,Embarcadero,Red,RED,Millbrae,MLBR,1,South,5,2026-09-13T18:29:33-07:00,future,0,0,C:\Users\Igor\StudioProjects\BartRunnerAndroid\app\src\test\resources\bart_live_20260913_182435\etd\embr.xml,2026-09-13T18:24:33-07:00
bart_live_20260913_182435,EMBR,Embarcadero,Red,RED,Millbrae,MLBR,1,South,24,2026-09-13T18:48:33-07:00,future,0,0,C:\Users\Igor\StudioProjects\BartRunnerAndroid\app\src\test\resources\bart_live_20260913_182435\etd\embr.xml,2026-09-13T18:24:33-07:00
bart_live_20260913_182435,EMBR,Embarcadero,Red,RED,Millbrae,MLBR,1,South,44,2026-09-13T19:08:33-07:00,future,0,0,C:\Users\Igor\StudioProjects\BartRunnerAndroid\app\src\test\resources\bart_live_20260913_182435\etd\embr.xml,2026-09-13T18:24:33-07:00
bart_live_20260913_182435,EMBR,Embarcadero,Red,RED,Richmond,RICH,2,North,8,2026-09-13T18:32:33-07:00,future,148,0,C:\Users\Igor\StudioProjects\BartRunnerAndroid\app\src\test\resources\bart_live_20260913_182435\etd\embr.xml,2026-09-13T18:24:33-07:00
bart_live_20260913_182435,EMBR,Embarcadero,Red,RED,Richmond,RICH,2,North,26,2026-09-13T18:50:33-07:00,future,0,0,C:\Users\Igor\StudioProjects\BartRunnerAndroid\app\src\test\resources\bart_live_20260913_182435\etd\embr.xml,2026-09-13T18:24:33-07:00
bart_live_20260913_182435,EMBR,Embarcadero,Red,RED,Richmond,RICH,2,North,46,2026-09-13T19:10:33-07:00,future,0,0,C:\Users\Igor\StudioProjects\BartRunnerAndroid\app\src\test\resources\bart_live_20260913_182435\etd\embr.xml,2026-09-13T18:24:33-07:00
bart_live_20260913_182435,EMBR,Embarcadero,Yellow,YELLOW,SF Airport,SFIA,1,South,17,2026-09-13T18:41:33-07:00,future,0,0,C:\Users\Igor\StudioProjects\BartRunnerAndroid\app\src\test\resources\bart_live_20260913_182435\etd\embr.xml,2026-09-13T18:24:33-07:00
bart_live_20260913_182435,EMBR,Embarcadero,Yellow,YELLOW,SF Airport,SFIA,1,South,37,2026-09-13T19:01:33-07:00,future,0,0,C:\Users\Igor\StudioProjects\BartRunnerAndroid\app\src\test\resources\bart_live_20260913_182435\etd\embr.xml,2026-09-13T18:24:33-07:00
bart_live_20260913_182435,EMBR,Embarcadero,Yellow,YELLOW,SF Airport,SFIA,1,South,57,2026-09-13T19:21:33-07:00,future,0,0,C:\Users\Igor\StudioProjects\BartRunnerAndroid\app\src\test\resources\bart_live_20260913_182435\etd\embr.xml,2026-09-13T18:24:33-07:00
bart_live_20260913_182435,FTVL,Fruitvale,Orange,ORANGE,Berryessa,BERY,1,South,15,2026-09-13T18:39:33-07:00,future,0,0,C:\Users\Igor\StudioProjects\BartRunnerAndroid\app\src\test\resources\bart_live_20260913_182435\etd\ftvl.xml,2026-09-13T18:24:33-07:00
bart_live_20260913_182435,FTVL,Fruitvale,Orange,ORANGE,Berryessa,BERY,1,South,35,2026-09-13T18:59:33-07:00,future,0,0,C:\Users\Igor\StudioProjects\BartRunnerAndroid\app\src\test\resources\bart_live_20260913_182435\etd\ftvl.xml,2026-09-13T18:24:33-07:00
bart_live_20260913_182435,FTVL,Fruitvale,Orange,ORANGE,Berryessa,BERY,1,South,55,2026-09-13T19:19:33-07:00,future,0,0,C:\Users\Igor\StudioProjects\BartRunnerAndroid\app\src\test\resources\bart_live_20260913_182435\etd\ftvl.xml,2026-09-13T18:24:33-07:00
bart_live_20260913_182435,FTVL,Fruitvale,Blue,BLUE,Daly City,DALY,2,South,11,2026-09-13T18:35:33-07:00,future,0,0,C:\Users\Igor\StudioProjects\BartRunnerAndroid\app\src\test\resources\bart_live_20260913_182435\etd\ftvl.xml,2026-09-13T18:24:33-07:00
bart_live_20260913_182435,FTVL,Fruitvale,Blue,BLUE,Daly City,DALY,2,South,31,2026-09-13T18:55:33-07:00,future,0,0,C:\Users\Igor\StudioProjects\BartRunnerAndroid\app\src\test\resources\bart_live_20260913_182435\etd\ftvl.xml,2026-09-13T18:24:33-07:00
bart_live_20260913_182435,FTVL,Fruitvale,Blue,BLUE,Daly City,DALY,2,South,51,2026-09-13T19:15:33-07:00,future,0,0,C:\Users\Igor\StudioProjects\BartRunnerAndroid\app\src\test\resources\bart_live_20260913_182435\etd\ftvl.xml,2026-09-13T18:24:33-07:00
bart_live_20260913_182435,FTVL,Fruitvale,Blue,BLUE,Dublin/Pleasanton,DUBL,1,South,7,2026-09-13T18:31:33-07:00,future,0,0,C:\Users\Igor\StudioProjects\BartRunnerAndroid\app\src\test\resources\bart_live_20260913_182435\etd\ftvl.xml,2026-09-13T18:24:33-07:00
bart_live_20260913_182435,FTVL,Fruitvale,Blue,BLUE,Dublin/Pleasanton,DUBL,1,South,27,2026-09-13T18:51:33-07:00,future,0,0,C:\Users\Igor\StudioProjects\BartRunnerAndroid\app\src\test\resources\bart_live_20260913_182435\etd\ftvl.xml,2026-09-13T18:24:33-07:00
bart_live_20260913_182435,FTVL,Fruitvale,Blue,BLUE,Dublin/Pleasanton,DUBL,1,South,47,2026-09-13T19:11:33-07:00,future,0,0,C:\Users\Igor\StudioProjects\BartRunnerAndroid\app\src\test\resources\bart_live_20260913_182435\etd\ftvl.xml,2026-09-13T18:24:33-07:00
bart_live_20260913_182435,FTVL,Fruitvale,Orange,ORANGE,Richmond,RICH,2,North,3,2026-09-13T18:27:33-07:00,future,88,0,C:\Users\Igor\StudioProjects\BartRunnerAndroid\app\src\test\resources\bart_live_20260913_182435\etd\ftvl.xml,2026-09-13T18:24:33-07:00
bart_live_20260913_182435,FTVL,Fruitvale,Orange,ORANGE,Richmond,RICH,2,North,23,2026-09-13T18:47:33-07:00,future,0,0,C:\Users\Igor\StudioProjects\BartRunnerAndroid\app\src\test\resources\bart_live_20260913_182435\etd\ftvl.xml,2026-09-13T18:24:33-07:00
bart_live_20260913_182435,FTVL,Fruitvale,Orange,ORANGE,Richmond,RICH,2,North,41,2026-09-13T19:05:33-07:00,future,0,0,C:\Users\Igor\StudioProjects\BartRunnerAndroid\app\src\test\resources\bart_live_20260913_182435\etd\ftvl.xml,2026-09-13T18:24:33-07:00
bart_live_20260913_182435,GLEN,Glen Park,Yellow,YELLOW,Antioch,ANTC,2,North,5,2026-09-13T18:29:32-07:00,future,0,0,C:\Users\Igor\StudioProjects\BartRunnerAndroid\app\src\test\resources\bart_live_20260913_182435\etd\glen.xml,2026-09-13T18:24:32-07:00
bart_live_20260913_182435,GLEN,Glen Park,Yellow,YELLOW,Antioch,ANTC,2,North,25,2026-09-13T18:49:32-07:00,future,0,0,C:\Users\Igor\StudioProjects\BartRunnerAndroid\app\src\test\resources\bart_live_20260913_182435\etd\glen.xml,2026-09-13T18:24:32-07:00
bart_live_20260913_182435,GLEN,Glen Park,Yellow,YELLOW,Antioch,ANTC,2,North,45,2026-09-13T19:09:32-07:00,future,0,0,C:\Users\Igor\StudioProjects\BartRunnerAndroid\app\src\test\resources\bart_live_20260913_182435\etd\glen.xml,2026-09-13T18:24:32-07:00
bart_live_20260913_182435,GLEN,Glen Park,Blue,BLUE,Daly City,DALY,1,South,Leaving,2026-09-13T18:24:32-07:00,leaving,0,0,C:\Users\Igor\StudioProjects\BartRunnerAndroid\app\src\test\resources\bart_live_20260913_182435\etd\glen.xml,2026-09-13T18:24:32-07:00
bart_live_20260913_182435,GLEN,Glen Park,Blue,BLUE,Daly City,DALY,1,South,20,2026-09-13T18:44:32-07:00,future,0,0,C:\Users\Igor\StudioProjects\BartRunnerAndroid\app\src\test\resources\bart_live_20260913_182435\etd\glen.xml,2026-09-13T18:24:32-07:00
bart_live_20260913_182435,GLEN,Glen Park,Blue,BLUE,Daly City,DALY,1,South,40,2026-09-13T19:04:32-07:00,future,0,0,C:\Users\Igor\StudioProjects\BartRunnerAndroid\app\src\test\resources\bart_live_20260913_182435\etd\glen.xml,2026-09-13T18:24:32-07:00
bart_live_20260913_182435,GLEN,Glen Park,Blue,BLUE,Dublin/Pleasanton,DUBL,2,North,18,2026-09-13T18:42:32-07:00,future,0,0,C:\Users\Igor\StudioProjects\BartRunnerAndroid\app\src\test\resources\bart_live_20260913_182435\etd\glen.xml,2026-09-13T18:24:32-07:00
bart_live_20260913_182435,GLEN,Glen Park,Blue,BLUE,Dublin/Pleasanton,DUBL,2,North,38,2026-09-13T19:02:32-07:00,future,0,0,C:\Users\Igor\StudioProjects\BartRunnerAndroid\app\src\test\resources\bart_live_20260913_182435\etd\glen.xml,2026-09-13T18:24:32-07:00
bart_live_20260913_182435,GLEN,Glen Park,Red,RED,Millbrae,MLBR,1,South,16,2026-09-13T18:40:32-07:00,future,0,0,C:\Users\Igor\StudioProjects\BartRunnerAndroid\app\src\test\resources\bart_live_20260913_182435\etd\glen.xml,2026-09-13T18:24:32-07:00
bart_live_20260913_182435,GLEN,Glen Park,Red,RED,Millbrae,MLBR,1,South,36,2026-09-13T19:00:32-07:00,future,0,0,C:\Users\Igor\StudioProjects\BartRunnerAndroid\app\src\test\resources\bart_live_20260913_182435\etd\glen.xml,2026-09-13T18:24:32-07:00
bart_live_20260913_182435,GLEN,Glen Park,Red,RED,Millbrae,MLBR,1,South,56,2026-09-13T19:20:32-07:00,future,0,0,C:\Users\Igor\StudioProjects\BartRunnerAndroid\app\src\test\resources\bart_live_20260913_182435\etd\glen.xml,2026-09-13T18:24:32-07:00
bart_live_20260913_182435,GLEN,Glen Park,Red,RED,Richmond,RICH,2,North,14,2026-09-13T18:38:32-07:00,future,0,0,C:\Users\Igor\StudioProjects\BartRunnerAndroid\app\src\test\resources\bart_live_20260913_182435\etd\glen.xml,2026-09-13T18:24:32-07:00
bart_live_20260913_182435,GLEN,Glen Park,Red,RED,Richmond,RICH,2,North,34,2026-09-13T18:58:32-07:00,future,0,0,C:\Users\Igor\StudioProjects\BartRunnerAndroid\app\src\test\resources\bart_live_20260913_182435\etd\glen.xml,2026-09-13T18:24:32-07:00
bart_live_20260913_182435,GLEN,Glen Park,Red,RED,Richmond,RICH,2,North,54,2026-09-13T19:18:32-07:00,future,0,0,C:\Users\Igor\StudioProjects\BartRunnerAndroid\app\src\test\resources\bart_live_20260913_182435\etd\glen.xml,2026-09-13T18:24:32-07:00
bart_live_20260913_182435,GLEN,Glen Park,Yellow,YELLOW,SF Airport,SFIA,1,South,9,2026-09-13T18:33:32-07:00,future,0,0,C:\Users\Igor\StudioProjects\BartRunnerAndroid\app\src\test\resources\bart_live_20260913_182435\etd\glen.xml,2026-09-13T18:24:32-07:00
bart_live_20260913_182435,GLEN,Glen Park,Yellow,YELLOW,SF Airport,SFIA,1,South,29,2026-09-13T18:53:32-07:00,future,0,0,C:\Users\Igor\StudioProjects\BartRunnerAndroid\app\src\test\resources\bart_live_20260913_182435\etd\glen.xml,2026-09-13T18:24:32-07:00
bart_live_20260913_182435,GLEN,Glen Park,Yellow,YELLOW,SF Airport,SFIA,1,South,49,2026-09-13T19:13:32-07:00,future,0,0,C:\Users\Igor\StudioProjects\BartRunnerAndroid\app\src\test\resources\bart_live_20260913_182435\etd\glen.xml,2026-09-13T18:24:32-07:00
bart_live_20260913_182435,HAYW,Hayward,Orange,ORANGE,Berryessa,BERY,1,South,10,2026-09-13T18:34:33-07:00,future,0,0,C:\Users\Igor\StudioProjects\BartRunnerAndroid\app\src\test\resources\bart_live_20260913_182435\etd\hayw.xml,2026-09-13T18:24:33-07:00
bart_live_20260913_182435,HAYW,Hayward,Orange,ORANGE,Berryessa,BERY,1,South,30,2026-09-13T18:54:33-07:00,future,0,0,C:\Users\Igor\StudioProjects\BartRunnerAndroid\app\src\test\resources\bart_live_20260913_182435\etd\hayw.xml,2026-09-13T18:24:33-07:00
bart_live_20260913_182435,HAYW,Hayward,Orange,ORANGE,Berryessa,BERY,1,South,50,2026-09-13T19:14:33-07:00,future,0,0,C:\Users\Igor\StudioProjects\BartRunnerAndroid\app\src\test\resources\bart_live_20260913_182435\etd\hayw.xml,2026-09-13T18:24:33-07:00
bart_live_20260913_182435,HAYW,Hayward,Orange,ORANGE,Richmond,RICH,2,North,4,2026-09-13T18:28:33-07:00,future,0,0,C:\Users\Igor\StudioProjects\BartRunnerAndroid\app\src\test\resources\bart_live_20260913_182435\etd\hayw.xml,2026-09-13T18:24:33-07:00
bart_live_20260913_182435,HAYW,Hayward,Orange,ORANGE,Richmond,RICH,2,North,22,2026-09-13T18:46:33-07:00,future,0,0,C:\Users\Igor\StudioProjects\BartRunnerAndroid\app\src\test\resources\bart_live_20260913_182435\etd\hayw.xml,2026-09-13T18:24:33-07:00
bart_live_20260913_182435,HAYW,Hayward,Orange,ORANGE,Richmond,RICH,2,North,42,2026-09-13T19:06:33-07:00,future,0,0,C:\Users\Igor\StudioProjects\BartRunnerAndroid\app\src\test\resources\bart_live_20260913_182435\etd\hayw.xml,2026-09-13T18:24:33-07:00
bart_live_20260913_182435,LAFY,Lafayette,Yellow,YELLOW,Antioch,ANTC,1,North,10,2026-09-13T18:34:33-07:00,future,147,0,C:\Users\Igor\StudioProjects\BartRunnerAndroid\app\src\test\resources\bart_live_20260913_182435\etd\lafy.xml,2026-09-13T18:24:33-07:00
bart_live_20260913_182435,LAFY,Lafayette,Yellow,YELLOW,Antioch,ANTC,1,North,29,2026-09-13T18:53:33-07:00,future,98,0,C:\Users\Igor\StudioProjects\BartRunnerAndroid\app\src\test\resources\bart_live_20260913_182435\etd\lafy.xml,2026-09-13T18:24:33-07:00
bart_live_20260913_182435,LAFY,Lafayette,Yellow,YELLOW,Antioch,ANTC,1,North,47,2026-09-13T19:11:33-07:00,future,0,0,C:\Users\Igor\StudioProjects\BartRunnerAndroid\app\src\test\resources\bart_live_20260913_182435\etd\lafy.xml,2026-09-13T18:24:33-07:00
bart_live_20260913_182435,LAFY,Lafayette,Yellow,YELLOW,SF Airport,SFIA,2,South,5,2026-09-13T18:29:33-07:00,future,0,0,C:\Users\Igor\StudioProjects\BartRunnerAndroid\app\src\test\resources\bart_live_20260913_182435\etd\lafy.xml,2026-09-13T18:24:33-07:00
bart_live_20260913_182435,LAFY,Lafayette,Yellow,YELLOW,SF Airport,SFIA,2,South,25,2026-09-13T18:49:33-07:00,future,0,0,C:\Users\Igor\StudioProjects\BartRunnerAndroid\app\src\test\resources\bart_live_20260913_182435\etd\lafy.xml,2026-09-13T18:24:33-07:00
bart_live_20260913_182435,LAFY,Lafayette,Yellow,YELLOW,SF Airport,SFIA,2,South,45,2026-09-13T19:09:33-07:00,future,0,0,C:\Users\Igor\StudioProjects\BartRunnerAndroid\app\src\test\resources\bart_live_20260913_182435\etd\lafy.xml,2026-09-13T18:24:33-07:00
bart_live_20260913_182435,LAKE,Lake Merritt,Orange,ORANGE,Berryessa,BERY,1,South,11,2026-09-13T18:35:33-07:00,future,0,0,C:\Users\Igor\StudioProjects\BartRunnerAndroid\app\src\test\resources\bart_live_20260913_182435\etd\lake.xml,2026-09-13T18:24:33-07:00
bart_live_20260913_182435,LAKE,Lake Merritt,Orange,ORANGE,Berryessa,BERY,1,South,31,2026-09-13T18:55:33-07:00,future,0,0,C:\Users\Igor\StudioProjects\BartRunnerAndroid\app\src\test\resources\bart_live_20260913_182435\etd\lake.xml,2026-09-13T18:24:33-07:00
bart_live_20260913_182435,LAKE,Lake Merritt,Orange,ORANGE,Berryessa,BERY,1,South,51,2026-09-13T19:15:33-07:00,future,0,0,C:\Users\Igor\StudioProjects\BartRunnerAndroid\app\src\test\resources\bart_live_20260913_182435\etd\lake.xml,2026-09-13T18:24:33-07:00
bart_live_20260913_182435,LAKE,Lake Merritt,Blue,BLUE,Daly City,DALY,2,South,15,2026-09-13T18:39:33-07:00,future,0,0,C:\Users\Igor\StudioProjects\BartRunnerAndroid\app\src\test\resources\bart_live_20260913_182435\etd\lake.xml,2026-09-13T18:24:33-07:00
bart_live_20260913_182435,LAKE,Lake Merritt,Blue,BLUE,Daly City,DALY,2,South,35,2026-09-13T18:59:33-07:00,future,0,0,C:\Users\Igor\StudioProjects\BartRunnerAndroid\app\src\test\resources\bart_live_20260913_182435\etd\lake.xml,2026-09-13T18:24:33-07:00
bart_live_20260913_182435,LAKE,Lake Merritt,Blue,BLUE,Daly City,DALY,2,South,55,2026-09-13T19:19:33-07:00,future,0,0,C:\Users\Igor\StudioProjects\BartRunnerAndroid\app\src\test\resources\bart_live_20260913_182435\etd\lake.xml,2026-09-13T18:24:33-07:00
bart_live_20260913_182435,LAKE,Lake Merritt,Blue,BLUE,Dublin/Pleasanton,DUBL,1,South,3,2026-09-13T18:27:33-07:00,future,0,0,C:\Users\Igor\StudioProjects\BartRunnerAndroid\app\src\test\resources\bart_live_20260913_182435\etd\lake.xml,2026-09-13T18:24:33-07:00
bart_live_20260913_182435,LAKE,Lake Merritt,Blue,BLUE,Dublin/Pleasanton,DUBL,1,South,23,2026-09-13T18:47:33-07:00,future,0,0,C:\Users\Igor\StudioProjects\BartRunnerAndroid\app\src\test\resources\bart_live_20260913_182435\etd\lake.xml,2026-09-13T18:24:33-07:00
bart_live_20260913_182435,LAKE,Lake Merritt,Blue,BLUE,Dublin/Pleasanton,DUBL,1,South,43,2026-09-13T19:07:33-07:00,future,0,0,C:\Users\Igor\StudioProjects\BartRunnerAndroid\app\src\test\resources\bart_live_20260913_182435\etd\lake.xml,2026-09-13T18:24:33-07:00
bart_live_20260913_182435,LAKE,Lake Merritt,Orange,ORANGE,Richmond,RICH,2,North,7,2026-09-13T18:31:33-07:00,future,63,0,C:\Users\Igor\StudioProjects\BartRunnerAndroid\app\src\test\resources\bart_live_20260913_182435\etd\lake.xml,2026-09-13T18:24:33-07:00
bart_live_20260913_182435,LAKE,Lake Merritt,Orange,ORANGE,Richmond,RICH,2,North,28,2026-09-13T18:52:33-07:00,future,0,0,C:\Users\Igor\StudioProjects\BartRunnerAndroid\app\src\test\resources\bart_live_20260913_182435\etd\lake.xml,2026-09-13T18:24:33-07:00
bart_live_20260913_182435,LAKE,Lake Merritt,Orange,ORANGE,Richmond,RICH,2,North,46,2026-09-13T19:10:33-07:00,future,0,0,C:\Users\Igor\StudioProjects\BartRunnerAndroid\app\src\test\resources\bart_live_20260913_182435\etd\lake.xml,2026-09-13T18:24:33-07:00
bart_live_20260913_182435,MCAR,MacArthur,Yellow,YELLOW,Antioch,ANTC,3,North,16,2026-09-13T18:40:33-07:00,future,100,0,C:\Users\Igor\StudioProjects\BartRunnerAndroid\app\src\test\resources\bart_live_20260913_182435\etd\mcar.xml,2026-09-13T18:24:33-07:00
bart_live_20260913_182435,MCAR,MacArthur,Yellow,YELLOW,Antioch,ANTC,3,North,34,2026-09-13T18:58:33-07:00,future,0,0,C:\Users\Igor\StudioProjects\BartRunnerAndroid\app\src\test\resources\bart_live_20260913_182435\etd\mcar.xml,2026-09-13T18:24:33-07:00
bart_live_20260913_182435,MCAR,MacArthur,Yellow,YELLOW,Antioch,ANTC,3,North,54,2026-09-13T19:18:33-07:00,future,0,0,C:\Users\Igor\StudioProjects\BartRunnerAndroid\app\src\test\resources\bart_live_20260913_182435\etd\mcar.xml,2026-09-13T18:24:33-07:00
bart_live_20260913_182435,MCAR,MacArthur,Orange,ORANGE,Berryessa,BERY,2,South,2,2026-09-13T18:26:33-07:00,future,133,0,C:\Users\Igor\StudioProjects\BartRunnerAndroid\app\src\test\resources\bart_live_20260913_182435\etd\mcar.xml,2026-09-13T18:24:33-07:00
bart_live_20260913_182435,MCAR,MacArthur,Orange,ORANGE,Berryessa,BERY,2,South,22,2026-09-13T18:46:33-07:00,future,0,0,C:\Users\Igor\StudioProjects\BartRunnerAndroid\app\src\test\resources\bart_live_20260913_182435\etd\mcar.xml,2026-09-13T18:24:33-07:00
bart_live_20260913_182435,MCAR,MacArthur,Orange,ORANGE,Berryessa,BERY,2,South,42,2026-09-13T19:06:33-07:00,future,0,0,C:\Users\Igor\StudioProjects\BartRunnerAndroid\app\src\test\resources\bart_live_20260913_182435\etd\mcar.xml,2026-09-13T18:24:33-07:00
bart_live_20260913_182435,MCAR,MacArthur,Red,RED,Millbrae,MLBR,2,South,7,2026-09-13T18:31:33-07:00,future,0,0,C:\Users\Igor\StudioProjects\BartRunnerAndroid\app\src\test\resources\bart_live_20260913_182435\etd\mcar.xml,2026-09-13T18:24:33-07:00
bart_live_20260913_182435,MCAR,MacArthur,Red,RED,Millbrae,MLBR,2,South,27,2026-09-13T18:51:33-07:00,future,0,0,C:\Users\Igor\StudioProjects\BartRunnerAndroid\app\src\test\resources\bart_live_20260913_182435\etd\mcar.xml,2026-09-13T18:24:33-07:00
bart_live_20260913_182435,MCAR,MacArthur,Red,RED,Millbrae,MLBR,2,South,47,2026-09-13T19:11:33-07:00,future,0,0,C:\Users\Igor\StudioProjects\BartRunnerAndroid\app\src\test\resources\bart_live_20260913_182435\etd\mcar.xml,2026-09-13T18:24:33-07:00
bart_live_20260913_182435,MCAR,MacArthur,Red,RED,Richmond,RICH,1,North,4,2026-09-13T18:28:33-07:00,future,104,0,C:\Users\Igor\StudioProjects\BartRunnerAndroid\app\src\test\resources\bart_live_20260913_182435\etd\mcar.xml,2026-09-13T18:24:33-07:00
bart_live_20260913_182435,MCAR,MacArthur,Orange,ORANGE,Richmond,RICH,1,North,14,2026-09-13T18:38:33-07:00,future,0,0,C:\Users\Igor\StudioProjects\BartRunnerAndroid\app\src\test\resources\bart_live_20260913_182435\etd\mcar.xml,2026-09-13T18:24:33-07:00
bart_live_20260913_182435,MCAR,MacArthur,Red,RED,Richmond,RICH,1,North,24,2026-09-13T18:48:33-07:00,future,103,0,C:\Users\Igor\StudioProjects\BartRunnerAndroid\app\src\test\resources\bart_live_20260913_182435\etd\mcar.xml,2026-09-13T18:24:33-07:00
bart_live_20260913_182435,MCAR,MacArthur,Yellow,YELLOW,SF Airport,SFIA,4,South,Leaving,2026-09-13T18:24:33-07:00,leaving,0,0,C:\Users\Igor\StudioProjects\BartRunnerAndroid\app\src\test\resources\bart_live_20260913_182435\etd\mcar.xml,2026-09-13T18:24:33-07:00
bart_live_20260913_182435,MCAR,MacArthur,Yellow,YELLOW,SF Airport,SFIA,4,South,19,2026-09-13T18:43:33-07:00,future,0,0,C:\Users\Igor\StudioProjects\BartRunnerAndroid\app\src\test\resources\bart_live_20260913_182435\etd\mcar.xml,2026-09-13T18:24:33-07:00
bart_live_20260913_182435,MCAR,MacArthur,Yellow,YELLOW,SF Airport,SFIA,4,South,39,2026-09-13T19:03:33-07:00,future,0,0,C:\Users\Igor\StudioProjects\BartRunnerAndroid\app\src\test\resources\bart_live_20260913_182435\etd\mcar.xml,2026-09-13T18:24:33-07:00
bart_live_20260913_182435,MLBR,Millbrae,Red,RED,Richmond,RICH,3,North,7,2026-09-13T18:31:32-07:00,future,0,0,C:\Users\Igor\StudioProjects\BartRunnerAndroid\app\src\test\resources\bart_live_20260913_182435\etd\mlbr.xml,2026-09-13T18:24:32-07:00
bart_live_20260913_182435,MLBR,Millbrae,Red,RED,Richmond,RICH,3,North,27,2026-09-13T18:51:32-07:00,future,0,0,C:\Users\Igor\StudioProjects\BartRunnerAndroid\app\src\test\resources\bart_live_20260913_182435\etd\mlbr.xml,2026-09-13T18:24:32-07:00
bart_live_20260913_182435,MLPT,Milpitas,Orange,ORANGE,Berryessa,BERY,1,South,18,2026-09-13T18:42:32-07:00,future,0,0,C:\Users\Igor\StudioProjects\BartRunnerAndroid\app\src\test\resources\bart_live_20260913_182435\etd\mlpt.xml,2026-09-13T18:24:32-07:00
bart_live_20260913_182435,MLPT,Milpitas,Orange,ORANGE,Berryessa,BERY,1,South,38,2026-09-13T19:02:32-07:00,future,0,0,C:\Users\Igor\StudioProjects\BartRunnerAndroid\app\src\test\resources\bart_live_20260913_182435\etd\mlpt.xml,2026-09-13T18:24:32-07:00
bart_live_20260913_182435,MLPT,Milpitas,Orange,ORANGE,Richmond,RICH,2,North,14,2026-09-13T18:38:32-07:00,future,0,0,C:\Users\Igor\StudioProjects\BartRunnerAndroid\app\src\test\resources\bart_live_20260913_182435\etd\mlpt.xml,2026-09-13T18:24:32-07:00
bart_live_20260913_182435,MLPT,Milpitas,Orange,ORANGE,Richmond,RICH,2,North,34,2026-09-13T18:58:32-07:00,future,0,0,C:\Users\Igor\StudioProjects\BartRunnerAndroid\app\src\test\resources\bart_live_20260913_182435\etd\mlpt.xml,2026-09-13T18:24:32-07:00
bart_live_20260913_182435,MONT,Montgomery St.,Yellow,YELLOW,Antioch,ANTC,2,North,16,2026-09-13T18:40:33-07:00,future,0,0,C:\Users\Igor\StudioProjects\BartRunnerAndroid\app\src\test\resources\bart_live_20260913_182435\etd\mont.xml,2026-09-13T18:24:33-07:00
bart_live_20260913_182435,MONT,Montgomery St.,Yellow,YELLOW,Antioch,ANTC,2,North,35,2026-09-13T18:59:33-07:00,future,0,0,C:\Users\Igor\StudioProjects\BartRunnerAndroid\app\src\test\resources\bart_live_20260913_182435\etd\mont.xml,2026-09-13T18:24:33-07:00
bart_live_20260913_182435,MONT,Montgomery St.,Yellow,YELLOW,Antioch,ANTC,2,North,55,2026-09-13T19:19:33-07:00,future,0,0,C:\Users\Igor\StudioProjects\BartRunnerAndroid\app\src\test\resources\bart_live_20260913_182435\etd\mont.xml,2026-09-13T18:24:33-07:00
bart_live_20260913_182435,MONT,Montgomery St.,Blue,BLUE,Daly City,DALY,1,South,9,2026-09-13T18:33:33-07:00,future,0,0,C:\Users\Igor\StudioProjects\BartRunnerAndroid\app\src\test\resources\bart_live_20260913_182435\etd\mont.xml,2026-09-13T18:24:33-07:00
bart_live_20260913_182435,MONT,Montgomery St.,Blue,BLUE,Daly City,DALY,1,South,29,2026-09-13T18:53:33-07:00,future,0,0,C:\Users\Igor\StudioProjects\BartRunnerAndroid\app\src\test\resources\bart_live_20260913_182435\etd\mont.xml,2026-09-13T18:24:33-07:00
bart_live_20260913_182435,MONT,Montgomery St.,Blue,BLUE,Daly City,DALY,1,South,49,2026-09-13T19:13:33-07:00,future,0,0,C:\Users\Igor\StudioProjects\BartRunnerAndroid\app\src\test\resources\bart_live_20260913_182435\etd\mont.xml,2026-09-13T18:24:33-07:00
bart_live_20260913_182435,MONT,Montgomery St.,Blue,BLUE,Dublin/Pleasanton,DUBL,2,North,10,2026-09-13T18:34:33-07:00,future,101,0,C:\Users\Igor\StudioProjects\BartRunnerAndroid\app\src\test\resources\bart_live_20260913_182435\etd\mont.xml,2026-09-13T18:24:33-07:00
bart_live_20260913_182435,MONT,Montgomery St.,Blue,BLUE,Dublin/Pleasanton,DUBL,2,North,28,2026-09-13T18:52:33-07:00,future,0,0,C:\Users\Igor\StudioProjects\BartRunnerAndroid\app\src\test\resources\bart_live_20260913_182435\etd\mont.xml,2026-09-13T18:24:33-07:00
bart_live_20260913_182435,MONT,Montgomery St.,Blue,BLUE,Dublin/Pleasanton,DUBL,2,North,48,2026-09-13T19:12:33-07:00,future,0,0,C:\Users\Igor\StudioProjects\BartRunnerAndroid\app\src\test\resources\bart_live_20260913_182435\etd\mont.xml,2026-09-13T18:24:33-07:00
bart_live_20260913_182435,MONT,Montgomery St.,Red,RED,Millbrae,MLBR,1,South,6,2026-09-13T18:30:33-07:00,future,0,0,C:\Users\Igor\StudioProjects\BartRunnerAndroid\app\src\test\resources\bart_live_20260913_182435\etd\mont.xml,2026-09-13T18:24:33-07:00
bart_live_20260913_182435,MONT,Montgomery St.,Red,RED,Millbrae,MLBR,1,South,26,2026-09-13T18:50:33-07:00,future,0,0,C:\Users\Igor\StudioProjects\BartRunnerAndroid\app\src\test\resources\bart_live_20260913_182435\etd\mont.xml,2026-09-13T18:24:33-07:00
bart_live_20260913_182435,MONT,Montgomery St.,Red,RED,Millbrae,MLBR,1,South,46,2026-09-13T19:10:33-07:00,future,0,0,C:\Users\Igor\StudioProjects\BartRunnerAndroid\app\src\test\resources\bart_live_20260913_182435\etd\mont.xml,2026-09-13T18:24:33-07:00
bart_live_20260913_182435,MONT,Montgomery St.,Red,RED,Richmond,RICH,2,North,7,2026-09-13T18:31:33-07:00,future,160,0,C:\Users\Igor\StudioProjects\BartRunnerAndroid\app\src\test\resources\bart_live_20260913_182435\etd\mont.xml,2026-09-13T18:24:33-07:00
bart_live_20260913_182435,MONT,Montgomery St.,Red,RED,Richmond,RICH,2,North,24,2026-09-13T18:48:33-07:00,future,0,0,C:\Users\Igor\StudioProjects\BartRunnerAndroid\app\src\test\resources\bart_live_20260913_182435\etd\mont.xml,2026-09-13T18:24:33-07:00
bart_live_20260913_182435,MONT,Montgomery St.,Red,RED,Richmond,RICH,2,North,44,2026-09-13T19:08:33-07:00,future,0,0,C:\Users\Igor\StudioProjects\BartRunnerAndroid\app\src\test\resources\bart_live_20260913_182435\etd\mont.xml,2026-09-13T18:24:33-07:00
bart_live_20260913_182435,MONT,Montgomery St.,Yellow,YELLOW,SF Airport,SFIA,1,South,18,2026-09-13T18:42:33-07:00,future,0,0,C:\Users\Igor\StudioProjects\BartRunnerAndroid\app\src\test\resources\bart_live_20260913_182435\etd\mont.xml,2026-09-13T18:24:33-07:00
bart_live_20260913_182435,MONT,Montgomery St.,Yellow,YELLOW,SF Airport,SFIA,1,South,38,2026-09-13T19:02:33-07:00,future,0,0,C:\Users\Igor\StudioProjects\BartRunnerAndroid\app\src\test\resources\bart_live_20260913_182435\etd\mont.xml,2026-09-13T18:24:33-07:00
bart_live_20260913_182435,MONT,Montgomery St.,Yellow,YELLOW,SF Airport,SFIA,1,South,58,2026-09-13T19:22:33-07:00,future,0,0,C:\Users\Igor\StudioProjects\BartRunnerAndroid\app\src\test\resources\bart_live_20260913_182435\etd\mont.xml,2026-09-13T18:24:33-07:00
bart_live_20260913_182435,NBRK,North Berkeley,Orange,ORANGE,Berryessa,BERY,2,South,11,2026-09-13T18:35:33-07:00,future,0,0,C:\Users\Igor\StudioProjects\BartRunnerAndroid\app\src\test\resources\bart_live_20260913_182435\etd\nbrk.xml,2026-09-13T18:24:33-07:00
bart_live_20260913_182435,NBRK,North Berkeley,Orange,ORANGE,Berryessa,BERY,2,South,31,2026-09-13T18:55:33-07:00,future,0,0,C:\Users\Igor\StudioProjects\BartRunnerAndroid\app\src\test\resources\bart_live_20260913_182435\etd\nbrk.xml,2026-09-13T18:24:33-07:00
bart_live_20260913_182435,NBRK,North Berkeley,Orange,ORANGE,Berryessa,BERY,2,South,51,2026-09-13T19:15:33-07:00,future,0,0,C:\Users\Igor\StudioProjects\BartRunnerAndroid\app\src\test\resources\bart_live_20260913_182435\etd\nbrk.xml,2026-09-13T18:24:33-07:00
bart_live_20260913_182435,NBRK,North Berkeley,Red,RED,Millbrae,MLBR,2,South,18,2026-09-13T18:42:33-07:00,future,0,0,C:\Users\Igor\StudioProjects\BartRunnerAndroid\app\src\test\resources\bart_live_20260913_182435\etd\nbrk.xml,2026-09-13T18:24:33-07:00
bart_live_20260913_182435,NBRK,North Berkeley,Red,RED,Millbrae,MLBR,2,South,38,2026-09-13T19:02:33-07:00,future,0,0,C:\Users\Igor\StudioProjects\BartRunnerAndroid\app\src\test\resources\bart_live_20260913_182435\etd\nbrk.xml,2026-09-13T18:24:33-07:00
bart_live_20260913_182435,NBRK,North Berkeley,Orange,ORANGE,Richmond,RICH,1,North,5,2026-09-13T18:29:33-07:00,future,126,0,C:\Users\Igor\StudioProjects\BartRunnerAndroid\app\src\test\resources\bart_live_20260913_182435\etd\nbrk.xml,2026-09-13T18:24:33-07:00
bart_live_20260913_182435,NBRK,North Berkeley,Red,RED,Richmond,RICH,1,North,12,2026-09-13T18:36:33-07:00,future,88,0,C:\Users\Igor\StudioProjects\BartRunnerAndroid\app\src\test\resources\bart_live_20260913_182435\etd\nbrk.xml,2026-09-13T18:24:33-07:00
bart_live_20260913_182435,NBRK,North Berkeley,Orange,ORANGE,Richmond,RICH,1,North,22,2026-09-13T18:46:33-07:00,future,0,0,C:\Users\Igor\StudioProjects\BartRunnerAndroid\app\src\test\resources\bart_live_20260913_182435\etd\nbrk.xml,2026-09-13T18:24:33-07:00
bart_live_20260913_182435,NCON,North Concord/Martinez,Yellow,YELLOW,Antioch,ANTC,1,North,4,2026-09-13T18:28:33-07:00,future,0,0,C:\Users\Igor\StudioProjects\BartRunnerAndroid\app\src\test\resources\bart_live_20260913_182435\etd\ncon.xml,2026-09-13T18:24:33-07:00
bart_live_20260913_182435,NCON,North Concord/Martinez,Yellow,YELLOW,Antioch,ANTC,1,North,25,2026-09-13T18:49:33-07:00,future,99,0,C:\Users\Igor\StudioProjects\BartRunnerAndroid\app\src\test\resources\bart_live_20260913_182435\etd\ncon.xml,2026-09-13T18:24:33-07:00
bart_live_20260913_182435,NCON,North Concord/Martinez,Yellow,YELLOW,Antioch,ANTC,1,North,44,2026-09-13T19:08:33-07:00,future,0,0,C:\Users\Igor\StudioProjects\BartRunnerAndroid\app\src\test\resources\bart_live_20260913_182435\etd\ncon.xml,2026-09-13T18:24:33-07:00
bart_live_20260913_182435,NCON,North Concord/Martinez,Yellow,YELLOW,SF Airport,SFIA,2,South,9,2026-09-13T18:33:33-07:00,future,0,0,C:\Users\Igor\StudioProjects\BartRunnerAndroid\app\src\test\resources\bart_live_20260913_182435\etd\ncon.xml,2026-09-13T18:24:33-07:00
bart_live_20260913_182435,NCON,North Concord/Martinez,Yellow,YELLOW,SF Airport,SFIA,2,South,29,2026-09-13T18:53:33-07:00,future,0,0,C:\Users\Igor\StudioProjects\BartRunnerAndroid\app\src\test\resources\bart_live_20260913_182435\etd\ncon.xml,2026-09-13T18:24:33-07:00
bart_live_20260913_182435,NCON,North Concord/Martinez,Yellow,YELLOW,SF Airport,SFIA,2,South,48,2026-09-13T19:12:33-07:00,future,0,0,C:\Users\Igor\StudioProjects\BartRunnerAndroid\app\src\test\resources\bart_live_20260913_182435\etd\ncon.xml,2026-09-13T18:24:33-07:00
bart_live_20260913_182435,ORIN,Orinda,Yellow,YELLOW,Antioch,ANTC,1,North,5,2026-09-13T18:29:33-07:00,future,154,0,C:\Users\Igor\StudioProjects\BartRunnerAndroid\app\src\test\resources\bart_live_20260913_182435\etd\orin.xml,2026-09-13T18:24:33-07:00
bart_live_20260913_182435,ORIN,Orinda,Yellow,YELLOW,Antioch,ANTC,1,North,24,2026-09-13T18:48:33-07:00,future,101,0,C:\Users\Igor\StudioProjects\BartRunnerAndroid\app\src\test\resources\bart_live_20260913_182435\etd\orin.xml,2026-09-13T18:24:33-07:00
bart_live_20260913_182435,ORIN,Orinda,Yellow,YELLOW,Antioch,ANTC,1,North,42,2026-09-13T19:06:33-07:00,future,0,0,C:\Users\Igor\StudioProjects\BartRunnerAndroid\app\src\test\resources\bart_live_20260913_182435\etd\orin.xml,2026-09-13T18:24:33-07:00
bart_live_20260913_182435,ORIN,Orinda,Yellow,YELLOW,SF Airport,SFIA,2,South,10,2026-09-13T18:34:33-07:00,future,0,0,C:\Users\Igor\StudioProjects\BartRunnerAndroid\app\src\test\resources\bart_live_20260913_182435\etd\orin.xml,2026-09-13T18:24:33-07:00
bart_live_20260913_182435,ORIN,Orinda,Yellow,YELLOW,SF Airport,SFIA,2,South,30,2026-09-13T18:54:33-07:00,future,0,0,C:\Users\Igor\StudioProjects\BartRunnerAndroid\app\src\test\resources\bart_live_20260913_182435\etd\orin.xml,2026-09-13T18:24:33-07:00
bart_live_20260913_182435,ORIN,Orinda,Yellow,YELLOW,SF Airport,SFIA,2,South,50,2026-09-13T19:14:33-07:00,future,0,0,C:\Users\Igor\StudioProjects\BartRunnerAndroid\app\src\test\resources\bart_live_20260913_182435\etd\orin.xml,2026-09-13T18:24:33-07:00
bart_live_20260913_182435,PCTR,Pittsburg Center,Yellow,YELLOW,Antioch,ANTC,1,North,2,2026-09-13T18:26:33-07:00,future,0,0,C:\Users\Igor\StudioProjects\BartRunnerAndroid\app\src\test\resources\bart_live_20260913_182435\etd\pctr.xml,2026-09-13T18:24:33-07:00
bart_live_20260913_182435,PCTR,Pittsburg Center,Yellow,YELLOW,Antioch,ANTC,1,North,22,2026-09-13T18:46:33-07:00,future,0,0,C:\Users\Igor\StudioProjects\BartRunnerAndroid\app\src\test\resources\bart_live_20260913_182435\etd\pctr.xml,2026-09-13T18:24:33-07:00
bart_live_20260913_182435,PCTR,Pittsburg Center,Yellow,YELLOW,Antioch,ANTC,1,North,42,2026-09-13T19:06:33-07:00,future,0,0,C:\Users\Igor\StudioProjects\BartRunnerAndroid\app\src\test\resources\bart_live_20260913_182435\etd\pctr.xml,2026-09-13T18:24:33-07:00
bart_live_20260913_182435,PCTR,Pittsburg Center,Yellow,YELLOW,SFO/Millbrae,MLBR,2,South,11,2026-09-13T18:35:33-07:00,future,0,0,C:\Users\Igor\StudioProjects\BartRunnerAndroid\app\src\test\resources\bart_live_20260913_182435\etd\pctr.xml,2026-09-13T18:24:33-07:00
bart_live_20260913_182435,PCTR,Pittsburg Center,Yellow,YELLOW,SFO/Millbrae,MLBR,2,South,31,2026-09-13T18:55:33-07:00,future,0,0,C:\Users\Igor\StudioProjects\BartRunnerAndroid\app\src\test\resources\bart_live_20260913_182435\etd\pctr.xml,2026-09-13T18:24:33-07:00
bart_live_20260913_182435,PCTR,Pittsburg Center,Yellow,YELLOW,SFO/Millbrae,MLBR,2,South,51,2026-09-13T19:15:33-07:00,future,0,0,C:\Users\Igor\StudioProjects\BartRunnerAndroid\app\src\test\resources\bart_live_20260913_182435\etd\pctr.xml,2026-09-13T18:24:33-07:00
bart_live_20260913_182435,PHIL,Pleasant Hill/Contra Costa Centre,Yellow,YELLOW,Antioch,ANTC,1,North,17,2026-09-13T18:41:33-07:00,future,125,0,C:\Users\Igor\StudioProjects\BartRunnerAndroid\app\src\test\resources\bart_live_20260913_182435\etd\phil.xml,2026-09-13T18:24:33-07:00
bart_live_20260913_182435,PHIL,Pleasant Hill/Contra Costa Centre,Yellow,YELLOW,Antioch,ANTC,1,North,36,2026-09-13T19:00:33-07:00,future,61,0,C:\Users\Igor\StudioProjects\BartRunnerAndroid\app\src\test\resources\bart_live_20260913_182435\etd\phil.xml,2026-09-13T18:24:33-07:00
bart_live_20260913_182435,PHIL,Pleasant Hill/Contra Costa Centre,Yellow,YELLOW,Antioch,ANTC,1,North,55,2026-09-13T19:19:33-07:00,future,0,0,C:\Users\Igor\StudioProjects\BartRunnerAndroid\app\src\test\resources\bart_live_20260913_182435\etd\phil.xml,2026-09-13T18:24:33-07:00
bart_live_20260913_182435,PHIL,Pleasant Hill/Contra Costa Centre,Yellow,YELLOW,SF Airport,SFIA,2,South,18,2026-09-13T18:42:33-07:00,future,0,0,C:\Users\Igor\StudioProjects\BartRunnerAndroid\app\src\test\resources\bart_live_20260913_182435\etd\phil.xml,2026-09-13T18:24:33-07:00
bart_live_20260913_182435,PHIL,Pleasant Hill/Contra Costa Centre,Yellow,YELLOW,SF Airport,SFIA,2,South,38,2026-09-13T19:02:33-07:00,future,0,0,C:\Users\Igor\StudioProjects\BartRunnerAndroid\app\src\test\resources\bart_live_20260913_182435\etd\phil.xml,2026-09-13T18:24:33-07:00
bart_live_20260913_182435,PHIL,Pleasant Hill/Contra Costa Centre,Yellow,YELLOW,SF Airport,SFIA,2,South,58,2026-09-13T19:22:33-07:00,future,0,0,C:\Users\Igor\StudioProjects\BartRunnerAndroid\app\src\test\resources\bart_live_20260913_182435\etd\phil.xml,2026-09-13T18:24:33-07:00
bart_live_20260913_182435,PITT,Pittsburg/Bay Point,Yellow,YELLOW,Antioch,ANTC,1,North,10,2026-09-13T18:34:33-07:00,future,0,0,C:\Users\Igor\StudioProjects\BartRunnerAndroid\app\src\test\resources\bart_live_20260913_182435\etd\pitt.xml,2026-09-13T18:24:33-07:00
bart_live_20260913_182435,PITT,Pittsburg/Bay Point,Yellow,YELLOW,Antioch,ANTC,1,North,31,2026-09-13T18:55:33-07:00,future,0,0,C:\Users\Igor\StudioProjects\BartRunnerAndroid\app\src\test\resources\bart_live_20260913_182435\etd\pitt.xml,2026-09-13T18:24:33-07:00
bart_live_20260913_182435,PITT,Pittsburg/Bay Point,Yellow,YELLOW,Antioch,ANTC,1,North,50,2026-09-13T19:14:33-07:00,future,0,0,C:\Users\Igor\StudioProjects\BartRunnerAndroid\app\src\test\resources\bart_live_20260913_182435\etd\pitt.xml,2026-09-13T18:24:33-07:00
bart_live_20260913_182435,PITT,Pittsburg/Bay Point,Yellow,YELLOW,SF Airport,SFIA,2,South,2,2026-09-13T18:26:33-07:00,future,0,0,C:\Users\Igor\StudioProjects\BartRunnerAndroid\app\src\test\resources\bart_live_20260913_182435\etd\pitt.xml,2026-09-13T18:24:33-07:00
bart_live_20260913_182435,PITT,Pittsburg/Bay Point,Yellow,YELLOW,SF Airport,SFIA,2,South,22,2026-09-13T18:46:33-07:00,future,0,0,C:\Users\Igor\StudioProjects\BartRunnerAndroid\app\src\test\resources\bart_live_20260913_182435\etd\pitt.xml,2026-09-13T18:24:33-07:00
bart_live_20260913_182435,PITT,Pittsburg/Bay Point,Yellow,YELLOW,SF Airport,SFIA,2,South,42,2026-09-13T19:06:33-07:00,future,0,0,C:\Users\Igor\StudioProjects\BartRunnerAndroid\app\src\test\resources\bart_live_20260913_182435\etd\pitt.xml,2026-09-13T18:24:33-07:00
bart_live_20260913_182435,PLZA,El Cerrito Plaza,Orange,ORANGE,Berryessa,BERY,2,South,7,2026-09-13T18:31:32-07:00,future,0,0,C:\Users\Igor\StudioProjects\BartRunnerAndroid\app\src\test\resources\bart_live_20260913_182435\etd\plza.xml,2026-09-13T18:24:32-07:00
bart_live_20260913_182435,PLZA,El Cerrito Plaza,Orange,ORANGE,Berryessa,BERY,2,South,27,2026-09-13T18:51:32-07:00,future,0,0,C:\Users\Igor\StudioProjects\BartRunnerAndroid\app\src\test\resources\bart_live_20260913_182435\etd\plza.xml,2026-09-13T18:24:32-07:00
bart_live_20260913_182435,PLZA,El Cerrito Plaza,Orange,ORANGE,Berryessa,BERY,2,South,47,2026-09-13T19:11:32-07:00,future,0,0,C:\Users\Igor\StudioProjects\BartRunnerAndroid\app\src\test\resources\bart_live_20260913_182435\etd\plza.xml,2026-09-13T18:24:32-07:00
bart_live_20260913_182435,PLZA,El Cerrito Plaza,Red,RED,Millbrae,MLBR,2,South,15,2026-09-13T18:39:32-07:00,future,0,0,C:\Users\Igor\StudioProjects\BartRunnerAndroid\app\src\test\resources\bart_live_20260913_182435\etd\plza.xml,2026-09-13T18:24:32-07:00
bart_live_20260913_182435,PLZA,El Cerrito Plaza,Red,RED,Millbrae,MLBR,2,South,35,2026-09-13T18:59:32-07:00,future,0,0,C:\Users\Igor\StudioProjects\BartRunnerAndroid\app\src\test\resources\bart_live_20260913_182435\etd\plza.xml,2026-09-13T18:24:32-07:00
bart_live_20260913_182435,PLZA,El Cerrito Plaza,Orange,ORANGE,Richmond,RICH,1,North,8,2026-09-13T18:32:32-07:00,future,129,0,C:\Users\Igor\StudioProjects\BartRunnerAndroid\app\src\test\resources\bart_live_20260913_182435\etd\plza.xml,2026-09-13T18:24:32-07:00
bart_live_20260913_182435,PLZA,El Cerrito Plaza,Red,RED,Richmond,RICH,1,North,15,2026-09-13T18:39:32-07:00,future,98,0,C:\Users\Igor\StudioProjects\BartRunnerAndroid\app\src\test\resources\bart_live_20260913_182435\etd\plza.xml,2026-09-13T18:24:32-07:00
bart_live_20260913_182435,PLZA,El Cerrito Plaza,Orange,ORANGE,Richmond,RICH,1,North,26,2026-09-13T18:50:32-07:00,future,0,0,C:\Users\Igor\StudioProjects\BartRunnerAndroid\app\src\test\resources\bart_live_20260913_182435\etd\plza.xml,2026-09-13T18:24:32-07:00
bart_live_20260913_182435,POWL,Powell St.,Yellow,YELLOW,Antioch,ANTC,2,North,14,2026-09-13T18:38:33-07:00,future,0,0,C:\Users\Igor\StudioProjects\BartRunnerAndroid\app\src\test\resources\bart_live_20260913_182435\etd\powl.xml,2026-09-13T18:24:33-07:00
bart_live_20260913_182435,POWL,Powell St.,Yellow,YELLOW,Antioch,ANTC,2,North,34,2026-09-13T18:58:33-07:00,future,0,0,C:\Users\Igor\StudioProjects\BartRunnerAndroid\app\src\test\resources\bart_live_20260913_182435\etd\powl.xml,2026-09-13T18:24:33-07:00
bart_live_20260913_182435,POWL,Powell St.,Yellow,YELLOW,Antioch,ANTC,2,North,54,2026-09-13T19:18:33-07:00,future,0,0,C:\Users\Igor\StudioProjects\BartRunnerAndroid\app\src\test\resources\bart_live_20260913_182435\etd\powl.xml,2026-09-13T18:24:33-07:00
bart_live_20260913_182435,POWL,Powell St.,Blue,BLUE,Daly City,DALY,1,South,11,2026-09-13T18:35:33-07:00,future,0,0,C:\Users\Igor\StudioProjects\BartRunnerAndroid\app\src\test\resources\bart_live_20260913_182435\etd\powl.xml,2026-09-13T18:24:33-07:00
bart_live_20260913_182435,POWL,Powell St.,Blue,BLUE,Daly City,DALY,1,South,31,2026-09-13T18:55:33-07:00,future,0,0,C:\Users\Igor\StudioProjects\BartRunnerAndroid\app\src\test\resources\bart_live_20260913_182435\etd\powl.xml,2026-09-13T18:24:33-07:00
bart_live_20260913_182435,POWL,Powell St.,Blue,BLUE,Daly City,DALY,1,South,51,2026-09-13T19:15:33-07:00,future,0,0,C:\Users\Igor\StudioProjects\BartRunnerAndroid\app\src\test\resources\bart_live_20260913_182435\etd\powl.xml,2026-09-13T18:24:33-07:00
bart_live_20260913_182435,POWL,Powell St.,Blue,BLUE,Dublin/Pleasanton,DUBL,2,North,8,2026-09-13T18:32:33-07:00,future,99,0,C:\Users\Igor\StudioProjects\BartRunnerAndroid\app\src\test\resources\bart_live_20260913_182435\etd\powl.xml,2026-09-13T18:24:33-07:00
bart_live_20260913_182435,POWL,Powell St.,Blue,BLUE,Dublin/Pleasanton,DUBL,2,North,27,2026-09-13T18:51:33-07:00,future,0,0,C:\Users\Igor\StudioProjects\BartRunnerAndroid\app\src\test\resources\bart_live_20260913_182435\etd\powl.xml,2026-09-13T18:24:33-07:00
bart_live_20260913_182435,POWL,Powell St.,Blue,BLUE,Dublin/Pleasanton,DUBL,2,North,47,2026-09-13T19:11:33-07:00,future,0,0,C:\Users\Igor\StudioProjects\BartRunnerAndroid\app\src\test\resources\bart_live_20260913_182435\etd\powl.xml,2026-09-13T18:24:33-07:00
bart_live_20260913_182435,POWL,Powell St.,Red,RED,Millbrae,MLBR,1,South,8,2026-09-13T18:32:33-07:00,future,0,0,C:\Users\Igor\StudioProjects\BartRunnerAndroid\app\src\test\resources\bart_live_20260913_182435\etd\powl.xml,2026-09-13T18:24:33-07:00
bart_live_20260913_182435,POWL,Powell St.,Red,RED,Millbrae,MLBR,1,South,28,2026-09-13T18:52:33-07:00,future,0,0,C:\Users\Igor\StudioProjects\BartRunnerAndroid\app\src\test\resources\bart_live_20260913_182435\etd\powl.xml,2026-09-13T18:24:33-07:00
bart_live_20260913_182435,POWL,Powell St.,Red,RED,Millbrae,MLBR,1,South,48,2026-09-13T19:12:33-07:00,future,0,0,C:\Users\Igor\StudioProjects\BartRunnerAndroid\app\src\test\resources\bart_live_20260913_182435\etd\powl.xml,2026-09-13T18:24:33-07:00
bart_live_20260913_182435,POWL,Powell St.,Red,RED,Richmond,RICH,2,North,5,2026-09-13T18:29:33-07:00,future,164,0,C:\Users\Igor\StudioProjects\BartRunnerAndroid\app\src\test\resources\bart_live_20260913_182435\etd\powl.xml,2026-09-13T18:24:33-07:00
bart_live_20260913_182435,POWL,Powell St.,Red,RED,Richmond,RICH,2,North,23,2026-09-13T18:47:33-07:00,future,0,0,C:\Users\Igor\StudioProjects\BartRunnerAndroid\app\src\test\resources\bart_live_20260913_182435\etd\powl.xml,2026-09-13T18:24:33-07:00
bart_live_20260913_182435,POWL,Powell St.,Red,RED,Richmond,RICH,2,North,43,2026-09-13T19:07:33-07:00,future,0,0,C:\Users\Igor\StudioProjects\BartRunnerAndroid\app\src\test\resources\bart_live_20260913_182435\etd\powl.xml,2026-09-13T18:24:33-07:00
bart_live_20260913_182435,POWL,Powell St.,Yellow,YELLOW,SF Airport,SFIA,1,South,Leaving,2026-09-13T18:24:33-07:00,leaving,0,0,C:\Users\Igor\StudioProjects\BartRunnerAndroid\app\src\test\resources\bart_live_20260913_182435\etd\powl.xml,2026-09-13T18:24:33-07:00
bart_live_20260913_182435,POWL,Powell St.,Yellow,YELLOW,SF Airport,SFIA,1,South,20,2026-09-13T18:44:33-07:00,future,0,0,C:\Users\Igor\StudioProjects\BartRunnerAndroid\app\src\test\resources\bart_live_20260913_182435\etd\powl.xml,2026-09-13T18:24:33-07:00
bart_live_20260913_182435,POWL,Powell St.,Yellow,YELLOW,SF Airport,SFIA,1,South,40,2026-09-13T19:04:33-07:00,future,0,0,C:\Users\Igor\StudioProjects\BartRunnerAndroid\app\src\test\resources\bart_live_20260913_182435\etd\powl.xml,2026-09-13T18:24:33-07:00
bart_live_20260913_182435,RICH,Richmond,Orange,ORANGE,Berryessa,BERY,2,South,Leaving,2026-09-13T18:24:33-07:00,leaving,64,0,C:\Users\Igor\StudioProjects\BartRunnerAndroid\app\src\test\resources\bart_live_20260913_182435\etd\rich.xml,2026-09-13T18:24:33-07:00
bart_live_20260913_182435,RICH,Richmond,Orange,ORANGE,Berryessa,BERY,2,South,18,2026-09-13T18:42:33-07:00,future,0,0,C:\Users\Igor\StudioProjects\BartRunnerAndroid\app\src\test\resources\bart_live_20260913_182435\etd\rich.xml,2026-09-13T18:24:33-07:00
bart_live_20260913_182435,RICH,Richmond,Orange,ORANGE,Berryessa,BERY,2,South,38,2026-09-13T19:02:33-07:00,future,0,0,C:\Users\Igor\StudioProjects\BartRunnerAndroid\app\src\test\resources\bart_live_20260913_182435\etd\rich.xml,2026-09-13T18:24:33-07:00
bart_live_20260913_182435,RICH,Richmond,Red,RED,Millbrae,MLBR,2,South,6,2026-09-13T18:30:33-07:00,future,0,0,C:\Users\Igor\StudioProjects\BartRunnerAndroid\app\src\test\resources\bart_live_20260913_182435\etd\rich.xml,2026-09-13T18:24:33-07:00
bart_live_20260913_182435,RICH,Richmond,Red,RED,Millbrae,MLBR,2,South,26,2026-09-13T18:50:33-07:00,future,0,0,C:\Users\Igor\StudioProjects\BartRunnerAndroid\app\src\test\resources\bart_live_20260913_182435\etd\rich.xml,2026-09-13T18:24:33-07:00
bart_live_20260913_182435,ROCK,Rockridge,Yellow,YELLOW,Antioch,ANTC,1,North,19,2026-09-13T18:43:33-07:00,future,96,0,C:\Users\Igor\StudioProjects\BartRunnerAndroid\app\src\test\resources\bart_live_20260913_182435\etd\rock.xml,2026-09-13T18:24:33-07:00
bart_live_20260913_182435,ROCK,Rockridge,Yellow,YELLOW,Antioch,ANTC,1,North,37,2026-09-13T19:01:33-07:00,future,0,0,C:\Users\Igor\StudioProjects\BartRunnerAndroid\app\src\test\resources\bart_live_20260913_182435\etd\rock.xml,2026-09-13T18:24:33-07:00
bart_live_20260913_182435,ROCK,Rockridge,Yellow,YELLOW,Antioch,ANTC,1,North,57,2026-09-13T19:21:33-07:00,future,0,0,C:\Users\Igor\StudioProjects\BartRunnerAndroid\app\src\test\resources\bart_live_20260913_182435\etd\rock.xml,2026-09-13T18:24:33-07:00
bart_live_20260913_182435,ROCK,Rockridge,Yellow,YELLOW,SF Airport,SFIA,2,South,16,2026-09-13T18:40:33-07:00,future,0,0,C:\Users\Igor\StudioProjects\BartRunnerAndroid\app\src\test\resources\bart_live_20260913_182435\etd\rock.xml,2026-09-13T18:24:33-07:00
bart_live_20260913_182435,ROCK,Rockridge,Yellow,YELLOW,SF Airport,SFIA,2,South,36,2026-09-13T19:00:33-07:00,future,0,0,C:\Users\Igor\StudioProjects\BartRunnerAndroid\app\src\test\resources\bart_live_20260913_182435\etd\rock.xml,2026-09-13T18:24:33-07:00
bart_live_20260913_182435,ROCK,Rockridge,Yellow,YELLOW,SF Airport,SFIA,2,South,56,2026-09-13T19:20:33-07:00,future,0,0,C:\Users\Igor\StudioProjects\BartRunnerAndroid\app\src\test\resources\bart_live_20260913_182435\etd\rock.xml,2026-09-13T18:24:33-07:00
bart_live_20260913_182435,SANL,San Leandro,Orange,ORANGE,Berryessa,BERY,1,South,3,2026-09-13T18:27:32-07:00,future,0,0,C:\Users\Igor\StudioProjects\BartRunnerAndroid\app\src\test\resources\bart_live_20260913_182435\etd\sanl.xml,2026-09-13T18:24:32-07:00
bart_live_20260913_182435,SANL,San Leandro,Orange,ORANGE,Berryessa,BERY,1,South,22,2026-09-13T18:46:32-07:00,future,0,0,C:\Users\Igor\StudioProjects\BartRunnerAndroid\app\src\test\resources\bart_live_20260913_182435\etd\sanl.xml,2026-09-13T18:24:32-07:00
bart_live_20260913_182435,SANL,San Leandro,Orange,ORANGE,Berryessa,BERY,1,South,42,2026-09-13T19:06:32-07:00,future,0,0,C:\Users\Igor\StudioProjects\BartRunnerAndroid\app\src\test\resources\bart_live_20260913_182435\etd\sanl.xml,2026-09-13T18:24:32-07:00
bart_live_20260913_182435,SANL,San Leandro,Blue,BLUE,Daly City,DALY,2,South,3,2026-09-13T18:27:32-07:00,future,0,0,C:\Users\Igor\StudioProjects\BartRunnerAndroid\app\src\test\resources\bart_live_20260913_182435\etd\sanl.xml,2026-09-13T18:24:32-07:00
bart_live_20260913_182435,SANL,San Leandro,Blue,BLUE,Daly City,DALY,2,South,23,2026-09-13T18:47:32-07:00,future,0,0,C:\Users\Igor\StudioProjects\BartRunnerAndroid\app\src\test\resources\bart_live_20260913_182435\etd\sanl.xml,2026-09-13T18:24:32-07:00
bart_live_20260913_182435,SANL,San Leandro,Blue,BLUE,Daly City,DALY,2,South,43,2026-09-13T19:07:32-07:00,future,0,0,C:\Users\Igor\StudioProjects\BartRunnerAndroid\app\src\test\resources\bart_live_20260913_182435\etd\sanl.xml,2026-09-13T18:24:32-07:00
bart_live_20260913_182435,SANL,San Leandro,Blue,BLUE,Dublin/Pleasanton,DUBL,1,South,14,2026-09-13T18:38:32-07:00,future,0,0,C:\Users\Igor\StudioProjects\BartRunnerAndroid\app\src\test\resources\bart_live_20260913_182435\etd\sanl.xml,2026-09-13T18:24:32-07:00
bart_live_20260913_182435,SANL,San Leandro,Blue,BLUE,Dublin/Pleasanton,DUBL,1,South,34,2026-09-13T18:58:32-07:00,future,0,0,C:\Users\Igor\StudioProjects\BartRunnerAndroid\app\src\test\resources\bart_live_20260913_182435\etd\sanl.xml,2026-09-13T18:24:32-07:00
bart_live_20260913_182435,SANL,San Leandro,Blue,BLUE,Dublin/Pleasanton,DUBL,1,South,54,2026-09-13T19:18:32-07:00,future,0,0,C:\Users\Igor\StudioProjects\BartRunnerAndroid\app\src\test\resources\bart_live_20260913_182435\etd\sanl.xml,2026-09-13T18:24:32-07:00
bart_live_20260913_182435,SANL,San Leandro,Orange,ORANGE,Richmond,RICH,2,North,16,2026-09-13T18:40:32-07:00,future,0,0,C:\Users\Igor\StudioProjects\BartRunnerAndroid\app\src\test\resources\bart_live_20260913_182435\etd\sanl.xml,2026-09-13T18:24:32-07:00
bart_live_20260913_182435,SANL,San Leandro,Orange,ORANGE,Richmond,RICH,2,North,34,2026-09-13T18:58:32-07:00,future,0,0,C:\Users\Igor\StudioProjects\BartRunnerAndroid\app\src\test\resources\bart_live_20260913_182435\etd\sanl.xml,2026-09-13T18:24:32-07:00
bart_live_20260913_182435,SANL,San Leandro,Orange,ORANGE,Richmond,RICH,2,North,54,2026-09-13T19:18:32-07:00,future,0,0,C:\Users\Igor\StudioProjects\BartRunnerAndroid\app\src\test\resources\bart_live_20260913_182435\etd\sanl.xml,2026-09-13T18:24:32-07:00
bart_live_20260913_182435,SBRN,San Bruno,Yellow,YELLOW,Antioch,ANTC,2,North,8,2026-09-13T18:32:32-07:00,future,0,0,C:\Users\Igor\StudioProjects\BartRunnerAndroid\app\src\test\resources\bart_live_20260913_182435\etd\sbrn.xml,2026-09-13T18:24:32-07:00
bart_live_20260913_182435,SBRN,San Bruno,Yellow,YELLOW,Antioch,ANTC,2,North,28,2026-09-13T18:52:32-07:00,future,0,0,C:\Users\Igor\StudioProjects\BartRunnerAndroid\app\src\test\resources\bart_live_20260913_182435\etd\sbrn.xml,2026-09-13T18:24:32-07:00
bart_live_20260913_182435,SBRN,San Bruno,Red,RED,Millbrae,MLBR,1,South,14,2026-09-13T18:38:32-07:00,future,0,0,C:\Users\Igor\StudioProjects\BartRunnerAndroid\app\src\test\resources\bart_live_20260913_182435\etd\sbrn.xml,2026-09-13T18:24:32-07:00
bart_live_20260913_182435,SBRN,San Bruno,Red,RED,Millbrae,MLBR,1,South,34,2026-09-13T18:58:32-07:00,future,0,0,C:\Users\Igor\StudioProjects\BartRunnerAndroid\app\src\test\resources\bart_live_20260913_182435\etd\sbrn.xml,2026-09-13T18:24:32-07:00
bart_live_20260913_182435,SBRN,San Bruno,Red,RED,Millbrae,MLBR,1,South,54,2026-09-13T19:18:32-07:00,future,0,0,C:\Users\Igor\StudioProjects\BartRunnerAndroid\app\src\test\resources\bart_live_20260913_182435\etd\sbrn.xml,2026-09-13T18:24:32-07:00
bart_live_20260913_182435,SBRN,San Bruno,Red,RED,Richmond,RICH,2,North,17,2026-09-13T18:41:32-07:00,future,0,0,C:\Users\Igor\StudioProjects\BartRunnerAndroid\app\src\test\resources\bart_live_20260913_182435\etd\sbrn.xml,2026-09-13T18:24:32-07:00
bart_live_20260913_182435,SBRN,San Bruno,Red,RED,Richmond,RICH,2,North,37,2026-09-13T19:01:32-07:00,future,0,0,C:\Users\Igor\StudioProjects\BartRunnerAndroid\app\src\test\resources\bart_live_20260913_182435\etd\sbrn.xml,2026-09-13T18:24:32-07:00
bart_live_20260913_182435,SBRN,San Bruno,Yellow,YELLOW,SF Airport,SFIA,1,South,6,2026-09-13T18:30:32-07:00,future,0,0,C:\Users\Igor\StudioProjects\BartRunnerAndroid\app\src\test\resources\bart_live_20260913_182435\etd\sbrn.xml,2026-09-13T18:24:32-07:00
bart_live_20260913_182435,SBRN,San Bruno,Yellow,YELLOW,SF Airport,SFIA,1,South,26,2026-09-13T18:50:32-07:00,future,0,0,C:\Users\Igor\StudioProjects\BartRunnerAndroid\app\src\test\resources\bart_live_20260913_182435\etd\sbrn.xml,2026-09-13T18:24:32-07:00
bart_live_20260913_182435,SBRN,San Bruno,Yellow,YELLOW,SF Airport,SFIA,1,South,45,2026-09-13T19:09:32-07:00,future,0,0,C:\Users\Igor\StudioProjects\BartRunnerAndroid\app\src\test\resources\bart_live_20260913_182435\etd\sbrn.xml,2026-09-13T18:24:32-07:00
bart_live_20260913_182435,SFIA,San Francisco Int'l Airport,Yellow,YELLOW,Antioch,ANTC,1,North,5,2026-09-13T18:29:33-07:00,future,0,0,C:\Users\Igor\StudioProjects\BartRunnerAndroid\app\src\test\resources\bart_live_20260913_182435\etd\sfia.xml,2026-09-13T18:24:33-07:00
bart_live_20260913_182435,SFIA,San Francisco Int'l Airport,Yellow,YELLOW,Antioch,ANTC,1,North,25,2026-09-13T18:49:33-07:00,future,0,0,C:\Users\Igor\StudioProjects\BartRunnerAndroid\app\src\test\resources\bart_live_20260913_182435\etd\sfia.xml,2026-09-13T18:24:33-07:00
bart_live_20260913_182435,SFIA,San Francisco Int'l Airport,Red,RED,Millbrae,MLBR,2,South,Leaving,2026-09-13T18:24:33-07:00,leaving,0,0,C:\Users\Igor\StudioProjects\BartRunnerAndroid\app\src\test\resources\bart_live_20260913_182435\etd\sfia.xml,2026-09-13T18:24:33-07:00
bart_live_20260913_182435,SFIA,San Francisco Int'l Airport,Red,RED,Millbrae,MLBR,2,South,20,2026-09-13T18:44:33-07:00,future,0,0,C:\Users\Igor\StudioProjects\BartRunnerAndroid\app\src\test\resources\bart_live_20260913_182435\etd\sfia.xml,2026-09-13T18:24:33-07:00
bart_live_20260913_182435,SFIA,San Francisco Int'l Airport,Red,RED,Millbrae,MLBR,2,South,40,2026-09-13T19:04:33-07:00,future,0,0,C:\Users\Igor\StudioProjects\BartRunnerAndroid\app\src\test\resources\bart_live_20260913_182435\etd\sfia.xml,2026-09-13T18:24:33-07:00
bart_live_20260913_182435,SFIA,San Francisco Int'l Airport,Red,RED,Richmond,RICH,2,North,14,2026-09-13T18:38:33-07:00,future,0,0,C:\Users\Igor\StudioProjects\BartRunnerAndroid\app\src\test\resources\bart_live_20260913_182435\etd\sfia.xml,2026-09-13T18:24:33-07:00
bart_live_20260913_182435,SFIA,San Francisco Int'l Airport,Red,RED,Richmond,RICH,2,North,34,2026-09-13T18:58:33-07:00,future,0,0,C:\Users\Igor\StudioProjects\BartRunnerAndroid\app\src\test\resources\bart_live_20260913_182435\etd\sfia.xml,2026-09-13T18:24:33-07:00
bart_live_20260913_182435,SHAY,South Hayward,Orange,ORANGE,Berryessa,BERY,1,South,14,2026-09-13T18:38:32-07:00,future,0,0,C:\Users\Igor\StudioProjects\BartRunnerAndroid\app\src\test\resources\bart_live_20260913_182435\etd\shay.xml,2026-09-13T18:24:32-07:00
bart_live_20260913_182435,SHAY,South Hayward,Orange,ORANGE,Berryessa,BERY,1,South,34,2026-09-13T18:58:32-07:00,future,0,0,C:\Users\Igor\StudioProjects\BartRunnerAndroid\app\src\test\resources\bart_live_20260913_182435\etd\shay.xml,2026-09-13T18:24:32-07:00
bart_live_20260913_182435,SHAY,South Hayward,Orange,ORANGE,Berryessa,BERY,1,South,54,2026-09-13T19:18:32-07:00,future,0,0,C:\Users\Igor\StudioProjects\BartRunnerAndroid\app\src\test\resources\bart_live_20260913_182435\etd\shay.xml,2026-09-13T18:24:32-07:00
bart_live_20260913_182435,SHAY,South Hayward,Orange,ORANGE,Richmond,RICH,2,North,1,2026-09-13T18:25:32-07:00,future,0,0,C:\Users\Igor\StudioProjects\BartRunnerAndroid\app\src\test\resources\bart_live_20260913_182435\etd\shay.xml,2026-09-13T18:24:32-07:00
bart_live_20260913_182435,SHAY,South Hayward,Orange,ORANGE,Richmond,RICH,2,North,18,2026-09-13T18:42:32-07:00,future,0,0,C:\Users\Igor\StudioProjects\BartRunnerAndroid\app\src\test\resources\bart_live_20260913_182435\etd\shay.xml,2026-09-13T18:24:32-07:00
bart_live_20260913_182435,SHAY,South Hayward,Orange,ORANGE,Richmond,RICH,2,North,38,2026-09-13T19:02:32-07:00,future,0,0,C:\Users\Igor\StudioProjects\BartRunnerAndroid\app\src\test\resources\bart_live_20260913_182435\etd\shay.xml,2026-09-13T18:24:32-07:00
bart_live_20260913_182435,SSAN,South San Francisco,Yellow,YELLOW,Antioch,ANTC,2,North,12,2026-09-13T18:36:33-07:00,future,0,0,C:\Users\Igor\StudioProjects\BartRunnerAndroid\app\src\test\resources\bart_live_20260913_182435\etd\ssan.xml,2026-09-13T18:24:33-07:00
bart_live_20260913_182435,SSAN,South San Francisco,Yellow,YELLOW,Antioch,ANTC,2,North,32,2026-09-13T18:56:33-07:00,future,0,0,C:\Users\Igor\StudioProjects\BartRunnerAndroid\app\src\test\resources\bart_live_20260913_182435\etd\ssan.xml,2026-09-13T18:24:33-07:00
bart_live_20260913_182435,SSAN,South San Francisco,Red,RED,Millbrae,MLBR,1,South,10,2026-09-13T18:34:33-07:00,future,0,0,C:\Users\Igor\StudioProjects\BartRunnerAndroid\app\src\test\resources\bart_live_20260913_182435\etd\ssan.xml,2026-09-13T18:24:33-07:00
bart_live_20260913_182435,SSAN,South San Francisco,Red,RED,Millbrae,MLBR,1,South,30,2026-09-13T18:54:33-07:00,future,0,0,C:\Users\Igor\StudioProjects\BartRunnerAndroid\app\src\test\resources\bart_live_20260913_182435\etd\ssan.xml,2026-09-13T18:24:33-07:00
bart_live_20260913_182435,SSAN,South San Francisco,Red,RED,Millbrae,MLBR,1,South,50,2026-09-13T19:14:33-07:00,future,0,0,C:\Users\Igor\StudioProjects\BartRunnerAndroid\app\src\test\resources\bart_live_20260913_182435\etd\ssan.xml,2026-09-13T18:24:33-07:00
bart_live_20260913_182435,SSAN,South San Francisco,Red,RED,Richmond,RICH,2,North,2,2026-09-13T18:26:33-07:00,future,0,0,C:\Users\Igor\StudioProjects\BartRunnerAndroid\app\src\test\resources\bart_live_20260913_182435\etd\ssan.xml,2026-09-13T18:24:33-07:00
bart_live_20260913_182435,SSAN,South San Francisco,Red,RED,Richmond,RICH,2,North,21,2026-09-13T18:45:33-07:00,future,0,0,C:\Users\Igor\StudioProjects\BartRunnerAndroid\app\src\test\resources\bart_live_20260913_182435\etd\ssan.xml,2026-09-13T18:24:33-07:00
bart_live_20260913_182435,SSAN,South San Francisco,Red,RED,Richmond,RICH,2,North,41,2026-09-13T19:05:33-07:00,future,0,0,C:\Users\Igor\StudioProjects\BartRunnerAndroid\app\src\test\resources\bart_live_20260913_182435\etd\ssan.xml,2026-09-13T18:24:33-07:00
bart_live_20260913_182435,SSAN,South San Francisco,Yellow,YELLOW,SF Airport,SFIA,1,South,3,2026-09-13T18:27:33-07:00,future,0,0,C:\Users\Igor\StudioProjects\BartRunnerAndroid\app\src\test\resources\bart_live_20260913_182435\etd\ssan.xml,2026-09-13T18:24:33-07:00
bart_live_20260913_182435,SSAN,South San Francisco,Yellow,YELLOW,SF Airport,SFIA,1,South,22,2026-09-13T18:46:33-07:00,future,0,0,C:\Users\Igor\StudioProjects\BartRunnerAndroid\app\src\test\resources\bart_live_20260913_182435\etd\ssan.xml,2026-09-13T18:24:33-07:00
bart_live_20260913_182435,SSAN,South San Francisco,Yellow,YELLOW,SF Airport,SFIA,1,South,42,2026-09-13T19:06:33-07:00,future,0,0,C:\Users\Igor\StudioProjects\BartRunnerAndroid\app\src\test\resources\bart_live_20260913_182435\etd\ssan.xml,2026-09-13T18:24:33-07:00
bart_live_20260913_182435,UCTY,Union City,Orange,ORANGE,Richmond,RICH,1,North,13,2026-09-13T18:37:32-07:00,future,0,0,C:\Users\Igor\StudioProjects\BartRunnerAndroid\app\src\test\resources\bart_live_20260913_182435\etd\ucty.xml,2026-09-13T18:24:32-07:00
bart_live_20260913_182435,UCTY,Union City,Orange,ORANGE,Richmond,RICH,1,North,33,2026-09-13T18:57:32-07:00,future,0,0,C:\Users\Igor\StudioProjects\BartRunnerAndroid\app\src\test\resources\bart_live_20260913_182435\etd\ucty.xml,2026-09-13T18:24:32-07:00
bart_live_20260913_182435,WARM,Warm Springs/South Fremont,Orange,ORANGE,Berryessa,BERY,2,South,10,2026-09-13T18:34:32-07:00,future,0,0,C:\Users\Igor\StudioProjects\BartRunnerAndroid\app\src\test\resources\bart_live_20260913_182435\etd\warm.xml,2026-09-13T18:24:32-07:00
bart_live_20260913_182435,WARM,Warm Springs/South Fremont,Orange,ORANGE,Berryessa,BERY,2,South,30,2026-09-13T18:54:32-07:00,future,0,0,C:\Users\Igor\StudioProjects\BartRunnerAndroid\app\src\test\resources\bart_live_20260913_182435\etd\warm.xml,2026-09-13T18:24:32-07:00
bart_live_20260913_182435,WCRK,Walnut Creek,Yellow,YELLOW,Antioch,ANTC,1,North,14,2026-09-13T18:38:33-07:00,future,135,0,C:\Users\Igor\StudioProjects\BartRunnerAndroid\app\src\test\resources\bart_live_20260913_182435\etd\wcrk.xml,2026-09-13T18:24:33-07:00
bart_live_20260913_182435,WCRK,Walnut Creek,Yellow,YELLOW,Antioch,ANTC,1,North,33,2026-09-13T18:57:33-07:00,future,66,0,C:\Users\Igor\StudioProjects\BartRunnerAndroid\app\src\test\resources\bart_live_20260913_182435\etd\wcrk.xml,2026-09-13T18:24:33-07:00
bart_live_20260913_182435,WCRK,Walnut Creek,Yellow,YELLOW,Antioch,ANTC,1,North,52,2026-09-13T19:16:33-07:00,future,0,0,C:\Users\Igor\StudioProjects\BartRunnerAndroid\app\src\test\resources\bart_live_20260913_182435\etd\wcrk.xml,2026-09-13T18:24:33-07:00
bart_live_20260913_182435,WCRK,Walnut Creek,Yellow,YELLOW,SF Airport,SFIA,2,South,Leaving,2026-09-13T18:24:33-07:00,leaving,0,0,C:\Users\Igor\StudioProjects\BartRunnerAndroid\app\src\test\resources\bart_live_20260913_182435\etd\wcrk.xml,2026-09-13T18:24:33-07:00
bart_live_20260913_182435,WCRK,Walnut Creek,Yellow,YELLOW,SF Airport,SFIA,2,South,20,2026-09-13T18:44:33-07:00,future,0,0,C:\Users\Igor\StudioProjects\BartRunnerAndroid\app\src\test\resources\bart_live_20260913_182435\etd\wcrk.xml,2026-09-13T18:24:33-07:00
bart_live_20260913_182435,WCRK,Walnut Creek,Yellow,YELLOW,SF Airport,SFIA,2,South,40,2026-09-13T19:04:33-07:00,future,0,0,C:\Users\Igor\StudioProjects\BartRunnerAndroid\app\src\test\resources\bart_live_20260913_182435\etd\wcrk.xml,2026-09-13T18:24:33-07:00
bart_live_20260913_182435,WDUB,West Dublin/Pleasanton,Blue,BLUE,Daly City,DALY,2,South,5,2026-09-13T18:29:33-07:00,future,0,0,C:\Users\Igor\StudioProjects\BartRunnerAndroid\app\src\test\resources\bart_live_20260913_182435\etd\wdub.xml,2026-09-13T18:24:33-07:00
bart_live_20260913_182435,WDUB,West Dublin/Pleasanton,Blue,BLUE,Daly City,DALY,2,South,25,2026-09-13T18:49:33-07:00,future,0,0,C:\Users\Igor\StudioProjects\BartRunnerAndroid\app\src\test\resources\bart_live_20260913_182435\etd\wdub.xml,2026-09-13T18:24:33-07:00
bart_live_20260913_182435,WDUB,West Dublin/Pleasanton,Blue,BLUE,Daly City,DALY,2,South,45,2026-09-13T19:09:33-07:00,future,0,0,C:\Users\Igor\StudioProjects\BartRunnerAndroid\app\src\test\resources\bart_live_20260913_182435\etd\wdub.xml,2026-09-13T18:24:33-07:00
bart_live_20260913_182435,WDUB,West Dublin/Pleasanton,Blue,BLUE,Dublin/Pleasanton,DUBL,1,North,13,2026-09-13T18:37:33-07:00,future,0,0,C:\Users\Igor\StudioProjects\BartRunnerAndroid\app\src\test\resources\bart_live_20260913_182435\etd\wdub.xml,2026-09-13T18:24:33-07:00
bart_live_20260913_182435,WDUB,West Dublin/Pleasanton,Blue,BLUE,Dublin/Pleasanton,DUBL,1,North,32,2026-09-13T18:56:33-07:00,future,0,0,C:\Users\Igor\StudioProjects\BartRunnerAndroid\app\src\test\resources\bart_live_20260913_182435\etd\wdub.xml,2026-09-13T18:24:33-07:00
bart_live_20260913_182435,WDUB,West Dublin/Pleasanton,Blue,BLUE,Dublin/Pleasanton,DUBL,1,North,52,2026-09-13T19:16:33-07:00,future,0,0,C:\Users\Igor\StudioProjects\BartRunnerAndroid\app\src\test\resources\bart_live_20260913_182435\etd\wdub.xml,2026-09-13T18:24:33-07:00
bart_live_20260913_182435,WOAK,West Oakland,Yellow,YELLOW,Antioch,ANTC,2,North,7,2026-09-13T18:31:33-07:00,future,208,0,C:\Users\Igor\StudioProjects\BartRunnerAndroid\app\src\test\resources\bart_live_20260913_182435\etd\woak.xml,2026-09-13T18:24:33-07:00
bart_live_20260913_182435,WOAK,West Oakland,Yellow,YELLOW,Antioch,ANTC,2,North,24,2026-09-13T18:48:33-07:00,future,0,0,C:\Users\Igor\StudioProjects\BartRunnerAndroid\app\src\test\resources\bart_live_20260913_182435\etd\woak.xml,2026-09-13T18:24:33-07:00
bart_live_20260913_182435,WOAK,West Oakland,Yellow,YELLOW,Antioch,ANTC,2,North,44,2026-09-13T19:08:33-07:00,future,0,0,C:\Users\Igor\StudioProjects\BartRunnerAndroid\app\src\test\resources\bart_live_20260913_182435\etd\woak.xml,2026-09-13T18:24:33-07:00
bart_live_20260913_182435,WOAK,West Oakland,Blue,BLUE,Daly City,DALY,1,South,1,2026-09-13T18:25:33-07:00,future,0,0,C:\Users\Igor\StudioProjects\BartRunnerAndroid\app\src\test\resources\bart_live_20260913_182435\etd\woak.xml,2026-09-13T18:24:33-07:00
bart_live_20260913_182435,WOAK,West Oakland,Blue,BLUE,Daly City,DALY,1,South,21,2026-09-13T18:45:33-07:00,future,0,0,C:\Users\Igor\StudioProjects\BartRunnerAndroid\app\src\test\resources\bart_live_20260913_182435\etd\woak.xml,2026-09-13T18:24:33-07:00
bart_live_20260913_182435,WOAK,West Oakland,Blue,BLUE,Daly City,DALY,1,South,41,2026-09-13T19:05:33-07:00,future,0,0,C:\Users\Igor\StudioProjects\BartRunnerAndroid\app\src\test\resources\bart_live_20260913_182435\etd\woak.xml,2026-09-13T18:24:33-07:00
bart_live_20260913_182435,WOAK,West Oakland,Blue,BLUE,Dublin/Pleasanton,DUBL,2,North,18,2026-09-13T18:42:33-07:00,future,69,0,C:\Users\Igor\StudioProjects\BartRunnerAndroid\app\src\test\resources\bart_live_20260913_182435\etd\woak.xml,2026-09-13T18:24:33-07:00
bart_live_20260913_182435,WOAK,West Oakland,Blue,BLUE,Dublin/Pleasanton,DUBL,2,North,37,2026-09-13T19:01:33-07:00,future,0,0,C:\Users\Igor\StudioProjects\BartRunnerAndroid\app\src\test\resources\bart_live_20260913_182435\etd\woak.xml,2026-09-13T18:24:33-07:00
bart_live_20260913_182435,WOAK,West Oakland,Blue,BLUE,Dublin/Pleasanton,DUBL,2,North,57,2026-09-13T19:21:33-07:00,future,0,0,C:\Users\Igor\StudioProjects\BartRunnerAndroid\app\src\test\resources\bart_live_20260913_182435\etd\woak.xml,2026-09-13T18:24:33-07:00
bart_live_20260913_182435,WOAK,West Oakland,Red,RED,Millbrae,MLBR,1,South,17,2026-09-13T18:41:33-07:00,future,0,0,C:\Users\Igor\StudioProjects\BartRunnerAndroid\app\src\test\resources\bart_live_20260913_182435\etd\woak.xml,2026-09-13T18:24:33-07:00
bart_live_20260913_182435,WOAK,West Oakland,Red,RED,Millbrae,MLBR,1,South,37,2026-09-13T19:01:33-07:00,future,0,0,C:\Users\Igor\StudioProjects\BartRunnerAndroid\app\src\test\resources\bart_live_20260913_182435\etd\woak.xml,2026-09-13T18:24:33-07:00
bart_live_20260913_182435,WOAK,West Oakland,Red,RED,Millbrae,MLBR,1,South,57,2026-09-13T19:21:33-07:00,future,0,0,C:\Users\Igor\StudioProjects\BartRunnerAndroid\app\src\test\resources\bart_live_20260913_182435\etd\woak.xml,2026-09-13T18:24:33-07:00
bart_live_20260913_182435,WOAK,West Oakland,Red,RED,Richmond,RICH,2,North,15,2026-09-13T18:39:33-07:00,future,128,0,C:\Users\Igor\StudioProjects\BartRunnerAndroid\app\src\test\resources\bart_live_20260913_182435\etd\woak.xml,2026-09-13T18:24:33-07:00
bart_live_20260913_182435,WOAK,West Oakland,Red,RED,Richmond,RICH,2,North,33,2026-09-13T18:57:33-07:00,future,0,0,C:\Users\Igor\StudioProjects\BartRunnerAndroid\app\src\test\resources\bart_live_20260913_182435\etd\woak.xml,2026-09-13T18:24:33-07:00
bart_live_20260913_182435,WOAK,West Oakland,Red,RED,Richmond,RICH,2,North,53,2026-09-13T19:17:33-07:00,future,0,0,C:\Users\Igor\StudioProjects\BartRunnerAndroid\app\src\test\resources\bart_live_20260913_182435\etd\woak.xml,2026-09-13T18:24:33-07:00
bart_live_20260913_182435,WOAK,West Oakland,Yellow,YELLOW,SF Airport,SFIA,1,South,10,2026-09-13T18:34:33-07:00,future,0,0,C:\Users\Igor\StudioProjects\BartRunnerAndroid\app\src\test\resources\bart_live_20260913_182435\etd\woak.xml,2026-09-13T18:24:33-07:00
bart_live_20260913_182435,WOAK,West Oakland,Yellow,YELLOW,SF Airport,SFIA,1,South,30,2026-09-13T18:54:33-07:00,future,0,0,C:\Users\Igor\StudioProjects\BartRunnerAndroid\app\src\test\resources\bart_live_20260913_182435\etd\woak.xml,2026-09-13T18:24:33-07:00
bart_live_20260913_182435,WOAK,West Oakland,Yellow,YELLOW,SF Airport,SFIA,1,South,50,2026-09-13T19:14:33-07:00,future,0,0,C:\Users\Igor\StudioProjects\BartRunnerAndroid\app\src\test\resources\bart_live_20260913_182435\etd\woak.xml,2026-09-13T18:24:33-07:00
bart_live_20260913_201652,12TH,12th St. Oakland City Center,Yellow,YELLOW,Antioch,ANTC,3,North,17,2026-09-13T20:33:47-07:00,future,0,0,C:\Users\Igor\StudioProjects\BartRunnerAndroid\app\src\test\resources\bart_live_20260913_201652\etd\12th.xml,2026-09-13T20:16:47-07:00
bart_live_20260913_201652,12TH,12th St. Oakland City Center,Yellow,YELLOW,Antioch,ANTC,3,North,37,2026-09-13T20:53:47-07:00,future,0,0,C:\Users\Igor\StudioProjects\BartRunnerAndroid\app\src\test\resources\bart_live_20260913_201652\etd\12th.xml,2026-09-13T20:16:47-07:00
bart_live_20260913_201652,12TH,12th St. Oakland City Center,Yellow,YELLOW,Antioch,ANTC,3,North,57,2026-09-13T21:13:47-07:00,future,0,0,C:\Users\Igor\StudioProjects\BartRunnerAndroid\app\src\test\resources\bart_live_20260913_201652\etd\12th.xml,2026-09-13T20:16:47-07:00
bart_live_20260913_201652,12TH,12th St. Oakland City Center,Orange,ORANGE,Berryessa,BERY,2,South,15,2026-09-13T20:31:47-07:00,future,0,0,C:\Users\Igor\StudioProjects\BartRunnerAndroid\app\src\test\resources\bart_live_20260913_201652\etd\12th.xml,2026-09-13T20:16:47-07:00
bart_live_20260913_201652,12TH,12th St. Oakland City Center,Orange,ORANGE,Berryessa,BERY,2,South,35,2026-09-13T20:51:47-07:00,future,0,0,C:\Users\Igor\StudioProjects\BartRunnerAndroid\app\src\test\resources\bart_live_20260913_201652\etd\12th.xml,2026-09-13T20:16:47-07:00
bart_live_20260913_201652,12TH,12th St. Oakland City Center,Orange,ORANGE,Berryessa,BERY,2,South,55,2026-09-13T21:11:47-07:00,future,0,0,C:\Users\Igor\StudioProjects\BartRunnerAndroid\app\src\test\resources\bart_live_20260913_201652\etd\12th.xml,2026-09-13T20:16:47-07:00
bart_live_20260913_201652,12TH,12th St. Oakland City Center,Red,RED,Richmond,RICH,1,North,6,2026-09-13T20:22:47-07:00,future,96,0,C:\Users\Igor\StudioProjects\BartRunnerAndroid\app\src\test\resources\bart_live_20260913_201652\etd\12th.xml,2026-09-13T20:16:47-07:00
bart_live_20260913_201652,12TH,12th St. Oakland City Center,Orange,ORANGE,Richmond,RICH,1,North,17,2026-09-13T20:33:47-07:00,future,0,0,C:\Users\Igor\StudioProjects\BartRunnerAndroid\app\src\test\resources\bart_live_20260913_201652\etd\12th.xml,2026-09-13T20:16:47-07:00
bart_live_20260913_201652,12TH,12th St. Oakland City Center,Red,RED,Richmond,RICH,1,North,26,2026-09-13T20:42:47-07:00,future,71,0,C:\Users\Igor\StudioProjects\BartRunnerAndroid\app\src\test\resources\bart_live_20260913_201652\etd\12th.xml,2026-09-13T20:16:47-07:00
bart_live_20260913_201652,12TH,12th St. Oakland City Center,Yellow,YELLOW,SFO/Millbrae,MLBR,2,South,13,2026-09-13T20:29:47-07:00,future,0,0,C:\Users\Igor\StudioProjects\BartRunnerAndroid\app\src\test\resources\bart_live_20260913_201652\etd\12th.xml,2026-09-13T20:16:47-07:00
bart_live_20260913_201652,12TH,12th St. Oakland City Center,Yellow,YELLOW,SFO/Millbrae,MLBR,2,South,33,2026-09-13T20:49:47-07:00,future,0,0,C:\Users\Igor\StudioProjects\BartRunnerAndroid\app\src\test\resources\bart_live_20260913_201652\etd\12th.xml,2026-09-13T20:16:47-07:00
bart_live_20260913_201652,12TH,12th St. Oakland City Center,Yellow,YELLOW,SFO/Millbrae,MLBR,2,South,53,2026-09-13T21:09:47-07:00,future,0,0,C:\Users\Igor\StudioProjects\BartRunnerAndroid\app\src\test\resources\bart_live_20260913_201652\etd\12th.xml,2026-09-13T20:16:47-07:00
bart_live_20260913_201652,16TH,16th St. Mission,Yellow,YELLOW,Antioch,ANTC,2,North,17,2026-09-13T20:33:47-07:00,future,0,0,C:\Users\Igor\StudioProjects\BartRunnerAndroid\app\src\test\resources\bart_live_20260913_201652\etd\16th.xml,2026-09-13T20:16:47-07:00
bart_live_20260913_201652,16TH,16th St. Mission,Yellow,YELLOW,Antioch,ANTC,2,North,37,2026-09-13T20:53:47-07:00,future,0,0,C:\Users\Igor\StudioProjects\BartRunnerAndroid\app\src\test\resources\bart_live_20260913_201652\etd\16th.xml,2026-09-13T20:16:47-07:00
bart_live_20260913_201652,16TH,16th St. Mission,Yellow,YELLOW,Antioch,ANTC,2,North,57,2026-09-13T21:13:47-07:00,future,0,0,C:\Users\Igor\StudioProjects\BartRunnerAndroid\app\src\test\resources\bart_live_20260913_201652\etd\16th.xml,2026-09-13T20:16:47-07:00
bart_live_20260913_201652,16TH,16th St. Mission,Blue,BLUE,Daly City,DALY,1,South,3,2026-09-13T20:19:47-07:00,future,0,0,C:\Users\Igor\StudioProjects\BartRunnerAndroid\app\src\test\resources\bart_live_20260913_201652\etd\16th.xml,2026-09-13T20:16:47-07:00
bart_live_20260913_201652,16TH,16th St. Mission,Blue,BLUE,Daly City,DALY,1,South,23,2026-09-13T20:39:47-07:00,future,0,0,C:\Users\Igor\StudioProjects\BartRunnerAndroid\app\src\test\resources\bart_live_20260913_201652\etd\16th.xml,2026-09-13T20:16:47-07:00
bart_live_20260913_201652,16TH,16th St. Mission,Blue,BLUE,Daly City,DALY,1,South,43,2026-09-13T20:59:47-07:00,future,0,0,C:\Users\Igor\StudioProjects\BartRunnerAndroid\app\src\test\resources\bart_live_20260913_201652\etd\16th.xml,2026-09-13T20:16:47-07:00
bart_live_20260913_201652,16TH,16th St. Mission,Blue,BLUE,Dublin/Pleasanton,DUBL,2,North,10,2026-09-13T20:26:47-07:00,future,0,0,C:\Users\Igor\StudioProjects\BartRunnerAndroid\app\src\test\resources\bart_live_20260913_201652\etd\16th.xml,2026-09-13T20:16:47-07:00
bart_live_20260913_201652,16TH,16th St. Mission,Blue,BLUE,Dublin/Pleasanton,DUBL,2,North,30,2026-09-13T20:46:47-07:00,future,0,0,C:\Users\Igor\StudioProjects\BartRunnerAndroid\app\src\test\resources\bart_live_20260913_201652\etd\16th.xml,2026-09-13T20:16:47-07:00
bart_live_20260913_201652,16TH,16th St. Mission,Blue,BLUE,Dublin/Pleasanton,DUBL,2,North,50,2026-09-13T21:06:47-07:00,future,0,0,C:\Users\Igor\StudioProjects\BartRunnerAndroid\app\src\test\resources\bart_live_20260913_201652\etd\16th.xml,2026-09-13T20:16:47-07:00
bart_live_20260913_201652,16TH,16th St. Mission,Red,RED,Richmond,RICH,2,North,8,2026-09-13T20:24:47-07:00,future,118,0,C:\Users\Igor\StudioProjects\BartRunnerAndroid\app\src\test\resources\bart_live_20260913_201652\etd\16th.xml,2026-09-13T20:16:47-07:00
bart_live_20260913_201652,16TH,16th St. Mission,Red,RED,Richmond,RICH,2,North,26,2026-09-13T20:42:47-07:00,future,0,0,C:\Users\Igor\StudioProjects\BartRunnerAndroid\app\src\test\resources\bart_live_20260913_201652\etd\16th.xml,2026-09-13T20:16:47-07:00
bart_live_20260913_201652,16TH,16th St. Mission,Red,RED,Richmond,RICH,2,North,46,2026-09-13T21:02:47-07:00,future,0,0,C:\Users\Igor\StudioProjects\BartRunnerAndroid\app\src\test\resources\bart_live_20260913_201652\etd\16th.xml,2026-09-13T20:16:47-07:00
bart_live_20260913_201652,16TH,16th St. Mission,Yellow,YELLOW,SFO/Millbrae,MLBR,1,South,12,2026-09-13T20:28:47-07:00,future,0,0,C:\Users\Igor\StudioProjects\BartRunnerAndroid\app\src\test\resources\bart_live_20260913_201652\etd\16th.xml,2026-09-13T20:16:47-07:00
bart_live_20260913_201652,16TH,16th St. Mission,Yellow,YELLOW,SFO/Millbrae,MLBR,1,South,32,2026-09-13T20:48:47-07:00,future,0,0,C:\Users\Igor\StudioProjects\BartRunnerAndroid\app\src\test\resources\bart_live_20260913_201652\etd\16th.xml,2026-09-13T20:16:47-07:00
bart_live_20260913_201652,16TH,16th St. Mission,Yellow,YELLOW,SFO/Millbrae,MLBR,1,South,52,2026-09-13T21:08:47-07:00,future,0,0,C:\Users\Igor\StudioProjects\BartRunnerAndroid\app\src\test\resources\bart_live_20260913_201652\etd\16th.xml,2026-09-13T20:16:47-07:00
bart_live_20260913_201652,19TH,19th St. Oakland,Yellow,YELLOW,Antioch,ANTC,3,North,19,2026-09-13T20:35:47-07:00,future,0,0,C:\Users\Igor\StudioProjects\BartRunnerAndroid\app\src\test\resources\bart_live_20260913_201652\etd\19th.xml,2026-09-13T20:16:47-07:00
bart_live_20260913_201652,19TH,19th St. Oakland,Yellow,YELLOW,Antioch,ANTC,3,North,38,2026-09-13T20:54:47-07:00,future,0,0,C:\Users\Igor\StudioProjects\BartRunnerAndroid\app\src\test\resources\bart_live_20260913_201652\etd\19th.xml,2026-09-13T20:16:47-07:00
bart_live_20260913_201652,19TH,19th St. Oakland,Yellow,YELLOW,Antioch,ANTC,3,North,58,2026-09-13T21:14:47-07:00,future,0,0,C:\Users\Igor\StudioProjects\BartRunnerAndroid\app\src\test\resources\bart_live_20260913_201652\etd\19th.xml,2026-09-13T20:16:47-07:00
bart_live_20260913_201652,19TH,19th St. Oakland,Orange,ORANGE,Berryessa,BERY,2,South,13,2026-09-13T20:29:47-07:00,future,0,0,C:\Users\Igor\StudioProjects\BartRunnerAndroid\app\src\test\resources\bart_live_20260913_201652\etd\19th.xml,2026-09-13T20:16:47-07:00
bart_live_20260913_201652,19TH,19th St. Oakland,Orange,ORANGE,Berryessa,BERY,2,South,33,2026-09-13T20:49:47-07:00,future,0,0,C:\Users\Igor\StudioProjects\BartRunnerAndroid\app\src\test\resources\bart_live_20260913_201652\etd\19th.xml,2026-09-13T20:16:47-07:00
bart_live_20260913_201652,19TH,19th St. Oakland,Orange,ORANGE,Berryessa,BERY,2,South,53,2026-09-13T21:09:47-07:00,future,0,0,C:\Users\Igor\StudioProjects\BartRunnerAndroid\app\src\test\resources\bart_live_20260913_201652\etd\19th.xml,2026-09-13T20:16:47-07:00
bart_live_20260913_201652,19TH,19th St. Oakland,Red,RED,Richmond,RICH,1,North,8,2026-09-13T20:24:47-07:00,future,98,0,C:\Users\Igor\StudioProjects\BartRunnerAndroid\app\src\test\resources\bart_live_20260913_201652\etd\19th.xml,2026-09-13T20:16:47-07:00
bart_live_20260913_201652,19TH,19th St. Oakland,Orange,ORANGE,Richmond,RICH,1,North,18,2026-09-13T20:34:47-07:00,future,0,0,C:\Users\Igor\StudioProjects\BartRunnerAndroid\app\src\test\resources\bart_live_20260913_201652\etd\19th.xml,2026-09-13T20:16:47-07:00
bart_live_20260913_201652,19TH,19th St. Oakland,Red,RED,Richmond,RICH,1,North,27,2026-09-13T20:43:47-07:00,future,67,0,C:\Users\Igor\StudioProjects\BartRunnerAndroid\app\src\test\resources\bart_live_20260913_201652\etd\19th.xml,2026-09-13T20:16:47-07:00
bart_live_20260913_201652,19TH,19th St. Oakland,Yellow,YELLOW,SFO/Millbrae,MLBR,2,South,11,2026-09-13T20:27:47-07:00,future,0,0,C:\Users\Igor\StudioProjects\BartRunnerAndroid\app\src\test\resources\bart_live_20260913_201652\etd\19th.xml,2026-09-13T20:16:47-07:00
bart_live_20260913_201652,19TH,19th St. Oakland,Yellow,YELLOW,SFO/Millbrae,MLBR,2,South,30,2026-09-13T20:46:47-07:00,future,0,0,C:\Users\Igor\StudioProjects\BartRunnerAndroid\app\src\test\resources\bart_live_20260913_201652\etd\19th.xml,2026-09-13T20:16:47-07:00
bart_live_20260913_201652,19TH,19th St. Oakland,Yellow,YELLOW,SFO/Millbrae,MLBR,2,South,51,2026-09-13T21:07:47-07:00,future,0,0,C:\Users\Igor\StudioProjects\BartRunnerAndroid\app\src\test\resources\bart_live_20260913_201652\etd\19th.xml,2026-09-13T20:16:47-07:00
bart_live_20260913_201652,24TH,24th St. Mission,Yellow,YELLOW,Antioch,ANTC,2,North,15,2026-09-13T20:31:48-07:00,future,0,0,C:\Users\Igor\StudioProjects\BartRunnerAndroid\app\src\test\resources\bart_live_20260913_201652\etd\24th.xml,2026-09-13T20:16:48-07:00
bart_live_20260913_201652,24TH,24th St. Mission,Yellow,YELLOW,Antioch,ANTC,2,North,35,2026-09-13T20:51:48-07:00,future,0,0,C:\Users\Igor\StudioProjects\BartRunnerAndroid\app\src\test\resources\bart_live_20260913_201652\etd\24th.xml,2026-09-13T20:16:48-07:00
bart_live_20260913_201652,24TH,24th St. Mission,Yellow,YELLOW,Antioch,ANTC,2,North,55,2026-09-13T21:11:48-07:00,future,0,0,C:\Users\Igor\StudioProjects\BartRunnerAndroid\app\src\test\resources\bart_live_20260913_201652\etd\24th.xml,2026-09-13T20:16:48-07:00
bart_live_20260913_201652,24TH,24th St. Mission,Blue,BLUE,Daly City,DALY,1,South,5,2026-09-13T20:21:48-07:00,future,0,0,C:\Users\Igor\StudioProjects\BartRunnerAndroid\app\src\test\resources\bart_live_20260913_201652\etd\24th.xml,2026-09-13T20:16:48-07:00
bart_live_20260913_201652,24TH,24th St. Mission,Blue,BLUE,Daly City,DALY,1,South,25,2026-09-13T20:41:48-07:00,future,0,0,C:\Users\Igor\StudioProjects\BartRunnerAndroid\app\src\test\resources\bart_live_20260913_201652\etd\24th.xml,2026-09-13T20:16:48-07:00
bart_live_20260913_201652,24TH,24th St. Mission,Blue,BLUE,Daly City,DALY,1,South,45,2026-09-13T21:01:48-07:00,future,0,0,C:\Users\Igor\StudioProjects\BartRunnerAndroid\app\src\test\resources\bart_live_20260913_201652\etd\24th.xml,2026-09-13T20:16:48-07:00
bart_live_20260913_201652,24TH,24th St. Mission,Blue,BLUE,Dublin/Pleasanton,DUBL,2,North,8,2026-09-13T20:24:48-07:00,future,0,0,C:\Users\Igor\StudioProjects\BartRunnerAndroid\app\src\test\resources\bart_live_20260913_201652\etd\24th.xml,2026-09-13T20:16:48-07:00
bart_live_20260913_201652,24TH,24th St. Mission,Blue,BLUE,Dublin/Pleasanton,DUBL,2,North,28,2026-09-13T20:44:48-07:00,future,0,0,C:\Users\Igor\StudioProjects\BartRunnerAndroid\app\src\test\resources\bart_live_20260913_201652\etd\24th.xml,2026-09-13T20:16:48-07:00
bart_live_20260913_201652,24TH,24th St. Mission,Blue,BLUE,Dublin/Pleasanton,DUBL,2,North,48,2026-09-13T21:04:48-07:00,future,0,0,C:\Users\Igor\StudioProjects\BartRunnerAndroid\app\src\test\resources\bart_live_20260913_201652\etd\24th.xml,2026-09-13T20:16:48-07:00
bart_live_20260913_201652,24TH,24th St. Mission,Red,RED,Millbrae,MLBR,1,South,2,2026-09-13T20:18:48-07:00,future,0,0,C:\Users\Igor\StudioProjects\BartRunnerAndroid\app\src\test\resources\bart_live_20260913_201652\etd\24th.xml,2026-09-13T20:16:48-07:00
bart_live_20260913_201652,24TH,24th St. Mission,Red,RED,Richmond,RICH,2,North,6,2026-09-13T20:22:48-07:00,future,123,0,C:\Users\Igor\StudioProjects\BartRunnerAndroid\app\src\test\resources\bart_live_20260913_201652\etd\24th.xml,2026-09-13T20:16:48-07:00
bart_live_20260913_201652,24TH,24th St. Mission,Red,RED,Richmond,RICH,2,North,24,2026-09-13T20:40:48-07:00,future,0,0,C:\Users\Igor\StudioProjects\BartRunnerAndroid\app\src\test\resources\bart_live_20260913_201652\etd\24th.xml,2026-09-13T20:16:48-07:00
bart_live_20260913_201652,24TH,24th St. Mission,Red,RED,Richmond,RICH,2,North,44,2026-09-13T21:00:48-07:00,future,0,0,C:\Users\Igor\StudioProjects\BartRunnerAndroid\app\src\test\resources\bart_live_20260913_201652\etd\24th.xml,2026-09-13T20:16:48-07:00
bart_live_20260913_201652,24TH,24th St. Mission,Yellow,YELLOW,SFO/Millbrae,MLBR,1,South,14,2026-09-13T20:30:48-07:00,future,0,0,C:\Users\Igor\StudioProjects\BartRunnerAndroid\app\src\test\resources\bart_live_20260913_201652\etd\24th.xml,2026-09-13T20:16:48-07:00
bart_live_20260913_201652,24TH,24th St. Mission,Yellow,YELLOW,SFO/Millbrae,MLBR,1,South,34,2026-09-13T20:50:48-07:00,future,0,0,C:\Users\Igor\StudioProjects\BartRunnerAndroid\app\src\test\resources\bart_live_20260913_201652\etd\24th.xml,2026-09-13T20:16:48-07:00
bart_live_20260913_201652,24TH,24th St. Mission,Yellow,YELLOW,SFO/Millbrae,MLBR,1,South,54,2026-09-13T21:10:48-07:00,future,0,0,C:\Users\Igor\StudioProjects\BartRunnerAndroid\app\src\test\resources\bart_live_20260913_201652\etd\24th.xml,2026-09-13T20:16:48-07:00
bart_live_20260913_201652,ANTC,Antioch,Yellow,YELLOW,SFO/Millbrae,MLBR,2,South,11,2026-09-13T20:27:47-07:00,future,0,0,C:\Users\Igor\StudioProjects\BartRunnerAndroid\app\src\test\resources\bart_live_20260913_201652\etd\antc.xml,2026-09-13T20:16:47-07:00
bart_live_20260913_201652,ANTC,Antioch,Yellow,YELLOW,SFO/Millbrae,MLBR,2,South,31,2026-09-13T20:47:47-07:00,future,0,0,C:\Users\Igor\StudioProjects\BartRunnerAndroid\app\src\test\resources\bart_live_20260913_201652\etd\antc.xml,2026-09-13T20:16:47-07:00
bart_live_20260913_201652,ANTC,Antioch,Yellow,YELLOW,SFO/Millbrae,MLBR,2,South,51,2026-09-13T21:07:47-07:00,future,0,0,C:\Users\Igor\StudioProjects\BartRunnerAndroid\app\src\test\resources\bart_live_20260913_201652\etd\antc.xml,2026-09-13T20:16:47-07:00
bart_live_20260913_201652,ASHB,Ashby,Orange,ORANGE,Berryessa,BERY,2,South,3,2026-09-13T20:19:48-07:00,future,0,0,C:\Users\Igor\StudioProjects\BartRunnerAndroid\app\src\test\resources\bart_live_20260913_201652\etd\ashb.xml,2026-09-13T20:16:48-07:00
bart_live_20260913_201652,ASHB,Ashby,Orange,ORANGE,Berryessa,BERY,2,South,23,2026-09-13T20:39:48-07:00,future,0,0,C:\Users\Igor\StudioProjects\BartRunnerAndroid\app\src\test\resources\bart_live_20260913_201652\etd\ashb.xml,2026-09-13T20:16:48-07:00
bart_live_20260913_201652,ASHB,Ashby,Orange,ORANGE,Berryessa,BERY,2,South,43,2026-09-13T20:59:48-07:00,future,0,0,C:\Users\Igor\StudioProjects\BartRunnerAndroid\app\src\test\resources\bart_live_20260913_201652\etd\ashb.xml,2026-09-13T20:16:48-07:00
bart_live_20260913_201652,ASHB,Ashby,Orange,ORANGE,Richmond,RICH,1,North,5,2026-09-13T20:21:48-07:00,future,0,0,C:\Users\Igor\StudioProjects\BartRunnerAndroid\app\src\test\resources\bart_live_20260913_201652\etd\ashb.xml,2026-09-13T20:16:48-07:00
bart_live_20260913_201652,ASHB,Ashby,Red,RED,Richmond,RICH,1,North,14,2026-09-13T20:30:48-07:00,future,0,0,C:\Users\Igor\StudioProjects\BartRunnerAndroid\app\src\test\resources\bart_live_20260913_201652\etd\ashb.xml,2026-09-13T20:16:48-07:00
bart_live_20260913_201652,ASHB,Ashby,Orange,ORANGE,Richmond,RICH,1,North,26,2026-09-13T20:42:48-07:00,future,0,0,C:\Users\Igor\StudioProjects\BartRunnerAndroid\app\src\test\resources\bart_live_20260913_201652\etd\ashb.xml,2026-09-13T20:16:48-07:00
bart_live_20260913_201652,BALB,Balboa Park,Yellow,YELLOW,Antioch,ANTC,2,North,10,2026-09-13T20:26:47-07:00,future,0,0,C:\Users\Igor\StudioProjects\BartRunnerAndroid\app\src\test\resources\bart_live_20260913_201652\etd\balb.xml,2026-09-13T20:16:47-07:00
bart_live_20260913_201652,BALB,Balboa Park,Yellow,YELLOW,Antioch,ANTC,2,North,30,2026-09-13T20:46:47-07:00,future,0,0,C:\Users\Igor\StudioProjects\BartRunnerAndroid\app\src\test\resources\bart_live_20260913_201652\etd\balb.xml,2026-09-13T20:16:47-07:00
bart_live_20260913_201652,BALB,Balboa Park,Yellow,YELLOW,Antioch,ANTC,2,North,50,2026-09-13T21:06:47-07:00,future,0,0,C:\Users\Igor\StudioProjects\BartRunnerAndroid\app\src\test\resources\bart_live_20260913_201652\etd\balb.xml,2026-09-13T20:16:47-07:00
bart_live_20260913_201652,BALB,Balboa Park,Blue,BLUE,Daly City,DALY,1,South,10,2026-09-13T20:26:47-07:00,future,0,0,C:\Users\Igor\StudioProjects\BartRunnerAndroid\app\src\test\resources\bart_live_20260913_201652\etd\balb.xml,2026-09-13T20:16:47-07:00
bart_live_20260913_201652,BALB,Balboa Park,Blue,BLUE,Daly City,DALY,1,South,30,2026-09-13T20:46:47-07:00,future,0,0,C:\Users\Igor\StudioProjects\BartRunnerAndroid\app\src\test\resources\bart_live_20260913_201652\etd\balb.xml,2026-09-13T20:16:47-07:00
bart_live_20260913_201652,BALB,Balboa Park,Blue,BLUE,Daly City,DALY,1,South,50,2026-09-13T21:06:47-07:00,future,0,0,C:\Users\Igor\StudioProjects\BartRunnerAndroid\app\src\test\resources\bart_live_20260913_201652\etd\balb.xml,2026-09-13T20:16:47-07:00
bart_live_20260913_201652,BALB,Balboa Park,Blue,BLUE,Dublin/Pleasanton,DUBL,2,North,3,2026-09-13T20:19:47-07:00,future,0,0,C:\Users\Igor\StudioProjects\BartRunnerAndroid\app\src\test\resources\bart_live_20260913_201652\etd\balb.xml,2026-09-13T20:16:47-07:00
bart_live_20260913_201652,BALB,Balboa Park,Blue,BLUE,Dublin/Pleasanton,DUBL,2,North,23,2026-09-13T20:39:47-07:00,future,0,0,C:\Users\Igor\StudioProjects\BartRunnerAndroid\app\src\test\resources\bart_live_20260913_201652\etd\balb.xml,2026-09-13T20:16:47-07:00
bart_live_20260913_201652,BALB,Balboa Park,Blue,BLUE,Dublin/Pleasanton,DUBL,2,North,43,2026-09-13T20:59:47-07:00,future,0,0,C:\Users\Igor\StudioProjects\BartRunnerAndroid\app\src\test\resources\bart_live_20260913_201652\etd\balb.xml,2026-09-13T20:16:47-07:00
bart_live_20260913_201652,BALB,Balboa Park,Red,RED,Millbrae,MLBR,1,South,6,2026-09-13T20:22:47-07:00,future,0,0,C:\Users\Igor\StudioProjects\BartRunnerAndroid\app\src\test\resources\bart_live_20260913_201652\etd\balb.xml,2026-09-13T20:16:47-07:00
bart_live_20260913_201652,BALB,Balboa Park,Red,RED,Richmond,RICH,2,North,1,2026-09-13T20:17:47-07:00,future,127,0,C:\Users\Igor\StudioProjects\BartRunnerAndroid\app\src\test\resources\bart_live_20260913_201652\etd\balb.xml,2026-09-13T20:16:47-07:00
bart_live_20260913_201652,BALB,Balboa Park,Red,RED,Richmond,RICH,2,North,19,2026-09-13T20:35:47-07:00,future,0,0,C:\Users\Igor\StudioProjects\BartRunnerAndroid\app\src\test\resources\bart_live_20260913_201652\etd\balb.xml,2026-09-13T20:16:47-07:00
bart_live_20260913_201652,BALB,Balboa Park,Red,RED,Richmond,RICH,2,North,39,2026-09-13T20:55:47-07:00,future,0,0,C:\Users\Igor\StudioProjects\BartRunnerAndroid\app\src\test\resources\bart_live_20260913_201652\etd\balb.xml,2026-09-13T20:16:47-07:00
bart_live_20260913_201652,BALB,Balboa Park,Yellow,YELLOW,SFO/Millbrae,MLBR,1,South,19,2026-09-13T20:35:47-07:00,future,0,0,C:\Users\Igor\StudioProjects\BartRunnerAndroid\app\src\test\resources\bart_live_20260913_201652\etd\balb.xml,2026-09-13T20:16:47-07:00
bart_live_20260913_201652,BALB,Balboa Park,Yellow,YELLOW,SFO/Millbrae,MLBR,1,South,39,2026-09-13T20:55:47-07:00,future,0,0,C:\Users\Igor\StudioProjects\BartRunnerAndroid\app\src\test\resources\bart_live_20260913_201652\etd\balb.xml,2026-09-13T20:16:47-07:00
bart_live_20260913_201652,BALB,Balboa Park,Yellow,YELLOW,SFO/Millbrae,MLBR,1,South,59,2026-09-13T21:15:47-07:00,future,0,0,C:\Users\Igor\StudioProjects\BartRunnerAndroid\app\src\test\resources\bart_live_20260913_201652\etd\balb.xml,2026-09-13T20:16:47-07:00
bart_live_20260913_201652,BAYF,Bay Fair,Orange,ORANGE,Berryessa,BERY,1,South,14,2026-09-13T20:30:48-07:00,future,0,0,C:\Users\Igor\StudioProjects\BartRunnerAndroid\app\src\test\resources\bart_live_20260913_201652\etd\bayf.xml,2026-09-13T20:16:48-07:00
bart_live_20260913_201652,BAYF,Bay Fair,Orange,ORANGE,Berryessa,BERY,1,South,34,2026-09-13T20:50:48-07:00,future,0,0,C:\Users\Igor\StudioProjects\BartRunnerAndroid\app\src\test\resources\bart_live_20260913_201652\etd\bayf.xml,2026-09-13T20:16:48-07:00
bart_live_20260913_201652,BAYF,Bay Fair,Orange,ORANGE,Berryessa,BERY,1,South,54,2026-09-13T21:10:48-07:00,future,0,0,C:\Users\Igor\StudioProjects\BartRunnerAndroid\app\src\test\resources\bart_live_20260913_201652\etd\bayf.xml,2026-09-13T20:16:48-07:00
bart_live_20260913_201652,BAYF,Bay Fair,Blue,BLUE,Daly City,DALY,2,South,8,2026-09-13T20:24:48-07:00,future,0,0,C:\Users\Igor\StudioProjects\BartRunnerAndroid\app\src\test\resources\bart_live_20260913_201652\etd\bayf.xml,2026-09-13T20:16:48-07:00
bart_live_20260913_201652,BAYF,Bay Fair,Blue,BLUE,Daly City,DALY,2,South,27,2026-09-13T20:43:48-07:00,future,0,0,C:\Users\Igor\StudioProjects\BartRunnerAndroid\app\src\test\resources\bart_live_20260913_201652\etd\bayf.xml,2026-09-13T20:16:48-07:00
bart_live_20260913_201652,BAYF,Bay Fair,Blue,BLUE,Daly City,DALY,2,South,47,2026-09-13T21:03:48-07:00,future,0,0,C:\Users\Igor\StudioProjects\BartRunnerAndroid\app\src\test\resources\bart_live_20260913_201652\etd\bayf.xml,2026-09-13T20:16:48-07:00
bart_live_20260913_201652,BAYF,Bay Fair,Blue,BLUE,Dublin/Pleasanton,DUBL,1,South,6,2026-09-13T20:22:48-07:00,future,0,0,C:\Users\Igor\StudioProjects\BartRunnerAndroid\app\src\test\resources\bart_live_20260913_201652\etd\bayf.xml,2026-09-13T20:16:48-07:00
bart_live_20260913_201652,BAYF,Bay Fair,Blue,BLUE,Dublin/Pleasanton,DUBL,1,South,26,2026-09-13T20:42:48-07:00,future,0,0,C:\Users\Igor\StudioProjects\BartRunnerAndroid\app\src\test\resources\bart_live_20260913_201652\etd\bayf.xml,2026-09-13T20:16:48-07:00
bart_live_20260913_201652,BAYF,Bay Fair,Blue,BLUE,Dublin/Pleasanton,DUBL,1,South,46,2026-09-13T21:02:48-07:00,future,0,0,C:\Users\Igor\StudioProjects\BartRunnerAndroid\app\src\test\resources\bart_live_20260913_201652\etd\bayf.xml,2026-09-13T20:16:48-07:00
bart_live_20260913_201652,BAYF,Bay Fair,Orange,ORANGE,Richmond,RICH,2,North,18,2026-09-13T20:34:48-07:00,future,0,0,C:\Users\Igor\StudioProjects\BartRunnerAndroid\app\src\test\resources\bart_live_20260913_201652\etd\bayf.xml,2026-09-13T20:16:48-07:00
bart_live_20260913_201652,BAYF,Bay Fair,Orange,ORANGE,Richmond,RICH,2,North,38,2026-09-13T20:54:48-07:00,future,0,0,C:\Users\Igor\StudioProjects\BartRunnerAndroid\app\src\test\resources\bart_live_20260913_201652\etd\bayf.xml,2026-09-13T20:16:48-07:00
bart_live_20260913_201652,BAYF,Bay Fair,Orange,ORANGE,Richmond,RICH,2,North,58,2026-09-13T21:14:48-07:00,future,0,0,C:\Users\Igor\StudioProjects\BartRunnerAndroid\app\src\test\resources\bart_live_20260913_201652\etd\bayf.xml,2026-09-13T20:16:48-07:00
bart_live_20260913_201652,BERY,Berryessa/North San Jose,Orange,ORANGE,Richmond,RICH,2,North,18,2026-09-13T20:34:48-07:00,future,0,0,C:\Users\Igor\StudioProjects\BartRunnerAndroid\app\src\test\resources\bart_live_20260913_201652\etd\bery.xml,2026-09-13T20:16:48-07:00
bart_live_20260913_201652,BERY,Berryessa/North San Jose,Orange,ORANGE,Richmond,RICH,2,North,38,2026-09-13T20:54:48-07:00,future,0,0,C:\Users\Igor\StudioProjects\BartRunnerAndroid\app\src\test\resources\bart_live_20260913_201652\etd\bery.xml,2026-09-13T20:16:48-07:00
bart_live_20260913_201652,CAST,Castro Valley,Blue,BLUE,Daly City,DALY,2,South,3,2026-09-13T20:19:48-07:00,future,0,0,C:\Users\Igor\StudioProjects\BartRunnerAndroid\app\src\test\resources\bart_live_20260913_201652\etd\cast.xml,2026-09-13T20:16:48-07:00
bart_live_20260913_201652,CAST,Castro Valley,Blue,BLUE,Daly City,DALY,2,South,22,2026-09-13T20:38:48-07:00,future,0,0,C:\Users\Igor\StudioProjects\BartRunnerAndroid\app\src\test\resources\bart_live_20260913_201652\etd\cast.xml,2026-09-13T20:16:48-07:00
bart_live_20260913_201652,CAST,Castro Valley,Blue,BLUE,Daly City,DALY,2,South,42,2026-09-13T20:58:48-07:00,future,0,0,C:\Users\Igor\StudioProjects\BartRunnerAndroid\app\src\test\resources\bart_live_20260913_201652\etd\cast.xml,2026-09-13T20:16:48-07:00
bart_live_20260913_201652,CAST,Castro Valley,Blue,BLUE,Dublin/Pleasanton,DUBL,1,North,10,2026-09-13T20:26:48-07:00,future,0,0,C:\Users\Igor\StudioProjects\BartRunnerAndroid\app\src\test\resources\bart_live_20260913_201652\etd\cast.xml,2026-09-13T20:16:48-07:00
bart_live_20260913_201652,CAST,Castro Valley,Blue,BLUE,Dublin/Pleasanton,DUBL,1,North,30,2026-09-13T20:46:48-07:00,future,0,0,C:\Users\Igor\StudioProjects\BartRunnerAndroid\app\src\test\resources\bart_live_20260913_201652\etd\cast.xml,2026-09-13T20:16:48-07:00
bart_live_20260913_201652,CAST,Castro Valley,Blue,BLUE,Dublin/Pleasanton,DUBL,1,North,50,2026-09-13T21:06:48-07:00,future,0,0,C:\Users\Igor\StudioProjects\BartRunnerAndroid\app\src\test\resources\bart_live_20260913_201652\etd\cast.xml,2026-09-13T20:16:48-07:00
bart_live_20260913_201652,CIVC,Civic Center/UN Plaza,Yellow,YELLOW,Antioch,ANTC,2,North,2,2026-09-13T20:18:48-07:00,future,140,0,C:\Users\Igor\StudioProjects\BartRunnerAndroid\app\src\test\resources\bart_live_20260913_201652\etd\civc.xml,2026-09-13T20:16:48-07:00
bart_live_20260913_201652,CIVC,Civic Center/UN Plaza,Yellow,YELLOW,Antioch,ANTC,2,North,20,2026-09-13T20:36:48-07:00,future,0,0,C:\Users\Igor\StudioProjects\BartRunnerAndroid\app\src\test\resources\bart_live_20260913_201652\etd\civc.xml,2026-09-13T20:16:48-07:00
bart_live_20260913_201652,CIVC,Civic Center/UN Plaza,Yellow,YELLOW,Antioch,ANTC,2,North,40,2026-09-13T20:56:48-07:00,future,0,0,C:\Users\Igor\StudioProjects\BartRunnerAndroid\app\src\test\resources\bart_live_20260913_201652\etd\civc.xml,2026-09-13T20:16:48-07:00
bart_live_20260913_201652,CIVC,Civic Center/UN Plaza,Blue,BLUE,Daly City,DALY,1,South,Leaving,2026-09-13T20:16:48-07:00,leaving,0,0,C:\Users\Igor\StudioProjects\BartRunnerAndroid\app\src\test\resources\bart_live_20260913_201652\etd\civc.xml,2026-09-13T20:16:48-07:00
bart_live_20260913_201652,CIVC,Civic Center/UN Plaza,Blue,BLUE,Daly City,DALY,1,South,20,2026-09-13T20:36:48-07:00,future,0,0,C:\Users\Igor\StudioProjects\BartRunnerAndroid\app\src\test\resources\bart_live_20260913_201652\etd\civc.xml,2026-09-13T20:16:48-07:00
bart_live_20260913_201652,CIVC,Civic Center/UN Plaza,Blue,BLUE,Daly City,DALY,1,South,40,2026-09-13T20:56:48-07:00,future,0,0,C:\Users\Igor\StudioProjects\BartRunnerAndroid\app\src\test\resources\bart_live_20260913_201652\etd\civc.xml,2026-09-13T20:16:48-07:00
bart_live_20260913_201652,CIVC,Civic Center/UN Plaza,Blue,BLUE,Dublin/Pleasanton,DUBL,2,North,13,2026-09-13T20:29:48-07:00,future,0,0,C:\Users\Igor\StudioProjects\BartRunnerAndroid\app\src\test\resources\bart_live_20260913_201652\etd\civc.xml,2026-09-13T20:16:48-07:00
bart_live_20260913_201652,CIVC,Civic Center/UN Plaza,Blue,BLUE,Dublin/Pleasanton,DUBL,2,North,33,2026-09-13T20:49:48-07:00,future,0,0,C:\Users\Igor\StudioProjects\BartRunnerAndroid\app\src\test\resources\bart_live_20260913_201652\etd\civc.xml,2026-09-13T20:16:48-07:00
bart_live_20260913_201652,CIVC,Civic Center/UN Plaza,Blue,BLUE,Dublin/Pleasanton,DUBL,2,North,53,2026-09-13T21:09:48-07:00,future,0,0,C:\Users\Igor\StudioProjects\BartRunnerAndroid\app\src\test\resources\bart_live_20260913_201652\etd\civc.xml,2026-09-13T20:16:48-07:00
bart_live_20260913_201652,CIVC,Civic Center/UN Plaza,Red,RED,Richmond,RICH,2,North,10,2026-09-13T20:26:48-07:00,future,110,0,C:\Users\Igor\StudioProjects\BartRunnerAndroid\app\src\test\resources\bart_live_20260913_201652\etd\civc.xml,2026-09-13T20:16:48-07:00
bart_live_20260913_201652,CIVC,Civic Center/UN Plaza,Red,RED,Richmond,RICH,2,North,29,2026-09-13T20:45:48-07:00,future,0,0,C:\Users\Igor\StudioProjects\BartRunnerAndroid\app\src\test\resources\bart_live_20260913_201652\etd\civc.xml,2026-09-13T20:16:48-07:00
bart_live_20260913_201652,CIVC,Civic Center/UN Plaza,Red,RED,Richmond,RICH,2,North,49,2026-09-13T21:05:48-07:00,future,0,0,C:\Users\Igor\StudioProjects\BartRunnerAndroid\app\src\test\resources\bart_live_20260913_201652\etd\civc.xml,2026-09-13T20:16:48-07:00
bart_live_20260913_201652,CIVC,Civic Center/UN Plaza,Yellow,YELLOW,SFO/Millbrae,MLBR,1,South,10,2026-09-13T20:26:48-07:00,future,62,0,C:\Users\Igor\StudioProjects\BartRunnerAndroid\app\src\test\resources\bart_live_20260913_201652\etd\civc.xml,2026-09-13T20:16:48-07:00
bart_live_20260913_201652,CIVC,Civic Center/UN Plaza,Yellow,YELLOW,SFO/Millbrae,MLBR,1,South,29,2026-09-13T20:45:48-07:00,future,0,0,C:\Users\Igor\StudioProjects\BartRunnerAndroid\app\src\test\resources\bart_live_20260913_201652\etd\civc.xml,2026-09-13T20:16:48-07:00
bart_live_20260913_201652,CIVC,Civic Center/UN Plaza,Yellow,YELLOW,SFO/Millbrae,MLBR,1,South,49,2026-09-13T21:05:48-07:00,future,0,0,C:\Users\Igor\StudioProjects\BartRunnerAndroid\app\src\test\resources\bart_live_20260913_201652\etd\civc.xml,2026-09-13T20:16:48-07:00
bart_live_20260913_201652,COLM,Colma,Yellow,YELLOW,Antioch,ANTC,2,North,4,2026-09-13T20:20:47-07:00,future,61,0,C:\Users\Igor\StudioProjects\BartRunnerAndroid\app\src\test\resources\bart_live_20260913_201652\etd\colm.xml,2026-09-13T20:16:47-07:00
bart_live_20260913_201652,COLM,Colma,Yellow,YELLOW,Antioch,ANTC,2,North,23,2026-09-13T20:39:47-07:00,future,0,0,C:\Users\Igor\StudioProjects\BartRunnerAndroid\app\src\test\resources\bart_live_20260913_201652\etd\colm.xml,2026-09-13T20:16:47-07:00
bart_live_20260913_201652,COLM,Colma,Yellow,YELLOW,Antioch,ANTC,2,North,43,2026-09-13T20:59:47-07:00,future,0,0,C:\Users\Igor\StudioProjects\BartRunnerAndroid\app\src\test\resources\bart_live_20260913_201652\etd\colm.xml,2026-09-13T20:16:47-07:00
bart_live_20260913_201652,COLM,Colma,Red,RED,Millbrae,MLBR,1,South,15,2026-09-13T20:31:47-07:00,future,0,0,C:\Users\Igor\StudioProjects\BartRunnerAndroid\app\src\test\resources\bart_live_20260913_201652\etd\colm.xml,2026-09-13T20:16:47-07:00
bart_live_20260913_201652,COLM,Colma,Red,RED,Richmond,RICH,2,North,12,2026-09-13T20:28:47-07:00,future,0,0,C:\Users\Igor\StudioProjects\BartRunnerAndroid\app\src\test\resources\bart_live_20260913_201652\etd\colm.xml,2026-09-13T20:16:47-07:00
bart_live_20260913_201652,COLM,Colma,Red,RED,Richmond,RICH,2,North,32,2026-09-13T20:48:47-07:00,future,0,0,C:\Users\Igor\StudioProjects\BartRunnerAndroid\app\src\test\resources\bart_live_20260913_201652\etd\colm.xml,2026-09-13T20:16:47-07:00
bart_live_20260913_201652,COLM,Colma,Red,RED,Richmond,RICH,2,North,52,2026-09-13T21:08:47-07:00,future,0,0,C:\Users\Igor\StudioProjects\BartRunnerAndroid\app\src\test\resources\bart_live_20260913_201652\etd\colm.xml,2026-09-13T20:16:47-07:00
bart_live_20260913_201652,COLM,Colma,Yellow,YELLOW,SF Airport,SFIA,1,South,8,2026-09-13T20:24:47-07:00,future,0,0,C:\Users\Igor\StudioProjects\BartRunnerAndroid\app\src\test\resources\bart_live_20260913_201652\etd\colm.xml,2026-09-13T20:16:47-07:00
bart_live_20260913_201652,COLM,Colma,Yellow,YELLOW,SFO/Millbrae,MLBR,1,South,27,2026-09-13T20:43:47-07:00,future,0,0,C:\Users\Igor\StudioProjects\BartRunnerAndroid\app\src\test\resources\bart_live_20260913_201652\etd\colm.xml,2026-09-13T20:16:47-07:00
bart_live_20260913_201652,COLM,Colma,Yellow,YELLOW,SFO/Millbrae,MLBR,1,South,47,2026-09-13T21:03:47-07:00,future,0,0,C:\Users\Igor\StudioProjects\BartRunnerAndroid\app\src\test\resources\bart_live_20260913_201652\etd\colm.xml,2026-09-13T20:16:47-07:00
bart_live_20260913_201652,COLM,Colma,Yellow,YELLOW,SFO/Millbrae,MLBR,1,South,67,2026-09-13T21:23:47-07:00,future,0,0,C:\Users\Igor\StudioProjects\BartRunnerAndroid\app\src\test\resources\bart_live_20260913_201652\etd\colm.xml,2026-09-13T20:16:47-07:00
bart_live_20260913_201652,COLS,Coliseum,Orange,ORANGE,Berryessa,BERY,1,South,6,2026-09-13T20:22:47-07:00,future,0,0,C:\Users\Igor\StudioProjects\BartRunnerAndroid\app\src\test\resources\bart_live_20260913_201652\etd\cols.xml,2026-09-13T20:16:47-07:00
bart_live_20260913_201652,COLS,Coliseum,Orange,ORANGE,Berryessa,BERY,1,South,26,2026-09-13T20:42:47-07:00,future,0,0,C:\Users\Igor\StudioProjects\BartRunnerAndroid\app\src\test\resources\bart_live_20260913_201652\etd\cols.xml,2026-09-13T20:16:47-07:00
bart_live_20260913_201652,COLS,Coliseum,Orange,ORANGE,Berryessa,BERY,1,South,46,2026-09-13T21:02:47-07:00,future,0,0,C:\Users\Igor\StudioProjects\BartRunnerAndroid\app\src\test\resources\bart_live_20260913_201652\etd\cols.xml,2026-09-13T20:16:47-07:00
bart_live_20260913_201652,COLS,Coliseum,Blue,BLUE,Daly City,DALY,2,South,15,2026-09-13T20:31:47-07:00,future,0,0,C:\Users\Igor\StudioProjects\BartRunnerAndroid\app\src\test\resources\bart_live_20260913_201652\etd\cols.xml,2026-09-13T20:16:47-07:00
bart_live_20260913_201652,COLS,Coliseum,Blue,BLUE,Daly City,DALY,2,South,35,2026-09-13T20:51:47-07:00,future,0,0,C:\Users\Igor\StudioProjects\BartRunnerAndroid\app\src\test\resources\bart_live_20260913_201652\etd\cols.xml,2026-09-13T20:16:47-07:00
bart_live_20260913_201652,COLS,Coliseum,Blue,BLUE,Daly City,DALY,2,South,55,2026-09-13T21:11:47-07:00,future,0,0,C:\Users\Igor\StudioProjects\BartRunnerAndroid\app\src\test\resources\bart_live_20260913_201652\etd\cols.xml,2026-09-13T20:16:47-07:00
bart_live_20260913_201652,COLS,Coliseum,Blue,BLUE,Dublin/Pleasanton,DUBL,1,South,18,2026-09-13T20:34:47-07:00,future,0,0,C:\Users\Igor\StudioProjects\BartRunnerAndroid\app\src\test\resources\bart_live_20260913_201652\etd\cols.xml,2026-09-13T20:16:47-07:00
bart_live_20260913_201652,COLS,Coliseum,Blue,BLUE,Dublin/Pleasanton,DUBL,1,South,38,2026-09-13T20:54:47-07:00,future,0,0,C:\Users\Igor\StudioProjects\BartRunnerAndroid\app\src\test\resources\bart_live_20260913_201652\etd\cols.xml,2026-09-13T20:16:47-07:00
bart_live_20260913_201652,COLS,Coliseum,Blue,BLUE,Dublin/Pleasanton,DUBL,1,South,58,2026-09-13T21:14:47-07:00,future,0,0,C:\Users\Igor\StudioProjects\BartRunnerAndroid\app\src\test\resources\bart_live_20260913_201652\etd\cols.xml,2026-09-13T20:16:47-07:00
bart_live_20260913_201652,COLS,Coliseum,Orange,ORANGE,Richmond,RICH,2,North,6,2026-09-13T20:22:47-07:00,future,0,0,C:\Users\Igor\StudioProjects\BartRunnerAndroid\app\src\test\resources\bart_live_20260913_201652\etd\cols.xml,2026-09-13T20:16:47-07:00
bart_live_20260913_201652,COLS,Coliseum,Orange,ORANGE,Richmond,RICH,2,North,26,2026-09-13T20:42:47-07:00,future,0,0,C:\Users\Igor\StudioProjects\BartRunnerAndroid\app\src\test\resources\bart_live_20260913_201652\etd\cols.xml,2026-09-13T20:16:47-07:00
bart_live_20260913_201652,COLS,Coliseum,Orange,ORANGE,Richmond,RICH,2,North,46,2026-09-13T21:02:47-07:00,future,0,0,C:\Users\Igor\StudioProjects\BartRunnerAndroid\app\src\test\resources\bart_live_20260913_201652\etd\cols.xml,2026-09-13T20:16:47-07:00
bart_live_20260913_201652,CONC,Concord,Yellow,YELLOW,Antioch,ANTC,1,North,8,2026-09-13T20:24:48-07:00,future,0,0,C:\Users\Igor\StudioProjects\BartRunnerAndroid\app\src\test\resources\bart_live_20260913_201652\etd\conc.xml,2026-09-13T20:16:48-07:00
bart_live_20260913_201652,CONC,Concord,Yellow,YELLOW,Antioch,ANTC,1,North,28,2026-09-13T20:44:48-07:00,future,0,0,C:\Users\Igor\StudioProjects\BartRunnerAndroid\app\src\test\resources\bart_live_20260913_201652\etd\conc.xml,2026-09-13T20:16:48-07:00
bart_live_20260913_201652,CONC,Concord,Yellow,YELLOW,Antioch,ANTC,1,North,48,2026-09-13T21:04:48-07:00,future,0,0,C:\Users\Igor\StudioProjects\BartRunnerAndroid\app\src\test\resources\bart_live_20260913_201652\etd\conc.xml,2026-09-13T20:16:48-07:00
bart_live_20260913_201652,CONC,Concord,Yellow,YELLOW,SFO/Millbrae,MLBR,2,South,2,2026-09-13T20:18:48-07:00,future,88,0,C:\Users\Igor\StudioProjects\BartRunnerAndroid\app\src\test\resources\bart_live_20260913_201652\etd\conc.xml,2026-09-13T20:16:48-07:00
bart_live_20260913_201652,CONC,Concord,Yellow,YELLOW,SFO/Millbrae,MLBR,2,South,20,2026-09-13T20:36:48-07:00,future,0,0,C:\Users\Igor\StudioProjects\BartRunnerAndroid\app\src\test\resources\bart_live_20260913_201652\etd\conc.xml,2026-09-13T20:16:48-07:00
bart_live_20260913_201652,CONC,Concord,Yellow,YELLOW,SFO/Millbrae,MLBR,2,South,40,2026-09-13T20:56:48-07:00,future,0,0,C:\Users\Igor\StudioProjects\BartRunnerAndroid\app\src\test\resources\bart_live_20260913_201652\etd\conc.xml,2026-09-13T20:16:48-07:00
bart_live_20260913_201652,DALY,Daly City,Yellow,YELLOW,Antioch,ANTC,2,North,7,2026-09-13T20:23:48-07:00,future,0,0,C:\Users\Igor\StudioProjects\BartRunnerAndroid\app\src\test\resources\bart_live_20260913_201652\etd\daly.xml,2026-09-13T20:16:48-07:00
bart_live_20260913_201652,DALY,Daly City,Yellow,YELLOW,Antioch,ANTC,2,North,26,2026-09-13T20:42:48-07:00,future,0,0,C:\Users\Igor\StudioProjects\BartRunnerAndroid\app\src\test\resources\bart_live_20260913_201652\etd\daly.xml,2026-09-13T20:16:48-07:00
bart_live_20260913_201652,DALY,Daly City,Yellow,YELLOW,Antioch,ANTC,2,North,46,2026-09-13T21:02:48-07:00,future,0,0,C:\Users\Igor\StudioProjects\BartRunnerAndroid\app\src\test\resources\bart_live_20260913_201652\etd\daly.xml,2026-09-13T20:16:48-07:00
bart_live_20260913_201652,DALY,Daly City,Blue,BLUE,Dublin/Pleasanton,DUBL,2,North,18,2026-09-13T20:34:48-07:00,future,0,0,C:\Users\Igor\StudioProjects\BartRunnerAndroid\app\src\test\resources\bart_live_20260913_201652\etd\daly.xml,2026-09-13T20:16:48-07:00
bart_live_20260913_201652,DALY,Daly City,Blue,BLUE,Dublin/Pleasanton,DUBL,2,North,38,2026-09-13T20:54:48-07:00,future,0,0,C:\Users\Igor\StudioProjects\BartRunnerAndroid\app\src\test\resources\bart_live_20260913_201652\etd\daly.xml,2026-09-13T20:16:48-07:00
bart_live_20260913_201652,DALY,Daly City,Red,RED,Millbrae,MLBR,1,South,11,2026-09-13T20:27:48-07:00,future,0,0,C:\Users\Igor\StudioProjects\BartRunnerAndroid\app\src\test\resources\bart_live_20260913_201652\etd\daly.xml,2026-09-13T20:16:48-07:00
bart_live_20260913_201652,DALY,Daly City,Red,RED,Richmond,RICH,2,North,15,2026-09-13T20:31:48-07:00,future,0,0,C:\Users\Igor\StudioProjects\BartRunnerAndroid\app\src\test\resources\bart_live_20260913_201652\etd\daly.xml,2026-09-13T20:16:48-07:00
bart_live_20260913_201652,DALY,Daly City,Red,RED,Richmond,RICH,2,North,35,2026-09-13T20:51:48-07:00,future,0,0,C:\Users\Igor\StudioProjects\BartRunnerAndroid\app\src\test\resources\bart_live_20260913_201652\etd\daly.xml,2026-09-13T20:16:48-07:00
bart_live_20260913_201652,DALY,Daly City,Red,RED,Richmond,RICH,2,North,55,2026-09-13T21:11:48-07:00,future,0,0,C:\Users\Igor\StudioProjects\BartRunnerAndroid\app\src\test\resources\bart_live_20260913_201652\etd\daly.xml,2026-09-13T20:16:48-07:00
bart_live_20260913_201652,DALY,Daly City,Yellow,YELLOW,SF Airport,SFIA,1,South,4,2026-09-13T20:20:48-07:00,future,70,0,C:\Users\Igor\StudioProjects\BartRunnerAndroid\app\src\test\resources\bart_live_20260913_201652\etd\daly.xml,2026-09-13T20:16:48-07:00
bart_live_20260913_201652,DALY,Daly City,Yellow,YELLOW,SFO/Millbrae,MLBR,1,South,23,2026-09-13T20:39:48-07:00,future,0,0,C:\Users\Igor\StudioProjects\BartRunnerAndroid\app\src\test\resources\bart_live_20260913_201652\etd\daly.xml,2026-09-13T20:16:48-07:00
bart_live_20260913_201652,DALY,Daly City,Yellow,YELLOW,SFO/Millbrae,MLBR,1,South,43,2026-09-13T20:59:48-07:00,future,0,0,C:\Users\Igor\StudioProjects\BartRunnerAndroid\app\src\test\resources\bart_live_20260913_201652\etd\daly.xml,2026-09-13T20:16:48-07:00
bart_live_20260913_201652,DALY,Daly City,Yellow,YELLOW,SFO/Millbrae,MLBR,1,South,63,2026-09-13T21:19:48-07:00,future,0,0,C:\Users\Igor\StudioProjects\BartRunnerAndroid\app\src\test\resources\bart_live_20260913_201652\etd\daly.xml,2026-09-13T20:16:48-07:00
bart_live_20260913_201652,DBRK,Downtown Berkeley,Orange,ORANGE,Berryessa,BERY,2,South,1,2026-09-13T20:17:48-07:00,future,0,0,C:\Users\Igor\StudioProjects\BartRunnerAndroid\app\src\test\resources\bart_live_20260913_201652\etd\dbrk.xml,2026-09-13T20:16:48-07:00
bart_live_20260913_201652,DBRK,Downtown Berkeley,Orange,ORANGE,Berryessa,BERY,2,South,21,2026-09-13T20:37:48-07:00,future,0,0,C:\Users\Igor\StudioProjects\BartRunnerAndroid\app\src\test\resources\bart_live_20260913_201652\etd\dbrk.xml,2026-09-13T20:16:48-07:00
bart_live_20260913_201652,DBRK,Downtown Berkeley,Orange,ORANGE,Berryessa,BERY,2,South,41,2026-09-13T20:57:48-07:00,future,0,0,C:\Users\Igor\StudioProjects\BartRunnerAndroid\app\src\test\resources\bart_live_20260913_201652\etd\dbrk.xml,2026-09-13T20:16:48-07:00
bart_live_20260913_201652,DBRK,Downtown Berkeley,Orange,ORANGE,Richmond,RICH,1,North,8,2026-09-13T20:24:48-07:00,future,0,0,C:\Users\Igor\StudioProjects\BartRunnerAndroid\app\src\test\resources\bart_live_20260913_201652\etd\dbrk.xml,2026-09-13T20:16:48-07:00
bart_live_20260913_201652,DBRK,Downtown Berkeley,Red,RED,Richmond,RICH,1,North,17,2026-09-13T20:33:48-07:00,future,0,0,C:\Users\Igor\StudioProjects\BartRunnerAndroid\app\src\test\resources\bart_live_20260913_201652\etd\dbrk.xml,2026-09-13T20:16:48-07:00
bart_live_20260913_201652,DBRK,Downtown Berkeley,Orange,ORANGE,Richmond,RICH,1,North,28,2026-09-13T20:44:48-07:00,future,0,0,C:\Users\Igor\StudioProjects\BartRunnerAndroid\app\src\test\resources\bart_live_20260913_201652\etd\dbrk.xml,2026-09-13T20:16:48-07:00
bart_live_20260913_201652,DELN,El Cerrito del Norte,Orange,ORANGE,Berryessa,BERY,2,South,12,2026-09-13T20:28:47-07:00,future,0,0,C:\Users\Igor\StudioProjects\BartRunnerAndroid\app\src\test\resources\bart_live_20260913_201652\etd\deln.xml,2026-09-13T20:16:47-07:00
bart_live_20260913_201652,DELN,El Cerrito del Norte,Orange,ORANGE,Berryessa,BERY,2,South,32,2026-09-13T20:48:47-07:00,future,0,0,C:\Users\Igor\StudioProjects\BartRunnerAndroid\app\src\test\resources\bart_live_20260913_201652\etd\deln.xml,2026-09-13T20:16:47-07:00
bart_live_20260913_201652,DELN,El Cerrito del Norte,Red,RED,Richmond,RICH,1,North,6,2026-09-13T20:22:47-07:00,future,115,0,C:\Users\Igor\StudioProjects\BartRunnerAndroid\app\src\test\resources\bart_live_20260913_201652\etd\deln.xml,2026-09-13T20:16:47-07:00
bart_live_20260913_201652,DELN,El Cerrito del Norte,Orange,ORANGE,Richmond,RICH,1,North,17,2026-09-13T20:33:47-07:00,future,0,0,C:\Users\Igor\StudioProjects\BartRunnerAndroid\app\src\test\resources\bart_live_20260913_201652\etd\deln.xml,2026-09-13T20:16:47-07:00
bart_live_20260913_201652,DELN,El Cerrito del Norte,Red,RED,Richmond,RICH,1,North,25,2026-09-13T20:41:47-07:00,future,0,0,C:\Users\Igor\StudioProjects\BartRunnerAndroid\app\src\test\resources\bart_live_20260913_201652\etd\deln.xml,2026-09-13T20:16:47-07:00
bart_live_20260913_201652,DUBL,Dublin/Pleasanton,Blue,BLUE,Daly City,DALY,2,South,9,2026-09-13T20:25:47-07:00,future,0,0,C:\Users\Igor\StudioProjects\BartRunnerAndroid\app\src\test\resources\bart_live_20260913_201652\etd\dubl.xml,2026-09-13T20:16:47-07:00
bart_live_20260913_201652,DUBL,Dublin/Pleasanton,Blue,BLUE,Daly City,DALY,2,South,27,2026-09-13T20:43:47-07:00,future,0,0,C:\Users\Igor\StudioProjects\BartRunnerAndroid\app\src\test\resources\bart_live_20260913_201652\etd\dubl.xml,2026-09-13T20:16:47-07:00
bart_live_20260913_201652,EMBR,Embarcadero,Yellow,YELLOW,Antioch,ANTC,2,North,6,2026-09-13T20:22:47-07:00,future,107,0,C:\Users\Igor\StudioProjects\BartRunnerAndroid\app\src\test\resources\bart_live_20260913_201652\etd\embr.xml,2026-09-13T20:16:47-07:00
bart_live_20260913_201652,EMBR,Embarcadero,Yellow,YELLOW,Antioch,ANTC,2,North,25,2026-09-13T20:41:47-07:00,future,0,0,C:\Users\Igor\StudioProjects\BartRunnerAndroid\app\src\test\resources\bart_live_20260913_201652\etd\embr.xml,2026-09-13T20:16:47-07:00
bart_live_20260913_201652,EMBR,Embarcadero,Yellow,YELLOW,Antioch,ANTC,2,North,45,2026-09-13T21:01:47-07:00,future,0,0,C:\Users\Igor\StudioProjects\BartRunnerAndroid\app\src\test\resources\bart_live_20260913_201652\etd\embr.xml,2026-09-13T20:16:47-07:00
bart_live_20260913_201652,EMBR,Embarcadero,Blue,BLUE,Daly City,DALY,1,South,15,2026-09-13T20:31:47-07:00,future,0,0,C:\Users\Igor\StudioProjects\BartRunnerAndroid\app\src\test\resources\bart_live_20260913_201652\etd\embr.xml,2026-09-13T20:16:47-07:00
bart_live_20260913_201652,EMBR,Embarcadero,Blue,BLUE,Daly City,DALY,1,South,36,2026-09-13T20:52:47-07:00,future,0,0,C:\Users\Igor\StudioProjects\BartRunnerAndroid\app\src\test\resources\bart_live_20260913_201652\etd\embr.xml,2026-09-13T20:16:47-07:00
bart_live_20260913_201652,EMBR,Embarcadero,Blue,BLUE,Daly City,DALY,1,South,56,2026-09-13T21:12:47-07:00,future,0,0,C:\Users\Igor\StudioProjects\BartRunnerAndroid\app\src\test\resources\bart_live_20260913_201652\etd\embr.xml,2026-09-13T20:16:47-07:00
bart_live_20260913_201652,EMBR,Embarcadero,Blue,BLUE,Dublin/Pleasanton,DUBL,2,North,18,2026-09-13T20:34:47-07:00,future,0,0,C:\Users\Igor\StudioProjects\BartRunnerAndroid\app\src\test\resources\bart_live_20260913_201652\etd\embr.xml,2026-09-13T20:16:47-07:00
bart_live_20260913_201652,EMBR,Embarcadero,Blue,BLUE,Dublin/Pleasanton,DUBL,2,North,38,2026-09-13T20:54:47-07:00,future,0,0,C:\Users\Igor\StudioProjects\BartRunnerAndroid\app\src\test\resources\bart_live_20260913_201652\etd\embr.xml,2026-09-13T20:16:47-07:00
bart_live_20260913_201652,EMBR,Embarcadero,Blue,BLUE,Dublin/Pleasanton,DUBL,2,North,58,2026-09-13T21:14:47-07:00,future,0,0,C:\Users\Igor\StudioProjects\BartRunnerAndroid\app\src\test\resources\bart_live_20260913_201652\etd\embr.xml,2026-09-13T20:16:47-07:00
bart_live_20260913_201652,EMBR,Embarcadero,Red,RED,Richmond,RICH,2,North,15,2026-09-13T20:31:47-07:00,future,85,0,C:\Users\Igor\StudioProjects\BartRunnerAndroid\app\src\test\resources\bart_live_20260913_201652\etd\embr.xml,2026-09-13T20:16:47-07:00
bart_live_20260913_201652,EMBR,Embarcadero,Red,RED,Richmond,RICH,2,North,34,2026-09-13T20:50:47-07:00,future,0,0,C:\Users\Igor\StudioProjects\BartRunnerAndroid\app\src\test\resources\bart_live_20260913_201652\etd\embr.xml,2026-09-13T20:16:47-07:00
bart_live_20260913_201652,EMBR,Embarcadero,Red,RED,Richmond,RICH,2,North,54,2026-09-13T21:10:47-07:00,future,0,0,C:\Users\Igor\StudioProjects\BartRunnerAndroid\app\src\test\resources\bart_live_20260913_201652\etd\embr.xml,2026-09-13T20:16:47-07:00
bart_live_20260913_201652,EMBR,Embarcadero,Yellow,YELLOW,SFO/Millbrae,MLBR,1,South,6,2026-09-13T20:22:47-07:00,future,99,0,C:\Users\Igor\StudioProjects\BartRunnerAndroid\app\src\test\resources\bart_live_20260913_201652\etd\embr.xml,2026-09-13T20:16:47-07:00
bart_live_20260913_201652,EMBR,Embarcadero,Yellow,YELLOW,SFO/Millbrae,MLBR,1,South,24,2026-09-13T20:40:47-07:00,future,0,0,C:\Users\Igor\StudioProjects\BartRunnerAndroid\app\src\test\resources\bart_live_20260913_201652\etd\embr.xml,2026-09-13T20:16:47-07:00
bart_live_20260913_201652,EMBR,Embarcadero,Yellow,YELLOW,SFO/Millbrae,MLBR,1,South,44,2026-09-13T21:00:47-07:00,future,0,0,C:\Users\Igor\StudioProjects\BartRunnerAndroid\app\src\test\resources\bart_live_20260913_201652\etd\embr.xml,2026-09-13T20:16:47-07:00
bart_live_20260913_201652,FTVL,Fruitvale,Orange,ORANGE,Berryessa,BERY,1,South,4,2026-09-13T20:20:48-07:00,future,72,0,C:\Users\Igor\StudioProjects\BartRunnerAndroid\app\src\test\resources\bart_live_20260913_201652\etd\ftvl.xml,2026-09-13T20:16:48-07:00
bart_live_20260913_201652,FTVL,Fruitvale,Orange,ORANGE,Berryessa,BERY,1,South,22,2026-09-13T20:38:48-07:00,future,0,0,C:\Users\Igor\StudioProjects\BartRunnerAndroid\app\src\test\resources\bart_live_20260913_201652\etd\ftvl.xml,2026-09-13T20:16:48-07:00
bart_live_20260913_201652,FTVL,Fruitvale,Orange,ORANGE,Berryessa,BERY,1,South,42,2026-09-13T20:58:48-07:00,future,0,0,C:\Users\Igor\StudioProjects\BartRunnerAndroid\app\src\test\resources\bart_live_20260913_201652\etd\ftvl.xml,2026-09-13T20:16:48-07:00
bart_live_20260913_201652,FTVL,Fruitvale,Blue,BLUE,Daly City,DALY,2,South,19,2026-09-13T20:35:48-07:00,future,0,0,C:\Users\Igor\StudioProjects\BartRunnerAndroid\app\src\test\resources\bart_live_20260913_201652\etd\ftvl.xml,2026-09-13T20:16:48-07:00
bart_live_20260913_201652,FTVL,Fruitvale,Blue,BLUE,Daly City,DALY,2,South,39,2026-09-13T20:55:48-07:00,future,0,0,C:\Users\Igor\StudioProjects\BartRunnerAndroid\app\src\test\resources\bart_live_20260913_201652\etd\ftvl.xml,2026-09-13T20:16:48-07:00
bart_live_20260913_201652,FTVL,Fruitvale,Blue,BLUE,Daly City,DALY,2,South,59,2026-09-13T21:15:48-07:00,future,0,0,C:\Users\Igor\StudioProjects\BartRunnerAndroid\app\src\test\resources\bart_live_20260913_201652\etd\ftvl.xml,2026-09-13T20:16:48-07:00
bart_live_20260913_201652,FTVL,Fruitvale,Blue,BLUE,Dublin/Pleasanton,DUBL,1,South,14,2026-09-13T20:30:48-07:00,future,0,0,C:\Users\Igor\StudioProjects\BartRunnerAndroid\app\src\test\resources\bart_live_20260913_201652\etd\ftvl.xml,2026-09-13T20:16:48-07:00
bart_live_20260913_201652,FTVL,Fruitvale,Blue,BLUE,Dublin/Pleasanton,DUBL,1,South,34,2026-09-13T20:50:48-07:00,future,0,0,C:\Users\Igor\StudioProjects\BartRunnerAndroid\app\src\test\resources\bart_live_20260913_201652\etd\ftvl.xml,2026-09-13T20:16:48-07:00
bart_live_20260913_201652,FTVL,Fruitvale,Blue,BLUE,Dublin/Pleasanton,DUBL,1,South,54,2026-09-13T21:10:48-07:00,future,0,0,C:\Users\Igor\StudioProjects\BartRunnerAndroid\app\src\test\resources\bart_live_20260913_201652\etd\ftvl.xml,2026-09-13T20:16:48-07:00
bart_live_20260913_201652,FTVL,Fruitvale,Orange,ORANGE,Richmond,RICH,2,North,9,2026-09-13T20:25:48-07:00,future,0,0,C:\Users\Igor\StudioProjects\BartRunnerAndroid\app\src\test\resources\bart_live_20260913_201652\etd\ftvl.xml,2026-09-13T20:16:48-07:00
bart_live_20260913_201652,FTVL,Fruitvale,Orange,ORANGE,Richmond,RICH,2,North,29,2026-09-13T20:45:48-07:00,future,0,0,C:\Users\Igor\StudioProjects\BartRunnerAndroid\app\src\test\resources\bart_live_20260913_201652\etd\ftvl.xml,2026-09-13T20:16:48-07:00
bart_live_20260913_201652,FTVL,Fruitvale,Orange,ORANGE,Richmond,RICH,2,North,49,2026-09-13T21:05:48-07:00,future,0,0,C:\Users\Igor\StudioProjects\BartRunnerAndroid\app\src\test\resources\bart_live_20260913_201652\etd\ftvl.xml,2026-09-13T20:16:48-07:00
bart_live_20260913_201652,GLEN,Glen Park,Yellow,YELLOW,Antioch,ANTC,2,North,12,2026-09-13T20:28:48-07:00,future,0,0,C:\Users\Igor\StudioProjects\BartRunnerAndroid\app\src\test\resources\bart_live_20260913_201652\etd\glen.xml,2026-09-13T20:16:48-07:00
bart_live_20260913_201652,GLEN,Glen Park,Yellow,YELLOW,Antioch,ANTC,2,North,32,2026-09-13T20:48:48-07:00,future,0,0,C:\Users\Igor\StudioProjects\BartRunnerAndroid\app\src\test\resources\bart_live_20260913_201652\etd\glen.xml,2026-09-13T20:16:48-07:00
bart_live_20260913_201652,GLEN,Glen Park,Yellow,YELLOW,Antioch,ANTC,2,North,52,2026-09-13T21:08:48-07:00,future,0,0,C:\Users\Igor\StudioProjects\BartRunnerAndroid\app\src\test\resources\bart_live_20260913_201652\etd\glen.xml,2026-09-13T20:16:48-07:00
bart_live_20260913_201652,GLEN,Glen Park,Blue,BLUE,Daly City,DALY,1,South,8,2026-09-13T20:24:48-07:00,future,0,0,C:\Users\Igor\StudioProjects\BartRunnerAndroid\app\src\test\resources\bart_live_20260913_201652\etd\glen.xml,2026-09-13T20:16:48-07:00
bart_live_20260913_201652,GLEN,Glen Park,Blue,BLUE,Daly City,DALY,1,South,28,2026-09-13T20:44:48-07:00,future,0,0,C:\Users\Igor\StudioProjects\BartRunnerAndroid\app\src\test\resources\bart_live_20260913_201652\etd\glen.xml,2026-09-13T20:16:48-07:00
bart_live_20260913_201652,GLEN,Glen Park,Blue,BLUE,Daly City,DALY,1,South,48,2026-09-13T21:04:48-07:00,future,0,0,C:\Users\Igor\StudioProjects\BartRunnerAndroid\app\src\test\resources\bart_live_20260913_201652\etd\glen.xml,2026-09-13T20:16:48-07:00
bart_live_20260913_201652,GLEN,Glen Park,Blue,BLUE,Dublin/Pleasanton,DUBL,2,North,5,2026-09-13T20:21:48-07:00,future,0,0,C:\Users\Igor\StudioProjects\BartRunnerAndroid\app\src\test\resources\bart_live_20260913_201652\etd\glen.xml,2026-09-13T20:16:48-07:00
bart_live_20260913_201652,GLEN,Glen Park,Blue,BLUE,Dublin/Pleasanton,DUBL,2,North,25,2026-09-13T20:41:48-07:00,future,0,0,C:\Users\Igor\StudioProjects\BartRunnerAndroid\app\src\test\resources\bart_live_20260913_201652\etd\glen.xml,2026-09-13T20:16:48-07:00
bart_live_20260913_201652,GLEN,Glen Park,Blue,BLUE,Dublin/Pleasanton,DUBL,2,North,45,2026-09-13T21:01:48-07:00,future,0,0,C:\Users\Igor\StudioProjects\BartRunnerAndroid\app\src\test\resources\bart_live_20260913_201652\etd\glen.xml,2026-09-13T20:16:48-07:00
bart_live_20260913_201652,GLEN,Glen Park,Red,RED,Millbrae,MLBR,1,South,4,2026-09-13T20:20:48-07:00,future,0,0,C:\Users\Igor\StudioProjects\BartRunnerAndroid\app\src\test\resources\bart_live_20260913_201652\etd\glen.xml,2026-09-13T20:16:48-07:00
bart_live_20260913_201652,GLEN,Glen Park,Red,RED,Richmond,RICH,2,North,3,2026-09-13T20:19:48-07:00,future,124,0,C:\Users\Igor\StudioProjects\BartRunnerAndroid\app\src\test\resources\bart_live_20260913_201652\etd\glen.xml,2026-09-13T20:16:48-07:00
bart_live_20260913_201652,GLEN,Glen Park,Red,RED,Richmond,RICH,2,North,21,2026-09-13T20:37:48-07:00,future,0,0,C:\Users\Igor\StudioProjects\BartRunnerAndroid\app\src\test\resources\bart_live_20260913_201652\etd\glen.xml,2026-09-13T20:16:48-07:00
bart_live_20260913_201652,GLEN,Glen Park,Red,RED,Richmond,RICH,2,North,41,2026-09-13T20:57:48-07:00,future,0,0,C:\Users\Igor\StudioProjects\BartRunnerAndroid\app\src\test\resources\bart_live_20260913_201652\etd\glen.xml,2026-09-13T20:16:48-07:00
bart_live_20260913_201652,GLEN,Glen Park,Yellow,YELLOW,SFO/Millbrae,MLBR,1,South,17,2026-09-13T20:33:48-07:00,future,0,0,C:\Users\Igor\StudioProjects\BartRunnerAndroid\app\src\test\resources\bart_live_20260913_201652\etd\glen.xml,2026-09-13T20:16:48-07:00
bart_live_20260913_201652,GLEN,Glen Park,Yellow,YELLOW,SFO/Millbrae,MLBR,1,South,36,2026-09-13T20:52:48-07:00,future,0,0,C:\Users\Igor\StudioProjects\BartRunnerAndroid\app\src\test\resources\bart_live_20260913_201652\etd\glen.xml,2026-09-13T20:16:48-07:00
bart_live_20260913_201652,GLEN,Glen Park,Yellow,YELLOW,SFO/Millbrae,MLBR,1,South,56,2026-09-13T21:12:48-07:00,future,0,0,C:\Users\Igor\StudioProjects\BartRunnerAndroid\app\src\test\resources\bart_live_20260913_201652\etd\glen.xml,2026-09-13T20:16:48-07:00
bart_live_20260913_201652,HAYW,Hayward,Orange,ORANGE,Berryessa,BERY,1,South,Leaving,2026-09-13T20:16:48-07:00,leaving,125,0,C:\Users\Igor\StudioProjects\BartRunnerAndroid\app\src\test\resources\bart_live_20260913_201652\etd\hayw.xml,2026-09-13T20:16:48-07:00
bart_live_20260913_201652,HAYW,Hayward,Orange,ORANGE,Berryessa,BERY,1,South,18,2026-09-13T20:34:48-07:00,future,0,0,C:\Users\Igor\StudioProjects\BartRunnerAndroid\app\src\test\resources\bart_live_20260913_201652\etd\hayw.xml,2026-09-13T20:16:48-07:00
bart_live_20260913_201652,HAYW,Hayward,Orange,ORANGE,Berryessa,BERY,1,South,38,2026-09-13T20:54:48-07:00,future,0,0,C:\Users\Igor\StudioProjects\BartRunnerAndroid\app\src\test\resources\bart_live_20260913_201652\etd\hayw.xml,2026-09-13T20:16:48-07:00
bart_live_20260913_201652,HAYW,Hayward,Orange,ORANGE,Richmond,RICH,2,North,10,2026-09-13T20:26:48-07:00,future,0,0,C:\Users\Igor\StudioProjects\BartRunnerAndroid\app\src\test\resources\bart_live_20260913_201652\etd\hayw.xml,2026-09-13T20:16:48-07:00
bart_live_20260913_201652,HAYW,Hayward,Orange,ORANGE,Richmond,RICH,2,North,30,2026-09-13T20:46:48-07:00,future,0,0,C:\Users\Igor\StudioProjects\BartRunnerAndroid\app\src\test\resources\bart_live_20260913_201652\etd\hayw.xml,2026-09-13T20:16:48-07:00
bart_live_20260913_201652,HAYW,Hayward,Orange,ORANGE,Richmond,RICH,2,North,50,2026-09-13T21:06:48-07:00,future,0,0,C:\Users\Igor\StudioProjects\BartRunnerAndroid\app\src\test\resources\bart_live_20260913_201652\etd\hayw.xml,2026-09-13T20:16:48-07:00
bart_live_20260913_201652,LAFY,Lafayette,Yellow,YELLOW,Antioch,ANTC,1,North,15,2026-09-13T20:31:48-07:00,future,0,0,C:\Users\Igor\StudioProjects\BartRunnerAndroid\app\src\test\resources\bart_live_20260913_201652\etd\lafy.xml,2026-09-13T20:16:48-07:00
bart_live_20260913_201652,LAFY,Lafayette,Yellow,YELLOW,Antioch,ANTC,1,North,35,2026-09-13T20:51:48-07:00,future,0,0,C:\Users\Igor\StudioProjects\BartRunnerAndroid\app\src\test\resources\bart_live_20260913_201652\etd\lafy.xml,2026-09-13T20:16:48-07:00
bart_live_20260913_201652,LAFY,Lafayette,Yellow,YELLOW,Antioch,ANTC,1,North,55,2026-09-13T21:11:48-07:00,future,0,0,C:\Users\Igor\StudioProjects\BartRunnerAndroid\app\src\test\resources\bart_live_20260913_201652\etd\lafy.xml,2026-09-13T20:16:48-07:00
bart_live_20260913_201652,LAFY,Lafayette,Yellow,YELLOW,SFO/Millbrae,MLBR,2,South,13,2026-09-13T20:29:48-07:00,future,0,0,C:\Users\Igor\StudioProjects\BartRunnerAndroid\app\src\test\resources\bart_live_20260913_201652\etd\lafy.xml,2026-09-13T20:16:48-07:00
bart_live_20260913_201652,LAFY,Lafayette,Yellow,YELLOW,SFO/Millbrae,MLBR,2,South,33,2026-09-13T20:49:48-07:00,future,0,0,C:\Users\Igor\StudioProjects\BartRunnerAndroid\app\src\test\resources\bart_live_20260913_201652\etd\lafy.xml,2026-09-13T20:16:48-07:00
bart_live_20260913_201652,LAFY,Lafayette,Yellow,YELLOW,SFO/Millbrae,MLBR,2,South,53,2026-09-13T21:09:48-07:00,future,0,0,C:\Users\Igor\StudioProjects\BartRunnerAndroid\app\src\test\resources\bart_live_20260913_201652\etd\lafy.xml,2026-09-13T20:16:48-07:00
bart_live_20260913_201652,LAKE,Lake Merritt,Orange,ORANGE,Berryessa,BERY,1,South,18,2026-09-13T20:34:48-07:00,future,0,0,C:\Users\Igor\StudioProjects\BartRunnerAndroid\app\src\test\resources\bart_live_20260913_201652\etd\lake.xml,2026-09-13T20:16:48-07:00
bart_live_20260913_201652,LAKE,Lake Merritt,Orange,ORANGE,Berryessa,BERY,1,South,38,2026-09-13T20:54:48-07:00,future,0,0,C:\Users\Igor\StudioProjects\BartRunnerAndroid\app\src\test\resources\bart_live_20260913_201652\etd\lake.xml,2026-09-13T20:16:48-07:00
bart_live_20260913_201652,LAKE,Lake Merritt,Orange,ORANGE,Berryessa,BERY,1,South,58,2026-09-13T21:14:48-07:00,future,0,0,C:\Users\Igor\StudioProjects\BartRunnerAndroid\app\src\test\resources\bart_live_20260913_201652\etd\lake.xml,2026-09-13T20:16:48-07:00
bart_live_20260913_201652,LAKE,Lake Merritt,Blue,BLUE,Daly City,DALY,2,South,4,2026-09-13T20:20:48-07:00,future,0,0,C:\Users\Igor\StudioProjects\BartRunnerAndroid\app\src\test\resources\bart_live_20260913_201652\etd\lake.xml,2026-09-13T20:16:48-07:00
bart_live_20260913_201652,LAKE,Lake Merritt,Blue,BLUE,Daly City,DALY,2,South,23,2026-09-13T20:39:48-07:00,future,0,0,C:\Users\Igor\StudioProjects\BartRunnerAndroid\app\src\test\resources\bart_live_20260913_201652\etd\lake.xml,2026-09-13T20:16:48-07:00
bart_live_20260913_201652,LAKE,Lake Merritt,Blue,BLUE,Daly City,DALY,2,South,43,2026-09-13T20:59:48-07:00,future,0,0,C:\Users\Igor\StudioProjects\BartRunnerAndroid\app\src\test\resources\bart_live_20260913_201652\etd\lake.xml,2026-09-13T20:16:48-07:00
bart_live_20260913_201652,LAKE,Lake Merritt,Blue,BLUE,Dublin/Pleasanton,DUBL,1,South,10,2026-09-13T20:26:48-07:00,future,0,0,C:\Users\Igor\StudioProjects\BartRunnerAndroid\app\src\test\resources\bart_live_20260913_201652\etd\lake.xml,2026-09-13T20:16:48-07:00
bart_live_20260913_201652,LAKE,Lake Merritt,Blue,BLUE,Dublin/Pleasanton,DUBL,1,South,31,2026-09-13T20:47:48-07:00,future,0,0,C:\Users\Igor\StudioProjects\BartRunnerAndroid\app\src\test\resources\bart_live_20260913_201652\etd\lake.xml,2026-09-13T20:16:48-07:00
bart_live_20260913_201652,LAKE,Lake Merritt,Blue,BLUE,Dublin/Pleasanton,DUBL,1,South,51,2026-09-13T21:07:48-07:00,future,0,0,C:\Users\Igor\StudioProjects\BartRunnerAndroid\app\src\test\resources\bart_live_20260913_201652\etd\lake.xml,2026-09-13T20:16:48-07:00
bart_live_20260913_201652,LAKE,Lake Merritt,Orange,ORANGE,Richmond,RICH,2,North,14,2026-09-13T20:30:48-07:00,future,0,0,C:\Users\Igor\StudioProjects\BartRunnerAndroid\app\src\test\resources\bart_live_20260913_201652\etd\lake.xml,2026-09-13T20:16:48-07:00
bart_live_20260913_201652,LAKE,Lake Merritt,Orange,ORANGE,Richmond,RICH,2,North,34,2026-09-13T20:50:48-07:00,future,0,0,C:\Users\Igor\StudioProjects\BartRunnerAndroid\app\src\test\resources\bart_live_20260913_201652\etd\lake.xml,2026-09-13T20:16:48-07:00
bart_live_20260913_201652,LAKE,Lake Merritt,Orange,ORANGE,Richmond,RICH,2,North,54,2026-09-13T21:10:48-07:00,future,0,0,C:\Users\Igor\StudioProjects\BartRunnerAndroid\app\src\test\resources\bart_live_20260913_201652\etd\lake.xml,2026-09-13T20:16:48-07:00
bart_live_20260913_201652,MCAR,MacArthur,Yellow,YELLOW,Antioch,ANTC,3,North,2,2026-09-13T20:18:47-07:00,future,0,0,C:\Users\Igor\StudioProjects\BartRunnerAndroid\app\src\test\resources\bart_live_20260913_201652\etd\mcar.xml,2026-09-13T20:16:47-07:00
bart_live_20260913_201652,MCAR,MacArthur,Yellow,YELLOW,Antioch,ANTC,3,North,22,2026-09-13T20:38:47-07:00,future,0,0,C:\Users\Igor\StudioProjects\BartRunnerAndroid\app\src\test\resources\bart_live_20260913_201652\etd\mcar.xml,2026-09-13T20:16:47-07:00
bart_live_20260913_201652,MCAR,MacArthur,Yellow,YELLOW,Antioch,ANTC,3,North,42,2026-09-13T20:58:47-07:00,future,0,0,C:\Users\Igor\StudioProjects\BartRunnerAndroid\app\src\test\resources\bart_live_20260913_201652\etd\mcar.xml,2026-09-13T20:16:47-07:00
bart_live_20260913_201652,MCAR,MacArthur,Orange,ORANGE,Berryessa,BERY,2,South,9,2026-09-13T20:25:47-07:00,future,0,0,C:\Users\Igor\StudioProjects\BartRunnerAndroid\app\src\test\resources\bart_live_20260913_201652\etd\mcar.xml,2026-09-13T20:16:47-07:00
bart_live_20260913_201652,MCAR,MacArthur,Orange,ORANGE,Berryessa,BERY,2,South,29,2026-09-13T20:45:47-07:00,future,0,0,C:\Users\Igor\StudioProjects\BartRunnerAndroid\app\src\test\resources\bart_live_20260913_201652\etd\mcar.xml,2026-09-13T20:16:47-07:00
bart_live_20260913_201652,MCAR,MacArthur,Orange,ORANGE,Berryessa,BERY,2,South,49,2026-09-13T21:05:47-07:00,future,0,0,C:\Users\Igor\StudioProjects\BartRunnerAndroid\app\src\test\resources\bart_live_20260913_201652\etd\mcar.xml,2026-09-13T20:16:47-07:00
bart_live_20260913_201652,MCAR,MacArthur,Orange,ORANGE,Richmond,RICH,1,North,2,2026-09-13T20:18:47-07:00,future,0,0,C:\Users\Igor\StudioProjects\BartRunnerAndroid\app\src\test\resources\bart_live_20260913_201652\etd\mcar.xml,2026-09-13T20:16:47-07:00
bart_live_20260913_201652,MCAR,MacArthur,Red,RED,Richmond,RICH,1,North,11,2026-09-13T20:27:47-07:00,future,61,0,C:\Users\Igor\StudioProjects\BartRunnerAndroid\app\src\test\resources\bart_live_20260913_201652\etd\mcar.xml,2026-09-13T20:16:47-07:00
bart_live_20260913_201652,MCAR,MacArthur,Orange,ORANGE,Richmond,RICH,1,North,22,2026-09-13T20:38:47-07:00,future,0,0,C:\Users\Igor\StudioProjects\BartRunnerAndroid\app\src\test\resources\bart_live_20260913_201652\etd\mcar.xml,2026-09-13T20:16:47-07:00
bart_live_20260913_201652,MCAR,MacArthur,Yellow,YELLOW,SFO/Millbrae,MLBR,4,South,7,2026-09-13T20:23:47-07:00,future,0,0,C:\Users\Igor\StudioProjects\BartRunnerAndroid\app\src\test\resources\bart_live_20260913_201652\etd\mcar.xml,2026-09-13T20:16:47-07:00
bart_live_20260913_201652,MCAR,MacArthur,Yellow,YELLOW,SFO/Millbrae,MLBR,4,South,27,2026-09-13T20:43:47-07:00,future,0,0,C:\Users\Igor\StudioProjects\BartRunnerAndroid\app\src\test\resources\bart_live_20260913_201652\etd\mcar.xml,2026-09-13T20:16:47-07:00
bart_live_20260913_201652,MCAR,MacArthur,Yellow,YELLOW,SFO/Millbrae,MLBR,4,South,47,2026-09-13T21:03:47-07:00,future,0,0,C:\Users\Igor\StudioProjects\BartRunnerAndroid\app\src\test\resources\bart_live_20260913_201652\etd\mcar.xml,2026-09-13T20:16:47-07:00
bart_live_20260913_201652,MLBR,Millbrae,Yellow,YELLOW,Pittsburg/Bay Point,PITT,3,North,42,2026-09-13T20:58:48-07:00,future,0,0,C:\Users\Igor\StudioProjects\BartRunnerAndroid\app\src\test\resources\bart_live_20260913_201652\etd\mlbr.xml,2026-09-13T20:16:48-07:00
bart_live_20260913_201652,MLBR,Millbrae,Red,RED,Richmond,RICH,3,North,15,2026-09-13T20:31:48-07:00,future,0,0,C:\Users\Igor\StudioProjects\BartRunnerAndroid\app\src\test\resources\bart_live_20260913_201652\etd\mlbr.xml,2026-09-13T20:16:48-07:00
bart_live_20260913_201652,MLBR,Millbrae,Red,RED,Richmond,RICH,3,North,35,2026-09-13T20:51:48-07:00,future,0,0,C:\Users\Igor\StudioProjects\BartRunnerAndroid\app\src\test\resources\bart_live_20260913_201652\etd\mlbr.xml,2026-09-13T20:16:48-07:00
bart_live_20260913_201652,MLPT,Milpitas,Orange,ORANGE,Berryessa,BERY,1,South,6,2026-09-13T20:22:48-07:00,future,0,0,C:\Users\Igor\StudioProjects\BartRunnerAndroid\app\src\test\resources\bart_live_20260913_201652\etd\mlpt.xml,2026-09-13T20:16:48-07:00
bart_live_20260913_201652,MLPT,Milpitas,Orange,ORANGE,Berryessa,BERY,1,South,26,2026-09-13T20:42:48-07:00,future,0,0,C:\Users\Igor\StudioProjects\BartRunnerAndroid\app\src\test\resources\bart_live_20260913_201652\etd\mlpt.xml,2026-09-13T20:16:48-07:00
bart_live_20260913_201652,MLPT,Milpitas,Orange,ORANGE,Berryessa,BERY,1,South,45,2026-09-13T21:01:48-07:00,future,0,0,C:\Users\Igor\StudioProjects\BartRunnerAndroid\app\src\test\resources\bart_live_20260913_201652\etd\mlpt.xml,2026-09-13T20:16:48-07:00
bart_live_20260913_201652,MLPT,Milpitas,Orange,ORANGE,Richmond,RICH,2,North,3,2026-09-13T20:19:48-07:00,future,0,0,C:\Users\Igor\StudioProjects\BartRunnerAndroid\app\src\test\resources\bart_live_20260913_201652\etd\mlpt.xml,2026-09-13T20:16:48-07:00
bart_live_20260913_201652,MLPT,Milpitas,Orange,ORANGE,Richmond,RICH,2,North,22,2026-09-13T20:38:48-07:00,future,0,0,C:\Users\Igor\StudioProjects\BartRunnerAndroid\app\src\test\resources\bart_live_20260913_201652\etd\mlpt.xml,2026-09-13T20:16:48-07:00
bart_live_20260913_201652,MLPT,Milpitas,Orange,ORANGE,Richmond,RICH,2,North,42,2026-09-13T20:58:48-07:00,future,0,0,C:\Users\Igor\StudioProjects\BartRunnerAndroid\app\src\test\resources\bart_live_20260913_201652\etd\mlpt.xml,2026-09-13T20:16:48-07:00
bart_live_20260913_201652,MONT,Montgomery St.,Yellow,YELLOW,Antioch,ANTC,2,North,5,2026-09-13T20:21:48-07:00,future,106,0,C:\Users\Igor\StudioProjects\BartRunnerAndroid\app\src\test\resources\bart_live_20260913_201652\etd\mont.xml,2026-09-13T20:16:48-07:00
bart_live_20260913_201652,MONT,Montgomery St.,Yellow,YELLOW,Antioch,ANTC,2,North,23,2026-09-13T20:39:48-07:00,future,0,0,C:\Users\Igor\StudioProjects\BartRunnerAndroid\app\src\test\resources\bart_live_20260913_201652\etd\mont.xml,2026-09-13T20:16:48-07:00
bart_live_20260913_201652,MONT,Montgomery St.,Yellow,YELLOW,Antioch,ANTC,2,North,43,2026-09-13T20:59:48-07:00,future,0,0,C:\Users\Igor\StudioProjects\BartRunnerAndroid\app\src\test\resources\bart_live_20260913_201652\etd\mont.xml,2026-09-13T20:16:48-07:00
bart_live_20260913_201652,MONT,Montgomery St.,Blue,BLUE,Daly City,DALY,1,South,17,2026-09-13T20:33:48-07:00,future,0,0,C:\Users\Igor\StudioProjects\BartRunnerAndroid\app\src\test\resources\bart_live_20260913_201652\etd\mont.xml,2026-09-13T20:16:48-07:00
bart_live_20260913_201652,MONT,Montgomery St.,Blue,BLUE,Daly City,DALY,1,South,37,2026-09-13T20:53:48-07:00,future,0,0,C:\Users\Igor\StudioProjects\BartRunnerAndroid\app\src\test\resources\bart_live_20260913_201652\etd\mont.xml,2026-09-13T20:16:48-07:00
bart_live_20260913_201652,MONT,Montgomery St.,Blue,BLUE,Daly City,DALY,1,South,57,2026-09-13T21:13:48-07:00,future,0,0,C:\Users\Igor\StudioProjects\BartRunnerAndroid\app\src\test\resources\bart_live_20260913_201652\etd\mont.xml,2026-09-13T20:16:48-07:00
bart_live_20260913_201652,MONT,Montgomery St.,Blue,BLUE,Dublin/Pleasanton,DUBL,2,North,16,2026-09-13T20:32:48-07:00,future,0,0,C:\Users\Igor\StudioProjects\BartRunnerAndroid\app\src\test\resources\bart_live_20260913_201652\etd\mont.xml,2026-09-13T20:16:48-07:00
bart_live_20260913_201652,MONT,Montgomery St.,Blue,BLUE,Dublin/Pleasanton,DUBL,2,North,36,2026-09-13T20:52:48-07:00,future,0,0,C:\Users\Igor\StudioProjects\BartRunnerAndroid\app\src\test\resources\bart_live_20260913_201652\etd\mont.xml,2026-09-13T20:16:48-07:00
bart_live_20260913_201652,MONT,Montgomery St.,Blue,BLUE,Dublin/Pleasanton,DUBL,2,North,56,2026-09-13T21:12:48-07:00,future,0,0,C:\Users\Igor\StudioProjects\BartRunnerAndroid\app\src\test\resources\bart_live_20260913_201652\etd\mont.xml,2026-09-13T20:16:48-07:00
bart_live_20260913_201652,MONT,Montgomery St.,Red,RED,Richmond,RICH,2,North,13,2026-09-13T20:29:48-07:00,future,94,0,C:\Users\Igor\StudioProjects\BartRunnerAndroid\app\src\test\resources\bart_live_20260913_201652\etd\mont.xml,2026-09-13T20:16:48-07:00
bart_live_20260913_201652,MONT,Montgomery St.,Red,RED,Richmond,RICH,2,North,32,2026-09-13T20:48:48-07:00,future,0,0,C:\Users\Igor\StudioProjects\BartRunnerAndroid\app\src\test\resources\bart_live_20260913_201652\etd\mont.xml,2026-09-13T20:16:48-07:00
bart_live_20260913_201652,MONT,Montgomery St.,Red,RED,Richmond,RICH,2,North,52,2026-09-13T21:08:48-07:00,future,0,0,C:\Users\Igor\StudioProjects\BartRunnerAndroid\app\src\test\resources\bart_live_20260913_201652\etd\mont.xml,2026-09-13T20:16:48-07:00
bart_live_20260913_201652,MONT,Montgomery St.,Yellow,YELLOW,SFO/Millbrae,MLBR,1,South,7,2026-09-13T20:23:48-07:00,future,65,0,C:\Users\Igor\StudioProjects\BartRunnerAndroid\app\src\test\resources\bart_live_20260913_201652\etd\mont.xml,2026-09-13T20:16:48-07:00
bart_live_20260913_201652,MONT,Montgomery St.,Yellow,YELLOW,SFO/Millbrae,MLBR,1,South,26,2026-09-13T20:42:48-07:00,future,0,0,C:\Users\Igor\StudioProjects\BartRunnerAndroid\app\src\test\resources\bart_live_20260913_201652\etd\mont.xml,2026-09-13T20:16:48-07:00
bart_live_20260913_201652,MONT,Montgomery St.,Yellow,YELLOW,SFO/Millbrae,MLBR,1,South,46,2026-09-13T21:02:48-07:00,future,0,0,C:\Users\Igor\StudioProjects\BartRunnerAndroid\app\src\test\resources\bart_live_20260913_201652\etd\mont.xml,2026-09-13T20:16:48-07:00
bart_live_20260913_201652,NBRK,North Berkeley,Orange,ORANGE,Berryessa,BERY,2,South,19,2026-09-13T20:35:48-07:00,future,0,0,C:\Users\Igor\StudioProjects\BartRunnerAndroid\app\src\test\resources\bart_live_20260913_201652\etd\nbrk.xml,2026-09-13T20:16:48-07:00
bart_live_20260913_201652,NBRK,North Berkeley,Orange,ORANGE,Berryessa,BERY,2,South,39,2026-09-13T20:55:48-07:00,future,0,0,C:\Users\Igor\StudioProjects\BartRunnerAndroid\app\src\test\resources\bart_live_20260913_201652\etd\nbrk.xml,2026-09-13T20:16:48-07:00
bart_live_20260913_201652,NBRK,North Berkeley,Red,RED,Richmond,RICH,1,North,Leaving,2026-09-13T20:16:48-07:00,leaving,134,0,C:\Users\Igor\StudioProjects\BartRunnerAndroid\app\src\test\resources\bart_live_20260913_201652\etd\nbrk.xml,2026-09-13T20:16:48-07:00
bart_live_20260913_201652,NBRK,North Berkeley,Orange,ORANGE,Richmond,RICH,1,North,10,2026-09-13T20:26:48-07:00,future,0,0,C:\Users\Igor\StudioProjects\BartRunnerAndroid\app\src\test\resources\bart_live_20260913_201652\etd\nbrk.xml,2026-09-13T20:16:48-07:00
bart_live_20260913_201652,NBRK,North Berkeley,Red,RED,Richmond,RICH,1,North,19,2026-09-13T20:35:48-07:00,future,0,0,C:\Users\Igor\StudioProjects\BartRunnerAndroid\app\src\test\resources\bart_live_20260913_201652\etd\nbrk.xml,2026-09-13T20:16:48-07:00
bart_live_20260913_201652,NCON,North Concord/Martinez,Yellow,YELLOW,Antioch,ANTC,1,North,11,2026-09-13T20:27:48-07:00,future,0,0,C:\Users\Igor\StudioProjects\BartRunnerAndroid\app\src\test\resources\bart_live_20260913_201652\etd\ncon.xml,2026-09-13T20:16:48-07:00
bart_live_20260913_201652,NCON,North Concord/Martinez,Yellow,YELLOW,Antioch,ANTC,1,North,31,2026-09-13T20:47:48-07:00,future,0,0,C:\Users\Igor\StudioProjects\BartRunnerAndroid\app\src\test\resources\bart_live_20260913_201652\etd\ncon.xml,2026-09-13T20:16:48-07:00
bart_live_20260913_201652,NCON,North Concord/Martinez,Yellow,YELLOW,Antioch,ANTC,1,North,51,2026-09-13T21:07:48-07:00,future,0,0,C:\Users\Igor\StudioProjects\BartRunnerAndroid\app\src\test\resources\bart_live_20260913_201652\etd\ncon.xml,2026-09-13T20:16:48-07:00
bart_live_20260913_201652,NCON,North Concord/Martinez,Yellow,YELLOW,SFO/Millbrae,MLBR,2,South,16,2026-09-13T20:32:48-07:00,future,0,0,C:\Users\Igor\StudioProjects\BartRunnerAndroid\app\src\test\resources\bart_live_20260913_201652\etd\ncon.xml,2026-09-13T20:16:48-07:00
bart_live_20260913_201652,NCON,North Concord/Martinez,Yellow,YELLOW,SFO/Millbrae,MLBR,2,South,36,2026-09-13T20:52:48-07:00,future,0,0,C:\Users\Igor\StudioProjects\BartRunnerAndroid\app\src\test\resources\bart_live_20260913_201652\etd\ncon.xml,2026-09-13T20:16:48-07:00
bart_live_20260913_201652,ORIN,Orinda,Yellow,YELLOW,Antioch,ANTC,1,North,10,2026-09-13T20:26:47-07:00,future,0,0,C:\Users\Igor\StudioProjects\BartRunnerAndroid\app\src\test\resources\bart_live_20260913_201652\etd\orin.xml,2026-09-13T20:16:47-07:00
bart_live_20260913_201652,ORIN,Orinda,Yellow,YELLOW,Antioch,ANTC,1,North,30,2026-09-13T20:46:47-07:00,future,0,0,C:\Users\Igor\StudioProjects\BartRunnerAndroid\app\src\test\resources\bart_live_20260913_201652\etd\orin.xml,2026-09-13T20:16:47-07:00
bart_live_20260913_201652,ORIN,Orinda,Yellow,YELLOW,Antioch,ANTC,1,North,50,2026-09-13T21:06:47-07:00,future,0,0,C:\Users\Igor\StudioProjects\BartRunnerAndroid\app\src\test\resources\bart_live_20260913_201652\etd\orin.xml,2026-09-13T20:16:47-07:00
bart_live_20260913_201652,ORIN,Orinda,Yellow,YELLOW,SFO/Millbrae,MLBR,2,South,18,2026-09-13T20:34:47-07:00,future,0,0,C:\Users\Igor\StudioProjects\BartRunnerAndroid\app\src\test\resources\bart_live_20260913_201652\etd\orin.xml,2026-09-13T20:16:47-07:00
bart_live_20260913_201652,ORIN,Orinda,Yellow,YELLOW,SFO/Millbrae,MLBR,2,South,38,2026-09-13T20:54:47-07:00,future,0,0,C:\Users\Igor\StudioProjects\BartRunnerAndroid\app\src\test\resources\bart_live_20260913_201652\etd\orin.xml,2026-09-13T20:16:47-07:00
bart_live_20260913_201652,ORIN,Orinda,Yellow,YELLOW,SFO/Millbrae,MLBR,2,South,58,2026-09-13T21:14:47-07:00,future,0,0,C:\Users\Igor\StudioProjects\BartRunnerAndroid\app\src\test\resources\bart_live_20260913_201652\etd\orin.xml,2026-09-13T20:16:47-07:00
bart_live_20260913_201652,PCTR,Pittsburg Center,Yellow,YELLOW,Antioch,ANTC,1,North,10,2026-09-13T20:26:48-07:00,future,0,0,C:\Users\Igor\StudioProjects\BartRunnerAndroid\app\src\test\resources\bart_live_20260913_201652\etd\pctr.xml,2026-09-13T20:16:48-07:00
bart_live_20260913_201652,PCTR,Pittsburg Center,Yellow,YELLOW,Antioch,ANTC,1,North,30,2026-09-13T20:46:48-07:00,future,0,0,C:\Users\Igor\StudioProjects\BartRunnerAndroid\app\src\test\resources\bart_live_20260913_201652\etd\pctr.xml,2026-09-13T20:16:48-07:00
bart_live_20260913_201652,PCTR,Pittsburg Center,Yellow,YELLOW,Antioch,ANTC,1,North,50,2026-09-13T21:06:48-07:00,future,0,0,C:\Users\Igor\StudioProjects\BartRunnerAndroid\app\src\test\resources\bart_live_20260913_201652\etd\pctr.xml,2026-09-13T20:16:48-07:00
bart_live_20260913_201652,PCTR,Pittsburg Center,Yellow,YELLOW,SFO/Millbrae,MLBR,2,South,19,2026-09-13T20:35:48-07:00,future,0,0,C:\Users\Igor\StudioProjects\BartRunnerAndroid\app\src\test\resources\bart_live_20260913_201652\etd\pctr.xml,2026-09-13T20:16:48-07:00
bart_live_20260913_201652,PCTR,Pittsburg Center,Yellow,YELLOW,SFO/Millbrae,MLBR,2,South,39,2026-09-13T20:55:48-07:00,future,0,0,C:\Users\Igor\StudioProjects\BartRunnerAndroid\app\src\test\resources\bart_live_20260913_201652\etd\pctr.xml,2026-09-13T20:16:48-07:00
bart_live_20260913_201652,PCTR,Pittsburg Center,Yellow,YELLOW,SFO/Millbrae,MLBR,2,South,59,2026-09-13T21:15:48-07:00,future,0,0,C:\Users\Igor\StudioProjects\BartRunnerAndroid\app\src\test\resources\bart_live_20260913_201652\etd\pctr.xml,2026-09-13T20:16:48-07:00
bart_live_20260913_201652,PHIL,Pleasant Hill/Contra Costa Centre,Yellow,YELLOW,Antioch,ANTC,1,North,2,2026-09-13T20:18:47-07:00,future,0,0,C:\Users\Igor\StudioProjects\BartRunnerAndroid\app\src\test\resources\bart_live_20260913_201652\etd\phil.xml,2026-09-13T20:16:47-07:00
bart_live_20260913_201652,PHIL,Pleasant Hill/Contra Costa Centre,Yellow,YELLOW,Antioch,ANTC,1,North,22,2026-09-13T20:38:47-07:00,future,0,0,C:\Users\Igor\StudioProjects\BartRunnerAndroid\app\src\test\resources\bart_live_20260913_201652\etd\phil.xml,2026-09-13T20:16:47-07:00
bart_live_20260913_201652,PHIL,Pleasant Hill/Contra Costa Centre,Yellow,YELLOW,Antioch,ANTC,1,North,42,2026-09-13T20:58:47-07:00,future,0,0,C:\Users\Igor\StudioProjects\BartRunnerAndroid\app\src\test\resources\bart_live_20260913_201652\etd\phil.xml,2026-09-13T20:16:47-07:00
bart_live_20260913_201652,PHIL,Pleasant Hill/Contra Costa Centre,Yellow,YELLOW,SFO/Millbrae,MLBR,2,South,6,2026-09-13T20:22:47-07:00,future,66,0,C:\Users\Igor\StudioProjects\BartRunnerAndroid\app\src\test\resources\bart_live_20260913_201652\etd\phil.xml,2026-09-13T20:16:47-07:00
bart_live_20260913_201652,PHIL,Pleasant Hill/Contra Costa Centre,Yellow,YELLOW,SFO/Millbrae,MLBR,2,South,25,2026-09-13T20:41:47-07:00,future,0,0,C:\Users\Igor\StudioProjects\BartRunnerAndroid\app\src\test\resources\bart_live_20260913_201652\etd\phil.xml,2026-09-13T20:16:47-07:00
bart_live_20260913_201652,PHIL,Pleasant Hill/Contra Costa Centre,Yellow,YELLOW,SFO/Millbrae,MLBR,2,South,45,2026-09-13T21:01:47-07:00,future,0,0,C:\Users\Igor\StudioProjects\BartRunnerAndroid\app\src\test\resources\bart_live_20260913_201652\etd\phil.xml,2026-09-13T20:16:47-07:00
bart_live_20260913_201652,PITT,Pittsburg/Bay Point,Yellow,YELLOW,Antioch,ANTC,1,North,Leaving,2026-09-13T20:16:47-07:00,leaving,0,0,C:\Users\Igor\StudioProjects\BartRunnerAndroid\app\src\test\resources\bart_live_20260913_201652\etd\pitt.xml,2026-09-13T20:16:47-07:00
bart_live_20260913_201652,PITT,Pittsburg/Bay Point,Yellow,YELLOW,Antioch,ANTC,1,North,18,2026-09-13T20:34:47-07:00,future,0,0,C:\Users\Igor\StudioProjects\BartRunnerAndroid\app\src\test\resources\bart_live_20260913_201652\etd\pitt.xml,2026-09-13T20:16:47-07:00
bart_live_20260913_201652,PITT,Pittsburg/Bay Point,Yellow,YELLOW,Antioch,ANTC,1,North,38,2026-09-13T20:54:47-07:00,future,0,0,C:\Users\Igor\StudioProjects\BartRunnerAndroid\app\src\test\resources\bart_live_20260913_201652\etd\pitt.xml,2026-09-13T20:16:47-07:00
bart_live_20260913_201652,PITT,Pittsburg/Bay Point,Yellow,YELLOW,SFO/Millbrae,MLBR,2,South,10,2026-09-13T20:26:47-07:00,future,0,0,C:\Users\Igor\StudioProjects\BartRunnerAndroid\app\src\test\resources\bart_live_20260913_201652\etd\pitt.xml,2026-09-13T20:16:47-07:00
bart_live_20260913_201652,PITT,Pittsburg/Bay Point,Yellow,YELLOW,SFO/Millbrae,MLBR,2,South,30,2026-09-13T20:46:47-07:00,future,0,0,C:\Users\Igor\StudioProjects\BartRunnerAndroid\app\src\test\resources\bart_live_20260913_201652\etd\pitt.xml,2026-09-13T20:16:47-07:00
bart_live_20260913_201652,PLZA,El Cerrito Plaza,Orange,ORANGE,Berryessa,BERY,2,South,15,2026-09-13T20:31:47-07:00,future,0,0,C:\Users\Igor\StudioProjects\BartRunnerAndroid\app\src\test\resources\bart_live_20260913_201652\etd\plza.xml,2026-09-13T20:16:47-07:00
bart_live_20260913_201652,PLZA,El Cerrito Plaza,Orange,ORANGE,Berryessa,BERY,2,South,35,2026-09-13T20:51:47-07:00,future,0,0,C:\Users\Igor\StudioProjects\BartRunnerAndroid\app\src\test\resources\bart_live_20260913_201652\etd\plza.xml,2026-09-13T20:16:47-07:00
bart_live_20260913_201652,PLZA,El Cerrito Plaza,Red,RED,Richmond,RICH,1,North,3,2026-09-13T20:19:47-07:00,future,122,0,C:\Users\Igor\StudioProjects\BartRunnerAndroid\app\src\test\resources\bart_live_20260913_201652\etd\plza.xml,2026-09-13T20:16:47-07:00
bart_live_20260913_201652,PLZA,El Cerrito Plaza,Orange,ORANGE,Richmond,RICH,1,North,14,2026-09-13T20:30:47-07:00,future,0,0,C:\Users\Igor\StudioProjects\BartRunnerAndroid\app\src\test\resources\bart_live_20260913_201652\etd\plza.xml,2026-09-13T20:16:47-07:00
bart_live_20260913_201652,PLZA,El Cerrito Plaza,Red,RED,Richmond,RICH,1,North,22,2026-09-13T20:38:47-07:00,future,0,0,C:\Users\Igor\StudioProjects\BartRunnerAndroid\app\src\test\resources\bart_live_20260913_201652\etd\plza.xml,2026-09-13T20:16:47-07:00
bart_live_20260913_201652,POWL,Powell St.,Yellow,YELLOW,Antioch,ANTC,2,North,3,2026-09-13T20:19:47-07:00,future,109,0,C:\Users\Igor\StudioProjects\BartRunnerAndroid\app\src\test\resources\bart_live_20260913_201652\etd\powl.xml,2026-09-13T20:16:47-07:00
bart_live_20260913_201652,POWL,Powell St.,Yellow,YELLOW,Antioch,ANTC,2,North,21,2026-09-13T20:37:47-07:00,future,0,0,C:\Users\Igor\StudioProjects\BartRunnerAndroid\app\src\test\resources\bart_live_20260913_201652\etd\powl.xml,2026-09-13T20:16:47-07:00
bart_live_20260913_201652,POWL,Powell St.,Yellow,YELLOW,Antioch,ANTC,2,North,41,2026-09-13T20:57:47-07:00,future,0,0,C:\Users\Igor\StudioProjects\BartRunnerAndroid\app\src\test\resources\bart_live_20260913_201652\etd\powl.xml,2026-09-13T20:16:47-07:00
bart_live_20260913_201652,POWL,Powell St.,Blue,BLUE,Daly City,DALY,1,South,19,2026-09-13T20:35:47-07:00,future,0,0,C:\Users\Igor\StudioProjects\BartRunnerAndroid\app\src\test\resources\bart_live_20260913_201652\etd\powl.xml,2026-09-13T20:16:47-07:00
bart_live_20260913_201652,POWL,Powell St.,Blue,BLUE,Daly City,DALY,1,South,39,2026-09-13T20:55:47-07:00,future,0,0,C:\Users\Igor\StudioProjects\BartRunnerAndroid\app\src\test\resources\bart_live_20260913_201652\etd\powl.xml,2026-09-13T20:16:47-07:00
bart_live_20260913_201652,POWL,Powell St.,Blue,BLUE,Daly City,DALY,1,South,59,2026-09-13T21:15:47-07:00,future,0,0,C:\Users\Igor\StudioProjects\BartRunnerAndroid\app\src\test\resources\bart_live_20260913_201652\etd\powl.xml,2026-09-13T20:16:47-07:00
bart_live_20260913_201652,POWL,Powell St.,Blue,BLUE,Dublin/Pleasanton,DUBL,2,North,14,2026-09-13T20:30:47-07:00,future,0,0,C:\Users\Igor\StudioProjects\BartRunnerAndroid\app\src\test\resources\bart_live_20260913_201652\etd\powl.xml,2026-09-13T20:16:47-07:00
bart_live_20260913_201652,POWL,Powell St.,Blue,BLUE,Dublin/Pleasanton,DUBL,2,North,34,2026-09-13T20:50:47-07:00,future,0,0,C:\Users\Igor\StudioProjects\BartRunnerAndroid\app\src\test\resources\bart_live_20260913_201652\etd\powl.xml,2026-09-13T20:16:47-07:00
bart_live_20260913_201652,POWL,Powell St.,Blue,BLUE,Dublin/Pleasanton,DUBL,2,North,54,2026-09-13T21:10:47-07:00,future,0,0,C:\Users\Igor\StudioProjects\BartRunnerAndroid\app\src\test\resources\bart_live_20260913_201652\etd\powl.xml,2026-09-13T20:16:47-07:00
bart_live_20260913_201652,POWL,Powell St.,Red,RED,Richmond,RICH,2,North,12,2026-09-13T20:28:47-07:00,future,103,0,C:\Users\Igor\StudioProjects\BartRunnerAndroid\app\src\test\resources\bart_live_20260913_201652\etd\powl.xml,2026-09-13T20:16:47-07:00
bart_live_20260913_201652,POWL,Powell St.,Red,RED,Richmond,RICH,2,North,30,2026-09-13T20:46:47-07:00,future,0,0,C:\Users\Igor\StudioProjects\BartRunnerAndroid\app\src\test\resources\bart_live_20260913_201652\etd\powl.xml,2026-09-13T20:16:47-07:00
bart_live_20260913_201652,POWL,Powell St.,Red,RED,Richmond,RICH,2,North,50,2026-09-13T21:06:47-07:00,future,0,0,C:\Users\Igor\StudioProjects\BartRunnerAndroid\app\src\test\resources\bart_live_20260913_201652\etd\powl.xml,2026-09-13T20:16:47-07:00
bart_live_20260913_201652,POWL,Powell St.,Yellow,YELLOW,SFO/Millbrae,MLBR,1,South,9,2026-09-13T20:25:47-07:00,future,66,0,C:\Users\Igor\StudioProjects\BartRunnerAndroid\app\src\test\resources\bart_live_20260913_201652\etd\powl.xml,2026-09-13T20:16:47-07:00
bart_live_20260913_201652,POWL,Powell St.,Yellow,YELLOW,SFO/Millbrae,MLBR,1,South,28,2026-09-13T20:44:47-07:00,future,0,0,C:\Users\Igor\StudioProjects\BartRunnerAndroid\app\src\test\resources\bart_live_20260913_201652\etd\powl.xml,2026-09-13T20:16:47-07:00
bart_live_20260913_201652,POWL,Powell St.,Yellow,YELLOW,SFO/Millbrae,MLBR,1,South,48,2026-09-13T21:04:47-07:00,future,0,0,C:\Users\Igor\StudioProjects\BartRunnerAndroid\app\src\test\resources\bart_live_20260913_201652\etd\powl.xml,2026-09-13T20:16:47-07:00
bart_live_20260913_201652,RICH,Richmond,Orange,ORANGE,Berryessa,BERY,2,South,6,2026-09-13T20:22:48-07:00,future,0,0,C:\Users\Igor\StudioProjects\BartRunnerAndroid\app\src\test\resources\bart_live_20260913_201652\etd\rich.xml,2026-09-13T20:16:48-07:00
bart_live_20260913_201652,RICH,Richmond,Orange,ORANGE,Berryessa,BERY,2,South,26,2026-09-13T20:42:48-07:00,future,0,0,C:\Users\Igor\StudioProjects\BartRunnerAndroid\app\src\test\resources\bart_live_20260913_201652\etd\rich.xml,2026-09-13T20:16:48-07:00
bart_live_20260913_201652,ROCK,Rockridge,Yellow,YELLOW,Antioch,ANTC,1,North,5,2026-09-13T20:21:48-07:00,future,0,0,C:\Users\Igor\StudioProjects\BartRunnerAndroid\app\src\test\resources\bart_live_20260913_201652\etd\rock.xml,2026-09-13T20:16:48-07:00
bart_live_20260913_201652,ROCK,Rockridge,Yellow,YELLOW,Antioch,ANTC,1,North,25,2026-09-13T20:41:48-07:00,future,0,0,C:\Users\Igor\StudioProjects\BartRunnerAndroid\app\src\test\resources\bart_live_20260913_201652\etd\rock.xml,2026-09-13T20:16:48-07:00
bart_live_20260913_201652,ROCK,Rockridge,Yellow,YELLOW,Antioch,ANTC,1,North,45,2026-09-13T21:01:48-07:00,future,0,0,C:\Users\Igor\StudioProjects\BartRunnerAndroid\app\src\test\resources\bart_live_20260913_201652\etd\rock.xml,2026-09-13T20:16:48-07:00
bart_live_20260913_201652,ROCK,Rockridge,Yellow,YELLOW,SFO/Millbrae,MLBR,2,South,4,2026-09-13T20:20:48-07:00,future,0,0,C:\Users\Igor\StudioProjects\BartRunnerAndroid\app\src\test\resources\bart_live_20260913_201652\etd\rock.xml,2026-09-13T20:16:48-07:00
bart_live_20260913_201652,ROCK,Rockridge,Yellow,YELLOW,SFO/Millbrae,MLBR,2,South,24,2026-09-13T20:40:48-07:00,future,0,0,C:\Users\Igor\StudioProjects\BartRunnerAndroid\app\src\test\resources\bart_live_20260913_201652\etd\rock.xml,2026-09-13T20:16:48-07:00
bart_live_20260913_201652,ROCK,Rockridge,Yellow,YELLOW,SFO/Millbrae,MLBR,2,South,44,2026-09-13T21:00:48-07:00,future,0,0,C:\Users\Igor\StudioProjects\BartRunnerAndroid\app\src\test\resources\bart_live_20260913_201652\etd\rock.xml,2026-09-13T20:16:48-07:00
bart_live_20260913_201652,SANL,San Leandro,Orange,ORANGE,Berryessa,BERY,1,South,10,2026-09-13T20:26:48-07:00,future,0,0,C:\Users\Igor\StudioProjects\BartRunnerAndroid\app\src\test\resources\bart_live_20260913_201652\etd\sanl.xml,2026-09-13T20:16:48-07:00
bart_live_20260913_201652,SANL,San Leandro,Orange,ORANGE,Berryessa,BERY,1,South,30,2026-09-13T20:46:48-07:00,future,0,0,C:\Users\Igor\StudioProjects\BartRunnerAndroid\app\src\test\resources\bart_live_20260913_201652\etd\sanl.xml,2026-09-13T20:16:48-07:00
bart_live_20260913_201652,SANL,San Leandro,Orange,ORANGE,Berryessa,BERY,1,South,50,2026-09-13T21:06:48-07:00,future,0,0,C:\Users\Igor\StudioProjects\BartRunnerAndroid\app\src\test\resources\bart_live_20260913_201652\etd\sanl.xml,2026-09-13T20:16:48-07:00
bart_live_20260913_201652,SANL,San Leandro,Blue,BLUE,Daly City,DALY,2,South,11,2026-09-13T20:27:48-07:00,future,0,0,C:\Users\Igor\StudioProjects\BartRunnerAndroid\app\src\test\resources\bart_live_20260913_201652\etd\sanl.xml,2026-09-13T20:16:48-07:00
bart_live_20260913_201652,SANL,San Leandro,Blue,BLUE,Daly City,DALY,2,South,31,2026-09-13T20:47:48-07:00,future,0,0,C:\Users\Igor\StudioProjects\BartRunnerAndroid\app\src\test\resources\bart_live_20260913_201652\etd\sanl.xml,2026-09-13T20:16:48-07:00
bart_live_20260913_201652,SANL,San Leandro,Blue,BLUE,Daly City,DALY,2,South,51,2026-09-13T21:07:48-07:00,future,0,0,C:\Users\Igor\StudioProjects\BartRunnerAndroid\app\src\test\resources\bart_live_20260913_201652\etd\sanl.xml,2026-09-13T20:16:48-07:00
bart_live_20260913_201652,SANL,San Leandro,Blue,BLUE,Dublin/Pleasanton,DUBL,1,South,3,2026-09-13T20:19:48-07:00,future,0,0,C:\Users\Igor\StudioProjects\BartRunnerAndroid\app\src\test\resources\bart_live_20260913_201652\etd\sanl.xml,2026-09-13T20:16:48-07:00
bart_live_20260913_201652,SANL,San Leandro,Blue,BLUE,Dublin/Pleasanton,DUBL,1,South,22,2026-09-13T20:38:48-07:00,future,0,0,C:\Users\Igor\StudioProjects\BartRunnerAndroid\app\src\test\resources\bart_live_20260913_201652\etd\sanl.xml,2026-09-13T20:16:48-07:00
bart_live_20260913_201652,SANL,San Leandro,Blue,BLUE,Dublin/Pleasanton,DUBL,1,South,42,2026-09-13T20:58:48-07:00,future,0,0,C:\Users\Igor\StudioProjects\BartRunnerAndroid\app\src\test\resources\bart_live_20260913_201652\etd\sanl.xml,2026-09-13T20:16:48-07:00
bart_live_20260913_201652,SANL,San Leandro,Orange,ORANGE,Richmond,RICH,2,North,2,2026-09-13T20:18:48-07:00,future,0,0,C:\Users\Igor\StudioProjects\BartRunnerAndroid\app\src\test\resources\bart_live_20260913_201652\etd\sanl.xml,2026-09-13T20:16:48-07:00
bart_live_20260913_201652,SANL,San Leandro,Orange,ORANGE,Richmond,RICH,2,North,22,2026-09-13T20:38:48-07:00,future,0,0,C:\Users\Igor\StudioProjects\BartRunnerAndroid\app\src\test\resources\bart_live_20260913_201652\etd\sanl.xml,2026-09-13T20:16:48-07:00
bart_live_20260913_201652,SANL,San Leandro,Orange,ORANGE,Richmond,RICH,2,North,42,2026-09-13T20:58:48-07:00,future,0,0,C:\Users\Igor\StudioProjects\BartRunnerAndroid\app\src\test\resources\bart_live_20260913_201652\etd\sanl.xml,2026-09-13T20:16:48-07:00
bart_live_20260913_201652,SBRN,San Bruno,Yellow,YELLOW,Antioch,ANTC,2,North,16,2026-09-13T20:32:48-07:00,future,0,0,C:\Users\Igor\StudioProjects\BartRunnerAndroid\app\src\test\resources\bart_live_20260913_201652\etd\sbrn.xml,2026-09-13T20:16:48-07:00
bart_live_20260913_201652,SBRN,San Bruno,Yellow,YELLOW,Antioch,ANTC,2,North,36,2026-09-13T20:52:48-07:00,future,0,0,C:\Users\Igor\StudioProjects\BartRunnerAndroid\app\src\test\resources\bart_live_20260913_201652\etd\sbrn.xml,2026-09-13T20:16:48-07:00
bart_live_20260913_201652,SBRN,San Bruno,Red,RED,Millbrae,MLBR,1,South,2,2026-09-13T20:18:48-07:00,future,0,0,C:\Users\Igor\StudioProjects\BartRunnerAndroid\app\src\test\resources\bart_live_20260913_201652\etd\sbrn.xml,2026-09-13T20:16:48-07:00
bart_live_20260913_201652,SBRN,San Bruno,Red,RED,Millbrae,MLBR,1,South,21,2026-09-13T20:37:48-07:00,future,0,0,C:\Users\Igor\StudioProjects\BartRunnerAndroid\app\src\test\resources\bart_live_20260913_201652\etd\sbrn.xml,2026-09-13T20:16:48-07:00
bart_live_20260913_201652,SBRN,San Bruno,Red,RED,Richmond,RICH,2,North,5,2026-09-13T20:21:48-07:00,future,0,0,C:\Users\Igor\StudioProjects\BartRunnerAndroid\app\src\test\resources\bart_live_20260913_201652\etd\sbrn.xml,2026-09-13T20:16:48-07:00
bart_live_20260913_201652,SBRN,San Bruno,Red,RED,Richmond,RICH,2,North,25,2026-09-13T20:41:48-07:00,future,0,0,C:\Users\Igor\StudioProjects\BartRunnerAndroid\app\src\test\resources\bart_live_20260913_201652\etd\sbrn.xml,2026-09-13T20:16:48-07:00
bart_live_20260913_201652,SBRN,San Bruno,Red,RED,Richmond,RICH,2,North,45,2026-09-13T21:01:48-07:00,future,0,0,C:\Users\Igor\StudioProjects\BartRunnerAndroid\app\src\test\resources\bart_live_20260913_201652\etd\sbrn.xml,2026-09-13T20:16:48-07:00
bart_live_20260913_201652,SBRN,San Bruno,Yellow,YELLOW,SF Airport,SFIA,1,South,14,2026-09-13T20:30:48-07:00,future,0,0,C:\Users\Igor\StudioProjects\BartRunnerAndroid\app\src\test\resources\bart_live_20260913_201652\etd\sbrn.xml,2026-09-13T20:16:48-07:00
bart_live_20260913_201652,SBRN,San Bruno,Yellow,YELLOW,SFO/Millbrae,MLBR,1,South,33,2026-09-13T20:49:48-07:00,future,0,0,C:\Users\Igor\StudioProjects\BartRunnerAndroid\app\src\test\resources\bart_live_20260913_201652\etd\sbrn.xml,2026-09-13T20:16:48-07:00
bart_live_20260913_201652,SBRN,San Bruno,Yellow,YELLOW,SFO/Millbrae,MLBR,1,South,53,2026-09-13T21:09:48-07:00,future,0,0,C:\Users\Igor\StudioProjects\BartRunnerAndroid\app\src\test\resources\bart_live_20260913_201652\etd\sbrn.xml,2026-09-13T20:16:48-07:00
bart_live_20260913_201652,SBRN,San Bruno,Yellow,YELLOW,SFO/Millbrae,MLBR,1,South,73,2026-09-13T21:29:48-07:00,future,0,0,C:\Users\Igor\StudioProjects\BartRunnerAndroid\app\src\test\resources\bart_live_20260913_201652\etd\sbrn.xml,2026-09-13T20:16:48-07:00
bart_live_20260913_201652,SFIA,San Francisco Int'l Airport,Yellow,YELLOW,Antioch,ANTC,1,North,13,2026-09-13T20:29:48-07:00,future,0,0,C:\Users\Igor\StudioProjects\BartRunnerAndroid\app\src\test\resources\bart_live_20260913_201652\etd\sfia.xml,2026-09-13T20:16:48-07:00
bart_live_20260913_201652,SFIA,San Francisco Int'l Airport,Yellow,YELLOW,Antioch,ANTC,1,North,33,2026-09-13T20:49:48-07:00,future,0,0,C:\Users\Igor\StudioProjects\BartRunnerAndroid\app\src\test\resources\bart_live_20260913_201652\etd\sfia.xml,2026-09-13T20:16:48-07:00
bart_live_20260913_201652,SFIA,San Francisco Int'l Airport,Red,RED,Millbrae,MLBR,2,South,8,2026-09-13T20:24:48-07:00,future,0,0,C:\Users\Igor\StudioProjects\BartRunnerAndroid\app\src\test\resources\bart_live_20260913_201652\etd\sfia.xml,2026-09-13T20:16:48-07:00
bart_live_20260913_201652,SFIA,San Francisco Int'l Airport,Red,RED,Millbrae,MLBR,2,South,28,2026-09-13T20:44:48-07:00,future,0,0,C:\Users\Igor\StudioProjects\BartRunnerAndroid\app\src\test\resources\bart_live_20260913_201652\etd\sfia.xml,2026-09-13T20:16:48-07:00
bart_live_20260913_201652,SFIA,San Francisco Int'l Airport,Red,RED,Richmond,RICH,2,North,Leaving,2026-09-13T20:16:48-07:00,leaving,0,0,C:\Users\Igor\StudioProjects\BartRunnerAndroid\app\src\test\resources\bart_live_20260913_201652\etd\sfia.xml,2026-09-13T20:16:48-07:00
bart_live_20260913_201652,SFIA,San Francisco Int'l Airport,Red,RED,Richmond,RICH,2,North,22,2026-09-13T20:38:48-07:00,future,0,0,C:\Users\Igor\StudioProjects\BartRunnerAndroid\app\src\test\resources\bart_live_20260913_201652\etd\sfia.xml,2026-09-13T20:16:48-07:00
bart_live_20260913_201652,SFIA,San Francisco Int'l Airport,Red,RED,Richmond,RICH,2,North,42,2026-09-13T20:58:48-07:00,future,0,0,C:\Users\Igor\StudioProjects\BartRunnerAndroid\app\src\test\resources\bart_live_20260913_201652\etd\sfia.xml,2026-09-13T20:16:48-07:00
bart_live_20260913_201652,SHAY,South Hayward,Orange,ORANGE,Berryessa,BERY,1,South,4,2026-09-13T20:20:47-07:00,future,110,0,C:\Users\Igor\StudioProjects\BartRunnerAndroid\app\src\test\resources\bart_live_20260913_201652\etd\shay.xml,2026-09-13T20:16:47-07:00
bart_live_20260913_201652,SHAY,South Hayward,Orange,ORANGE,Berryessa,BERY,1,South,22,2026-09-13T20:38:47-07:00,future,0,0,C:\Users\Igor\StudioProjects\BartRunnerAndroid\app\src\test\resources\bart_live_20260913_201652\etd\shay.xml,2026-09-13T20:16:47-07:00
bart_live_20260913_201652,SHAY,South Hayward,Orange,ORANGE,Berryessa,BERY,1,South,42,2026-09-13T20:58:47-07:00,future,0,0,C:\Users\Igor\StudioProjects\BartRunnerAndroid\app\src\test\resources\bart_live_20260913_201652\etd\shay.xml,2026-09-13T20:16:47-07:00
bart_live_20260913_201652,SHAY,South Hayward,Orange,ORANGE,Richmond,RICH,2,North,6,2026-09-13T20:22:47-07:00,future,0,0,C:\Users\Igor\StudioProjects\BartRunnerAndroid\app\src\test\resources\bart_live_20260913_201652\etd\shay.xml,2026-09-13T20:16:47-07:00
bart_live_20260913_201652,SHAY,South Hayward,Orange,ORANGE,Richmond,RICH,2,North,26,2026-09-13T20:42:47-07:00,future,0,0,C:\Users\Igor\StudioProjects\BartRunnerAndroid\app\src\test\resources\bart_live_20260913_201652\etd\shay.xml,2026-09-13T20:16:47-07:00
bart_live_20260913_201652,SHAY,South Hayward,Orange,ORANGE,Richmond,RICH,2,North,46,2026-09-13T21:02:47-07:00,future,0,0,C:\Users\Igor\StudioProjects\BartRunnerAndroid\app\src\test\resources\bart_live_20260913_201652\etd\shay.xml,2026-09-13T20:16:47-07:00
bart_live_20260913_201652,SSAN,South San Francisco,Yellow,YELLOW,Antioch,ANTC,2,North,Leaving,2026-09-13T20:16:47-07:00,leaving,71,0,C:\Users\Igor\StudioProjects\BartRunnerAndroid\app\src\test\resources\bart_live_20260913_201652\etd\ssan.xml,2026-09-13T20:16:47-07:00
bart_live_20260913_201652,SSAN,South San Francisco,Yellow,YELLOW,Antioch,ANTC,2,North,19,2026-09-13T20:35:47-07:00,future,0,0,C:\Users\Igor\StudioProjects\BartRunnerAndroid\app\src\test\resources\bart_live_20260913_201652\etd\ssan.xml,2026-09-13T20:16:47-07:00
bart_live_20260913_201652,SSAN,South San Francisco,Yellow,YELLOW,Antioch,ANTC,2,North,39,2026-09-13T20:55:47-07:00,future,0,0,C:\Users\Igor\StudioProjects\BartRunnerAndroid\app\src\test\resources\bart_live_20260913_201652\etd\ssan.xml,2026-09-13T20:16:47-07:00
bart_live_20260913_201652,SSAN,South San Francisco,Red,RED,Millbrae,MLBR,1,South,18,2026-09-13T20:34:47-07:00,future,0,0,C:\Users\Igor\StudioProjects\BartRunnerAndroid\app\src\test\resources\bart_live_20260913_201652\etd\ssan.xml,2026-09-13T20:16:47-07:00
bart_live_20260913_201652,SSAN,South San Francisco,Red,RED,Richmond,RICH,2,North,8,2026-09-13T20:24:47-07:00,future,0,0,C:\Users\Igor\StudioProjects\BartRunnerAndroid\app\src\test\resources\bart_live_20260913_201652\etd\ssan.xml,2026-09-13T20:16:47-07:00
bart_live_20260913_201652,SSAN,South San Francisco,Red,RED,Richmond,RICH,2,North,28,2026-09-13T20:44:47-07:00,future,0,0,C:\Users\Igor\StudioProjects\BartRunnerAndroid\app\src\test\resources\bart_live_20260913_201652\etd\ssan.xml,2026-09-13T20:16:47-07:00
bart_live_20260913_201652,SSAN,South San Francisco,Red,RED,Richmond,RICH,2,North,48,2026-09-13T21:04:47-07:00,future,0,0,C:\Users\Igor\StudioProjects\BartRunnerAndroid\app\src\test\resources\bart_live_20260913_201652\etd\ssan.xml,2026-09-13T20:16:47-07:00
bart_live_20260913_201652,SSAN,South San Francisco,Yellow,YELLOW,SF Airport,SFIA,1,South,11,2026-09-13T20:27:47-07:00,future,0,0,C:\Users\Igor\StudioProjects\BartRunnerAndroid\app\src\test\resources\bart_live_20260913_201652\etd\ssan.xml,2026-09-13T20:16:47-07:00
bart_live_20260913_201652,SSAN,South San Francisco,Yellow,YELLOW,SFO/Millbrae,MLBR,1,South,30,2026-09-13T20:46:47-07:00,future,0,0,C:\Users\Igor\StudioProjects\BartRunnerAndroid\app\src\test\resources\bart_live_20260913_201652\etd\ssan.xml,2026-09-13T20:16:47-07:00
bart_live_20260913_201652,SSAN,South San Francisco,Yellow,YELLOW,SFO/Millbrae,MLBR,1,South,50,2026-09-13T21:06:47-07:00,future,0,0,C:\Users\Igor\StudioProjects\BartRunnerAndroid\app\src\test\resources\bart_live_20260913_201652\etd\ssan.xml,2026-09-13T20:16:47-07:00
bart_live_20260913_201652,SSAN,South San Francisco,Yellow,YELLOW,SFO/Millbrae,MLBR,1,South,70,2026-09-13T21:26:47-07:00,future,0,0,C:\Users\Igor\StudioProjects\BartRunnerAndroid\app\src\test\resources\bart_live_20260913_201652\etd\ssan.xml,2026-09-13T20:16:47-07:00
bart_live_20260913_201652,UCTY,Union City,Orange,ORANGE,Richmond,RICH,1,North,Leaving,2026-09-13T20:16:47-07:00,leaving,0,0,C:\Users\Igor\StudioProjects\BartRunnerAndroid\app\src\test\resources\bart_live_20260913_201652\etd\ucty.xml,2026-09-13T20:16:47-07:00
bart_live_20260913_201652,UCTY,Union City,Orange,ORANGE,Richmond,RICH,1,North,21,2026-09-13T20:37:47-07:00,future,0,0,C:\Users\Igor\StudioProjects\BartRunnerAndroid\app\src\test\resources\bart_live_20260913_201652\etd\ucty.xml,2026-09-13T20:16:47-07:00
bart_live_20260913_201652,UCTY,Union City,Orange,ORANGE,Richmond,RICH,1,North,41,2026-09-13T20:57:47-07:00,future,0,0,C:\Users\Igor\StudioProjects\BartRunnerAndroid\app\src\test\resources\bart_live_20260913_201652\etd\ucty.xml,2026-09-13T20:16:47-07:00
bart_live_20260913_201652,WARM,Warm Springs/South Fremont,Orange,ORANGE,Berryessa,BERY,2,South,18,2026-09-13T20:34:47-07:00,future,0,0,C:\Users\Igor\StudioProjects\BartRunnerAndroid\app\src\test\resources\bart_live_20260913_201652\etd\warm.xml,2026-09-13T20:16:47-07:00
bart_live_20260913_201652,WARM,Warm Springs/South Fremont,Orange,ORANGE,Berryessa,BERY,2,South,38,2026-09-13T20:54:47-07:00,future,0,0,C:\Users\Igor\StudioProjects\BartRunnerAndroid\app\src\test\resources\bart_live_20260913_201652\etd\warm.xml,2026-09-13T20:16:47-07:00
bart_live_20260913_201652,WCRK,Walnut Creek,Yellow,YELLOW,Antioch,ANTC,1,North,Leaving,2026-09-13T20:16:48-07:00,leaving,0,0,C:\Users\Igor\StudioProjects\BartRunnerAndroid\app\src\test\resources\bart_live_20260913_201652\etd\wcrk.xml,2026-09-13T20:16:48-07:00
bart_live_20260913_201652,WCRK,Walnut Creek,Yellow,YELLOW,Antioch,ANTC,1,North,20,2026-09-13T20:36:48-07:00,future,0,0,C:\Users\Igor\StudioProjects\BartRunnerAndroid\app\src\test\resources\bart_live_20260913_201652\etd\wcrk.xml,2026-09-13T20:16:48-07:00
bart_live_20260913_201652,WCRK,Walnut Creek,Yellow,YELLOW,Antioch,ANTC,1,North,40,2026-09-13T20:56:48-07:00,future,0,0,C:\Users\Igor\StudioProjects\BartRunnerAndroid\app\src\test\resources\bart_live_20260913_201652\etd\wcrk.xml,2026-09-13T20:16:48-07:00
bart_live_20260913_201652,WCRK,Walnut Creek,Yellow,YELLOW,SFO/Millbrae,MLBR,2,South,9,2026-09-13T20:25:48-07:00,future,61,0,C:\Users\Igor\StudioProjects\BartRunnerAndroid\app\src\test\resources\bart_live_20260913_201652\etd\wcrk.xml,2026-09-13T20:16:48-07:00
bart_live_20260913_201652,WCRK,Walnut Creek,Yellow,YELLOW,SFO/Millbrae,MLBR,2,South,28,2026-09-13T20:44:48-07:00,future,0,0,C:\Users\Igor\StudioProjects\BartRunnerAndroid\app\src\test\resources\bart_live_20260913_201652\etd\wcrk.xml,2026-09-13T20:16:48-07:00
bart_live_20260913_201652,WCRK,Walnut Creek,Yellow,YELLOW,SFO/Millbrae,MLBR,2,South,48,2026-09-13T21:04:48-07:00,future,0,0,C:\Users\Igor\StudioProjects\BartRunnerAndroid\app\src\test\resources\bart_live_20260913_201652\etd\wcrk.xml,2026-09-13T20:16:48-07:00
bart_live_20260913_201652,WDUB,West Dublin/Pleasanton,Blue,BLUE,Daly City,DALY,2,South,12,2026-09-13T20:28:47-07:00,future,0,0,C:\Users\Igor\StudioProjects\BartRunnerAndroid\app\src\test\resources\bart_live_20260913_201652\etd\wdub.xml,2026-09-13T20:16:47-07:00
bart_live_20260913_201652,WDUB,West Dublin/Pleasanton,Blue,BLUE,Daly City,DALY,2,South,32,2026-09-13T20:48:47-07:00,future,0,0,C:\Users\Igor\StudioProjects\BartRunnerAndroid\app\src\test\resources\bart_live_20260913_201652\etd\wdub.xml,2026-09-13T20:16:47-07:00
bart_live_20260913_201652,WDUB,West Dublin/Pleasanton,Blue,BLUE,Dublin/Pleasanton,DUBL,1,North,6,2026-09-13T20:22:47-07:00,future,370,0,C:\Users\Igor\StudioProjects\BartRunnerAndroid\app\src\test\resources\bart_live_20260913_201652\etd\wdub.xml,2026-09-13T20:16:47-07:00
bart_live_20260913_201652,WDUB,West Dublin/Pleasanton,Blue,BLUE,Dublin/Pleasanton,DUBL,1,North,20,2026-09-13T20:36:47-07:00,future,0,0,C:\Users\Igor\StudioProjects\BartRunnerAndroid\app\src\test\resources\bart_live_20260913_201652\etd\wdub.xml,2026-09-13T20:16:47-07:00
bart_live_20260913_201652,WDUB,West Dublin/Pleasanton,Blue,BLUE,Dublin/Pleasanton,DUBL,1,North,40,2026-09-13T20:56:47-07:00,future,0,0,C:\Users\Igor\StudioProjects\BartRunnerAndroid\app\src\test\resources\bart_live_20260913_201652\etd\wdub.xml,2026-09-13T20:16:47-07:00
bart_live_20260913_201652,WOAK,West Oakland,Yellow,YELLOW,Antioch,ANTC,2,North,13,2026-09-13T20:30:02-07:00,future,69,0,C:\Users\Igor\StudioProjects\BartRunnerAndroid\app\src\test\resources\bart_live_20260913_201652\etd\woak.xml,2026-09-13T20:17:02-07:00
bart_live_20260913_201652,WOAK,West Oakland,Yellow,YELLOW,Antioch,ANTC,2,North,31,2026-09-13T20:48:02-07:00,future,0,0,C:\Users\Igor\StudioProjects\BartRunnerAndroid\app\src\test\resources\bart_live_20260913_201652\etd\woak.xml,2026-09-13T20:17:02-07:00
bart_live_20260913_201652,WOAK,West Oakland,Yellow,YELLOW,Antioch,ANTC,2,North,51,2026-09-13T21:08:02-07:00,future,0,0,C:\Users\Igor\StudioProjects\BartRunnerAndroid\app\src\test\resources\bart_live_20260913_201652\etd\woak.xml,2026-09-13T20:17:02-07:00
bart_live_20260913_201652,WOAK,West Oakland,Blue,BLUE,Daly City,DALY,1,South,8,2026-09-13T20:25:02-07:00,future,0,0,C:\Users\Igor\StudioProjects\BartRunnerAndroid\app\src\test\resources\bart_live_20260913_201652\etd\woak.xml,2026-09-13T20:17:02-07:00
bart_live_20260913_201652,WOAK,West Oakland,Blue,BLUE,Daly City,DALY,1,South,28,2026-09-13T20:45:02-07:00,future,0,0,C:\Users\Igor\StudioProjects\BartRunnerAndroid\app\src\test\resources\bart_live_20260913_201652\etd\woak.xml,2026-09-13T20:17:02-07:00
bart_live_20260913_201652,WOAK,West Oakland,Blue,BLUE,Daly City,DALY,1,South,48,2026-09-13T21:05:02-07:00,future,0,0,C:\Users\Igor\StudioProjects\BartRunnerAndroid\app\src\test\resources\bart_live_20260913_201652\etd\woak.xml,2026-09-13T20:17:02-07:00
bart_live_20260913_201652,WOAK,West Oakland,Blue,BLUE,Dublin/Pleasanton,DUBL,2,North,5,2026-09-13T20:22:02-07:00,future,0,0,C:\Users\Igor\StudioProjects\BartRunnerAndroid\app\src\test\resources\bart_live_20260913_201652\etd\woak.xml,2026-09-13T20:17:02-07:00
bart_live_20260913_201652,WOAK,West Oakland,Blue,BLUE,Dublin/Pleasanton,DUBL,2,North,24,2026-09-13T20:41:02-07:00,future,0,0,C:\Users\Igor\StudioProjects\BartRunnerAndroid\app\src\test\resources\bart_live_20260913_201652\etd\woak.xml,2026-09-13T20:17:02-07:00
bart_live_20260913_201652,WOAK,West Oakland,Blue,BLUE,Dublin/Pleasanton,DUBL,2,North,44,2026-09-13T21:01:02-07:00,future,0,0,C:\Users\Igor\StudioProjects\BartRunnerAndroid\app\src\test\resources\bart_live_20260913_201652\etd\woak.xml,2026-09-13T20:17:02-07:00
bart_live_20260913_201652,WOAK,West Oakland,Red,RED,Richmond,RICH,2,North,2,2026-09-13T20:19:02-07:00,future,105,0,C:\Users\Igor\StudioProjects\BartRunnerAndroid\app\src\test\resources\bart_live_20260913_201652\etd\woak.xml,2026-09-13T20:17:02-07:00
bart_live_20260913_201652,WOAK,West Oakland,Red,RED,Richmond,RICH,2,North,22,2026-09-13T20:39:02-07:00,future,69,0,C:\Users\Igor\StudioProjects\BartRunnerAndroid\app\src\test\resources\bart_live_20260913_201652\etd\woak.xml,2026-09-13T20:17:02-07:00
bart_live_20260913_201652,WOAK,West Oakland,Red,RED,Richmond,RICH,2,North,40,2026-09-13T20:57:02-07:00,future,0,0,C:\Users\Igor\StudioProjects\BartRunnerAndroid\app\src\test\resources\bart_live_20260913_201652\etd\woak.xml,2026-09-13T20:17:02-07:00
bart_live_20260913_201652,WOAK,West Oakland,Yellow,YELLOW,SFO/Millbrae,MLBR,1,South,17,2026-09-13T20:34:02-07:00,future,0,0,C:\Users\Igor\StudioProjects\BartRunnerAndroid\app\src\test\resources\bart_live_20260913_201652\etd\woak.xml,2026-09-13T20:17:02-07:00
bart_live_20260913_201652,WOAK,West Oakland,Yellow,YELLOW,SFO/Millbrae,MLBR,1,South,37,2026-09-13T20:54:02-07:00,future,0,0,C:\Users\Igor\StudioProjects\BartRunnerAndroid\app\src\test\resources\bart_live_20260913_201652\etd\woak.xml,2026-09-13T20:17:02-07:00
bart_live_20260913_201652,WOAK,West Oakland,Yellow,YELLOW,SFO/Millbrae,MLBR,1,South,57,2026-09-13T21:14:02-07:00,future,0,0,C:\Users\Igor\StudioProjects\BartRunnerAndroid\app\src\test\resources\bart_live_20260913_201652\etd\woak.xml,2026-09-13T20:17:02-07:00
