capture_id,service_date,service_date_source,service_date_conflict,source_path,feed_timestamp,entity_id,trip_id,route_id,schedule_relationship,start_date,start_time,stop_time_update_count,missing_stop_sequence_count,first_stop_id,last_stop_id,first_station,last_station,origin_event_time,is_numeric_600_799_entity,is_numeric_600_799_trip,has_route_id,static_trip_exists,static_line,static_terminal,ends_before_static_terminal,has_partial_stop_list,origin_prediction_stale,duplicate_trip_id_in_feed,association_status,association_confidence,association_method,association_evidence,candidate_trip_ids,candidate_entity_ids,rejected_candidate_ids,static_identity_status,counterpart_status
bart_live_20260911_161720,2026-09-11,capture_local_date_fallback,False,C:\Users\Igor\StudioProjects\BartRunnerAndroid\app\src\test\resources\bart_live_20260911_161720\trip_updates.pb,2026-09-11T23:17:20+00:00,1965151,1965151,,SCHEDULED,,,2,2,W20-1,W30-1,SSAN,SBRN,2026-09-11T23:19:18+00:00,False,False,False,True,Yellow,SFIA,True,True,False,False,exact,high,trip_id+canonical_service_date,"[""GTFS-RT trip_id equals static trips.txt trip_id"",""canonical service date""]","[""1965151""]",[],[],exact,not_applicable
bart_live_20260911_161720,2026-09-11,capture_local_date_fallback,False,C:\Users\Igor\StudioProjects\BartRunnerAndroid\app\src\test\resources\bart_live_20260911_161720\trip_updates.pb,2026-09-11T23:17:20+00:00,1965152,1965152,,SCHEDULED,,,12,12,M16-1,W30-1,EMBR,SBRN,2026-09-11T23:18:06+00:00,False,False,False,True,Yellow,SFIA,True,True,False,False,exact,high,trip_id+canonical_service_date,"[""GTFS-RT trip_id equals static trips.txt trip_id"",""canonical service date""]","[""1965152""]",[],[],exact,not_applicable
bart_live_20260911_161720,2026-09-11,capture_local_date_fallback,False,C:\Users\Igor\StudioProjects\BartRunnerAndroid\app\src\test\resources\bart_live_20260911_161720\trip_updates.pb,2026-09-11T23:17:20+00:00,1965153,1965153,,SCHEDULED,,,15,15,K20-2,W30-1,19TH,SBRN,2026-09-11T23:19:09+00:00,False,False,False,True,Yellow,SFIA,True,True,False,False,exact,high,trip_id+canonical_service_date,"[""GTFS-RT trip_id equals static trips.txt trip_id"",""canonical service date""]","[""1965153""]",[],[],exact,not_applicable
bart_live_20260911_161720,2026-09-11,capture_local_date_fallback,False,C:\Users\Igor\StudioProjects\BartRunnerAndroid\app\src\test\resources\bart_live_20260911_161720\trip_updates.pb,2026-09-11T23:17:20+00:00,1965154,1965154,,SCHEDULED,,,19,19,C30-2,W30-1,LAFY,SBRN,2026-09-11T23:21:10+00:00,False,False,False,True,Yellow,SFIA,True,True,False,False,exact,high,trip_id+canonical_service_date,"[""GTFS-RT trip_id equals static trips.txt trip_id"",""canonical service date""]","[""1965154""]",[],[],exact,not_applicable
bart_live_20260911_161720,2026-09-11,capture_local_date_fallback,False,C:\Users\Igor\StudioProjects\BartRunnerAndroid\app\src\test\resources\bart_live_20260911_161720\trip_updates.pb,2026-09-11T23:17:20+00:00,1965155,1965155,,SCHEDULED,,,24,24,C80-2,W30-1,PITT,SBRN,2026-09-11T23:14:48+00:00,False,False,False,True,Yellow,SFIA,True,True,True,False,exact,high,trip_id+canonical_service_date,"[""GTFS-RT trip_id equals static trips.txt trip_id"",""canonical service date""]","[""1965155""]",[],[],exact,not_applicable
bart_live_20260911_161720,2026-09-11,capture_local_date_fallback,False,C:\Users\Igor\StudioProjects\BartRunnerAndroid\app\src\test\resources\bart_live_20260911_161720\trip_updates.pb,2026-09-11T23:17:20+00:00,1965156,1965156,,SCHEDULED,,,24,24,C80-2,W30-1,PITT,SBRN,2026-09-11T23:34:48+00:00,False,False,False,True,Yellow,SFIA,True,True,False,False,exact,high,trip_id+canonical_service_date,"[""GTFS-RT trip_id equals static trips.txt trip_id"",""canonical service date""]","[""1965156""]",[],[],exact,not_applicable
bart_live_20260911_161720,2026-09-11,capture_local_date_fallback,False,C:\Users\Igor\StudioProjects\BartRunnerAndroid\app\src\test\resources\bart_live_20260911_161720\trip_updates.pb,2026-09-11T23:17:20+00:00,1965157,1965157,,SCHEDULED,,,24,24,C80-2,W30-1,PITT,SBRN,2026-09-11T23:54:48+00:00,False,False,False,True,Yellow,SFIA,True,True,False,False,exact,high,trip_id+canonical_service_date,"[""GTFS-RT trip_id equals static trips.txt trip_id"",""canonical service date""]","[""1965157""]",[],[],exact,not_applicable
bart_live_20260911_161720,2026-09-11,capture_local_date_fallback,False,C:\Users\Igor\StudioProjects\BartRunnerAndroid\app\src\test\resources\bart_live_20260911_161720\trip_updates.pb,2026-09-11T23:17:20+00:00,1965194,1965194,,SCHEDULED,,,5,5,M80-1,W30-1,BALB,SBRN,2026-09-11T23:18:58+00:00,False,False,False,True,Yellow,SFIA,True,True,False,False,exact,high,trip_id+canonical_service_date,"[""GTFS-RT trip_id equals static trips.txt trip_id"",""canonical service date""]","[""1965194""]",[],[],exact,not_applicable
bart_live_20260911_161720,2026-09-11,capture_local_date_fallback,False,C:\Users\Igor\StudioProjects\BartRunnerAndroid\app\src\test\resources\bart_live_20260911_161720\trip_updates.pb,2026-09-11T23:17:20+00:00,1965195,1965195,,SCHEDULED,,,12,12,M16-1,W30-1,EMBR,SBRN,2026-09-11T23:22:08+00:00,False,False,False,True,Yellow,SFIA,True,True,False,False,exact,high,trip_id+canonical_service_date,"[""GTFS-RT trip_id equals static trips.txt trip_id"",""canonical service date""]","[""1965195""]",[],[],exact,not_applicable
bart_live_20260911_161720,2026-09-11,capture_local_date_fallback,False,C:\Users\Igor\StudioProjects\BartRunnerAndroid\app\src\test\resources\bart_live_20260911_161720\trip_updates.pb,2026-09-11T23:17:20+00:00,1965196,1965196,,SCHEDULED,,,17,17,C10-2,W30-1,ROCK,SBRN,2026-09-11T23:21:00+00:00,False,False,False,True,Yellow,SFIA,True,True,False,False,exact,high,trip_id+canonical_service_date,"[""GTFS-RT trip_id equals static trips.txt trip_id"",""canonical service date""]","[""1965196""]",[],[],exact,not_applicable
bart_live_20260911_161720,2026-09-11,capture_local_date_fallback,False,C:\Users\Igor\StudioProjects\BartRunnerAndroid\app\src\test\resources\bart_live_20260911_161720\trip_updates.pb,2026-09-11T23:17:20+00:00,1965197,1965197,,SCHEDULED,,,21,21,C50-2,W30-1,PHIL,SBRN,2026-09-11T23:22:03+00:00,False,False,False,True,Yellow,SFIA,True,True,False,False,exact,high,trip_id+canonical_service_date,"[""GTFS-RT trip_id equals static trips.txt trip_id"",""canonical service date""]","[""1965197""]",[],[],exact,not_applicable
bart_live_20260911_161720,2026-09-11,capture_local_date_fallback,False,C:\Users\Igor\StudioProjects\BartRunnerAndroid\app\src\test\resources\bart_live_20260911_161720\trip_updates.pb,2026-09-11T23:17:20+00:00,1965198,1965198,,SCHEDULED,,,24,24,C80-2,W30-1,PITT,SBRN,2026-09-11T23:26:39+00:00,False,False,False,True,Yellow,SFIA,True,True,False,False,exact,high,trip_id+canonical_service_date,"[""GTFS-RT trip_id equals static trips.txt trip_id"",""canonical service date""]","[""1965198""]",[],[],exact,not_applicable
bart_live_20260911_161720,2026-09-11,capture_local_date_fallback,False,C:\Users\Igor\StudioProjects\BartRunnerAndroid\app\src\test\resources\bart_live_20260911_161720\trip_updates.pb,2026-09-11T23:17:20+00:00,1965199,1965199,,SCHEDULED,,,24,24,C80-2,W30-1,PITT,SBRN,2026-09-11T23:46:39+00:00,False,False,False,True,Yellow,SFIA,True,True,False,False,exact,high,trip_id+canonical_service_date,"[""GTFS-RT trip_id equals static trips.txt trip_id"",""canonical service date""]","[""1965199""]",[],[],exact,not_applicable
bart_live_20260911_161720,2026-09-11,capture_local_date_fallback,False,C:\Users\Igor\StudioProjects\BartRunnerAndroid\app\src\test\resources\bart_live_20260911_161720\trip_updates.pb,2026-09-11T23:17:20+00:00,1965271,1965271,,SCHEDULED,,,5,5,C40-1,C80-1,WCRK,PITT,2026-09-11T23:19:02+00:00,False,False,False,True,Yellow,ANTC,True,True,False,False,exact,high,trip_id+canonical_service_date,"[""GTFS-RT trip_id equals static trips.txt trip_id"",""canonical service date""]","[""1965271""]",[],[],exact,not_applicable
bart_live_20260911_161720,2026-09-11,capture_local_date_fallback,False,C:\Users\Igor\StudioProjects\BartRunnerAndroid\app\src\test\resources\bart_live_20260911_161720\trip_updates.pb,2026-09-11T23:17:20+00:00,1965272,1965272,,SCHEDULED,,,9,9,K30-3,C80-1,MCAR,PITT,2026-09-11T23:20:22+00:00,False,False,False,True,Yellow,ANTC,True,True,False,False,exact,high,trip_id+canonical_service_date,"[""GTFS-RT trip_id equals static trips.txt trip_id"",""canonical service date""]","[""1965272""]",[],[],exact,not_applicable
bart_live_20260911_161720,2026-09-11,capture_local_date_fallback,False,C:\Users\Igor\StudioProjects\BartRunnerAndroid\app\src\test\resources\bart_live_20260911_161720\trip_updates.pb,2026-09-11T23:17:20+00:00,1965273,1965273,,SCHEDULED,,,17,17,M50-2,C80-1,16TH,PITT,2026-09-11T23:18:05+00:00,False,False,False,True,Yellow,ANTC,True,True,False,False,exact,high,trip_id+canonical_service_date,"[""GTFS-RT trip_id equals static trips.txt trip_id"",""canonical service date""]","[""1965273""]",[],[],exact,not_applicable
bart_live_20260911_161720,2026-09-11,capture_local_date_fallback,False,C:\Users\Igor\StudioProjects\BartRunnerAndroid\app\src\test\resources\bart_live_20260911_161720\trip_updates.pb,2026-09-11T23:17:20+00:00,1965274,1965274,,SCHEDULED,,,22,22,W10-2,C80-1,COLM,PITT,2026-09-11T23:20:06+00:00,False,False,False,True,Yellow,ANTC,True,True,False,False,exact,high,trip_id+canonical_service_date,"[""GTFS-RT trip_id equals static trips.txt trip_id"",""canonical service date""]","[""1965274""]",[],[],exact,not_applicable
bart_live_20260911_161720,2026-09-11,capture_local_date_fallback,False,C:\Users\Igor\StudioProjects\BartRunnerAndroid\app\src\test\resources\bart_live_20260911_161720\trip_updates.pb,2026-09-11T23:17:20+00:00,1965275,1965275,,SCHEDULED,,,25,25,Y10-1,C80-1,SFIA,PITT,2026-09-11T23:29:18+00:00,False,False,False,True,Yellow,ANTC,True,True,False,False,exact,high,trip_id+canonical_service_date,"[""GTFS-RT trip_id equals static trips.txt trip_id"",""canonical service date""]","[""1965275""]",[],[],exact,not_applicable
bart_live_20260911_161720,2026-09-11,capture_local_date_fallback,False,C:\Users\Igor\StudioProjects\BartRunnerAndroid\app\src\test\resources\bart_live_20260911_161720\trip_updates.pb,2026-09-11T23:17:20+00:00,1965276,1965276,,SCHEDULED,,,25,25,Y10-1,C80-1,SFIA,PITT,2026-09-11T23:49:18+00:00,False,False,False,True,Yellow,ANTC,True,True,False,False,exact,high,trip_id+canonical_service_date,"[""GTFS-RT trip_id equals static trips.txt trip_id"",""canonical service date""]","[""1965276""]",[],[],exact,not_applicable
bart_live_20260911_161720,2026-09-11,capture_local_date_fallback,False,C:\Users\Igor\StudioProjects\BartRunnerAndroid\app\src\test\resources\bart_live_20260911_161720\trip_updates.pb,2026-09-11T23:17:20+00:00,1965301,1965301,,SCHEDULED,,,1,1,C70-1,C70-1,NCON,NCON,2026-09-11T23:20:29+00:00,False,False,False,True,Yellow,PITT,True,True,False,False,exact,high,trip_id+canonical_service_date,"[""GTFS-RT trip_id equals static trips.txt trip_id"",""canonical service date""]","[""1965301""]",[],[],exact,not_applicable
bart_live_20260911_161720,2026-09-11,capture_local_date_fallback,False,C:\Users\Igor\StudioProjects\BartRunnerAndroid\app\src\test\resources\bart_live_20260911_161720\trip_updates.pb,2026-09-11T23:17:20+00:00,1965302,1965302,,SCHEDULED,,,6,6,C20-1,C70-1,ORIN,NCON,2026-09-11T23:20:50+00:00,False,False,False,True,Yellow,PITT,True,True,False,False,exact,high,trip_id+canonical_service_date,"[""GTFS-RT trip_id equals static trips.txt trip_id"",""canonical service date""]","[""1965302""]",[],[],exact,not_applicable
bart_live_20260911_161720,2026-09-11,capture_local_date_fallback,False,C:\Users\Igor\StudioProjects\BartRunnerAndroid\app\src\test\resources\bart_live_20260911_161720\trip_updates.pb,2026-09-11T23:17:20+00:00,1965303,1965303,,SCHEDULED,,,12,12,M16-2,C70-1,EMBR,NCON,2026-09-11T23:18:14+00:00,False,False,False,True,Yellow,PITT,True,True,False,False,exact,high,trip_id+canonical_service_date,"[""GTFS-RT trip_id equals static trips.txt trip_id"",""canonical service date""]","[""1965303""]",[],[],exact,not_applicable
bart_live_20260911_161720,2026-09-11,capture_local_date_fallback,False,C:\Users\Igor\StudioProjects\BartRunnerAndroid\app\src\test\resources\bart_live_20260911_161720\trip_updates.pb,2026-09-11T23:17:20+00:00,1965304,1965304,,SCHEDULED,,,20,20,M90-2,C70-1,DALY,NCON,2026-09-11T23:18:01+00:00,False,False,False,True,Yellow,PITT,True,True,False,False,exact,high,trip_id+canonical_service_date,"[""GTFS-RT trip_id equals static trips.txt trip_id"",""canonical service date""]","[""1965304""]",[],[],exact,not_applicable
bart_live_20260911_161720,2026-09-11,capture_local_date_fallback,False,C:\Users\Igor\StudioProjects\BartRunnerAndroid\app\src\test\resources\bart_live_20260911_161720\trip_updates.pb,2026-09-11T23:17:20+00:00,1965305,1965305,,SCHEDULED,,,24,24,Y10-1,C70-1,SFIA,NCON,2026-09-11T23:20:54+00:00,False,False,False,True,Yellow,PITT,True,True,False,False,exact,high,trip_id+canonical_service_date,"[""GTFS-RT trip_id equals static trips.txt trip_id"",""canonical service date""]","[""1965305""]",[],[],exact,not_applicable
bart_live_20260911_161720,2026-09-11,capture_local_date_fallback,False,C:\Users\Igor\StudioProjects\BartRunnerAndroid\app\src\test\resources\bart_live_20260911_161720\trip_updates.pb,2026-09-11T23:17:20+00:00,1965306,1965306,,SCHEDULED,,,24,24,Y10-1,C70-1,SFIA,NCON,2026-09-11T23:40:54+00:00,False,False,False,True,Yellow,PITT,True,True,False,False,exact,high,trip_id+canonical_service_date,"[""GTFS-RT trip_id equals static trips.txt trip_id"",""canonical service date""]","[""1965306""]",[],[],exact,not_applicable
bart_live_20260911_161720,2026-09-11,capture_local_date_fallback,False,C:\Users\Igor\StudioProjects\BartRunnerAndroid\app\src\test\resources\bart_live_20260911_161720\trip_updates.pb,2026-09-11T23:17:20+00:00,1965398,1965398,,SCHEDULED,,,6,6,K30-1,R50-1,MCAR,DELN,2026-09-11T23:20:28+00:00,False,False,False,True,Orange,RICH,True,True,False,False,exact,high,trip_id+canonical_service_date,"[""GTFS-RT trip_id equals static trips.txt trip_id"",""canonical service date""]","[""1965398""]",[],[],exact,not_applicable
bart_live_20260911_161720,2026-09-11,capture_local_date_fallback,False,C:\Users\Igor\StudioProjects\BartRunnerAndroid\app\src\test\resources\bart_live_20260911_161720\trip_updates.pb,2026-09-11T23:17:20+00:00,1965399,1965399,,SCHEDULED,,,12,12,A40-2,R50-1,SANL,DELN,2026-09-11T23:18:44+00:00,False,False,False,True,Orange,RICH,True,True,False,False,exact,high,trip_id+canonical_service_date,"[""GTFS-RT trip_id equals static trips.txt trip_id"",""canonical service date""]","[""1965399""]",[],[],exact,not_applicable
bart_live_20260911_161720,2026-09-11,capture_local_date_fallback,False,C:\Users\Igor\StudioProjects\BartRunnerAndroid\app\src\test\resources\bart_live_20260911_161720\trip_updates.pb,2026-09-11T23:17:20+00:00,1965400,1965400,,SCHEDULED,,,17,17,A90-2,R50-1,FRMT,DELN,2026-09-11T23:17:56+00:00,False,False,False,True,Orange,RICH,True,True,False,False,exact,high,trip_id+canonical_service_date,"[""GTFS-RT trip_id equals static trips.txt trip_id"",""canonical service date""]","[""1965400""]",[],[],exact,not_applicable
bart_live_20260911_161720,2026-09-11,capture_local_date_fallback,False,C:\Users\Igor\StudioProjects\BartRunnerAndroid\app\src\test\resources\bart_live_20260911_161720\trip_updates.pb,2026-09-11T23:17:20+00:00,1965401,1965401,,SCHEDULED,,,20,20,S50-2,R50-1,BERY,DELN,2026-09-11T23:18:28+00:00,False,False,False,True,Orange,RICH,True,True,False,False,exact,high,trip_id+canonical_service_date,"[""GTFS-RT trip_id equals static trips.txt trip_id"",""canonical service date""]","[""1965401""]",[],[],exact,not_applicable
bart_live_20260911_161720,2026-09-11,capture_local_date_fallback,False,C:\Users\Igor\StudioProjects\BartRunnerAndroid\app\src\test\resources\bart_live_20260911_161720\trip_updates.pb,2026-09-11T23:17:20+00:00,1965402,1965402,,SCHEDULED,,,20,20,S50-2,R50-1,BERY,DELN,2026-09-11T23:38:28+00:00,False,False,False,True,Orange,RICH,True,True,False,False,exact,high,trip_id+canonical_service_date,"[""GTFS-RT trip_id equals static trips.txt trip_id"",""canonical service date""]","[""1965402""]",[],[],exact,not_applicable
bart_live_20260911_161720,2026-09-11,capture_local_date_fallback,False,C:\Users\Igor\StudioProjects\BartRunnerAndroid\app\src\test\resources\bart_live_20260911_161720\trip_updates.pb,2026-09-11T23:17:20+00:00,1965403,1965403,,SCHEDULED,,,20,20,S50-2,R50-1,BERY,DELN,2026-09-11T23:58:28+00:00,False,False,False,True,Orange,RICH,True,True,False,False,exact,high,trip_id+canonical_service_date,"[""GTFS-RT trip_id equals static trips.txt trip_id"",""canonical service date""]","[""1965403""]",[],[],exact,not_applicable
bart_live_20260911_161720,2026-09-11,capture_local_date_fallback,False,C:\Users\Igor\StudioProjects\BartRunnerAndroid\app\src\test\resources\bart_live_20260911_161720\trip_updates.pb,2026-09-11T23:17:20+00:00,1965455,1965455,,SCHEDULED,,,2,2,S20-1,S40-1,WARM,MLPT,2026-09-11T23:19:08+00:00,False,False,False,True,Orange,BERY,True,True,False,False,exact,high,trip_id+canonical_service_date,"[""GTFS-RT trip_id equals static trips.txt trip_id"",""canonical service date""]","[""1965455""]",[],[],exact,not_applicable
bart_live_20260911_161720,2026-09-11,capture_local_date_fallback,False,C:\Users\Igor\StudioProjects\BartRunnerAndroid\app\src\test\resources\bart_live_20260911_161720\trip_updates.pb,2026-09-11T23:17:20+00:00,1965456,1965456,,SCHEDULED,,,6,6,A60-1,S40-1,HAYW,MLPT,2026-09-11T23:18:38+00:00,False,False,False,True,Orange,BERY,True,True,False,False,exact,high,trip_id+canonical_service_date,"[""GTFS-RT trip_id equals static trips.txt trip_id"",""canonical service date""]","[""1965456""]",[],[],exact,not_applicable
bart_live_20260911_161720,2026-09-11,capture_local_date_fallback,False,C:\Users\Igor\StudioProjects\BartRunnerAndroid\app\src\test\resources\bart_live_20260911_161720\trip_updates.pb,2026-09-11T23:17:20+00:00,1965457,1965457,,SCHEDULED,,,20,20,R60-2,S40-1,RICH,MLPT,2026-09-11T23:42:43+00:00,False,False,False,True,Orange,BERY,True,True,False,False,exact,high,trip_id+canonical_service_date,"[""GTFS-RT trip_id equals static trips.txt trip_id"",""canonical service date""]","[""1965457""]",[],[],exact,not_applicable
bart_live_20260911_161720,2026-09-11,capture_local_date_fallback,False,C:\Users\Igor\StudioProjects\BartRunnerAndroid\app\src\test\resources\bart_live_20260911_161720\trip_updates.pb,2026-09-11T23:17:20+00:00,1965458,1965458,,SCHEDULED,,,10,10,A20-1,S40-1,FTVL,MLPT,2026-09-11T23:19:50+00:00,False,False,False,True,Orange,BERY,True,True,False,False,exact,high,trip_id+canonical_service_date,"[""GTFS-RT trip_id equals static trips.txt trip_id"",""canonical service date""]","[""1965458""]",[],[],exact,not_applicable
bart_live_20260911_161720,2026-09-11,capture_local_date_fallback,False,C:\Users\Igor\StudioProjects\BartRunnerAndroid\app\src\test\resources\bart_live_20260911_161720\trip_updates.pb,2026-09-11T23:17:20+00:00,1965459,1965459,,SCHEDULED,,,16,16,R20-2,S40-1,DBRK,MLPT,2026-09-11T23:18:34+00:00,False,False,False,True,Orange,BERY,True,True,False,False,exact,high,trip_id+canonical_service_date,"[""GTFS-RT trip_id equals static trips.txt trip_id"",""canonical service date""]","[""1965459""]",[],[],exact,not_applicable
bart_live_20260911_161720,2026-09-11,capture_local_date_fallback,False,C:\Users\Igor\StudioProjects\BartRunnerAndroid\app\src\test\resources\bart_live_20260911_161720\trip_updates.pb,2026-09-11T23:17:20+00:00,1965460,1965460,,SCHEDULED,,,20,20,R60-2,S40-1,RICH,MLPT,2026-09-11T23:22:43+00:00,False,False,False,True,Orange,BERY,True,True,False,False,exact,high,trip_id+canonical_service_date,"[""GTFS-RT trip_id equals static trips.txt trip_id"",""canonical service date""]","[""1965460""]",[],[],exact,not_applicable
bart_live_20260911_161720,2026-09-11,capture_local_date_fallback,False,C:\Users\Igor\StudioProjects\BartRunnerAndroid\app\src\test\resources\bart_live_20260911_161720\trip_updates.pb,2026-09-11T23:17:20+00:00,1965516,1965516,,SCHEDULED,,,7,7,M20-1,M80-1,MONT,BALB,2026-09-11T23:17:17+00:00,False,False,False,True,Green,DALY,True,True,False,False,exact,high,trip_id+canonical_service_date,"[""GTFS-RT trip_id equals static trips.txt trip_id"",""canonical service date""]","[""1965516""]",[],[],exact,not_applicable
bart_live_20260911_161720,2026-09-11,capture_local_date_fallback,False,C:\Users\Igor\StudioProjects\BartRunnerAndroid\app\src\test\resources\bart_live_20260911_161720\trip_updates.pb,2026-09-11T23:17:20+00:00,1965517,1965517,,SCHEDULED,,,10,10,A10-2,M70-1,LAKE,GLEN,2026-09-11T23:17:28+00:00,False,False,False,True,Green,DALY,True,True,False,False,exact,high,trip_id+canonical_service_date,"[""GTFS-RT trip_id equals static trips.txt trip_id"",""canonical service date""]","[""1965517""]",[],[],exact,not_applicable
bart_live_20260911_161720,2026-09-11,capture_local_date_fallback,False,C:\Users\Igor\StudioProjects\BartRunnerAndroid\app\src\test\resources\bart_live_20260911_161720\trip_updates.pb,2026-09-11T23:17:20+00:00,1965518,1965518,,SCHEDULED,,,14,14,A50-2,M80-1,BAYF,BALB,2026-09-11T23:19:31+00:00,False,False,False,True,Green,DALY,True,True,False,False,exact,high,trip_id+canonical_service_date,"[""GTFS-RT trip_id equals static trips.txt trip_id"",""canonical service date""]","[""1965518""]",[],[],exact,not_applicable
bart_live_20260911_161720,2026-09-11,capture_local_date_fallback,False,C:\Users\Igor\StudioProjects\BartRunnerAndroid\app\src\test\resources\bart_live_20260911_161720\trip_updates.pb,2026-09-11T23:17:20+00:00,1965519,1965519,,SCHEDULED,,,18,18,A90-2,M80-1,FRMT,BALB,2026-09-11T23:21:55+00:00,False,False,False,True,Green,DALY,True,True,False,False,exact,high,trip_id+canonical_service_date,"[""GTFS-RT trip_id equals static trips.txt trip_id"",""canonical service date""]","[""1965519""]",[],[],exact,not_applicable
bart_live_20260911_161720,2026-09-11,capture_local_date_fallback,False,C:\Users\Igor\StudioProjects\BartRunnerAndroid\app\src\test\resources\bart_live_20260911_161720\trip_updates.pb,2026-09-11T23:17:20+00:00,1965520,1965520,,SCHEDULED,,,20,20,S40-2,M80-1,MLPT,BALB,2026-09-11T23:26:17+00:00,False,False,False,True,Green,DALY,True,True,False,False,exact,high,trip_id+canonical_service_date,"[""GTFS-RT trip_id equals static trips.txt trip_id"",""canonical service date""]","[""1965520""]",[],[],exact,not_applicable
bart_live_20260911_161720,2026-09-11,capture_local_date_fallback,False,C:\Users\Igor\StudioProjects\BartRunnerAndroid\app\src\test\resources\bart_live_20260911_161720\trip_updates.pb,2026-09-11T23:17:20+00:00,1965521,1965521,,SCHEDULED,,,21,21,S50-1,M80-1,BERY,BALB,2026-09-11T23:42:11+00:00,False,False,False,True,Green,DALY,True,True,False,False,exact,high,trip_id+canonical_service_date,"[""GTFS-RT trip_id equals static trips.txt trip_id"",""canonical service date""]","[""1965521""]",[],[],exact,not_applicable
bart_live_20260911_161720,2026-09-11,capture_local_date_fallback,False,C:\Users\Igor\StudioProjects\BartRunnerAndroid\app\src\test\resources\bart_live_20260911_161720\trip_updates.pb,2026-09-11T23:17:20+00:00,1965561,1965561,,SCHEDULED,,,1,1,S40-1,S40-1,MLPT,MLPT,2026-09-11T23:24:19+00:00,False,False,False,True,Green,BERY,True,True,False,False,exact,high,trip_id+canonical_service_date,"[""GTFS-RT trip_id equals static trips.txt trip_id"",""canonical service date""]","[""1965561""]",[],[],exact,not_applicable
bart_live_20260911_161720,2026-09-11,capture_local_date_fallback,False,C:\Users\Igor\StudioProjects\BartRunnerAndroid\app\src\test\resources\bart_live_20260911_161720\trip_updates.pb,2026-09-11T23:17:20+00:00,1965562,1965562,,SCHEDULED,,,5,5,A70-1,S40-1,SHAY,MLPT,2026-09-11T23:20:07+00:00,False,False,False,True,Green,BERY,True,True,False,False,exact,high,trip_id+canonical_service_date,"[""GTFS-RT trip_id equals static trips.txt trip_id"",""canonical service date""]","[""1965562""]",[],[],exact,not_applicable
bart_live_20260911_161720,2026-09-11,capture_local_date_fallback,False,C:\Users\Igor\StudioProjects\BartRunnerAndroid\app\src\test\resources\bart_live_20260911_161720\trip_updates.pb,2026-09-11T23:17:20+00:00,1965563,1965563,,SCHEDULED,,,10,10,A20-1,S40-1,FTVL,MLPT,2026-09-11T23:17:19+00:00,False,False,False,True,Green,BERY,True,True,False,False,exact,high,trip_id+canonical_service_date,"[""GTFS-RT trip_id equals static trips.txt trip_id"",""canonical service date""]","[""1965563""]",[],[],exact,not_applicable
bart_live_20260911_161720,2026-09-11,capture_local_date_fallback,False,C:\Users\Igor\StudioProjects\BartRunnerAndroid\app\src\test\resources\bart_live_20260911_161720\trip_updates.pb,2026-09-11T23:17:20+00:00,1965564,1965564,,SCHEDULED,,,15,15,M30-2,S40-1,POWL,MLPT,2026-09-11T23:17:49+00:00,False,False,False,True,Green,BERY,True,True,False,False,exact,high,trip_id+canonical_service_date,"[""GTFS-RT trip_id equals static trips.txt trip_id"",""canonical service date""]","[""1965564""]",[],[],exact,not_applicable
bart_live_20260911_161720,2026-09-11,capture_local_date_fallback,False,C:\Users\Igor\StudioProjects\BartRunnerAndroid\app\src\test\resources\bart_live_20260911_161720\trip_updates.pb,2026-09-11T23:17:20+00:00,1965565,1965565,,SCHEDULED,,,21,21,M90-2,S40-1,DALY,MLPT,2026-09-11T23:21:54+00:00,False,False,False,True,Green,BERY,True,True,False,False,exact,high,trip_id+canonical_service_date,"[""GTFS-RT trip_id equals static trips.txt trip_id"",""canonical service date""]","[""1965565""]",[],[],exact,not_applicable
bart_live_20260911_161720,2026-09-11,capture_local_date_fallback,False,C:\Users\Igor\StudioProjects\BartRunnerAndroid\app\src\test\resources\bart_live_20260911_161720\trip_updates.pb,2026-09-11T23:17:20+00:00,1965566,1965566,,SCHEDULED,,,21,21,M90-2,S40-1,DALY,MLPT,2026-09-11T23:40:22+00:00,False,False,False,True,Green,BERY,True,True,False,False,exact,high,trip_id+canonical_service_date,"[""GTFS-RT trip_id equals static trips.txt trip_id"",""canonical service date""]","[""1965566""]",[],[],exact,not_applicable
bart_live_20260911_161720,2026-09-11,capture_local_date_fallback,False,C:\Users\Igor\StudioProjects\BartRunnerAndroid\app\src\test\resources\bart_live_20260911_161720\trip_updates.pb,2026-09-11T23:17:20+00:00,1965567,1965567,,SCHEDULED,,,21,21,M90-2,S40-1,DALY,MLPT,2026-09-11T23:59:44+00:00,False,False,False,True,Green,BERY,True,True,False,False,exact,high,trip_id+canonical_service_date,"[""GTFS-RT trip_id equals static trips.txt trip_id"",""canonical service date""]","[""1965567""]",[],[],exact,not_applicable
bart_live_20260911_161720,2026-09-11,capture_local_date_fallback,False,C:\Users\Igor\StudioProjects\BartRunnerAndroid\app\src\test\resources\bart_live_20260911_161720\trip_updates.pb,2026-09-11T23:17:20+00:00,1965654,1965654,,SCHEDULED,,,3,3,W20-1,Y10-2,SSAN,SFIA,2026-09-11T23:15:04+00:00,False,False,False,True,Red,MLBR,True,True,True,False,exact,high,trip_id+canonical_service_date,"[""GTFS-RT trip_id equals static trips.txt trip_id"",""canonical service date""]","[""1965654""]",[],[],exact,not_applicable
bart_live_20260911_161720,2026-09-11,capture_local_date_fallback,False,C:\Users\Igor\StudioProjects\BartRunnerAndroid\app\src\test\resources\bart_live_20260911_161720\trip_updates.pb,2026-09-11T23:17:20+00:00,1965655,1965655,,SCHEDULED,,,8,8,M60-1,Y10-2,24TH,SFIA,2026-09-11T23:18:22+00:00,False,False,False,True,Red,MLBR,True,True,False,False,exact,high,trip_id+canonical_service_date,"[""GTFS-RT trip_id equals static trips.txt trip_id"",""canonical service date""]","[""1965655""]",[],[],exact,not_applicable
bart_live_20260911_161720,2026-09-11,capture_local_date_fallback,False,C:\Users\Igor\StudioProjects\BartRunnerAndroid\app\src\test\resources\bart_live_20260911_161720\trip_updates.pb,2026-09-11T23:17:20+00:00,1965656,1965656,,SCHEDULED,,,14,14,K10-2,W30-1,12TH,SBRN,2026-09-11T23:18:16+00:00,False,False,False,True,Red,MLBR,True,True,False,False,exact,high,trip_id+canonical_service_date,"[""GTFS-RT trip_id equals static trips.txt trip_id"",""canonical service date""]","[""1965656""]",[],[],exact,not_applicable
bart_live_20260911_161720,2026-09-11,capture_local_date_fallback,False,C:\Users\Igor\StudioProjects\BartRunnerAndroid\app\src\test\resources\bart_live_20260911_161720\trip_updates.pb,2026-09-11T23:17:20+00:00,1965657,1965657,,SCHEDULED,,,20,20,R40-2,W30-1,PLZA,SBRN,2026-09-11T23:20:08+00:00,False,False,False,True,Red,MLBR,True,True,False,False,exact,high,trip_id+canonical_service_date,"[""GTFS-RT trip_id equals static trips.txt trip_id"",""canonical service date""]","[""1965657""]",[],[],exact,not_applicable
bart_live_20260911_161720,2026-09-11,capture_local_date_fallback,False,C:\Users\Igor\StudioProjects\BartRunnerAndroid\app\src\test\resources\bart_live_20260911_161720\trip_updates.pb,2026-09-11T23:17:20+00:00,1965658,1965658,,SCHEDULED,,,22,22,R60-2,W30-1,RICH,SBRN,2026-09-11T23:30:15+00:00,False,False,False,True,Red,MLBR,True,True,False,False,exact,high,trip_id+canonical_service_date,"[""GTFS-RT trip_id equals static trips.txt trip_id"",""canonical service date""]","[""1965658""]",[],[],exact,not_applicable
bart_live_20260911_161720,2026-09-11,capture_local_date_fallback,False,C:\Users\Igor\StudioProjects\BartRunnerAndroid\app\src\test\resources\bart_live_20260911_161720\trip_updates.pb,2026-09-11T23:17:20+00:00,1965659,1965659,,SCHEDULED,,,22,22,R60-2,W30-1,RICH,SBRN,2026-09-11T23:50:15+00:00,False,False,False,True,Red,MLBR,True,True,False,False,exact,high,trip_id+canonical_service_date,"[""GTFS-RT trip_id equals static trips.txt trip_id"",""canonical service date""]","[""1965659""]",[],[],exact,not_applicable
bart_live_20260911_161720,2026-09-11,capture_local_date_fallback,False,C:\Users\Igor\StudioProjects\BartRunnerAndroid\app\src\test\resources\bart_live_20260911_161720\trip_updates.pb,2026-09-11T23:17:20+00:00,1965696,1965696,,SCHEDULED,,,3,3,R30-1,R50-1,NBRK,DELN,2026-09-11T23:18:47+00:00,False,False,False,True,Red,RICH,True,True,False,False,exact,high,trip_id+canonical_service_date,"[""GTFS-RT trip_id equals static trips.txt trip_id"",""canonical service date""]","[""1965696""]",[],[],exact,not_applicable
bart_live_20260911_161720,2026-09-11,capture_local_date_fallback,False,C:\Users\Igor\StudioProjects\BartRunnerAndroid\app\src\test\resources\bart_live_20260911_161720\trip_updates.pb,2026-09-11T23:17:20+00:00,1965697,1965697,,SCHEDULED,,,9,9,M10-2,R50-1,WOAK,DELN,2026-09-11T23:18:22+00:00,False,False,False,True,Red,RICH,True,True,False,False,exact,high,trip_id+canonical_service_date,"[""GTFS-RT trip_id equals static trips.txt trip_id"",""canonical service date""]","[""1965697""]",[],[],exact,not_applicable
bart_live_20260911_161720,2026-09-11,capture_local_date_fallback,False,C:\Users\Igor\StudioProjects\BartRunnerAndroid\app\src\test\resources\bart_live_20260911_161720\trip_updates.pb,2026-09-11T23:17:20+00:00,1965698,1965698,,SCHEDULED,,,17,17,M80-2,R50-1,BALB,DELN,2026-09-11T23:19:23+00:00,False,False,False,True,Red,RICH,True,True,False,False,exact,high,trip_id+canonical_service_date,"[""GTFS-RT trip_id equals static trips.txt trip_id"",""canonical service date""]","[""1965698""]",[],[],exact,not_applicable
bart_live_20260911_161720,2026-09-11,capture_local_date_fallback,False,C:\Users\Igor\StudioProjects\BartRunnerAndroid\app\src\test\resources\bart_live_20260911_161720\trip_updates.pb,2026-09-11T23:17:20+00:00,1965699,1965699,,SCHEDULED,,,22,22,Y10-2,R50-1,SFIA,DELN,2026-09-11T23:18:20+00:00,False,False,False,True,Red,RICH,True,True,False,False,exact,high,trip_id+canonical_service_date,"[""GTFS-RT trip_id equals static trips.txt trip_id"",""canonical service date""]","[""1965699""]",[],[],exact,not_applicable
bart_live_20260911_161720,2026-09-11,capture_local_date_fallback,False,C:\Users\Igor\StudioProjects\BartRunnerAndroid\app\src\test\resources\bart_live_20260911_161720\trip_updates.pb,2026-09-11T23:17:20+00:00,1965700,1965700,,SCHEDULED,,,23,23,W40-3,R50-1,MLBR,DELN,2026-09-11T23:31:36+00:00,False,False,False,True,Red,RICH,True,True,False,False,exact,high,trip_id+canonical_service_date,"[""GTFS-RT trip_id equals static trips.txt trip_id"",""canonical service date""]","[""1965700""]",[],[],exact,not_applicable
bart_live_20260911_161720,2026-09-11,capture_local_date_fallback,False,C:\Users\Igor\StudioProjects\BartRunnerAndroid\app\src\test\resources\bart_live_20260911_161720\trip_updates.pb,2026-09-11T23:17:20+00:00,1965701,1965701,,SCHEDULED,,,23,23,W40-3,R50-1,MLBR,DELN,2026-09-11T23:51:36+00:00,False,False,False,True,Red,RICH,True,True,False,False,exact,high,trip_id+canonical_service_date,"[""GTFS-RT trip_id equals static trips.txt trip_id"",""canonical service date""]","[""1965701""]",[],[],exact,not_applicable
bart_live_20260911_161720,2026-09-11,capture_local_date_fallback,False,C:\Users\Igor\StudioProjects\BartRunnerAndroid\app\src\test\resources\bart_live_20260911_161720\trip_updates.pb,2026-09-11T23:17:20+00:00,1965791,1965791,,SCHEDULED,,,8,8,M16-1,M80-1,EMBR,BALB,2026-09-11T23:20:04+00:00,False,False,False,True,Blue,DALY,True,True,False,False,exact,high,trip_id+canonical_service_date,"[""GTFS-RT trip_id equals static trips.txt trip_id"",""canonical service date""]","[""1965791""]",[],[],exact,not_applicable
bart_live_20260911_161720,2026-09-11,capture_local_date_fallback,False,C:\Users\Igor\StudioProjects\BartRunnerAndroid\app\src\test\resources\bart_live_20260911_161720\trip_updates.pb,2026-09-11T23:17:20+00:00,1965792,1965792,,SCHEDULED,,,12,12,A30-2,M80-1,COLS,BALB,2026-09-11T23:17:58+00:00,False,False,False,True,Blue,DALY,True,True,False,False,exact,high,trip_id+canonical_service_date,"[""GTFS-RT trip_id equals static trips.txt trip_id"",""canonical service date""]","[""1965792""]",[],[],exact,not_applicable
bart_live_20260911_161720,2026-09-11,capture_local_date_fallback,False,C:\Users\Igor\StudioProjects\BartRunnerAndroid\app\src\test\resources\bart_live_20260911_161720\trip_updates.pb,2026-09-11T23:17:20+00:00,1965793,1965793,,SCHEDULED,,,15,15,L10-2,M80-1,CAST,BALB,2026-09-11T23:25:13+00:00,False,False,False,True,Blue,DALY,True,True,False,False,exact,high,trip_id+canonical_service_date,"[""GTFS-RT trip_id equals static trips.txt trip_id"",""canonical service date""]","[""1965793""]",[],[],exact,not_applicable
bart_live_20260911_161720,2026-09-11,capture_local_date_fallback,False,C:\Users\Igor\StudioProjects\BartRunnerAndroid\app\src\test\resources\bart_live_20260911_161720\trip_updates.pb,2026-09-11T23:17:20+00:00,1965794,1965794,,SCHEDULED,,,17,17,L30-2,M80-1,DUBL,BALB,2026-09-11T23:29:32+00:00,False,False,False,True,Blue,DALY,True,True,False,False,exact,high,trip_id+canonical_service_date,"[""GTFS-RT trip_id equals static trips.txt trip_id"",""canonical service date""]","[""1965794""]",[],[],exact,not_applicable
bart_live_20260911_161720,2026-09-11,capture_local_date_fallback,False,C:\Users\Igor\StudioProjects\BartRunnerAndroid\app\src\test\resources\bart_live_20260911_161720\trip_updates.pb,2026-09-11T23:17:20+00:00,1965795,1965795,,SCHEDULED,,,17,17,L30-2,M80-1,DUBL,BALB,2026-09-11T23:49:32+00:00,False,False,False,True,Blue,DALY,True,True,False,False,exact,high,trip_id+canonical_service_date,"[""GTFS-RT trip_id equals static trips.txt trip_id"",""canonical service date""]","[""1965795""]",[],[],exact,not_applicable
bart_live_20260911_161720,2026-09-11,capture_local_date_fallback,False,C:\Users\Igor\StudioProjects\BartRunnerAndroid\app\src\test\resources\bart_live_20260911_161720\trip_updates.pb,2026-09-11T23:17:20+00:00,1965847,1965847,,SCHEDULED,,,2,2,L10-1,L20-1,CAST,WDUB,2026-09-11T23:21:10+00:00,False,False,False,True,Blue,DUBL,True,True,False,False,exact,high,trip_id+canonical_service_date,"[""GTFS-RT trip_id equals static trips.txt trip_id"",""canonical service date""]","[""1965847""]",[],[],exact,not_applicable
bart_live_20260911_161720,2026-09-11,capture_local_date_fallback,False,C:\Users\Igor\StudioProjects\BartRunnerAndroid\app\src\test\resources\bart_live_20260911_161720\trip_updates.pb,2026-09-11T23:17:20+00:00,1965848,1965848,,SCHEDULED,,,7,7,A10-1,L20-1,LAKE,WDUB,2026-09-11T23:21:38+00:00,False,False,False,True,Blue,DUBL,True,True,False,False,exact,high,trip_id+canonical_service_date,"[""GTFS-RT trip_id equals static trips.txt trip_id"",""canonical service date""]","[""1965848""]",[],[],exact,not_applicable
bart_live_20260911_161720,2026-09-11,capture_local_date_fallback,False,C:\Users\Igor\StudioProjects\BartRunnerAndroid\app\src\test\resources\bart_live_20260911_161720\trip_updates.pb,2026-09-11T23:17:20+00:00,1965849,1965849,,SCHEDULED,,,15,15,M70-2,L20-1,GLEN,WDUB,2026-09-11T23:19:22+00:00,False,False,False,True,Blue,DUBL,True,True,False,False,exact,high,trip_id+canonical_service_date,"[""GTFS-RT trip_id equals static trips.txt trip_id"",""canonical service date""]","[""1965849""]",[],[],exact,not_applicable
bart_live_20260911_161720,2026-09-11,capture_local_date_fallback,False,C:\Users\Igor\StudioProjects\BartRunnerAndroid\app\src\test\resources\bart_live_20260911_161720\trip_updates.pb,2026-09-11T23:17:20+00:00,1965850,1965850,,SCHEDULED,,,17,17,M90-2,L20-1,DALY,WDUB,2026-09-11T23:27:44+00:00,False,False,False,True,Blue,DUBL,True,True,False,False,exact,high,trip_id+canonical_service_date,"[""GTFS-RT trip_id equals static trips.txt trip_id"",""canonical service date""]","[""1965850""]",[],[],exact,not_applicable
bart_live_20260911_161720,2026-09-11,capture_local_date_fallback,False,C:\Users\Igor\StudioProjects\BartRunnerAndroid\app\src\test\resources\bart_live_20260911_161720\trip_updates.pb,2026-09-11T23:17:20+00:00,1965851,1965851,,SCHEDULED,,,17,17,M90-2,L20-1,DALY,WDUB,2026-09-11T23:47:44+00:00,False,False,False,True,Blue,DUBL,True,True,False,False,exact,high,trip_id+canonical_service_date,"[""GTFS-RT trip_id equals static trips.txt trip_id"",""canonical service date""]","[""1965851""]",[],[],exact,not_applicable
bart_live_20260911_161720,2026-09-11,capture_local_date_fallback,False,C:\Users\Igor\StudioProjects\BartRunnerAndroid\app\src\test\resources\bart_live_20260911_161720\trip_updates.pb,2026-09-11T23:17:20+00:00,676,676,,SCHEDULED,,,1,1,E20-1,E20-1,PCTR,PCTR,2026-09-11T23:26:29+00:00,True,True,False,False,,,False,False,False,False,operational_telemetry,medium,bart_to_antioch_numeric_namespace_with_same_capture_counterpart_check,"[""numeric_600_799_namespace"",""BART note: BART-to-Antioch trip IDs are not coordinated with schedule trip IDs"",""mandatory electric transfer north of PITT""]",[],"[""1965155"",""1965198"",""1965156"",""1965271"",""1965272"",""1965273"",""1965274"",""1965275""]",[],no_static_counterpart,observed_candidate
bart_live_20260911_161720,2026-09-11,capture_local_date_fallback,False,C:\Users\Igor\StudioProjects\BartRunnerAndroid\app\src\test\resources\bart_live_20260911_161720\trip_updates.pb,2026-09-11T23:17:20+00:00,678,678,,SCHEDULED,,,1,1,E20-1,E20-1,PCTR,PCTR,2026-09-11T23:46:29+00:00,True,True,False,False,,,False,False,False,False,operational_telemetry,medium,bart_to_antioch_numeric_namespace_with_same_capture_counterpart_check,"[""numeric_600_799_namespace"",""BART note: BART-to-Antioch trip IDs are not coordinated with schedule trip IDs"",""mandatory electric transfer north of PITT""]",[],"[""1965156"",""1965199"",""1965157"",""1965276""]",[],no_static_counterpart,observed_candidate
bart_live_20260911_161720,2026-09-11,capture_local_date_fallback,False,C:\Users\Igor\StudioProjects\BartRunnerAndroid\app\src\test\resources\bart_live_20260911_161720\trip_updates.pb,2026-09-11T23:17:20+00:00,680,680,,SCHEDULED,,,1,1,E20-1,E20-1,PCTR,PCTR,2026-09-12T00:06:29+00:00,True,True,False,False,,,False,False,False,False,operational_telemetry,medium,bart_to_antioch_numeric_namespace_with_same_capture_counterpart_check,"[""numeric_600_799_namespace"",""BART note: BART-to-Antioch trip IDs are not coordinated with schedule trip IDs"",""mandatory electric transfer north of PITT""]",[],"[""1965157""]",[],no_static_counterpart,observed_candidate
bart_live_20260911_161720,2026-09-11,capture_local_date_fallback,False,C:\Users\Igor\StudioProjects\BartRunnerAndroid\app\src\test\resources\bart_live_20260911_161720\trip_updates.pb,2026-09-11T23:17:20+00:00,682,682,,SCHEDULED,,,1,1,E20-1,E20-1,PCTR,PCTR,2026-09-12T00:26:29+00:00,True,True,False,False,,,False,False,False,False,required_counterpart_not_observed,low,bart_to_antioch_numeric_namespace_with_same_capture_counterpart_check,"[""numeric_600_799_namespace"",""BART note: BART-to-Antioch trip IDs are not coordinated with schedule trip IDs"",""mandatory electric transfer north of PITT""]",[],[],[],no_static_counterpart,required_not_observed
bart_live_20260911_161720,2026-09-11,capture_local_date_fallback,False,C:\Users\Igor\StudioProjects\BartRunnerAndroid\app\src\test\resources\bart_live_20260911_161720\trip_updates.pb,2026-09-11T23:17:20+00:00,683,683,,SCHEDULED,,,2,2,E30-2,E20-2,ANTC,PCTR,2026-09-11T23:28:03+00:00,True,True,False,False,,,False,False,False,False,operational_telemetry,medium,bart_to_antioch_numeric_namespace_with_same_capture_counterpart_check,"[""numeric_600_799_namespace"",""BART note: BART-to-Antioch trip IDs are not coordinated with schedule trip IDs"",""mandatory electric transfer north of PITT""]",[],"[""1965155"",""1965198"",""1965156"",""1965271"",""1965272"",""1965273"",""1965274"",""1965275""]",[],no_static_counterpart,observed_candidate
bart_live_20260911_161720,2026-09-11,capture_local_date_fallback,False,C:\Users\Igor\StudioProjects\BartRunnerAndroid\app\src\test\resources\bart_live_20260911_161720\trip_updates.pb,2026-09-11T23:17:20+00:00,684,684,,SCHEDULED,,,1,1,E20-1,E20-1,PCTR,PCTR,2026-09-12T00:46:29+00:00,True,True,False,False,,,False,False,False,False,required_counterpart_not_observed,low,bart_to_antioch_numeric_namespace_with_same_capture_counterpart_check,"[""numeric_600_799_namespace"",""BART note: BART-to-Antioch trip IDs are not coordinated with schedule trip IDs"",""mandatory electric transfer north of PITT""]",[],[],[],no_static_counterpart,required_not_observed
bart_live_20260911_161720,2026-09-11,capture_local_date_fallback,False,C:\Users\Igor\StudioProjects\BartRunnerAndroid\app\src\test\resources\bart_live_20260911_161720\trip_updates.pb,2026-09-11T23:17:20+00:00,685,685,,SCHEDULED,,,2,2,E30-2,E20-2,ANTC,PCTR,2026-09-11T23:48:03+00:00,True,True,False,False,,,False,False,False,False,operational_telemetry,medium,bart_to_antioch_numeric_namespace_with_same_capture_counterpart_check,"[""numeric_600_799_namespace"",""BART note: BART-to-Antioch trip IDs are not coordinated with schedule trip IDs"",""mandatory electric transfer north of PITT""]",[],"[""1965156"",""1965199"",""1965157"",""1965276""]",[],no_static_counterpart,observed_candidate
bart_live_20260911_161720,2026-09-11,capture_local_date_fallback,False,C:\Users\Igor\StudioProjects\BartRunnerAndroid\app\src\test\resources\bart_live_20260911_161720\trip_updates.pb,2026-09-11T23:17:20+00:00,687,687,,SCHEDULED,,,2,2,E30-2,E20-2,ANTC,PCTR,2026-09-12T00:08:03+00:00,True,True,False,False,,,False,False,False,False,operational_telemetry,medium,bart_to_antioch_numeric_namespace_with_same_capture_counterpart_check,"[""numeric_600_799_namespace"",""BART note: BART-to-Antioch trip IDs are not coordinated with schedule trip IDs"",""mandatory electric transfer north of PITT""]",[],"[""1965157""]",[],no_static_counterpart,observed_candidate
bart_live_20260911_161720,2026-09-11,capture_local_date_fallback,False,C:\Users\Igor\StudioProjects\BartRunnerAndroid\app\src\test\resources\bart_live_20260911_161720\trip_updates.pb,2026-09-11T23:17:20+00:00,689,689,,SCHEDULED,,,2,2,E30-2,E20-2,ANTC,PCTR,2026-09-12T00:28:03+00:00,True,True,False,False,,,False,False,False,False,required_counterpart_not_observed,low,bart_to_antioch_numeric_namespace_with_same_capture_counterpart_check,"[""numeric_600_799_namespace"",""BART note: BART-to-Antioch trip IDs are not coordinated with schedule trip IDs"",""mandatory electric transfer north of PITT""]",[],[],[],no_static_counterpart,required_not_observed
bart_live_20260911_161720,2026-09-11,capture_local_date_fallback,False,C:\Users\Igor\StudioProjects\BartRunnerAndroid\app\src\test\resources\bart_live_20260911_161720\trip_updates.pb,2026-09-11T23:17:20+00:00,691,691,,SCHEDULED,,,1,1,E30-2,E30-2,ANTC,ANTC,2026-09-12T00:48:03+00:00,True,True,False,False,,,False,False,False,False,required_counterpart_not_observed,low,bart_to_antioch_numeric_namespace_with_same_capture_counterpart_check,"[""numeric_600_799_namespace"",""BART note: BART-to-Antioch trip IDs are not coordinated with schedule trip IDs"",""mandatory electric transfer north of PITT""]",[],[],[],no_static_counterpart,required_not_observed
bart_live_20260911_185819,2026-09-11,capture_local_date_fallback,False,C:\Users\Igor\StudioProjects\BartRunnerAndroid\app\src\test\resources\bart_live_20260911_185819\trip_updates.pb,2026-09-12T01:58:19+00:00,1965118,1965118,,SCHEDULED,,,23,23,C70-2,W30-1,NCON,SBRN,2026-09-12T02:03:28+00:00,False,False,False,True,Yellow,SFIA,True,True,False,False,exact,high,trip_id+canonical_service_date,"[""GTFS-RT trip_id equals static trips.txt trip_id"",""canonical service date""]","[""1965118""]",[],[],exact,not_applicable
bart_live_20260911_185819,2026-09-11,capture_local_date_fallback,False,C:\Users\Igor\StudioProjects\BartRunnerAndroid\app\src\test\resources\bart_live_20260911_185819\trip_updates.pb,2026-09-12T01:58:19+00:00,1965119,1965119,,SCHEDULED,,,1,1,C80-2,C80-2,PITT,PITT,2026-09-12T02:06:39+00:00,False,False,False,True,Yellow,SFIA,True,True,False,True,exact,high,trip_id+canonical_service_date,"[""GTFS-RT trip_id equals static trips.txt trip_id"",""canonical service date""]","[""1965119""]",[],[],exact,not_applicable
bart_live_20260911_185819,2026-09-11,capture_local_date_fallback,False,C:\Users\Igor\StudioProjects\BartRunnerAndroid\app\src\test\resources\bart_live_20260911_185819\trip_updates.pb,2026-09-12T01:58:19+00:00,1965159,1965159,,SCHEDULED,,,3,3,W10-1,W30-1,COLM,SBRN,2026-09-12T01:59:25+00:00,False,False,False,True,Yellow,SFIA,True,True,False,False,exact,high,trip_id+canonical_service_date,"[""GTFS-RT trip_id equals static trips.txt trip_id"",""canonical service date""]","[""1965159""]",[],[],exact,not_applicable
bart_live_20260911_185819,2026-09-11,capture_local_date_fallback,False,C:\Users\Igor\StudioProjects\BartRunnerAndroid\app\src\test\resources\bart_live_20260911_185819\trip_updates.pb,2026-09-12T01:58:19+00:00,1965160,1965160,,SCHEDULED,,,9,9,M40-1,W30-1,CIVC,SBRN,2026-09-12T01:59:11+00:00,False,False,False,True,Yellow,SFIA,True,True,False,False,exact,high,trip_id+canonical_service_date,"[""GTFS-RT trip_id equals static trips.txt trip_id"",""canonical service date""]","[""1965160""]",[],[],exact,not_applicable
bart_live_20260911_185819,2026-09-11,capture_local_date_fallback,False,C:\Users\Igor\StudioProjects\BartRunnerAndroid\app\src\test\resources\bart_live_20260911_185819\trip_updates.pb,2026-09-12T01:58:19+00:00,1965161,1965161,,SCHEDULED,,,15,15,K20-2,W30-1,19TH,SBRN,2026-09-12T01:59:03+00:00,False,False,False,True,Yellow,SFIA,True,True,False,False,exact,high,trip_id+canonical_service_date,"[""GTFS-RT trip_id equals static trips.txt trip_id"",""canonical service date""]","[""1965161""]",[],[],exact,not_applicable
bart_live_20260911_185819,2026-09-11,capture_local_date_fallback,False,C:\Users\Igor\StudioProjects\BartRunnerAndroid\app\src\test\resources\bart_live_20260911_185819\trip_updates.pb,2026-09-12T01:58:19+00:00,1965162,1965162,,SCHEDULED,,,19,19,C30-2,W30-1,LAFY,SBRN,2026-09-12T02:01:37+00:00,False,False,False,True,Yellow,SFIA,True,True,False,False,exact,high,trip_id+canonical_service_date,"[""GTFS-RT trip_id equals static trips.txt trip_id"",""canonical service date""]","[""1965162""]",[],[],exact,not_applicable
bart_live_20260911_185819,2026-09-11,capture_local_date_fallback,False,C:\Users\Igor\StudioProjects\BartRunnerAndroid\app\src\test\resources\bart_live_20260911_185819\trip_updates.pb,2026-09-12T01:58:19+00:00,1965202,1965202,,SCHEDULED,,,4,4,M90-1,W30-1,DALY,SBRN,2026-09-12T02:01:49+00:00,False,False,False,True,Yellow,SFIA,True,True,False,False,exact,high,trip_id+canonical_service_date,"[""GTFS-RT trip_id equals static trips.txt trip_id"",""canonical service date""]","[""1965202""]",[],[],exact,not_applicable
bart_live_20260911_185819,2026-09-11,capture_local_date_fallback,False,C:\Users\Igor\StudioProjects\BartRunnerAndroid\app\src\test\resources\bart_live_20260911_185819\trip_updates.pb,2026-09-12T01:58:19+00:00,1965203,1965203,,SCHEDULED,,,12,12,M16-1,W30-1,EMBR,SBRN,2026-09-12T02:01:46+00:00,False,False,False,True,Yellow,SFIA,True,True,False,False,exact,high,trip_id+canonical_service_date,"[""GTFS-RT trip_id equals static trips.txt trip_id"",""canonical service date""]","[""1965203""]",[],[],exact,not_applicable
bart_live_20260911_185819,2026-09-11,capture_local_date_fallback,False,C:\Users\Igor\StudioProjects\BartRunnerAndroid\app\src\test\resources\bart_live_20260911_185819\trip_updates.pb,2026-09-12T01:58:19+00:00,1965204,1965204,,SCHEDULED,,,17,17,C10-2,W30-1,ROCK,SBRN,2026-09-12T02:03:06+00:00,False,False,False,True,Yellow,SFIA,True,True,False,False,exact,high,trip_id+canonical_service_date,"[""GTFS-RT trip_id equals static trips.txt trip_id"",""canonical service date""]","[""1965204""]",[],[],exact,not_applicable
bart_live_20260911_185819,2026-09-11,capture_local_date_fallback,False,C:\Users\Igor\StudioProjects\BartRunnerAndroid\app\src\test\resources\bart_live_20260911_185819\trip_updates.pb,2026-09-12T01:58:19+00:00,1965205,1965205,,SCHEDULED,,,24,24,C80-2,W30-1,PITT,SBRN,2026-09-12T01:58:44+00:00,False,False,False,True,Yellow,SFIA,True,True,False,False,exact,high,trip_id+canonical_service_date,"[""GTFS-RT trip_id equals static trips.txt trip_id"",""canonical service date""]","[""1965205""]",[],[],exact,not_applicable
bart_live_20260911_185819,2026-09-11,capture_local_date_fallback,False,C:\Users\Igor\StudioProjects\BartRunnerAndroid\app\src\test\resources\bart_live_20260911_185819\trip_updates.pb,2026-09-12T01:58:19+00:00,1965206,1965206,,SCHEDULED,,,24,24,C80-2,W30-1,PITT,SBRN,2026-09-12T02:30:32+00:00,False,False,False,True,Yellow,SFIA,True,True,False,False,exact,high,trip_id+canonical_service_date,"[""GTFS-RT trip_id equals static trips.txt trip_id"",""canonical service date""]","[""1965206""]",[],[],exact,not_applicable
bart_live_20260911_185819,2026-09-11,capture_local_date_fallback,False,C:\Users\Igor\StudioProjects\BartRunnerAndroid\app\src\test\resources\bart_live_20260911_185819\trip_updates.pb,2026-09-12T01:58:19+00:00,1965277,1965277,,SCHEDULED,,,1,1,C80-1,C80-1,PITT,PITT,2026-09-12T02:00:40+00:00,False,False,False,True,Yellow,ANTC,True,True,False,False,exact,high,trip_id+canonical_service_date,"[""GTFS-RT trip_id equals static trips.txt trip_id"",""canonical service date""]","[""1965277""]",[],[],exact,not_applicable
bart_live_20260911_185819,2026-09-11,capture_local_date_fallback,False,C:\Users\Igor\StudioProjects\BartRunnerAndroid\app\src\test\resources\bart_live_20260911_185819\trip_updates.pb,2026-09-12T01:58:19+00:00,1965278,1965278,,SCHEDULED,,,4,4,C50-1,C80-1,PHIL,PITT,2026-09-12T01:58:57+00:00,False,False,False,True,Yellow,ANTC,True,True,False,False,exact,high,trip_id+canonical_service_date,"[""GTFS-RT trip_id equals static trips.txt trip_id"",""canonical service date""]","[""1965278""]",[],[],exact,not_applicable
bart_live_20260911_185819,2026-09-11,capture_local_date_fallback,False,C:\Users\Igor\StudioProjects\BartRunnerAndroid\app\src\test\resources\bart_live_20260911_185819\trip_updates.pb,2026-09-12T01:58:19+00:00,1965279,1965279,,SCHEDULED,,,7,7,C20-1,C80-1,ORIN,PITT,2026-09-12T01:59:38+00:00,False,False,False,True,Yellow,ANTC,True,True,False,False,exact,high,trip_id+canonical_service_date,"[""GTFS-RT trip_id equals static trips.txt trip_id"",""canonical service date""]","[""1965279""]",[],[],exact,not_applicable
bart_live_20260911_185819,2026-09-11,capture_local_date_fallback,False,C:\Users\Igor\StudioProjects\BartRunnerAndroid\app\src\test\resources\bart_live_20260911_185819\trip_updates.pb,2026-09-12T01:58:19+00:00,1965280,1965280,,SCHEDULED,,,12,12,M10-2,C80-1,WOAK,PITT,2026-09-12T02:00:29+00:00,False,False,False,True,Yellow,ANTC,True,True,False,False,exact,high,trip_id+canonical_service_date,"[""GTFS-RT trip_id equals static trips.txt trip_id"",""canonical service date""]","[""1965280""]",[],[],exact,not_applicable
bart_live_20260911_185819,2026-09-11,capture_local_date_fallback,False,C:\Users\Igor\StudioProjects\BartRunnerAndroid\app\src\test\resources\bart_live_20260911_185819\trip_updates.pb,2026-09-12T01:58:19+00:00,1965281,1965281,,SCHEDULED,,,19,19,M70-2,C80-1,GLEN,PITT,2026-09-12T01:56:57+00:00,False,False,False,True,Yellow,ANTC,True,True,True,False,exact,high,trip_id+canonical_service_date,"[""GTFS-RT trip_id equals static trips.txt trip_id"",""canonical service date""]","[""1965281""]",[],[],exact,not_applicable
bart_live_20260911_185819,2026-09-11,capture_local_date_fallback,False,C:\Users\Igor\StudioProjects\BartRunnerAndroid\app\src\test\resources\bart_live_20260911_185819\trip_updates.pb,2026-09-12T01:58:19+00:00,1965282,1965282,,SCHEDULED,,,24,24,W30-2,C80-1,SBRN,PITT,2026-09-12T01:57:42+00:00,False,False,False,True,Yellow,ANTC,True,True,False,False,exact,high,trip_id+canonical_service_date,"[""GTFS-RT trip_id equals static trips.txt trip_id"",""canonical service date""]","[""1965282""]",[],[],exact,not_applicable
bart_live_20260911_185819,2026-09-11,capture_local_date_fallback,False,C:\Users\Igor\StudioProjects\BartRunnerAndroid\app\src\test\resources\bart_live_20260911_185819\trip_updates.pb,2026-09-12T01:58:19+00:00,1965283,1965283,,SCHEDULED,,,25,25,Y10-1,C80-1,SFIA,PITT,2026-09-12T02:09:18+00:00,False,False,False,True,Yellow,ANTC,True,True,False,False,exact,high,trip_id+canonical_service_date,"[""GTFS-RT trip_id equals static trips.txt trip_id"",""canonical service date""]","[""1965283""]",[],[],exact,not_applicable
bart_live_20260911_185819,2026-09-11,capture_local_date_fallback,False,C:\Users\Igor\StudioProjects\BartRunnerAndroid\app\src\test\resources\bart_live_20260911_185819\trip_updates.pb,2026-09-12T01:58:19+00:00,1965284,1965284,,SCHEDULED,,,25,25,Y10-1,C80-1,SFIA,PITT,2026-09-12T02:29:18+00:00,False,False,False,True,Yellow,ANTC,True,True,False,False,exact,high,trip_id+canonical_service_date,"[""GTFS-RT trip_id equals static trips.txt trip_id"",""canonical service date""]","[""1965284""]",[],[],exact,not_applicable
bart_live_20260911_185819,2026-09-11,capture_local_date_fallback,False,C:\Users\Igor\StudioProjects\BartRunnerAndroid\app\src\test\resources\bart_live_20260911_185819\trip_updates.pb,2026-09-12T01:58:19+00:00,1965299,1965299,,SCHEDULED,,,7,7,C10-1,C70-1,ROCK,NCON,2026-09-12T01:58:36+00:00,False,False,False,True,Yellow,PITT,True,True,False,False,exact,high,trip_id+canonical_service_date,"[""GTFS-RT trip_id equals static trips.txt trip_id"",""canonical service date""]","[""1965299""]",[],[],exact,not_applicable
bart_live_20260911_185819,2026-09-11,capture_local_date_fallback,False,C:\Users\Igor\StudioProjects\BartRunnerAndroid\app\src\test\resources\bart_live_20260911_185819\trip_updates.pb,2026-09-12T01:58:19+00:00,1965300,1965300,,SCHEDULED,,,16,16,M50-2,C70-1,16TH,NCON,2026-09-12T01:59:51+00:00,False,False,False,True,Yellow,PITT,True,True,False,False,exact,high,trip_id+canonical_service_date,"[""GTFS-RT trip_id equals static trips.txt trip_id"",""canonical service date""]","[""1965300""]",[],[],exact,not_applicable
bart_live_20260911_185819,2026-09-11,capture_local_date_fallback,False,C:\Users\Igor\StudioProjects\BartRunnerAndroid\app\src\test\resources\bart_live_20260911_185819\trip_updates.pb,2026-09-12T01:58:19+00:00,1965308,1965308,,SCHEDULED,,,1,1,C70-1,C70-1,NCON,NCON,2026-09-12T02:00:26+00:00,False,False,False,True,Yellow,PITT,True,True,False,True,exact,high,trip_id+canonical_service_date,"[""GTFS-RT trip_id equals static trips.txt trip_id"",""canonical service date""]","[""1965308""]",[],[],exact,not_applicable
bart_live_20260911_185819,2026-09-11,capture_local_date_fallback,False,C:\Users\Igor\StudioProjects\BartRunnerAndroid\app\src\test\resources\bart_live_20260911_185819\trip_updates.pb,2026-09-12T01:58:19+00:00,1965309,1965309,,SCHEDULED,,,4,4,C40-1,C70-1,WCRK,NCON,2026-09-12T02:00:00+00:00,False,False,False,True,Yellow,PITT,True,True,False,False,exact,high,trip_id+canonical_service_date,"[""GTFS-RT trip_id equals static trips.txt trip_id"",""canonical service date""]","[""1965309""]",[],[],exact,not_applicable
bart_live_20260911_185819,2026-09-11,capture_local_date_fallback,False,C:\Users\Igor\StudioProjects\BartRunnerAndroid\app\src\test\resources\bart_live_20260911_185819\trip_updates.pb,2026-09-12T01:58:19+00:00,1965341,1965341,,SCHEDULED,,,20,20,M90-2,C70-1,DALY,NCON,2026-09-12T02:00:31+00:00,False,False,False,True,Yellow,PITT,True,True,False,False,exact,high,trip_id+canonical_service_date,"[""GTFS-RT trip_id equals static trips.txt trip_id"",""canonical service date""]","[""1965341""]",[],[],exact,not_applicable
bart_live_20260911_185819,2026-09-11,capture_local_date_fallback,False,C:\Users\Igor\StudioProjects\BartRunnerAndroid\app\src\test\resources\bart_live_20260911_185819\trip_updates.pb,2026-09-12T01:58:19+00:00,1965406,1965406,,SCHEDULED,,,8,8,K10-1,R50-1,12TH,DELN,2026-09-12T01:57:36+00:00,False,False,False,True,Orange,RICH,True,True,False,False,exact,high,trip_id+canonical_service_date,"[""GTFS-RT trip_id equals static trips.txt trip_id"",""canonical service date""]","[""1965406""]",[],[],exact,not_applicable
bart_live_20260911_185819,2026-09-11,capture_local_date_fallback,False,C:\Users\Igor\StudioProjects\BartRunnerAndroid\app\src\test\resources\bart_live_20260911_185819\trip_updates.pb,2026-09-12T01:58:19+00:00,1965407,1965407,,SCHEDULED,,,12,12,A40-2,R50-1,SANL,DELN,2026-09-12T01:58:48+00:00,False,False,False,True,Orange,RICH,True,True,False,False,exact,high,trip_id+canonical_service_date,"[""GTFS-RT trip_id equals static trips.txt trip_id"",""canonical service date""]","[""1965407""]",[],[],exact,not_applicable
bart_live_20260911_185819,2026-09-11,capture_local_date_fallback,False,C:\Users\Igor\StudioProjects\BartRunnerAndroid\app\src\test\resources\bart_live_20260911_185819\trip_updates.pb,2026-09-12T01:58:19+00:00,1965408,1965408,,SCHEDULED,,,16,16,A80-2,R50-1,UCTY,DELN,2026-09-12T02:02:17+00:00,False,False,False,True,Orange,RICH,True,True,False,False,exact,high,trip_id+canonical_service_date,"[""GTFS-RT trip_id equals static trips.txt trip_id"",""canonical service date""]","[""1965408""]",[],[],exact,not_applicable
bart_live_20260911_185819,2026-09-11,capture_local_date_fallback,False,C:\Users\Igor\StudioProjects\BartRunnerAndroid\app\src\test\resources\bart_live_20260911_185819\trip_updates.pb,2026-09-12T01:58:19+00:00,1965409,1965409,,SCHEDULED,,,20,20,S50-2,R50-1,BERY,DELN,2026-09-12T01:58:28+00:00,False,False,False,True,Orange,RICH,True,True,False,False,exact,high,trip_id+canonical_service_date,"[""GTFS-RT trip_id equals static trips.txt trip_id"",""canonical service date""]","[""1965409""]",[],[],exact,not_applicable
bart_live_20260911_185819,2026-09-11,capture_local_date_fallback,False,C:\Users\Igor\StudioProjects\BartRunnerAndroid\app\src\test\resources\bart_live_20260911_185819\trip_updates.pb,2026-09-12T01:58:19+00:00,1965410,1965410,,SCHEDULED,,,20,20,S50-2,R50-1,BERY,DELN,2026-09-12T02:18:28+00:00,False,False,False,True,Orange,RICH,True,True,False,False,exact,high,trip_id+canonical_service_date,"[""GTFS-RT trip_id equals static trips.txt trip_id"",""canonical service date""]","[""1965410""]",[],[],exact,not_applicable
bart_live_20260911_185819,2026-09-11,capture_local_date_fallback,False,C:\Users\Igor\StudioProjects\BartRunnerAndroid\app\src\test\resources\bart_live_20260911_185819\trip_updates.pb,2026-09-12T01:58:19+00:00,1965411,1965411,,SCHEDULED,,,20,20,S50-2,R50-1,BERY,DELN,2026-09-12T02:38:28+00:00,False,False,False,True,Orange,RICH,True,True,False,False,exact,high,trip_id+canonical_service_date,"[""GTFS-RT trip_id equals static trips.txt trip_id"",""canonical service date""]","[""1965411""]",[],[],exact,not_applicable
bart_live_20260911_185819,2026-09-11,capture_local_date_fallback,False,C:\Users\Igor\StudioProjects\BartRunnerAndroid\app\src\test\resources\bart_live_20260911_185819\trip_updates.pb,2026-09-12T01:58:19+00:00,1965463,1965463,,SCHEDULED,,,1,1,S40-1,S40-1,MLPT,MLPT,2026-09-12T02:04:01+00:00,False,False,False,True,Orange,BERY,True,True,False,False,exact,high,trip_id+canonical_service_date,"[""GTFS-RT trip_id equals static trips.txt trip_id"",""canonical service date""]","[""1965463""]",[],[],exact,not_applicable
bart_live_20260911_185819,2026-09-11,capture_local_date_fallback,False,C:\Users\Igor\StudioProjects\BartRunnerAndroid\app\src\test\resources\bart_live_20260911_185819\trip_updates.pb,2026-09-12T01:58:19+00:00,1965464,1965464,,SCHEDULED,,,5,5,A70-1,S40-1,SHAY,MLPT,2026-09-12T01:59:22+00:00,False,False,False,True,Orange,BERY,True,True,False,False,exact,high,trip_id+canonical_service_date,"[""GTFS-RT trip_id equals static trips.txt trip_id"",""canonical service date""]","[""1965464""]",[],[],exact,not_applicable
bart_live_20260911_185819,2026-09-11,capture_local_date_fallback,False,C:\Users\Igor\StudioProjects\BartRunnerAndroid\app\src\test\resources\bart_live_20260911_185819\trip_updates.pb,2026-09-12T01:58:19+00:00,1965465,1965465,,SCHEDULED,,,10,10,A20-1,S40-1,FTVL,MLPT,2026-09-12T01:59:47+00:00,False,False,False,True,Orange,BERY,True,True,False,False,exact,high,trip_id+canonical_service_date,"[""GTFS-RT trip_id equals static trips.txt trip_id"",""canonical service date""]","[""1965465""]",[],[],exact,not_applicable
bart_live_20260911_185819,2026-09-11,capture_local_date_fallback,False,C:\Users\Igor\StudioProjects\BartRunnerAndroid\app\src\test\resources\bart_live_20260911_185819\trip_updates.pb,2026-09-12T01:58:19+00:00,1965466,1965466,,SCHEDULED,,,15,15,R10-2,S40-1,ASHB,MLPT,2026-09-12T02:00:14+00:00,False,False,False,True,Orange,BERY,True,True,False,False,exact,high,trip_id+canonical_service_date,"[""GTFS-RT trip_id equals static trips.txt trip_id"",""canonical service date""]","[""1965466""]",[],[],exact,not_applicable
bart_live_20260911_185819,2026-09-11,capture_local_date_fallback,False,C:\Users\Igor\StudioProjects\BartRunnerAndroid\app\src\test\resources\bart_live_20260911_185819\trip_updates.pb,2026-09-12T01:58:19+00:00,1965467,1965467,,SCHEDULED,,,20,20,R60-2,S40-1,RICH,MLPT,2026-09-12T02:02:43+00:00,False,False,False,True,Orange,BERY,True,True,False,False,exact,high,trip_id+canonical_service_date,"[""GTFS-RT trip_id equals static trips.txt trip_id"",""canonical service date""]","[""1965467""]",[],[],exact,not_applicable
bart_live_20260911_185819,2026-09-11,capture_local_date_fallback,False,C:\Users\Igor\StudioProjects\BartRunnerAndroid\app\src\test\resources\bart_live_20260911_185819\trip_updates.pb,2026-09-12T01:58:19+00:00,1965468,1965468,,SCHEDULED,,,20,20,R60-2,S40-1,RICH,MLPT,2026-09-12T02:22:43+00:00,False,False,False,True,Orange,BERY,True,True,False,False,exact,high,trip_id+canonical_service_date,"[""GTFS-RT trip_id equals static trips.txt trip_id"",""canonical service date""]","[""1965468""]",[],[],exact,not_applicable
bart_live_20260911_185819,2026-09-11,capture_local_date_fallback,False,C:\Users\Igor\StudioProjects\BartRunnerAndroid\app\src\test\resources\bart_live_20260911_185819\trip_updates.pb,2026-09-12T01:58:19+00:00,1965524,1965524,,SCHEDULED,,,3,3,M60-1,M80-1,24TH,BALB,2026-09-12T01:58:44+00:00,False,False,False,True,Green,DALY,True,True,False,False,exact,high,trip_id+canonical_service_date,"[""GTFS-RT trip_id equals static trips.txt trip_id"",""canonical service date""]","[""1965524""]",[],[],exact,not_applicable
bart_live_20260911_185819,2026-09-11,capture_local_date_fallback,False,C:\Users\Igor\StudioProjects\BartRunnerAndroid\app\src\test\resources\bart_live_20260911_185819\trip_updates.pb,2026-09-12T01:58:19+00:00,1965525,1965525,,SCHEDULED,,,10,10,A10-2,M80-1,LAKE,BALB,2026-09-12T01:59:23+00:00,False,False,False,True,Green,DALY,True,True,False,False,exact,high,trip_id+canonical_service_date,"[""GTFS-RT trip_id equals static trips.txt trip_id"",""canonical service date""]","[""1965525""]",[],[],exact,not_applicable
bart_live_20260911_185819,2026-09-11,capture_local_date_fallback,False,C:\Users\Igor\StudioProjects\BartRunnerAndroid\app\src\test\resources\bart_live_20260911_185819\trip_updates.pb,2026-09-12T01:58:19+00:00,1965526,1965526,,SCHEDULED,,,15,15,A60-2,M80-1,HAYW,BALB,2026-09-12T01:58:55+00:00,False,False,False,True,Green,DALY,True,True,False,False,exact,high,trip_id+canonical_service_date,"[""GTFS-RT trip_id equals static trips.txt trip_id"",""canonical service date""]","[""1965526""]",[],[],exact,not_applicable
bart_live_20260911_185819,2026-09-11,capture_local_date_fallback,False,C:\Users\Igor\StudioProjects\BartRunnerAndroid\app\src\test\resources\bart_live_20260911_185819\trip_updates.pb,2026-09-12T01:58:19+00:00,1965528,1965528,,SCHEDULED,,,18,18,A90-2,M80-1,FRMT,BALB,2026-09-12T02:01:17+00:00,False,False,False,True,Green,DALY,True,True,False,False,exact,high,trip_id+canonical_service_date,"[""GTFS-RT trip_id equals static trips.txt trip_id"",""canonical service date""]","[""1965528""]",[],[],exact,not_applicable
bart_live_20260911_185819,2026-09-11,capture_local_date_fallback,False,C:\Users\Igor\StudioProjects\BartRunnerAndroid\app\src\test\resources\bart_live_20260911_185819\trip_updates.pb,2026-09-12T01:58:19+00:00,1965568,1965568,,SCHEDULED,,,1,1,S40-1,S40-1,MLPT,MLPT,2026-09-12T01:58:56+00:00,False,False,False,True,Green,BERY,True,True,False,False,exact,high,trip_id+canonical_service_date,"[""GTFS-RT trip_id equals static trips.txt trip_id"",""canonical service date""]","[""1965568""]",[],[],exact,not_applicable
bart_live_20260911_185819,2026-09-11,capture_local_date_fallback,False,C:\Users\Igor\StudioProjects\BartRunnerAndroid\app\src\test\resources\bart_live_20260911_185819\trip_updates.pb,2026-09-12T01:58:19+00:00,1965570,1965570,,SCHEDULED,,,4,4,A80-1,S40-1,UCTY,MLPT,2026-09-12T02:01:08+00:00,False,False,False,True,Green,BERY,True,True,False,False,exact,high,trip_id+canonical_service_date,"[""GTFS-RT trip_id equals static trips.txt trip_id"",""canonical service date""]","[""1965570""]",[],[],exact,not_applicable
bart_live_20260911_185819,2026-09-11,capture_local_date_fallback,False,C:\Users\Igor\StudioProjects\BartRunnerAndroid\app\src\test\resources\bart_live_20260911_185819\trip_updates.pb,2026-09-12T01:58:19+00:00,1965571,1965571,,SCHEDULED,,,11,11,A10-1,S40-1,LAKE,MLPT,2026-09-12T01:58:57+00:00,False,False,False,True,Green,BERY,True,True,False,False,exact,high,trip_id+canonical_service_date,"[""GTFS-RT trip_id equals static trips.txt trip_id"",""canonical service date""]","[""1965571""]",[],[],exact,not_applicable
bart_live_20260911_185819,2026-09-11,capture_local_date_fallback,False,C:\Users\Igor\StudioProjects\BartRunnerAndroid\app\src\test\resources\bart_live_20260911_185819\trip_updates.pb,2026-09-12T01:58:19+00:00,1965572,1965572,,SCHEDULED,,,15,15,M30-2,S40-1,POWL,MLPT,2026-09-12T01:59:46+00:00,False,False,False,True,Green,BERY,True,True,False,False,exact,high,trip_id+canonical_service_date,"[""GTFS-RT trip_id equals static trips.txt trip_id"",""canonical service date""]","[""1965572""]",[],[],exact,not_applicable
bart_live_20260911_185819,2026-09-11,capture_local_date_fallback,False,C:\Users\Igor\StudioProjects\BartRunnerAndroid\app\src\test\resources\bart_live_20260911_185819\trip_updates.pb,2026-09-12T01:58:19+00:00,1965573,1965573,,SCHEDULED,,,21,21,M90-2,S40-1,DALY,MLPT,2026-09-12T02:03:11+00:00,False,False,False,True,Green,BERY,True,True,False,False,exact,high,trip_id+canonical_service_date,"[""GTFS-RT trip_id equals static trips.txt trip_id"",""canonical service date""]","[""1965573""]",[],[],exact,not_applicable
bart_live_20260911_185819,2026-09-11,capture_local_date_fallback,False,C:\Users\Igor\StudioProjects\BartRunnerAndroid\app\src\test\resources\bart_live_20260911_185819\trip_updates.pb,2026-09-12T01:58:19+00:00,1965574,1965574,,SCHEDULED,,,21,21,M90-2,S40-1,DALY,MLPT,2026-09-12T02:19:44+00:00,False,False,False,True,Green,BERY,True,True,False,False,exact,high,trip_id+canonical_service_date,"[""GTFS-RT trip_id equals static trips.txt trip_id"",""canonical service date""]","[""1965574""]",[],[],exact,not_applicable
bart_live_20260911_185819,2026-09-11,capture_local_date_fallback,False,C:\Users\Igor\StudioProjects\BartRunnerAndroid\app\src\test\resources\bart_live_20260911_185819\trip_updates.pb,2026-09-12T01:58:19+00:00,1965662,1965662,,SCHEDULED,,,3,3,W20-1,Y10-2,SSAN,SFIA,2026-09-12T01:58:38+00:00,False,False,False,True,Red,MLBR,True,True,False,False,exact,high,trip_id+canonical_service_date,"[""GTFS-RT trip_id equals static trips.txt trip_id"",""canonical service date""]","[""1965662""]",[],[],exact,not_applicable
bart_live_20260911_185819,2026-09-11,capture_local_date_fallback,False,C:\Users\Igor\StudioProjects\BartRunnerAndroid\app\src\test\resources\bart_live_20260911_185819\trip_updates.pb,2026-09-12T01:58:19+00:00,1965663,1965663,,SCHEDULED,,,9,9,M50-1,Y10-2,16TH,SFIA,2026-09-12T01:59:37+00:00,False,False,False,True,Red,MLBR,True,True,False,False,exact,high,trip_id+canonical_service_date,"[""GTFS-RT trip_id equals static trips.txt trip_id"",""canonical service date""]","[""1965663""]",[],[],exact,not_applicable
bart_live_20260911_185819,2026-09-11,capture_local_date_fallback,False,C:\Users\Igor\StudioProjects\BartRunnerAndroid\app\src\test\resources\bart_live_20260911_185819\trip_updates.pb,2026-09-12T01:58:19+00:00,1965664,1965664,,SCHEDULED,,,13,13,M10-1,W30-1,WOAK,SBRN,2026-09-12T02:02:10+00:00,False,False,False,True,Red,MLBR,True,True,False,False,exact,high,trip_id+canonical_service_date,"[""GTFS-RT trip_id equals static trips.txt trip_id"",""canonical service date""]","[""1965664""]",[],[],exact,not_applicable
bart_live_20260911_185819,2026-09-11,capture_local_date_fallback,False,C:\Users\Igor\StudioProjects\BartRunnerAndroid\app\src\test\resources\bart_live_20260911_185819\trip_updates.pb,2026-09-12T01:58:19+00:00,1965665,1965665,,SCHEDULED,,,20,20,R40-2,W30-1,PLZA,SBRN,2026-09-12T01:59:42+00:00,False,False,False,True,Red,MLBR,True,True,False,False,exact,high,trip_id+canonical_service_date,"[""GTFS-RT trip_id equals static trips.txt trip_id"",""canonical service date""]","[""1965665""]",[],[],exact,not_applicable
bart_live_20260911_185819,2026-09-11,capture_local_date_fallback,False,C:\Users\Igor\StudioProjects\BartRunnerAndroid\app\src\test\resources\bart_live_20260911_185819\trip_updates.pb,2026-09-12T01:58:19+00:00,1965666,1965666,,SCHEDULED,,,22,22,R60-2,W30-1,RICH,SBRN,2026-09-12T02:10:15+00:00,False,False,False,True,Red,MLBR,True,True,False,False,exact,high,trip_id+canonical_service_date,"[""GTFS-RT trip_id equals static trips.txt trip_id"",""canonical service date""]","[""1965666""]",[],[],exact,not_applicable
bart_live_20260911_185819,2026-09-11,capture_local_date_fallback,False,C:\Users\Igor\StudioProjects\BartRunnerAndroid\app\src\test\resources\bart_live_20260911_185819\trip_updates.pb,2026-09-12T01:58:19+00:00,1965667,1965667,,SCHEDULED,,,22,22,R60-2,W30-1,RICH,SBRN,2026-09-12T02:30:15+00:00,False,False,False,True,Red,MLBR,True,True,False,False,exact,high,trip_id+canonical_service_date,"[""GTFS-RT trip_id equals static trips.txt trip_id"",""canonical service date""]","[""1965667""]",[],[],exact,not_applicable
bart_live_20260911_185819,2026-09-11,capture_local_date_fallback,False,C:\Users\Igor\StudioProjects\BartRunnerAndroid\app\src\test\resources\bart_live_20260911_185819\trip_updates.pb,2026-09-12T01:58:19+00:00,1965703,1965703,,SCHEDULED,,,1,1,R50-1,R50-1,DELN,DELN,2026-09-12T02:01:00+00:00,False,False,False,True,Red,RICH,True,True,False,False,exact,high,trip_id+canonical_service_date,"[""GTFS-RT trip_id equals static trips.txt trip_id"",""canonical service date""]","[""1965703""]",[],[],exact,not_applicable
bart_live_20260911_185819,2026-09-11,capture_local_date_fallback,False,C:\Users\Igor\StudioProjects\BartRunnerAndroid\app\src\test\resources\bart_live_20260911_185819\trip_updates.pb,2026-09-12T01:58:19+00:00,1965704,1965704,,SCHEDULED,,,6,6,K30-1,R50-1,MCAR,DELN,2026-09-12T02:01:28+00:00,False,False,False,True,Red,RICH,True,True,False,False,exact,high,trip_id+canonical_service_date,"[""GTFS-RT trip_id equals static trips.txt trip_id"",""canonical service date""]","[""1965704""]",[],[],exact,not_applicable
bart_live_20260911_185819,2026-09-11,capture_local_date_fallback,False,C:\Users\Igor\StudioProjects\BartRunnerAndroid\app\src\test\resources\bart_live_20260911_185819\trip_updates.pb,2026-09-12T01:58:19+00:00,1965705,1965705,,SCHEDULED,,,11,11,M20-2,R50-1,MONT,DELN,2026-09-12T01:59:13+00:00,False,False,False,True,Red,RICH,True,True,False,False,exact,high,trip_id+canonical_service_date,"[""GTFS-RT trip_id equals static trips.txt trip_id"",""canonical service date""]","[""1965705""]",[],[],exact,not_applicable
bart_live_20260911_185819,2026-09-11,capture_local_date_fallback,False,C:\Users\Igor\StudioProjects\BartRunnerAndroid\app\src\test\resources\bart_live_20260911_185819\trip_updates.pb,2026-09-12T01:58:19+00:00,1965706,1965706,,SCHEDULED,,,18,18,M90-2,R50-1,DALY,DELN,2026-09-12T01:58:16+00:00,False,False,False,True,Red,RICH,True,True,False,False,exact,high,trip_id+canonical_service_date,"[""GTFS-RT trip_id equals static trips.txt trip_id"",""canonical service date""]","[""1965706""]",[],[],exact,not_applicable
bart_live_20260911_185819,2026-09-11,capture_local_date_fallback,False,C:\Users\Igor\StudioProjects\BartRunnerAndroid\app\src\test\resources\bart_live_20260911_185819\trip_updates.pb,2026-09-12T01:58:19+00:00,1965707,1965707,,SCHEDULED,,,22,22,Y10-2,R50-1,SFIA,DELN,2026-09-12T02:01:11+00:00,False,False,False,True,Red,RICH,True,True,False,False,exact,high,trip_id+canonical_service_date,"[""GTFS-RT trip_id equals static trips.txt trip_id"",""canonical service date""]","[""1965707""]",[],[],exact,not_applicable
bart_live_20260911_185819,2026-09-11,capture_local_date_fallback,False,C:\Users\Igor\StudioProjects\BartRunnerAndroid\app\src\test\resources\bart_live_20260911_185819\trip_updates.pb,2026-09-12T01:58:19+00:00,1965708,1965708,,SCHEDULED,,,23,23,W40-3,R50-1,MLBR,DELN,2026-09-12T02:11:36+00:00,False,False,False,True,Red,RICH,True,True,False,False,exact,high,trip_id+canonical_service_date,"[""GTFS-RT trip_id equals static trips.txt trip_id"",""canonical service date""]","[""1965708""]",[],[],exact,not_applicable
bart_live_20260911_185819,2026-09-11,capture_local_date_fallback,False,C:\Users\Igor\StudioProjects\BartRunnerAndroid\app\src\test\resources\bart_live_20260911_185819\trip_updates.pb,2026-09-12T01:58:19+00:00,1965709,1965709,,SCHEDULED,,,23,23,W40-3,R50-1,MLBR,DELN,2026-09-12T02:31:36+00:00,False,False,False,True,Red,RICH,True,True,False,False,exact,high,trip_id+canonical_service_date,"[""GTFS-RT trip_id equals static trips.txt trip_id"",""canonical service date""]","[""1965709""]",[],[],exact,not_applicable
bart_live_20260911_185819,2026-09-11,capture_local_date_fallback,False,C:\Users\Igor\StudioProjects\BartRunnerAndroid\app\src\test\resources\bart_live_20260911_185819\trip_updates.pb,2026-09-12T01:58:19+00:00,1965799,1965799,,SCHEDULED,,,8,8,M16-1,M80-1,EMBR,BALB,2026-09-12T02:03:44+00:00,False,False,False,True,Blue,DALY,True,True,False,False,exact,high,trip_id+canonical_service_date,"[""GTFS-RT trip_id equals static trips.txt trip_id"",""canonical service date""]","[""1965799""]",[],[],exact,not_applicable
bart_live_20260911_185819,2026-09-11,capture_local_date_fallback,False,C:\Users\Igor\StudioProjects\BartRunnerAndroid\app\src\test\resources\bart_live_20260911_185819\trip_updates.pb,2026-09-12T01:58:19+00:00,1965800,1965800,,SCHEDULED,,,12,12,A30-2,M80-1,COLS,BALB,2026-09-12T01:58:42+00:00,False,False,False,True,Blue,DALY,True,True,False,False,exact,high,trip_id+canonical_service_date,"[""GTFS-RT trip_id equals static trips.txt trip_id"",""canonical service date""]","[""1965800""]",[],[],exact,not_applicable
bart_live_20260911_185819,2026-09-11,capture_local_date_fallback,False,C:\Users\Igor\StudioProjects\BartRunnerAndroid\app\src\test\resources\bart_live_20260911_185819\trip_updates.pb,2026-09-12T01:58:19+00:00,1965801,1965801,,SCHEDULED,,,15,15,L10-2,M80-1,CAST,BALB,2026-09-12T02:05:27+00:00,False,False,False,True,Blue,DALY,True,True,False,False,exact,high,trip_id+canonical_service_date,"[""GTFS-RT trip_id equals static trips.txt trip_id"",""canonical service date""]","[""1965801""]",[],[],exact,not_applicable
bart_live_20260911_185819,2026-09-11,capture_local_date_fallback,False,C:\Users\Igor\StudioProjects\BartRunnerAndroid\app\src\test\resources\bart_live_20260911_185819\trip_updates.pb,2026-09-12T01:58:19+00:00,1965802,1965802,,SCHEDULED,,,17,17,L30-2,M80-1,DUBL,BALB,2026-09-12T02:13:59+00:00,False,False,False,True,Blue,DALY,True,True,False,False,exact,high,trip_id+canonical_service_date,"[""GTFS-RT trip_id equals static trips.txt trip_id"",""canonical service date""]","[""1965802""]",[],[],exact,not_applicable
bart_live_20260911_185819,2026-09-11,capture_local_date_fallback,False,C:\Users\Igor\StudioProjects\BartRunnerAndroid\app\src\test\resources\bart_live_20260911_185819\trip_updates.pb,2026-09-12T01:58:19+00:00,1965803,1965803,,SCHEDULED,,,17,17,L30-2,M80-1,DUBL,BALB,2026-09-12T02:29:32+00:00,False,False,False,True,Blue,DALY,True,True,False,False,exact,high,trip_id+canonical_service_date,"[""GTFS-RT trip_id equals static trips.txt trip_id"",""canonical service date""]","[""1965803""]",[],[],exact,not_applicable
bart_live_20260911_185819,2026-09-11,capture_local_date_fallback,False,C:\Users\Igor\StudioProjects\BartRunnerAndroid\app\src\test\resources\bart_live_20260911_185819\trip_updates.pb,2026-09-12T01:58:19+00:00,1965854,1965854,,SCHEDULED,,,2,2,L10-1,L20-1,CAST,WDUB,2026-09-12T01:58:01+00:00,False,False,False,True,Blue,DUBL,True,True,False,False,exact,high,trip_id+canonical_service_date,"[""GTFS-RT trip_id equals static trips.txt trip_id"",""canonical service date""]","[""1965854""]",[],[],exact,not_applicable
bart_live_20260911_185819,2026-09-11,capture_local_date_fallback,False,C:\Users\Igor\StudioProjects\BartRunnerAndroid\app\src\test\resources\bart_live_20260911_185819\trip_updates.pb,2026-09-12T01:58:19+00:00,1965855,1965855,,SCHEDULED,,,3,3,A50-1,L20-1,BAYF,WDUB,2026-09-12T01:59:36+00:00,False,False,False,True,Blue,DUBL,True,True,False,False,exact,high,trip_id+canonical_service_date,"[""GTFS-RT trip_id equals static trips.txt trip_id"",""canonical service date""]","[""1965855""]",[],[],exact,not_applicable
bart_live_20260911_185819,2026-09-11,capture_local_date_fallback,False,C:\Users\Igor\StudioProjects\BartRunnerAndroid\app\src\test\resources\bart_live_20260911_185819\trip_updates.pb,2026-09-12T01:58:19+00:00,1965856,1965856,,SCHEDULED,,,7,7,A10-1,L20-1,LAKE,WDUB,2026-09-12T02:02:58+00:00,False,False,False,True,Blue,DUBL,True,True,False,False,exact,high,trip_id+canonical_service_date,"[""GTFS-RT trip_id equals static trips.txt trip_id"",""canonical service date""]","[""1965856""]",[],[],exact,not_applicable
bart_live_20260911_185819,2026-09-11,capture_local_date_fallback,False,C:\Users\Igor\StudioProjects\BartRunnerAndroid\app\src\test\resources\bart_live_20260911_185819\trip_updates.pb,2026-09-12T01:58:19+00:00,1965857,1965857,,SCHEDULED,,,16,16,M80-2,L20-1,BALB,WDUB,2026-09-12T01:56:29+00:00,False,False,False,True,Blue,DUBL,True,True,True,False,exact,high,trip_id+canonical_service_date,"[""GTFS-RT trip_id equals static trips.txt trip_id"",""canonical service date""]","[""1965857""]",[],[],exact,not_applicable
bart_live_20260911_185819,2026-09-11,capture_local_date_fallback,False,C:\Users\Igor\StudioProjects\BartRunnerAndroid\app\src\test\resources\bart_live_20260911_185819\trip_updates.pb,2026-09-12T01:58:19+00:00,1965858,1965858,,SCHEDULED,,,17,17,M90-2,L20-1,DALY,WDUB,2026-09-12T02:07:44+00:00,False,False,False,True,Blue,DUBL,True,True,False,False,exact,high,trip_id+canonical_service_date,"[""GTFS-RT trip_id equals static trips.txt trip_id"",""canonical service date""]","[""1965858""]",[],[],exact,not_applicable
bart_live_20260911_185819,2026-09-11,capture_local_date_fallback,False,C:\Users\Igor\StudioProjects\BartRunnerAndroid\app\src\test\resources\bart_live_20260911_185819\trip_updates.pb,2026-09-12T01:58:19+00:00,1965859,1965859,,SCHEDULED,,,17,17,M90-2,L20-1,DALY,WDUB,2026-09-12T02:28:35+00:00,False,False,False,True,Blue,DUBL,True,True,False,False,exact,high,trip_id+canonical_service_date,"[""GTFS-RT trip_id equals static trips.txt trip_id"",""canonical service date""]","[""1965859""]",[],[],exact,not_applicable
bart_live_20260911_185819,2026-09-11,capture_local_date_fallback,False,C:\Users\Igor\StudioProjects\BartRunnerAndroid\app\src\test\resources\bart_live_20260911_185819\trip_updates.pb,2026-09-12T01:58:19+00:00,692,692,,SCHEDULED,,,1,1,E20-1,E20-1,PCTR,PCTR,2026-09-12T02:06:29+00:00,True,True,False,False,,,False,False,False,False,operational_telemetry,medium,bart_to_antioch_numeric_namespace_with_same_capture_counterpart_check,"[""numeric_600_799_namespace"",""BART note: BART-to-Antioch trip IDs are not coordinated with schedule trip IDs"",""mandatory electric transfer north of PITT""]",[],"[""1965205"",""1965119"",""1965308"",""1965279"",""1965280"",""1965281"",""1965282"",""1965283"",""1965277"",""1965278""]",[],no_static_counterpart,observed_candidate
bart_live_20260911_185819,2026-09-11,capture_local_date_fallback,False,C:\Users\Igor\StudioProjects\BartRunnerAndroid\app\src\test\resources\bart_live_20260911_185819\trip_updates.pb,2026-09-12T01:58:19+00:00,694,694,,SCHEDULED,,,1,1,E20-1,E20-1,PCTR,PCTR,2026-09-12T02:26:29+00:00,True,True,False,False,,,False,False,False,False,operational_telemetry,medium,bart_to_antioch_numeric_namespace_with_same_capture_counterpart_check,"[""numeric_600_799_namespace"",""BART note: BART-to-Antioch trip IDs are not coordinated with schedule trip IDs"",""mandatory electric transfer north of PITT""]",[],"[""1965206"",""1965284""]",[],no_static_counterpart,observed_candidate
bart_live_20260911_185819,2026-09-11,capture_local_date_fallback,False,C:\Users\Igor\StudioProjects\BartRunnerAndroid\app\src\test\resources\bart_live_20260911_185819\trip_updates.pb,2026-09-12T01:58:19+00:00,696,696,,SCHEDULED,,,1,1,E20-1,E20-1,PCTR,PCTR,2026-09-12T02:46:29+00:00,True,True,False,False,,,False,False,False,False,required_counterpart_not_observed,low,bart_to_antioch_numeric_namespace_with_same_capture_counterpart_check,"[""numeric_600_799_namespace"",""BART note: BART-to-Antioch trip IDs are not coordinated with schedule trip IDs"",""mandatory electric transfer north of PITT""]",[],[],[],no_static_counterpart,required_not_observed
bart_live_20260911_185819,2026-09-11,capture_local_date_fallback,False,C:\Users\Igor\StudioProjects\BartRunnerAndroid\app\src\test\resources\bart_live_20260911_185819\trip_updates.pb,2026-09-12T01:58:19+00:00,698,698,,SCHEDULED,,,1,1,E20-1,E20-1,PCTR,PCTR,2026-09-12T03:06:29+00:00,True,True,False,False,,,False,False,False,False,required_counterpart_not_observed,low,bart_to_antioch_numeric_namespace_with_same_capture_counterpart_check,"[""numeric_600_799_namespace"",""BART note: BART-to-Antioch trip IDs are not coordinated with schedule trip IDs"",""mandatory electric transfer north of PITT""]",[],[],[],no_static_counterpart,required_not_observed
bart_live_20260911_185819,2026-09-11,capture_local_date_fallback,False,C:\Users\Igor\StudioProjects\BartRunnerAndroid\app\src\test\resources\bart_live_20260911_185819\trip_updates.pb,2026-09-12T01:58:19+00:00,699,699,,SCHEDULED,,,2,2,E30-2,E20-2,ANTC,PCTR,2026-09-12T02:08:03+00:00,True,True,False,False,,,False,False,False,False,operational_telemetry,medium,bart_to_antioch_numeric_namespace_with_same_capture_counterpart_check,"[""numeric_600_799_namespace"",""BART note: BART-to-Antioch trip IDs are not coordinated with schedule trip IDs"",""mandatory electric transfer north of PITT""]",[],"[""1965205"",""1965119"",""1965308"",""1965279"",""1965280"",""1965281"",""1965282"",""1965283"",""1965277"",""1965278""]",[],no_static_counterpart,observed_candidate
bart_live_20260911_185819,2026-09-11,capture_local_date_fallback,False,C:\Users\Igor\StudioProjects\BartRunnerAndroid\app\src\test\resources\bart_live_20260911_185819\trip_updates.pb,2026-09-12T01:58:19+00:00,701,701,,SCHEDULED,,,2,2,E30-2,E20-2,ANTC,PCTR,2026-09-12T02:28:03+00:00,True,True,False,False,,,False,False,False,False,operational_telemetry,medium,bart_to_antioch_numeric_namespace_with_same_capture_counterpart_check,"[""numeric_600_799_namespace"",""BART note: BART-to-Antioch trip IDs are not coordinated with schedule trip IDs"",""mandatory electric transfer north of PITT""]",[],"[""1965206"",""1965284""]",[],no_static_counterpart,observed_candidate
bart_live_20260911_185819,2026-09-11,capture_local_date_fallback,False,C:\Users\Igor\StudioProjects\BartRunnerAndroid\app\src\test\resources\bart_live_20260911_185819\trip_updates.pb,2026-09-12T01:58:19+00:00,702,702,,SCHEDULED,,,1,1,E20-1,E20-1,PCTR,PCTR,2026-09-12T03:26:29+00:00,True,True,False,False,,,False,False,False,False,required_counterpart_not_observed,low,bart_to_antioch_numeric_namespace_with_same_capture_counterpart_check,"[""numeric_600_799_namespace"",""BART note: BART-to-Antioch trip IDs are not coordinated with schedule trip IDs"",""mandatory electric transfer north of PITT""]",[],[],[],no_static_counterpart,required_not_observed
bart_live_20260911_185819,2026-09-11,capture_local_date_fallback,False,C:\Users\Igor\StudioProjects\BartRunnerAndroid\app\src\test\resources\bart_live_20260911_185819\trip_updates.pb,2026-09-12T01:58:19+00:00,703,703,,SCHEDULED,,,2,2,E30-2,E20-2,ANTC,PCTR,2026-09-12T02:48:03+00:00,True,True,False,False,,,False,False,False,False,required_counterpart_not_observed,low,bart_to_antioch_numeric_namespace_with_same_capture_counterpart_check,"[""numeric_600_799_namespace"",""BART note: BART-to-Antioch trip IDs are not coordinated with schedule trip IDs"",""mandatory electric transfer north of PITT""]",[],[],[],no_static_counterpart,required_not_observed
bart_live_20260911_185819,2026-09-11,capture_local_date_fallback,False,C:\Users\Igor\StudioProjects\BartRunnerAndroid\app\src\test\resources\bart_live_20260911_185819\trip_updates.pb,2026-09-12T01:58:19+00:00,705,705,,SCHEDULED,,,2,2,E30-2,E20-2,ANTC,PCTR,2026-09-12T03:08:03+00:00,True,True,False,False,,,False,False,False,False,required_counterpart_not_observed,low,bart_to_antioch_numeric_namespace_with_same_capture_counterpart_check,"[""numeric_600_799_namespace"",""BART note: BART-to-Antioch trip IDs are not coordinated with schedule trip IDs"",""mandatory electric transfer north of PITT""]",[],[],[],no_static_counterpart,required_not_observed
bart_live_20260911_185819,2026-09-11,capture_local_date_fallback,False,C:\Users\Igor\StudioProjects\BartRunnerAndroid\app\src\test\resources\bart_live_20260911_185819\trip_updates.pb,2026-09-12T01:58:19+00:00,707,707,,SCHEDULED,,,1,1,E30-2,E30-2,ANTC,ANTC,2026-09-12T03:28:03+00:00,True,True,False,False,,,False,False,False,False,required_counterpart_not_observed,low,bart_to_antioch_numeric_namespace_with_same_capture_counterpart_check,"[""numeric_600_799_namespace"",""BART note: BART-to-Antioch trip IDs are not coordinated with schedule trip IDs"",""mandatory electric transfer north of PITT""]",[],[],[],no_static_counterpart,required_not_observed
bart_live_20260912_071605,2026-09-12,capture_local_date_fallback,False,C:\Users\Igor\StudioProjects\BartRunnerAndroid\app\src\test\resources\bart_live_20260912_071605\trip_updates.pb,2026-09-12T14:16:05+00:00,2000422,2000422,,SCHEDULED,,,5,5,M80-1,W30-1,BALB,SBRN,2026-09-12T14:15:50+00:00,False,False,False,True,Yellow,SFIA,True,True,False,False,exact,high,trip_id+canonical_service_date,"[""GTFS-RT trip_id equals static trips.txt trip_id"",""canonical service date""]","[""2000422""]",[],[],exact,not_applicable
bart_live_20260912_071605,2026-09-12,capture_local_date_fallback,False,C:\Users\Igor\StudioProjects\BartRunnerAndroid\app\src\test\resources\bart_live_20260912_071605\trip_updates.pb,2026-09-12T14:16:05+00:00,2000423,2000423,,SCHEDULED,,,12,12,M16-1,W30-1,EMBR,SBRN,2026-09-12T14:21:32+00:00,False,False,False,True,Yellow,SFIA,True,True,False,False,exact,high,trip_id+canonical_service_date,"[""GTFS-RT trip_id equals static trips.txt trip_id"",""canonical service date""]","[""2000423""]",[],[],exact,not_applicable
bart_live_20260912_071605,2026-09-12,capture_local_date_fallback,False,C:\Users\Igor\StudioProjects\BartRunnerAndroid\app\src\test\resources\bart_live_20260912_071605\trip_updates.pb,2026-09-12T14:16:05+00:00,2000424,2000424,,SCHEDULED,,,17,17,C10-2,W30-1,ROCK,SBRN,2026-09-12T14:21:01+00:00,False,False,False,True,Yellow,SFIA,True,True,False,False,exact,high,trip_id+canonical_service_date,"[""GTFS-RT trip_id equals static trips.txt trip_id"",""canonical service date""]","[""2000424""]",[],[],exact,not_applicable
bart_live_20260912_071605,2026-09-12,capture_local_date_fallback,False,C:\Users\Igor\StudioProjects\BartRunnerAndroid\app\src\test\resources\bart_live_20260912_071605\trip_updates.pb,2026-09-12T14:16:05+00:00,2000425,2000425,,SCHEDULED,,,22,22,C60-2,W30-1,CONC,SBRN,2026-09-12T14:18:01+00:00,False,False,False,True,Yellow,SFIA,True,True,False,False,exact,high,trip_id+canonical_service_date,"[""GTFS-RT trip_id equals static trips.txt trip_id"",""canonical service date""]","[""2000425""]",[],[],exact,not_applicable
bart_live_20260912_071605,2026-09-12,capture_local_date_fallback,False,C:\Users\Igor\StudioProjects\BartRunnerAndroid\app\src\test\resources\bart_live_20260912_071605\trip_updates.pb,2026-09-12T14:16:05+00:00,2000426,2000426,,SCHEDULED,,,24,24,C80-2,W30-1,PITT,SBRN,2026-09-12T14:26:39+00:00,False,False,False,True,Yellow,SFIA,True,True,False,False,exact,high,trip_id+canonical_service_date,"[""GTFS-RT trip_id equals static trips.txt trip_id"",""canonical service date""]","[""2000426""]",[],[],exact,not_applicable
bart_live_20260912_071605,2026-09-12,capture_local_date_fallback,False,C:\Users\Igor\StudioProjects\BartRunnerAndroid\app\src\test\resources\bart_live_20260912_071605\trip_updates.pb,2026-09-12T14:16:05+00:00,2000427,2000427,,SCHEDULED,,,24,24,C80-2,W30-1,PITT,SBRN,2026-09-12T14:46:39+00:00,False,False,False,True,Yellow,SFIA,True,True,False,False,exact,high,trip_id+canonical_service_date,"[""GTFS-RT trip_id equals static trips.txt trip_id"",""canonical service date""]","[""2000427""]",[],[],exact,not_applicable
bart_live_20260912_071605,2026-09-12,capture_local_date_fallback,False,C:\Users\Igor\StudioProjects\BartRunnerAndroid\app\src\test\resources\bart_live_20260912_071605\trip_updates.pb,2026-09-12T14:16:05+00:00,2000492,2000492,,SCHEDULED,,,1,1,C80-1,C80-1,PITT,PITT,2026-09-12T14:18:49+00:00,False,False,False,True,Yellow,ANTC,True,True,False,False,exact,high,trip_id+canonical_service_date,"[""GTFS-RT trip_id equals static trips.txt trip_id"",""canonical service date""]","[""2000492""]",[],[],exact,not_applicable
bart_live_20260912_071605,2026-09-12,capture_local_date_fallback,False,C:\Users\Igor\StudioProjects\BartRunnerAndroid\app\src\test\resources\bart_live_20260912_071605\trip_updates.pb,2026-09-12T14:16:05+00:00,2000493,2000493,,SCHEDULED,,,5,5,C40-1,C80-1,WCRK,PITT,2026-09-12T14:16:32+00:00,False,False,False,True,Yellow,ANTC,True,True,False,False,exact,high,trip_id+canonical_service_date,"[""GTFS-RT trip_id equals static trips.txt trip_id"",""canonical service date""]","[""2000493""]",[],[],exact,not_applicable
bart_live_20260912_071605,2026-09-12,capture_local_date_fallback,False,C:\Users\Igor\StudioProjects\BartRunnerAndroid\app\src\test\resources\bart_live_20260912_071605\trip_updates.pb,2026-09-12T14:16:05+00:00,2000494,2000494,,SCHEDULED,,,10,10,K20-3,C80-1,19TH,PITT,2026-09-12T14:16:01+00:00,False,False,False,True,Yellow,ANTC,True,True,False,False,exact,high,trip_id+canonical_service_date,"[""GTFS-RT trip_id equals static trips.txt trip_id"",""canonical service date""]","[""2000494""]",[],[],exact,not_applicable
bart_live_20260912_071605,2026-09-12,capture_local_date_fallback,False,C:\Users\Igor\StudioProjects\BartRunnerAndroid\app\src\test\resources\bart_live_20260912_071605\trip_updates.pb,2026-09-12T14:16:05+00:00,2000495,2000495,,SCHEDULED,,,17,17,M50-2,C80-1,16TH,PITT,2026-09-12T14:16:06+00:00,False,False,False,True,Yellow,ANTC,True,True,False,False,exact,high,trip_id+canonical_service_date,"[""GTFS-RT trip_id equals static trips.txt trip_id"",""canonical service date""]","[""2000495""]",[],[],exact,not_applicable
bart_live_20260912_071605,2026-09-12,capture_local_date_fallback,False,C:\Users\Igor\StudioProjects\BartRunnerAndroid\app\src\test\resources\bart_live_20260912_071605\trip_updates.pb,2026-09-12T14:16:05+00:00,2000496,2000496,,SCHEDULED,,,23,23,W20-2,C80-1,SSAN,PITT,2026-09-12T14:17:08+00:00,False,False,False,True,Yellow,ANTC,True,True,False,False,exact,high,trip_id+canonical_service_date,"[""GTFS-RT trip_id equals static trips.txt trip_id"",""canonical service date""]","[""2000496""]",[],[],exact,not_applicable
bart_live_20260912_071605,2026-09-12,capture_local_date_fallback,False,C:\Users\Igor\StudioProjects\BartRunnerAndroid\app\src\test\resources\bart_live_20260912_071605\trip_updates.pb,2026-09-12T14:16:05+00:00,2000497,2000497,,SCHEDULED,,,25,25,Y10-1,C80-1,SFIA,PITT,2026-09-12T14:29:18+00:00,False,False,False,True,Yellow,ANTC,True,True,False,False,exact,high,trip_id+canonical_service_date,"[""GTFS-RT trip_id equals static trips.txt trip_id"",""canonical service date""]","[""2000497""]",[],[],exact,not_applicable
bart_live_20260912_071605,2026-09-12,capture_local_date_fallback,False,C:\Users\Igor\StudioProjects\BartRunnerAndroid\app\src\test\resources\bart_live_20260912_071605\trip_updates.pb,2026-09-12T14:16:05+00:00,2000498,2000498,,SCHEDULED,,,25,25,Y10-1,C80-1,SFIA,PITT,2026-09-12T14:49:18+00:00,False,False,False,True,Yellow,ANTC,True,True,False,False,exact,high,trip_id+canonical_service_date,"[""GTFS-RT trip_id equals static trips.txt trip_id"",""canonical service date""]","[""2000498""]",[],[],exact,not_applicable
bart_live_20260912_071605,2026-09-12,capture_local_date_fallback,False,C:\Users\Igor\StudioProjects\BartRunnerAndroid\app\src\test\resources\bart_live_20260912_071605\trip_updates.pb,2026-09-12T14:16:05+00:00,2000565,2000565,,SCHEDULED,,,7,7,K20-1,R50-1,19TH,DELN,2026-09-12T14:16:36+00:00,False,False,False,True,Orange,RICH,True,True,False,False,exact,high,trip_id+canonical_service_date,"[""GTFS-RT trip_id equals static trips.txt trip_id"",""canonical service date""]","[""2000565""]",[],[],exact,not_applicable
bart_live_20260912_071605,2026-09-12,capture_local_date_fallback,False,C:\Users\Igor\StudioProjects\BartRunnerAndroid\app\src\test\resources\bart_live_20260912_071605\trip_updates.pb,2026-09-12T14:16:05+00:00,2000566,2000566,,SCHEDULED,,,12,12,A40-2,R50-1,SANL,DELN,2026-09-12T14:19:20+00:00,False,False,False,True,Orange,RICH,True,True,False,False,exact,high,trip_id+canonical_service_date,"[""GTFS-RT trip_id equals static trips.txt trip_id"",""canonical service date""]","[""2000566""]",[],[],exact,not_applicable
bart_live_20260912_071605,2026-09-12,capture_local_date_fallback,False,C:\Users\Igor\StudioProjects\BartRunnerAndroid\app\src\test\resources\bart_live_20260912_071605\trip_updates.pb,2026-09-12T14:16:05+00:00,2000567,2000567,,SCHEDULED,,,16,16,A80-1,R50-1,UCTY,DELN,2026-09-12T14:17:23+00:00,False,False,False,True,Orange,RICH,True,True,False,False,exact,high,trip_id+canonical_service_date,"[""GTFS-RT trip_id equals static trips.txt trip_id"",""canonical service date""]","[""2000567""]",[],[],exact,not_applicable
bart_live_20260912_071605,2026-09-12,capture_local_date_fallback,False,C:\Users\Igor\StudioProjects\BartRunnerAndroid\app\src\test\resources\bart_live_20260912_071605\trip_updates.pb,2026-09-12T14:16:05+00:00,2000568,2000568,,SCHEDULED,,,16,16,A80-1,R50-1,UCTY,DELN,2026-09-12T14:37:23+00:00,False,False,False,True,Orange,RICH,True,True,False,False,exact,high,trip_id+canonical_service_date,"[""GTFS-RT trip_id equals static trips.txt trip_id"",""canonical service date""]","[""2000568""]",[],[],exact,not_applicable
bart_live_20260912_071605,2026-09-12,capture_local_date_fallback,False,C:\Users\Igor\StudioProjects\BartRunnerAndroid\app\src\test\resources\bart_live_20260912_071605\trip_updates.pb,2026-09-12T14:16:05+00:00,2000569,2000569,,SCHEDULED,,,16,16,A80-1,R50-1,UCTY,DELN,2026-09-12T14:57:23+00:00,False,False,False,True,Orange,RICH,True,True,False,False,exact,high,trip_id+canonical_service_date,"[""GTFS-RT trip_id equals static trips.txt trip_id"",""canonical service date""]","[""2000569""]",[],[],exact,not_applicable
bart_live_20260912_071605,2026-09-12,capture_local_date_fallback,False,C:\Users\Igor\StudioProjects\BartRunnerAndroid\app\src\test\resources\bart_live_20260912_071605\trip_updates.pb,2026-09-12T14:16:05+00:00,2000621,2000621,,SCHEDULED,,,1,1,A70-1,A70-1,SHAY,SHAY,2026-09-12T14:19:41+00:00,False,False,False,True,Orange,UCTY,True,True,False,False,exact,high,trip_id+canonical_service_date,"[""GTFS-RT trip_id equals static trips.txt trip_id"",""canonical service date""]","[""2000621""]",[],[],exact,not_applicable
bart_live_20260912_071605,2026-09-12,capture_local_date_fallback,False,C:\Users\Igor\StudioProjects\BartRunnerAndroid\app\src\test\resources\bart_live_20260912_071605\trip_updates.pb,2026-09-12T14:16:05+00:00,2000622,2000622,,SCHEDULED,,,6,6,A20-1,A70-1,FTVL,SHAY,2026-09-12T14:19:06+00:00,False,False,False,True,Orange,UCTY,True,True,False,False,exact,high,trip_id+canonical_service_date,"[""GTFS-RT trip_id equals static trips.txt trip_id"",""canonical service date""]","[""2000622""]",[],[],exact,not_applicable
bart_live_20260912_071605,2026-09-12,capture_local_date_fallback,False,C:\Users\Igor\StudioProjects\BartRunnerAndroid\app\src\test\resources\bart_live_20260912_071605\trip_updates.pb,2026-09-12T14:16:05+00:00,2000623,2000623,,SCHEDULED,,,13,13,R30-2,A70-1,NBRK,SHAY,2026-09-12T14:16:04+00:00,False,False,False,True,Orange,UCTY,True,True,False,False,exact,high,trip_id+canonical_service_date,"[""GTFS-RT trip_id equals static trips.txt trip_id"",""canonical service date""]","[""2000623""]",[],[],exact,not_applicable
bart_live_20260912_071605,2026-09-12,capture_local_date_fallback,False,C:\Users\Igor\StudioProjects\BartRunnerAndroid\app\src\test\resources\bart_live_20260912_071605\trip_updates.pb,2026-09-12T14:16:05+00:00,2000624,2000624,,SCHEDULED,,,16,16,R60-2,A70-1,RICH,SHAY,2026-09-12T14:22:43+00:00,False,False,False,True,Orange,UCTY,True,True,False,False,exact,high,trip_id+canonical_service_date,"[""GTFS-RT trip_id equals static trips.txt trip_id"",""canonical service date""]","[""2000624""]",[],[],exact,not_applicable
bart_live_20260912_071605,2026-09-12,capture_local_date_fallback,False,C:\Users\Igor\StudioProjects\BartRunnerAndroid\app\src\test\resources\bart_live_20260912_071605\trip_updates.pb,2026-09-12T14:16:05+00:00,2000625,2000625,,SCHEDULED,,,16,16,R60-2,A70-1,RICH,SHAY,2026-09-12T14:42:43+00:00,False,False,False,True,Orange,UCTY,True,True,False,False,exact,high,trip_id+canonical_service_date,"[""GTFS-RT trip_id equals static trips.txt trip_id"",""canonical service date""]","[""2000625""]",[],[],exact,not_applicable
bart_live_20260912_071605,2026-09-12,capture_local_date_fallback,False,C:\Users\Igor\StudioProjects\BartRunnerAndroid\app\src\test\resources\bart_live_20260912_071605\trip_updates.pb,2026-09-12T14:16:05+00:00,2000721,2000721,,SCHEDULED,,,4,4,A30-1,A60-1,COLS,HAYW,2026-09-12T14:18:27+00:00,False,False,False,True,Green,SHAY,True,True,False,False,exact,high,trip_id+canonical_service_date,"[""GTFS-RT trip_id equals static trips.txt trip_id"",""canonical service date""]","[""2000721""]",[],[],exact,not_applicable
bart_live_20260912_071605,2026-09-12,capture_local_date_fallback,False,C:\Users\Igor\StudioProjects\BartRunnerAndroid\app\src\test\resources\bart_live_20260912_071605\trip_updates.pb,2026-09-12T14:16:05+00:00,2000806,2000806,,SCHEDULED,,,2,2,W30-1,Y10-2,SBRN,SFIA,2026-09-12T14:18:37+00:00,False,False,False,True,Red,MLBR,True,True,False,False,exact,high,trip_id+canonical_service_date,"[""GTFS-RT trip_id equals static trips.txt trip_id"",""canonical service date""]","[""2000806""]",[],[],exact,not_applicable
bart_live_20260912_071605,2026-09-12,capture_local_date_fallback,False,C:\Users\Igor\StudioProjects\BartRunnerAndroid\app\src\test\resources\bart_live_20260912_071605\trip_updates.pb,2026-09-12T14:16:05+00:00,2000807,2000807,,SCHEDULED,,,9,9,M50-1,Y10-2,16TH,SFIA,2026-09-12T14:16:19+00:00,False,False,False,True,Red,MLBR,True,True,False,False,exact,high,trip_id+canonical_service_date,"[""GTFS-RT trip_id equals static trips.txt trip_id"",""canonical service date""]","[""2000807""]",[],[],exact,not_applicable
bart_live_20260912_071605,2026-09-12,capture_local_date_fallback,False,C:\Users\Igor\StudioProjects\BartRunnerAndroid\app\src\test\resources\bart_live_20260912_071605\trip_updates.pb,2026-09-12T14:16:05+00:00,2000808,2000808,,SCHEDULED,,,15,15,K20-2,W30-1,19TH,SBRN,2026-09-12T14:16:28+00:00,False,False,False,True,Red,MLBR,True,True,False,False,exact,high,trip_id+canonical_service_date,"[""GTFS-RT trip_id equals static trips.txt trip_id"",""canonical service date""]","[""2000808""]",[],[],exact,not_applicable
bart_live_20260912_071605,2026-09-12,capture_local_date_fallback,False,C:\Users\Igor\StudioProjects\BartRunnerAndroid\app\src\test\resources\bart_live_20260912_071605\trip_updates.pb,2026-09-12T14:16:05+00:00,2000809,2000809,,SCHEDULED,,,21,21,R50-2,W30-1,DELN,SBRN,2026-09-12T14:16:57+00:00,False,False,False,True,Red,MLBR,True,True,False,False,exact,high,trip_id+canonical_service_date,"[""GTFS-RT trip_id equals static trips.txt trip_id"",""canonical service date""]","[""2000809""]",[],[],exact,not_applicable
bart_live_20260912_071605,2026-09-12,capture_local_date_fallback,False,C:\Users\Igor\StudioProjects\BartRunnerAndroid\app\src\test\resources\bart_live_20260912_071605\trip_updates.pb,2026-09-12T14:16:05+00:00,2000810,2000810,,SCHEDULED,,,22,22,R60-2,W30-1,RICH,SBRN,2026-09-12T14:30:15+00:00,False,False,False,True,Red,MLBR,True,True,False,False,exact,high,trip_id+canonical_service_date,"[""GTFS-RT trip_id equals static trips.txt trip_id"",""canonical service date""]","[""2000810""]",[],[],exact,not_applicable
bart_live_20260912_071605,2026-09-12,capture_local_date_fallback,False,C:\Users\Igor\StudioProjects\BartRunnerAndroid\app\src\test\resources\bart_live_20260912_071605\trip_updates.pb,2026-09-12T14:16:05+00:00,2000811,2000811,,SCHEDULED,,,22,22,R60-2,W30-1,RICH,SBRN,2026-09-12T14:50:15+00:00,False,False,False,True,Red,MLBR,True,True,False,False,exact,high,trip_id+canonical_service_date,"[""GTFS-RT trip_id equals static trips.txt trip_id"",""canonical service date""]","[""2000811""]",[],[],exact,not_applicable
bart_live_20260912_071605,2026-09-12,capture_local_date_fallback,False,C:\Users\Igor\StudioProjects\BartRunnerAndroid\app\src\test\resources\bart_live_20260912_071605\trip_updates.pb,2026-09-12T14:16:05+00:00,2000847,2000847,,SCHEDULED,,,22,22,Y10-2,R50-1,SFIA,DELN,2026-09-12T14:18:20+00:00,False,False,False,True,Red,RICH,True,True,False,False,exact,high,trip_id+canonical_service_date,"[""GTFS-RT trip_id equals static trips.txt trip_id"",""canonical service date""]","[""2000847""]",[],[],exact,not_applicable
bart_live_20260912_071605,2026-09-12,capture_local_date_fallback,False,C:\Users\Igor\StudioProjects\BartRunnerAndroid\app\src\test\resources\bart_live_20260912_071605\trip_updates.pb,2026-09-12T14:16:05+00:00,2000848,2000848,,SCHEDULED,,,23,23,W40-3,R50-1,MLBR,DELN,2026-09-12T14:31:36+00:00,False,False,False,True,Red,RICH,True,True,False,False,exact,high,trip_id+canonical_service_date,"[""GTFS-RT trip_id equals static trips.txt trip_id"",""canonical service date""]","[""2000848""]",[],[],exact,not_applicable
bart_live_20260912_071605,2026-09-12,capture_local_date_fallback,False,C:\Users\Igor\StudioProjects\BartRunnerAndroid\app\src\test\resources\bart_live_20260912_071605\trip_updates.pb,2026-09-12T14:16:05+00:00,2000849,2000849,,SCHEDULED,,,1,1,W40-3,W40-3,MLBR,MLBR,2026-09-12T14:51:36+00:00,False,False,False,True,Red,RICH,True,True,False,False,exact,high,trip_id+canonical_service_date,"[""GTFS-RT trip_id equals static trips.txt trip_id"",""canonical service date""]","[""2000849""]",[],[],exact,not_applicable
bart_live_20260912_071605,2026-09-12,capture_local_date_fallback,False,C:\Users\Igor\StudioProjects\BartRunnerAndroid\app\src\test\resources\bart_live_20260912_071605\trip_updates.pb,2026-09-12T14:16:05+00:00,2000932,2000932,,SCHEDULED,,,11,11,A20-2,M80-1,FTVL,BALB,2026-09-12T14:16:43+00:00,False,False,False,True,Blue,DALY,True,True,False,False,exact,high,trip_id+canonical_service_date,"[""GTFS-RT trip_id equals static trips.txt trip_id"",""canonical service date""]","[""2000932""]",[],[],exact,not_applicable
bart_live_20260912_071605,2026-09-12,capture_local_date_fallback,False,C:\Users\Igor\StudioProjects\BartRunnerAndroid\app\src\test\resources\bart_live_20260912_071605\trip_updates.pb,2026-09-12T14:16:05+00:00,2000933,2000933,,SCHEDULED,,,15,15,L10-2,M80-1,CAST,BALB,2026-09-12T14:20:04+00:00,False,False,False,True,Blue,DALY,True,True,False,False,exact,high,trip_id+canonical_service_date,"[""GTFS-RT trip_id equals static trips.txt trip_id"",""canonical service date""]","[""2000933""]",[],[],exact,not_applicable
bart_live_20260912_071605,2026-09-12,capture_local_date_fallback,False,C:\Users\Igor\StudioProjects\BartRunnerAndroid\app\src\test\resources\bart_live_20260912_071605\trip_updates.pb,2026-09-12T14:16:05+00:00,2000934,2000934,,SCHEDULED,,,17,17,L30-2,M80-1,DUBL,BALB,2026-09-12T14:24:32+00:00,False,False,False,True,Blue,DALY,True,True,False,False,exact,high,trip_id+canonical_service_date,"[""GTFS-RT trip_id equals static trips.txt trip_id"",""canonical service date""]","[""2000934""]",[],[],exact,not_applicable
bart_live_20260912_071605,2026-09-12,capture_local_date_fallback,False,C:\Users\Igor\StudioProjects\BartRunnerAndroid\app\src\test\resources\bart_live_20260912_071605\trip_updates.pb,2026-09-12T14:16:05+00:00,2000935,2000935,,SCHEDULED,,,17,17,L30-2,M80-1,DUBL,BALB,2026-09-12T14:44:32+00:00,False,False,False,True,Blue,DALY,True,True,False,False,exact,high,trip_id+canonical_service_date,"[""GTFS-RT trip_id equals static trips.txt trip_id"",""canonical service date""]","[""2000935""]",[],[],exact,not_applicable
bart_live_20260912_071605,2026-09-12,capture_local_date_fallback,False,C:\Users\Igor\StudioProjects\BartRunnerAndroid\app\src\test\resources\bart_live_20260912_071605\trip_updates.pb,2026-09-12T14:16:05+00:00,2000986,2000986,,SCHEDULED,,,1,1,L20-1,L20-1,WDUB,WDUB,2026-09-12T14:18:02+00:00,False,False,False,True,Blue,DUBL,True,True,False,False,exact,high,trip_id+canonical_service_date,"[""GTFS-RT trip_id equals static trips.txt trip_id"",""canonical service date""]","[""2000986""]",[],[],exact,not_applicable
bart_live_20260912_071605,2026-09-12,capture_local_date_fallback,False,C:\Users\Igor\StudioProjects\BartRunnerAndroid\app\src\test\resources\bart_live_20260912_071605\trip_updates.pb,2026-09-12T14:16:05+00:00,2000988,2000988,,SCHEDULED,,,4,4,A40-1,L20-1,SANL,WDUB,2026-09-12T14:19:34+00:00,False,False,False,True,Blue,DUBL,True,True,False,False,exact,high,trip_id+canonical_service_date,"[""GTFS-RT trip_id equals static trips.txt trip_id"",""canonical service date""]","[""2000988""]",[],[],exact,not_applicable
bart_live_20260912_071605,2026-09-12,capture_local_date_fallback,False,C:\Users\Igor\StudioProjects\BartRunnerAndroid\app\src\test\resources\bart_live_20260912_071605\trip_updates.pb,2026-09-12T14:16:05+00:00,2000989,2000989,,SCHEDULED,,,8,8,M10-2,L20-1,WOAK,WDUB,2026-09-12T14:21:54+00:00,False,False,False,True,Blue,DUBL,True,True,False,False,exact,high,trip_id+canonical_service_date,"[""GTFS-RT trip_id equals static trips.txt trip_id"",""canonical service date""]","[""2000989""]",[],[],exact,not_applicable
bart_live_20260912_071605,2026-09-12,capture_local_date_fallback,False,C:\Users\Igor\StudioProjects\BartRunnerAndroid\app\src\test\resources\bart_live_20260912_071605\trip_updates.pb,2026-09-12T14:16:05+00:00,2000990,2000990,,SCHEDULED,,,17,17,M90-2,L20-1,DALY,WDUB,2026-09-12T14:12:54+00:00,False,False,False,True,Blue,DUBL,True,True,True,False,exact,high,trip_id+canonical_service_date,"[""GTFS-RT trip_id equals static trips.txt trip_id"",""canonical service date""]","[""2000990""]",[],[],exact,not_applicable
bart_live_20260912_071605,2026-09-12,capture_local_date_fallback,False,C:\Users\Igor\StudioProjects\BartRunnerAndroid\app\src\test\resources\bart_live_20260912_071605\trip_updates.pb,2026-09-12T14:16:05+00:00,2000991,2000991,,SCHEDULED,,,17,17,M90-2,L20-1,DALY,WDUB,2026-09-12T14:35:44+00:00,False,False,False,True,Blue,DUBL,True,True,False,False,exact,high,trip_id+canonical_service_date,"[""GTFS-RT trip_id equals static trips.txt trip_id"",""canonical service date""]","[""2000991""]",[],[],exact,not_applicable
bart_live_20260912_071605,2026-09-12,capture_local_date_fallback,False,C:\Users\Igor\StudioProjects\BartRunnerAndroid\app\src\test\resources\bart_live_20260912_071605\trip_updates.pb,2026-09-12T14:16:05+00:00,2000992,2000992,,SCHEDULED,,,17,17,M90-2,L20-1,DALY,WDUB,2026-09-12T14:55:44+00:00,False,False,False,True,Blue,DUBL,True,True,False,False,exact,high,trip_id+canonical_service_date,"[""GTFS-RT trip_id equals static trips.txt trip_id"",""canonical service date""]","[""2000992""]",[],[],exact,not_applicable
bart_live_20260912_071605,2026-09-12,capture_local_date_fallback,False,C:\Users\Igor\StudioProjects\BartRunnerAndroid\app\src\test\resources\bart_live_20260912_071605\trip_updates.pb,2026-09-12T14:16:05+00:00,2002128,2002128,,SCHEDULED,,,2,2,S20-2,S40-1,WARM,MLPT,2026-09-12T14:54:14+00:00,False,False,False,True,Orange,BERY,True,True,False,False,exact,high,trip_id+canonical_service_date,"[""GTFS-RT trip_id equals static trips.txt trip_id"",""canonical service date""]","[""2002128""]",[],[],exact,not_applicable
bart_live_20260912_071605,2026-09-12,capture_local_date_fallback,False,C:\Users\Igor\StudioProjects\BartRunnerAndroid\app\src\test\resources\bart_live_20260912_071605\trip_updates.pb,2026-09-12T14:16:05+00:00,2002130,2002130,,SCHEDULED,,,1,1,S40-1,S40-1,MLPT,MLPT,2026-09-12T14:21:55+00:00,False,False,False,True,Orange,BERY,True,True,False,False,exact,high,trip_id+canonical_service_date,"[""GTFS-RT trip_id equals static trips.txt trip_id"",""canonical service date""]","[""2002130""]",[],[],exact,not_applicable
bart_live_20260912_071605,2026-09-12,capture_local_date_fallback,False,C:\Users\Igor\StudioProjects\BartRunnerAndroid\app\src\test\resources\bart_live_20260912_071605\trip_updates.pb,2026-09-12T14:16:05+00:00,2002131,2002131,,SCHEDULED,,,2,2,S50-2,S40-2,BERY,MLPT,2026-09-12T14:35:22+00:00,False,False,False,True,Orange,WARM,True,True,False,False,exact,high,trip_id+canonical_service_date,"[""GTFS-RT trip_id equals static trips.txt trip_id"",""canonical service date""]","[""2002131""]",[],[],exact,not_applicable
bart_live_20260912_071605,2026-09-12,capture_local_date_fallback,False,C:\Users\Igor\StudioProjects\BartRunnerAndroid\app\src\test\resources\bart_live_20260912_071605\trip_updates.pb,2026-09-12T14:16:05+00:00,2002137,2002137,,SCHEDULED,,,2,2,S20-2,S40-1,WARM,MLPT,2026-09-12T14:34:14+00:00,False,False,False,True,Orange,BERY,True,True,False,False,exact,high,trip_id+canonical_service_date,"[""GTFS-RT trip_id equals static trips.txt trip_id"",""canonical service date""]","[""2002137""]",[],[],exact,not_applicable
bart_live_20260912_071605,2026-09-12,capture_local_date_fallback,False,C:\Users\Igor\StudioProjects\BartRunnerAndroid\app\src\test\resources\bart_live_20260912_071605\trip_updates.pb,2026-09-12T14:16:05+00:00,2002145,2002145,,SCHEDULED,,,2,2,S50-2,S40-2,BERY,MLPT,2026-09-12T14:15:22+00:00,False,False,False,True,Orange,WARM,True,True,False,False,exact,high,trip_id+canonical_service_date,"[""GTFS-RT trip_id equals static trips.txt trip_id"",""canonical service date""]","[""2002145""]",[],[],exact,not_applicable
bart_live_20260912_071605,2026-09-12,capture_local_date_fallback,False,C:\Users\Igor\StudioProjects\BartRunnerAndroid\app\src\test\resources\bart_live_20260912_071605\trip_updates.pb,2026-09-12T14:16:05+00:00,2002147,2002147,,SCHEDULED,,,2,2,S50-2,S40-2,BERY,MLPT,2026-09-12T14:55:22+00:00,False,False,False,True,Orange,WARM,True,True,False,False,exact,high,trip_id+canonical_service_date,"[""GTFS-RT trip_id equals static trips.txt trip_id"",""canonical service date""]","[""2002147""]",[],[],exact,not_applicable
bart_live_20260912_071605,2026-09-12,capture_local_date_fallback,False,C:\Users\Igor\StudioProjects\BartRunnerAndroid\app\src\test\resources\bart_live_20260912_071605\trip_updates.pb,2026-09-12T14:16:05+00:00,2015187,2015187,,SCHEDULED,,,6,6,M30-1,M80-1,POWL,BALB,2026-09-12T14:16:22+00:00,False,False,False,True,Blue,DALY,True,True,False,False,exact,high,trip_id+canonical_service_date,"[""GTFS-RT trip_id equals static trips.txt trip_id"",""canonical service date""]","[""2015187""]",[],[],exact,not_applicable
bart_live_20260912_071605,2026-09-12,capture_local_date_fallback,False,C:\Users\Igor\StudioProjects\BartRunnerAndroid\app\src\test\resources\bart_live_20260912_071605\trip_updates.pb,2026-09-12T14:16:05+00:00,616,616,,SCHEDULED,,,1,1,E20-1,E20-1,PCTR,PCTR,2026-09-12T14:26:29+00:00,True,True,False,False,,,False,False,False,False,operational_telemetry,medium,bart_to_antioch_numeric_namespace_with_same_capture_counterpart_check,"[""numeric_600_799_namespace"",""BART note: BART-to-Antioch trip IDs are not coordinated with schedule trip IDs"",""mandatory electric transfer north of PITT""]",[],"[""2000492"",""2000426"",""2000493"",""2000494"",""2000495"",""2000496"",""2000497""]",[],no_static_counterpart,observed_candidate
bart_live_20260912_071605,2026-09-12,capture_local_date_fallback,False,C:\Users\Igor\StudioProjects\BartRunnerAndroid\app\src\test\resources\bart_live_20260912_071605\trip_updates.pb,2026-09-12T14:16:05+00:00,618,618,,SCHEDULED,,,1,1,E20-1,E20-1,PCTR,PCTR,2026-09-12T14:46:29+00:00,True,True,False,False,,,False,False,False,False,operational_telemetry,medium,bart_to_antioch_numeric_namespace_with_same_capture_counterpart_check,"[""numeric_600_799_namespace"",""BART note: BART-to-Antioch trip IDs are not coordinated with schedule trip IDs"",""mandatory electric transfer north of PITT""]",[],"[""2000427"",""2000498""]",[],no_static_counterpart,observed_candidate
bart_live_20260912_071605,2026-09-12,capture_local_date_fallback,False,C:\Users\Igor\StudioProjects\BartRunnerAndroid\app\src\test\resources\bart_live_20260912_071605\trip_updates.pb,2026-09-12T14:16:05+00:00,620,620,,SCHEDULED,,,1,1,E20-1,E20-1,PCTR,PCTR,2026-09-12T15:06:29+00:00,True,True,False,False,,,False,False,False,False,required_counterpart_not_observed,low,bart_to_antioch_numeric_namespace_with_same_capture_counterpart_check,"[""numeric_600_799_namespace"",""BART note: BART-to-Antioch trip IDs are not coordinated with schedule trip IDs"",""mandatory electric transfer north of PITT""]",[],[],[],no_static_counterpart,required_not_observed
bart_live_20260912_071605,2026-09-12,capture_local_date_fallback,False,C:\Users\Igor\StudioProjects\BartRunnerAndroid\app\src\test\resources\bart_live_20260912_071605\trip_updates.pb,2026-09-12T14:16:05+00:00,621,621,,SCHEDULED,,,2,2,E30-2,E20-2,ANTC,PCTR,2026-09-12T14:28:03+00:00,True,True,False,False,,,False,False,False,False,operational_telemetry,medium,bart_to_antioch_numeric_namespace_with_same_capture_counterpart_check,"[""numeric_600_799_namespace"",""BART note: BART-to-Antioch trip IDs are not coordinated with schedule trip IDs"",""mandatory electric transfer north of PITT""]",[],"[""2000492"",""2000426"",""2000493"",""2000494"",""2000495"",""2000496"",""2000497""]",[],no_static_counterpart,observed_candidate
bart_live_20260912_071605,2026-09-12,capture_local_date_fallback,False,C:\Users\Igor\StudioProjects\BartRunnerAndroid\app\src\test\resources\bart_live_20260912_071605\trip_updates.pb,2026-09-12T14:16:05+00:00,622,622,,SCHEDULED,,,1,1,E20-1,E20-1,PCTR,PCTR,2026-09-12T15:26:29+00:00,True,True,False,False,,,False,False,False,False,required_counterpart_not_observed,low,bart_to_antioch_numeric_namespace_with_same_capture_counterpart_check,"[""numeric_600_799_namespace"",""BART note: BART-to-Antioch trip IDs are not coordinated with schedule trip IDs"",""mandatory electric transfer north of PITT""]",[],[],[],no_static_counterpart,required_not_observed
bart_live_20260912_071605,2026-09-12,capture_local_date_fallback,False,C:\Users\Igor\StudioProjects\BartRunnerAndroid\app\src\test\resources\bart_live_20260912_071605\trip_updates.pb,2026-09-12T14:16:05+00:00,623,623,,SCHEDULED,,,2,2,E30-2,E20-2,ANTC,PCTR,2026-09-12T14:48:03+00:00,True,True,False,False,,,False,False,False,False,operational_telemetry,medium,bart_to_antioch_numeric_namespace_with_same_capture_counterpart_check,"[""numeric_600_799_namespace"",""BART note: BART-to-Antioch trip IDs are not coordinated with schedule trip IDs"",""mandatory electric transfer north of PITT""]",[],"[""2000427"",""2000498""]",[],no_static_counterpart,observed_candidate
bart_live_20260912_071605,2026-09-12,capture_local_date_fallback,False,C:\Users\Igor\StudioProjects\BartRunnerAndroid\app\src\test\resources\bart_live_20260912_071605\trip_updates.pb,2026-09-12T14:16:05+00:00,625,625,,SCHEDULED,,,2,2,E30-2,E20-2,ANTC,PCTR,2026-09-12T15:08:03+00:00,True,True,False,False,,,False,False,False,False,required_counterpart_not_observed,low,bart_to_antioch_numeric_namespace_with_same_capture_counterpart_check,"[""numeric_600_799_namespace"",""BART note: BART-to-Antioch trip IDs are not coordinated with schedule trip IDs"",""mandatory electric transfer north of PITT""]",[],[],[],no_static_counterpart,required_not_observed
bart_live_20260912_071605,2026-09-12,capture_local_date_fallback,False,C:\Users\Igor\StudioProjects\BartRunnerAndroid\app\src\test\resources\bart_live_20260912_071605\trip_updates.pb,2026-09-12T14:16:05+00:00,627,627,,SCHEDULED,,,2,2,E30-2,E20-2,ANTC,PCTR,2026-09-12T15:28:03+00:00,True,True,False,False,,,False,False,False,False,required_counterpart_not_observed,low,bart_to_antioch_numeric_namespace_with_same_capture_counterpart_check,"[""numeric_600_799_namespace"",""BART note: BART-to-Antioch trip IDs are not coordinated with schedule trip IDs"",""mandatory electric transfer north of PITT""]",[],[],[],no_static_counterpart,required_not_observed
bart_live_20260912_071605,2026-09-12,capture_local_date_fallback,False,C:\Users\Igor\StudioProjects\BartRunnerAndroid\app\src\test\resources\bart_live_20260912_071605\trip_updates.pb,2026-09-12T14:16:05+00:00,629,629,,SCHEDULED,,,1,1,E30-2,E30-2,ANTC,ANTC,2026-09-12T15:48:03+00:00,True,True,False,False,,,False,False,False,False,required_counterpart_not_observed,low,bart_to_antioch_numeric_namespace_with_same_capture_counterpart_check,"[""numeric_600_799_namespace"",""BART note: BART-to-Antioch trip IDs are not coordinated with schedule trip IDs"",""mandatory electric transfer north of PITT""]",[],[],[],no_static_counterpart,required_not_observed
bart_live_20260912_192815,2026-09-12,capture_local_date_fallback,False,C:\Users\Igor\StudioProjects\BartRunnerAndroid\app\src\test\resources\bart_live_20260912_192815\trip_updates.pb,2026-09-13T02:28:14+00:00,2000418,2000418,,SCHEDULED,,,15,15,K20-2,W30-1,19TH,SBRN,2026-09-13T02:30:57+00:00,False,False,False,True,Yellow,SFIA,True,True,False,False,exact,high,trip_id+canonical_service_date,"[""GTFS-RT trip_id equals static trips.txt trip_id"",""canonical service date""]","[""2000418""]",[],[],exact,not_applicable
bart_live_20260912_192815,2026-09-12,capture_local_date_fallback,False,C:\Users\Igor\StudioProjects\BartRunnerAndroid\app\src\test\resources\bart_live_20260912_192815\trip_updates.pb,2026-09-13T02:28:14+00:00,2000419,2000419,,SCHEDULED,,,19,19,C30-2,W30-1,LAFY,SBRN,2026-09-13T02:30:22+00:00,False,False,False,True,Yellow,SFIA,True,True,False,False,exact,high,trip_id+canonical_service_date,"[""GTFS-RT trip_id equals static trips.txt trip_id"",""canonical service date""]","[""2000419""]",[],[],exact,not_applicable
bart_live_20260912_192815,2026-09-12,capture_local_date_fallback,False,C:\Users\Igor\StudioProjects\BartRunnerAndroid\app\src\test\resources\bart_live_20260912_192815\trip_updates.pb,2026-09-13T02:28:14+00:00,2000458,2000458,,SCHEDULED,,,2,2,W20-1,W30-1,SSAN,SBRN,2026-09-13T02:27:52+00:00,False,False,False,True,Yellow,SFIA,True,True,False,False,exact,high,trip_id+canonical_service_date,"[""GTFS-RT trip_id equals static trips.txt trip_id"",""canonical service date""]","[""2000458""]",[],[],exact,not_applicable
bart_live_20260912_192815,2026-09-12,capture_local_date_fallback,False,C:\Users\Igor\StudioProjects\BartRunnerAndroid\app\src\test\resources\bart_live_20260912_192815\trip_updates.pb,2026-09-13T02:28:14+00:00,2000459,2000459,,SCHEDULED,,,8,8,M50-1,W30-1,16TH,SBRN,2026-09-13T02:28:44+00:00,False,False,False,True,Yellow,SFIA,True,True,False,False,exact,high,trip_id+canonical_service_date,"[""GTFS-RT trip_id equals static trips.txt trip_id"",""canonical service date""]","[""2000459""]",[],[],exact,not_applicable
bart_live_20260912_192815,2026-09-12,capture_local_date_fallback,False,C:\Users\Igor\StudioProjects\BartRunnerAndroid\app\src\test\resources\bart_live_20260912_192815\trip_updates.pb,2026-09-13T02:28:14+00:00,2000460,2000460,,SCHEDULED,,,23,23,C70-2,W30-1,NCON,SBRN,2026-09-13T02:34:02+00:00,False,False,False,True,Yellow,SFIA,True,True,False,False,exact,high,trip_id+canonical_service_date,"[""GTFS-RT trip_id equals static trips.txt trip_id"",""canonical service date""]","[""2000460""]",[],[],exact,not_applicable
bart_live_20260912_192815,2026-09-12,capture_local_date_fallback,False,C:\Users\Igor\StudioProjects\BartRunnerAndroid\app\src\test\resources\bart_live_20260912_192815\trip_updates.pb,2026-09-13T02:28:14+00:00,2000461,2000461,,SCHEDULED,,,24,24,C80-2,W30-1,PITT,SBRN,2026-09-13T02:47:54+00:00,False,False,False,True,Yellow,SFIA,True,True,False,False,exact,high,trip_id+canonical_service_date,"[""GTFS-RT trip_id equals static trips.txt trip_id"",""canonical service date""]","[""2000461""]",[],[],exact,not_applicable
bart_live_20260912_192815,2026-09-12,capture_local_date_fallback,False,C:\Users\Igor\StudioProjects\BartRunnerAndroid\app\src\test\resources\bart_live_20260912_192815\trip_updates.pb,2026-09-13T02:28:14+00:00,2000462,2000462,,SCHEDULED,,,24,24,C80-2,W30-1,PITT,SBRN,2026-09-13T03:06:39+00:00,False,False,False,True,Yellow,SFIA,True,True,False,False,exact,high,trip_id+canonical_service_date,"[""GTFS-RT trip_id equals static trips.txt trip_id"",""canonical service date""]","[""2000462""]",[],[],exact,not_applicable
bart_live_20260912_192815,2026-09-12,capture_local_date_fallback,False,C:\Users\Igor\StudioProjects\BartRunnerAndroid\app\src\test\resources\bart_live_20260912_192815\trip_updates.pb,2026-09-13T02:28:14+00:00,2000529,2000529,,SCHEDULED,,,4,4,C50-1,C80-1,PHIL,PITT,2026-09-13T02:29:04+00:00,False,False,False,True,Yellow,ANTC,True,True,False,False,exact,high,trip_id+canonical_service_date,"[""GTFS-RT trip_id equals static trips.txt trip_id"",""canonical service date""]","[""2000529""]",[],[],exact,not_applicable
bart_live_20260912_192815,2026-09-12,capture_local_date_fallback,False,C:\Users\Igor\StudioProjects\BartRunnerAndroid\app\src\test\resources\bart_live_20260912_192815\trip_updates.pb,2026-09-13T02:28:14+00:00,2000530,2000530,,SCHEDULED,,,8,8,C10-1,C80-1,ROCK,PITT,2026-09-13T02:29:03+00:00,False,False,False,True,Yellow,ANTC,True,True,False,False,exact,high,trip_id+canonical_service_date,"[""GTFS-RT trip_id equals static trips.txt trip_id"",""canonical service date""]","[""2000530""]",[],[],exact,not_applicable
bart_live_20260912_192815,2026-09-12,capture_local_date_fallback,False,C:\Users\Igor\StudioProjects\BartRunnerAndroid\app\src\test\resources\bart_live_20260912_192815\trip_updates.pb,2026-09-13T02:28:14+00:00,2000531,2000531,,SCHEDULED,,,12,12,M10-2,C80-1,WOAK,PITT,2026-09-13T02:29:53+00:00,False,False,False,True,Yellow,ANTC,True,True,False,False,exact,high,trip_id+canonical_service_date,"[""GTFS-RT trip_id equals static trips.txt trip_id"",""canonical service date""]","[""2000531""]",[],[],exact,not_applicable
bart_live_20260912_192815,2026-09-12,capture_local_date_fallback,False,C:\Users\Igor\StudioProjects\BartRunnerAndroid\app\src\test\resources\bart_live_20260912_192815\trip_updates.pb,2026-09-13T02:28:14+00:00,2000532,2000532,,SCHEDULED,,,20,20,M80-2,C80-1,BALB,PITT,2026-09-13T02:28:54+00:00,False,False,False,True,Yellow,ANTC,True,True,False,False,exact,high,trip_id+canonical_service_date,"[""GTFS-RT trip_id equals static trips.txt trip_id"",""canonical service date""]","[""2000532""]",[],[],exact,not_applicable
bart_live_20260912_192815,2026-09-12,capture_local_date_fallback,False,C:\Users\Igor\StudioProjects\BartRunnerAndroid\app\src\test\resources\bart_live_20260912_192815\trip_updates.pb,2026-09-13T02:28:14+00:00,2000533,2000533,,SCHEDULED,,,25,25,Y10-1,C80-1,SFIA,PITT,2026-09-13T02:23:54+00:00,False,False,False,True,Yellow,ANTC,True,True,True,False,exact,high,trip_id+canonical_service_date,"[""GTFS-RT trip_id equals static trips.txt trip_id"",""canonical service date""]","[""2000533""]",[],[],exact,not_applicable
bart_live_20260912_192815,2026-09-12,capture_local_date_fallback,False,C:\Users\Igor\StudioProjects\BartRunnerAndroid\app\src\test\resources\bart_live_20260912_192815\trip_updates.pb,2026-09-13T02:28:14+00:00,2000534,2000534,,SCHEDULED,,,25,25,Y10-1,C80-1,SFIA,PITT,2026-09-13T02:49:18+00:00,False,False,False,True,Yellow,ANTC,True,True,False,False,exact,high,trip_id+canonical_service_date,"[""GTFS-RT trip_id equals static trips.txt trip_id"",""canonical service date""]","[""2000534""]",[],[],exact,not_applicable
bart_live_20260912_192815,2026-09-12,capture_local_date_fallback,False,C:\Users\Igor\StudioProjects\BartRunnerAndroid\app\src\test\resources\bart_live_20260912_192815\trip_updates.pb,2026-09-13T02:28:14+00:00,2000535,2000535,,SCHEDULED,,,25,25,Y10-1,C80-1,SFIA,PITT,2026-09-13T03:09:18+00:00,False,False,False,True,Yellow,ANTC,True,True,False,False,exact,high,trip_id+canonical_service_date,"[""GTFS-RT trip_id equals static trips.txt trip_id"",""canonical service date""]","[""2000535""]",[],[],exact,not_applicable
bart_live_20260912_192815,2026-09-12,capture_local_date_fallback,False,C:\Users\Igor\StudioProjects\BartRunnerAndroid\app\src\test\resources\bart_live_20260912_192815\trip_updates.pb,2026-09-13T02:28:14+00:00,2000603,2000603,,SCHEDULED,,,16,16,A80-1,R50-1,UCTY,DELN,2026-09-13T02:28:04+00:00,False,False,False,True,Orange,RICH,True,True,False,False,exact,high,trip_id+canonical_service_date,"[""GTFS-RT trip_id equals static trips.txt trip_id"",""canonical service date""]","[""2000603""]",[],[],exact,not_applicable
bart_live_20260912_192815,2026-09-12,capture_local_date_fallback,False,C:\Users\Igor\StudioProjects\BartRunnerAndroid\app\src\test\resources\bart_live_20260912_192815\trip_updates.pb,2026-09-13T02:28:14+00:00,2000604,2000604,,SCHEDULED,,,16,16,A80-1,R50-1,UCTY,DELN,2026-09-13T02:37:23+00:00,False,False,False,True,Orange,RICH,True,True,False,False,exact,high,trip_id+canonical_service_date,"[""GTFS-RT trip_id equals static trips.txt trip_id"",""canonical service date""]","[""2000604""]",[],[],exact,not_applicable
bart_live_20260912_192815,2026-09-12,capture_local_date_fallback,False,C:\Users\Igor\StudioProjects\BartRunnerAndroid\app\src\test\resources\bart_live_20260912_192815\trip_updates.pb,2026-09-13T02:28:14+00:00,2000605,2000605,,SCHEDULED,,,16,16,A80-1,R50-1,UCTY,DELN,2026-09-13T02:57:23+00:00,False,False,False,True,Orange,RICH,True,True,False,False,exact,high,trip_id+canonical_service_date,"[""GTFS-RT trip_id equals static trips.txt trip_id"",""canonical service date""]","[""2000605""]",[],[],exact,not_applicable
bart_live_20260912_192815,2026-09-12,capture_local_date_fallback,False,C:\Users\Igor\StudioProjects\BartRunnerAndroid\app\src\test\resources\bart_live_20260912_192815\trip_updates.pb,2026-09-13T02:28:14+00:00,2000658,2000658,,SCHEDULED,,,1,1,A20-2,A20-2,FTVL,FTVL,2026-09-13T02:24:11+00:00,False,False,False,True,Orange,UCTY,True,True,True,False,exact,high,trip_id+canonical_service_date,"[""GTFS-RT trip_id equals static trips.txt trip_id"",""canonical service date""]","[""2000658""]",[],[],exact,not_applicable
bart_live_20260912_192815,2026-09-12,capture_local_date_fallback,False,C:\Users\Igor\StudioProjects\BartRunnerAndroid\app\src\test\resources\bart_live_20260912_192815\trip_updates.pb,2026-09-13T02:28:14+00:00,2000659,2000659,,SCHEDULED,,,5,5,K30-2,A20-1,MCAR,FTVL,2026-09-13T02:26:12+00:00,False,False,False,True,Orange,UCTY,True,True,True,False,exact,high,trip_id+canonical_service_date,"[""GTFS-RT trip_id equals static trips.txt trip_id"",""canonical service date""]","[""2000659""]",[],[],exact,not_applicable
bart_live_20260912_192815,2026-09-12,capture_local_date_fallback,False,C:\Users\Igor\StudioProjects\BartRunnerAndroid\app\src\test\resources\bart_live_20260912_192815\trip_updates.pb,2026-09-13T02:28:14+00:00,2000660,2000660,,SCHEDULED,,,10,10,R50-2,A20-1,DELN,FTVL,2026-09-13T02:29:33+00:00,False,False,False,True,Orange,UCTY,True,True,False,False,exact,high,trip_id+canonical_service_date,"[""GTFS-RT trip_id equals static trips.txt trip_id"",""canonical service date""]","[""2000660""]",[],[],exact,not_applicable
bart_live_20260912_192815,2026-09-12,capture_local_date_fallback,False,C:\Users\Igor\StudioProjects\BartRunnerAndroid\app\src\test\resources\bart_live_20260912_192815\trip_updates.pb,2026-09-13T02:28:14+00:00,2000661,2000661,,SCHEDULED,,,16,16,R60-2,A70-1,RICH,SHAY,2026-09-13T02:42:43+00:00,False,False,False,True,Orange,UCTY,True,True,False,False,exact,high,trip_id+canonical_service_date,"[""GTFS-RT trip_id equals static trips.txt trip_id"",""canonical service date""]","[""2000661""]",[],[],exact,not_applicable
bart_live_20260912_192815,2026-09-12,capture_local_date_fallback,False,C:\Users\Igor\StudioProjects\BartRunnerAndroid\app\src\test\resources\bart_live_20260912_192815\trip_updates.pb,2026-09-13T02:28:14+00:00,2000662,2000662,,SCHEDULED,,,16,16,R60-2,A70-1,RICH,SHAY,2026-09-13T03:02:43+00:00,False,False,False,True,Orange,UCTY,True,True,False,False,exact,high,trip_id+canonical_service_date,"[""GTFS-RT trip_id equals static trips.txt trip_id"",""canonical service date""]","[""2000662""]",[],[],exact,not_applicable
bart_live_20260912_192815,2026-09-12,capture_local_date_fallback,False,C:\Users\Igor\StudioProjects\BartRunnerAndroid\app\src\test\resources\bart_live_20260912_192815\trip_updates.pb,2026-09-13T02:28:14+00:00,2000843,2000843,,SCHEDULED,,,6,6,M80-1,Y10-2,BALB,SFIA,2026-09-13T02:28:12+00:00,False,False,False,True,Red,MLBR,True,True,False,False,exact,high,trip_id+canonical_service_date,"[""GTFS-RT trip_id equals static trips.txt trip_id"",""canonical service date""]","[""2000843""]",[],[],exact,not_applicable
bart_live_20260912_192815,2026-09-12,capture_local_date_fallback,False,C:\Users\Igor\StudioProjects\BartRunnerAndroid\app\src\test\resources\bart_live_20260912_192815\trip_updates.pb,2026-09-13T02:28:14+00:00,2000844,2000844,,SCHEDULED,,,13,13,M16-1,Y10-2,EMBR,SFIA,2026-09-13T02:28:55+00:00,False,False,False,True,Red,MLBR,True,True,False,False,exact,high,trip_id+canonical_service_date,"[""GTFS-RT trip_id equals static trips.txt trip_id"",""canonical service date""]","[""2000844""]",[],[],exact,not_applicable
bart_live_20260912_192815,2026-09-12,capture_local_date_fallback,False,C:\Users\Igor\StudioProjects\BartRunnerAndroid\app\src\test\resources\bart_live_20260912_192815\trip_updates.pb,2026-09-13T02:28:14+00:00,2000845,2000845,,SCHEDULED,,,17,17,R10-2,W30-1,ASHB,SBRN,2026-09-13T02:29:36+00:00,False,False,False,True,Red,MLBR,True,True,False,False,exact,high,trip_id+canonical_service_date,"[""GTFS-RT trip_id equals static trips.txt trip_id"",""canonical service date""]","[""2000845""]",[],[],exact,not_applicable
bart_live_20260912_192815,2026-09-12,capture_local_date_fallback,False,C:\Users\Igor\StudioProjects\BartRunnerAndroid\app\src\test\resources\bart_live_20260912_192815\trip_updates.pb,2026-09-13T02:28:14+00:00,2000846,2000846,,SCHEDULED,,,22,22,R60-2,W30-1,RICH,SBRN,2026-09-13T02:30:15+00:00,False,False,False,True,Red,MLBR,True,True,False,False,exact,high,trip_id+canonical_service_date,"[""GTFS-RT trip_id equals static trips.txt trip_id"",""canonical service date""]","[""2000846""]",[],[],exact,not_applicable
bart_live_20260912_192815,2026-09-12,capture_local_date_fallback,False,C:\Users\Igor\StudioProjects\BartRunnerAndroid\app\src\test\resources\bart_live_20260912_192815\trip_updates.pb,2026-09-13T02:28:14+00:00,2000881,2000881,,SCHEDULED,,,6,6,K30-1,R50-1,MCAR,DELN,2026-09-13T02:30:34+00:00,False,False,False,True,Red,RICH,True,True,False,False,exact,high,trip_id+canonical_service_date,"[""GTFS-RT trip_id equals static trips.txt trip_id"",""canonical service date""]","[""2000881""]",[],[],exact,not_applicable
bart_live_20260912_192815,2026-09-12,capture_local_date_fallback,False,C:\Users\Igor\StudioProjects\BartRunnerAndroid\app\src\test\resources\bart_live_20260912_192815\trip_updates.pb,2026-09-13T02:28:14+00:00,2000882,2000882,,SCHEDULED,,,13,13,M40-2,R50-1,CIVC,DELN,2026-09-13T02:28:48+00:00,False,False,False,True,Red,RICH,True,True,False,False,exact,high,trip_id+canonical_service_date,"[""GTFS-RT trip_id equals static trips.txt trip_id"",""canonical service date""]","[""2000882""]",[],[],exact,not_applicable
bart_live_20260912_192815,2026-09-12,capture_local_date_fallback,False,C:\Users\Igor\StudioProjects\BartRunnerAndroid\app\src\test\resources\bart_live_20260912_192815\trip_updates.pb,2026-09-13T02:28:14+00:00,2000883,2000883,,SCHEDULED,,,19,19,W10-2,R50-1,COLM,DELN,2026-09-13T02:30:47+00:00,False,False,False,True,Red,RICH,True,True,False,False,exact,high,trip_id+canonical_service_date,"[""GTFS-RT trip_id equals static trips.txt trip_id"",""canonical service date""]","[""2000883""]",[],[],exact,not_applicable
bart_live_20260912_192815,2026-09-12,capture_local_date_fallback,False,C:\Users\Igor\StudioProjects\BartRunnerAndroid\app\src\test\resources\bart_live_20260912_192815\trip_updates.pb,2026-09-13T02:28:14+00:00,2000884,2000884,,SCHEDULED,,,22,22,Y10-2,R50-1,SFIA,DELN,2026-09-13T02:38:20+00:00,False,False,False,True,Red,RICH,True,True,False,False,exact,high,trip_id+canonical_service_date,"[""GTFS-RT trip_id equals static trips.txt trip_id"",""canonical service date""]","[""2000884""]",[],[],exact,not_applicable
bart_live_20260912_192815,2026-09-12,capture_local_date_fallback,False,C:\Users\Igor\StudioProjects\BartRunnerAndroid\app\src\test\resources\bart_live_20260912_192815\trip_updates.pb,2026-09-13T02:28:14+00:00,2000885,2000885,,SCHEDULED,,,23,23,W40-3,R50-1,MLBR,DELN,2026-09-13T02:51:36+00:00,False,False,False,True,Red,RICH,True,True,False,False,exact,high,trip_id+canonical_service_date,"[""GTFS-RT trip_id equals static trips.txt trip_id"",""canonical service date""]","[""2000885""]",[],[],exact,not_applicable
bart_live_20260912_192815,2026-09-12,capture_local_date_fallback,False,C:\Users\Igor\StudioProjects\BartRunnerAndroid\app\src\test\resources\bart_live_20260912_192815\trip_updates.pb,2026-09-13T02:28:14+00:00,2000969,2000969,,CANCELED,,,15,15,L30-2,M80-1,DUBL,BALB,2026-09-13T02:24:08+00:00,False,False,False,True,Blue,DALY,True,True,True,False,exact,high,trip_id+canonical_service_date,"[""GTFS-RT trip_id equals static trips.txt trip_id"",""canonical service date""]","[""2000969""]",[],[],exact,not_applicable
bart_live_20260912_192815,2026-09-12,capture_local_date_fallback,False,C:\Users\Igor\StudioProjects\BartRunnerAndroid\app\src\test\resources\bart_live_20260912_192815\trip_updates.pb,2026-09-13T02:28:14+00:00,2000970,2000970,,SCHEDULED,,,17,17,L30-2,M80-1,DUBL,BALB,2026-09-13T02:29:28+00:00,False,False,False,True,Blue,DALY,True,True,False,False,exact,high,trip_id+canonical_service_date,"[""GTFS-RT trip_id equals static trips.txt trip_id"",""canonical service date""]","[""2000970""]",[],[],exact,not_applicable
bart_live_20260912_192815,2026-09-12,capture_local_date_fallback,False,C:\Users\Igor\StudioProjects\BartRunnerAndroid\app\src\test\resources\bart_live_20260912_192815\trip_updates.pb,2026-09-13T02:28:14+00:00,2000971,2000971,,SCHEDULED,,,17,17,L30-2,M80-1,DUBL,BALB,2026-09-13T02:44:32+00:00,False,False,False,True,Blue,DALY,True,True,False,False,exact,high,trip_id+canonical_service_date,"[""GTFS-RT trip_id equals static trips.txt trip_id"",""canonical service date""]","[""2000971""]",[],[],exact,not_applicable
bart_live_20260912_192815,2026-09-12,capture_local_date_fallback,False,C:\Users\Igor\StudioProjects\BartRunnerAndroid\app\src\test\resources\bart_live_20260912_192815\trip_updates.pb,2026-09-13T02:28:14+00:00,2000972,2000972,,SCHEDULED,,,17,17,L30-2,M80-1,DUBL,BALB,2026-09-13T03:04:32+00:00,False,False,False,True,Blue,DALY,True,True,False,False,exact,high,trip_id+canonical_service_date,"[""GTFS-RT trip_id equals static trips.txt trip_id"",""canonical service date""]","[""2000972""]",[],[],exact,not_applicable
bart_live_20260912_192815,2026-09-12,capture_local_date_fallback,False,C:\Users\Igor\StudioProjects\BartRunnerAndroid\app\src\test\resources\bart_live_20260912_192815\trip_updates.pb,2026-09-13T02:28:14+00:00,2001025,2001025,,SCHEDULED,,,2,2,A10-1,A20-1,LAKE,FTVL,2026-09-13T02:31:34+00:00,False,False,False,True,Blue,DUBL,True,True,False,False,exact,high,trip_id+canonical_service_date,"[""GTFS-RT trip_id equals static trips.txt trip_id"",""canonical service date""]","[""2001025""]",[],[],exact,not_applicable
bart_live_20260912_192815,2026-09-12,capture_local_date_fallback,False,C:\Users\Igor\StudioProjects\BartRunnerAndroid\app\src\test\resources\bart_live_20260912_192815\trip_updates.pb,2026-09-13T02:28:14+00:00,2001026,2001026,,SCHEDULED,,,8,8,M50-2,A20-1,16TH,FTVL,2026-09-13T02:29:29+00:00,False,False,False,True,Blue,DUBL,True,True,False,False,exact,high,trip_id+canonical_service_date,"[""GTFS-RT trip_id equals static trips.txt trip_id"",""canonical service date""]","[""2001026""]",[],[],exact,not_applicable
bart_live_20260912_192815,2026-09-12,capture_local_date_fallback,False,C:\Users\Igor\StudioProjects\BartRunnerAndroid\app\src\test\resources\bart_live_20260912_192815\trip_updates.pb,2026-09-13T02:28:14+00:00,2001027,2001027,,SCHEDULED,,,17,17,M90-2,L20-1,DALY,WDUB,2026-09-13T02:37:14+00:00,False,False,False,True,Blue,DUBL,True,True,False,False,exact,high,trip_id+canonical_service_date,"[""GTFS-RT trip_id equals static trips.txt trip_id"",""canonical service date""]","[""2001027""]",[],[],exact,not_applicable
bart_live_20260912_192815,2026-09-12,capture_local_date_fallback,False,C:\Users\Igor\StudioProjects\BartRunnerAndroid\app\src\test\resources\bart_live_20260912_192815\trip_updates.pb,2026-09-13T02:28:14+00:00,2001028,2001028,,SCHEDULED,,,17,17,M90-2,L20-1,DALY,WDUB,2026-09-13T02:57:14+00:00,False,False,False,True,Blue,DUBL,True,True,False,False,exact,high,trip_id+canonical_service_date,"[""GTFS-RT trip_id equals static trips.txt trip_id"",""canonical service date""]","[""2001028""]",[],[],exact,not_applicable
bart_live_20260912_192815,2026-09-12,capture_local_date_fallback,False,C:\Users\Igor\StudioProjects\BartRunnerAndroid\app\src\test\resources\bart_live_20260912_192815\trip_updates.pb,2026-09-13T02:28:14+00:00,2002093,2002093,,SCHEDULED,,,2,2,S20-2,S40-1,WARM,MLPT,2026-09-13T02:54:56+00:00,False,False,False,True,Orange,BERY,True,True,False,False,exact,high,trip_id+canonical_service_date,"[""GTFS-RT trip_id equals static trips.txt trip_id"",""canonical service date""]","[""2002093""]",[],[],exact,not_applicable
bart_live_20260912_192815,2026-09-12,capture_local_date_fallback,False,C:\Users\Igor\StudioProjects\BartRunnerAndroid\app\src\test\resources\bart_live_20260912_192815\trip_updates.pb,2026-09-13T02:28:14+00:00,2002094,2002094,,SCHEDULED,,,2,2,S50-2,S40-2,BERY,MLPT,2026-09-13T02:35:22+00:00,False,False,False,True,Orange,WARM,True,True,False,False,exact,high,trip_id+canonical_service_date,"[""GTFS-RT trip_id equals static trips.txt trip_id"",""canonical service date""]","[""2002094""]",[],[],exact,not_applicable
bart_live_20260912_192815,2026-09-12,capture_local_date_fallback,False,C:\Users\Igor\StudioProjects\BartRunnerAndroid\app\src\test\resources\bart_live_20260912_192815\trip_updates.pb,2026-09-13T02:28:14+00:00,2002176,2002176,,SCHEDULED,,,2,2,S20-2,S40-1,WARM,MLPT,2026-09-13T02:34:26+00:00,False,False,False,True,Orange,BERY,True,True,False,False,exact,high,trip_id+canonical_service_date,"[""GTFS-RT trip_id equals static trips.txt trip_id"",""canonical service date""]","[""2002176""]",[],[],exact,not_applicable
bart_live_20260912_192815,2026-09-12,capture_local_date_fallback,False,C:\Users\Igor\StudioProjects\BartRunnerAndroid\app\src\test\resources\bart_live_20260912_192815\trip_updates.pb,2026-09-13T02:28:14+00:00,2002177,2002177,,SCHEDULED,,,2,2,S50-2,S40-2,BERY,MLPT,2026-09-13T02:55:22+00:00,False,False,False,True,Orange,WARM,True,True,False,False,exact,high,trip_id+canonical_service_date,"[""GTFS-RT trip_id equals static trips.txt trip_id"",""canonical service date""]","[""2002177""]",[],[],exact,not_applicable
bart_live_20260912_192815,2026-09-12,capture_local_date_fallback,False,C:\Users\Igor\StudioProjects\BartRunnerAndroid\app\src\test\resources\bart_live_20260912_192815\trip_updates.pb,2026-09-13T02:28:14+00:00,400192630,400192630,,ADDED,,,1,1,W40-3,W40-3,MLBR,MLBR,2026-09-13T02:28:16+00:00,False,False,False,False,,,False,False,False,False,realtime_only,low,no_static_trip_id_match,"[""GTFS-RT update retained"",""no static GTFS trip_id match""]",[],[],[],no_static_counterpart,not_applicable
bart_live_20260912_192815,2026-09-12,capture_local_date_fallback,False,C:\Users\Igor\StudioProjects\BartRunnerAndroid\app\src\test\resources\bart_live_20260912_192815\trip_updates.pb,2026-09-13T02:28:14+00:00,500192710,500192710,,ADDED,,,2,2,L10-2,L20-1,CAST,WDUB,2026-09-13T02:27:49+00:00,False,False,False,False,,,False,False,False,False,realtime_only,low,no_static_trip_id_match,"[""GTFS-RT update retained"",""no static GTFS trip_id match""]",[],[],[],no_static_counterpart,not_applicable
bart_live_20260912_192815,2026-09-12,capture_local_date_fallback,False,C:\Users\Igor\StudioProjects\BartRunnerAndroid\app\src\test\resources\bart_live_20260912_192815\trip_updates.pb,2026-09-13T02:28:14+00:00,503190510,503190510,,ADDED,,,8,8,M20-1,M80-1,MONT,BALB,2026-09-13T02:31:19+00:00,False,False,False,False,,,False,False,False,False,realtime_only,low,no_static_trip_id_match,"[""GTFS-RT update retained"",""no static GTFS trip_id match""]",[],[],[],no_static_counterpart,not_applicable
bart_live_20260912_192815,2026-09-12,capture_local_date_fallback,False,C:\Users\Igor\StudioProjects\BartRunnerAndroid\app\src\test\resources\bart_live_20260912_192815\trip_updates.pb,2026-09-13T02:28:14+00:00,631185210,631185210,,ADDED,,,1,1,R50-1,R50-1,DELN,DELN,2026-09-13T02:29:46+00:00,False,False,False,False,,,False,False,False,False,realtime_only,low,no_static_trip_id_match,"[""GTFS-RT update retained"",""no static GTFS trip_id match""]",[],[],[],no_static_counterpart,not_applicable
bart_live_20260912_192815,2026-09-12,capture_local_date_fallback,False,C:\Users\Igor\StudioProjects\BartRunnerAndroid\app\src\test\resources\bart_live_20260912_192815\trip_updates.pb,2026-09-13T02:28:14+00:00,633191710,633191710,,ADDED,,,7,7,K20-1,R50-1,19TH,DELN,2026-09-13T02:28:50+00:00,False,False,False,False,,,False,False,False,False,realtime_only,low,no_static_trip_id_match,"[""GTFS-RT update retained"",""no static GTFS trip_id match""]",[],[],[],no_static_counterpart,not_applicable
bart_live_20260912_192815,2026-09-12,capture_local_date_fallback,False,C:\Users\Igor\StudioProjects\BartRunnerAndroid\app\src\test\resources\bart_live_20260912_192815\trip_updates.pb,2026-09-13T02:28:14+00:00,690,690,,SCHEDULED,,,1,1,E20-1,E20-1,PCTR,PCTR,2026-09-13T02:46:29+00:00,True,True,False,False,,,False,False,False,False,operational_telemetry,medium,bart_to_antioch_numeric_namespace_with_same_capture_counterpart_check,"[""numeric_600_799_namespace"",""BART note: BART-to-Antioch trip IDs are not coordinated with schedule trip IDs"",""mandatory electric transfer north of PITT""]",[],"[""2000534"",""2000461""]",[],no_static_counterpart,observed_candidate
bart_live_20260912_192815,2026-09-12,capture_local_date_fallback,False,C:\Users\Igor\StudioProjects\BartRunnerAndroid\app\src\test\resources\bart_live_20260912_192815\trip_updates.pb,2026-09-13T02:28:14+00:00,692,692,,SCHEDULED,,,1,1,E20-1,E20-1,PCTR,PCTR,2026-09-13T03:06:29+00:00,True,True,False,False,,,False,False,False,False,operational_telemetry,medium,bart_to_antioch_numeric_namespace_with_same_capture_counterpart_check,"[""numeric_600_799_namespace"",""BART note: BART-to-Antioch trip IDs are not coordinated with schedule trip IDs"",""mandatory electric transfer north of PITT""]",[],"[""2000535"",""2000462""]",[],no_static_counterpart,observed_candidate
bart_live_20260912_192815,2026-09-12,capture_local_date_fallback,False,C:\Users\Igor\StudioProjects\BartRunnerAndroid\app\src\test\resources\bart_live_20260912_192815\trip_updates.pb,2026-09-13T02:28:14+00:00,693,693,,SCHEDULED,,,2,2,E30-2,E20-2,ANTC,PCTR,2026-09-13T02:28:03+00:00,True,True,False,False,,,False,False,False,False,operational_telemetry,medium,bart_to_antioch_numeric_namespace_with_same_capture_counterpart_check,"[""numeric_600_799_namespace"",""BART note: BART-to-Antioch trip IDs are not coordinated with schedule trip IDs"",""mandatory electric transfer north of PITT""]",[],"[""2000531"",""2000532"",""2000533"",""2000529"",""2000530""]",[],no_static_counterpart,observed_candidate
bart_live_20260912_192815,2026-09-12,capture_local_date_fallback,False,C:\Users\Igor\StudioProjects\BartRunnerAndroid\app\src\test\resources\bart_live_20260912_192815\trip_updates.pb,2026-09-13T02:28:14+00:00,694,694,,SCHEDULED,,,1,1,E20-1,E20-1,PCTR,PCTR,2026-09-13T03:26:29+00:00,True,True,False,False,,,False,False,False,False,required_counterpart_not_observed,low,bart_to_antioch_numeric_namespace_with_same_capture_counterpart_check,"[""numeric_600_799_namespace"",""BART note: BART-to-Antioch trip IDs are not coordinated with schedule trip IDs"",""mandatory electric transfer north of PITT""]",[],[],[],no_static_counterpart,required_not_observed
bart_live_20260912_192815,2026-09-12,capture_local_date_fallback,False,C:\Users\Igor\StudioProjects\BartRunnerAndroid\app\src\test\resources\bart_live_20260912_192815\trip_updates.pb,2026-09-13T02:28:14+00:00,695,695,,SCHEDULED,,,2,2,E30-2,E20-2,ANTC,PCTR,2026-09-13T02:48:03+00:00,True,True,False,False,,,False,False,False,False,operational_telemetry,medium,bart_to_antioch_numeric_namespace_with_same_capture_counterpart_check,"[""numeric_600_799_namespace"",""BART note: BART-to-Antioch trip IDs are not coordinated with schedule trip IDs"",""mandatory electric transfer north of PITT""]",[],"[""2000534"",""2000461""]",[],no_static_counterpart,observed_candidate
bart_live_20260912_192815,2026-09-12,capture_local_date_fallback,False,C:\Users\Igor\StudioProjects\BartRunnerAndroid\app\src\test\resources\bart_live_20260912_192815\trip_updates.pb,2026-09-13T02:28:14+00:00,696,696,,SCHEDULED,,,1,1,E20-1,E20-1,PCTR,PCTR,2026-09-13T03:46:29+00:00,True,True,False,False,,,False,False,False,False,required_counterpart_not_observed,low,bart_to_antioch_numeric_namespace_with_same_capture_counterpart_check,"[""numeric_600_799_namespace"",""BART note: BART-to-Antioch trip IDs are not coordinated with schedule trip IDs"",""mandatory electric transfer north of PITT""]",[],[],[],no_static_counterpart,required_not_observed
bart_live_20260912_192815,2026-09-12,capture_local_date_fallback,False,C:\Users\Igor\StudioProjects\BartRunnerAndroid\app\src\test\resources\bart_live_20260912_192815\trip_updates.pb,2026-09-13T02:28:14+00:00,697,697,,SCHEDULED,,,2,2,E30-2,E20-2,ANTC,PCTR,2026-09-13T03:08:03+00:00,True,True,False,False,,,False,False,False,False,operational_telemetry,medium,bart_to_antioch_numeric_namespace_with_same_capture_counterpart_check,"[""numeric_600_799_namespace"",""BART note: BART-to-Antioch trip IDs are not coordinated with schedule trip IDs"",""mandatory electric transfer north of PITT""]",[],"[""2000535"",""2000462""]",[],no_static_counterpart,observed_candidate
bart_live_20260912_192815,2026-09-12,capture_local_date_fallback,False,C:\Users\Igor\StudioProjects\BartRunnerAndroid\app\src\test\resources\bart_live_20260912_192815\trip_updates.pb,2026-09-13T02:28:14+00:00,699,699,,SCHEDULED,,,2,2,E30-2,E20-2,ANTC,PCTR,2026-09-13T03:28:03+00:00,True,True,False,False,,,False,False,False,False,required_counterpart_not_observed,low,bart_to_antioch_numeric_namespace_with_same_capture_counterpart_check,"[""numeric_600_799_namespace"",""BART note: BART-to-Antioch trip IDs are not coordinated with schedule trip IDs"",""mandatory electric transfer north of PITT""]",[],[],[],no_static_counterpart,required_not_observed
bart_live_20260912_192815,2026-09-12,capture_local_date_fallback,False,C:\Users\Igor\StudioProjects\BartRunnerAndroid\app\src\test\resources\bart_live_20260912_192815\trip_updates.pb,2026-09-13T02:28:14+00:00,701,701,,SCHEDULED,,,2,2,E30-2,E20-2,ANTC,PCTR,2026-09-13T03:48:03+00:00,True,True,False,False,,,False,False,False,False,required_counterpart_not_observed,low,bart_to_antioch_numeric_namespace_with_same_capture_counterpart_check,"[""numeric_600_799_namespace"",""BART note: BART-to-Antioch trip IDs are not coordinated with schedule trip IDs"",""mandatory electric transfer north of PITT""]",[],[],[],no_static_counterpart,required_not_observed
bart_live_20260912_192815,2026-09-12,capture_local_date_fallback,False,C:\Users\Igor\StudioProjects\BartRunnerAndroid\app\src\test\resources\bart_live_20260912_192815\trip_updates.pb,2026-09-13T02:28:14+00:00,905192510,905192510,,ADDED,,,10,10,A10-2,M80-1,LAKE,BALB,2026-09-13T02:29:07+00:00,False,False,False,False,,,False,False,False,False,realtime_only,low,no_static_trip_id_match,"[""GTFS-RT update retained"",""no static GTFS trip_id match""]",[],[],[],no_static_counterpart,not_applicable
bart_live_20260913_182435,2026-09-13,capture_local_date_fallback,False,C:\Users\Igor\StudioProjects\BartRunnerAndroid\app\src\test\resources\bart_live_20260913_182435\trip_updates.pb,2026-09-14T01:24:34+00:00,2019532,2019532,,SCHEDULED,,,24,24,C80-2,W30-1,PITT,SBRN,2026-09-14T01:46:39+00:00,False,False,False,True,Yellow,SFIA,True,True,False,False,exact,high,trip_id+canonical_service_date,"[""GTFS-RT trip_id equals static trips.txt trip_id"",""canonical service date""]","[""2019532""]",[],[],exact,not_applicable
bart_live_20260913_182435,2026-09-13,capture_local_date_fallback,False,C:\Users\Igor\StudioProjects\BartRunnerAndroid\app\src\test\resources\bart_live_20260913_182435\trip_updates.pb,2026-09-14T01:24:34+00:00,2019533,2019533,,SCHEDULED,,,24,24,C80-2,W30-1,PITT,SBRN,2026-09-14T02:06:39+00:00,False,False,False,True,Yellow,SFIA,True,True,False,False,exact,high,trip_id+canonical_service_date,"[""GTFS-RT trip_id equals static trips.txt trip_id"",""canonical service date""]","[""2019533""]",[],[],exact,not_applicable
bart_live_20260913_182435,2026-09-13,capture_local_date_fallback,False,C:\Users\Igor\StudioProjects\BartRunnerAndroid\app\src\test\resources\bart_live_20260913_182435\trip_updates.pb,2026-09-14T01:24:34+00:00,2019569,2019569,,SCHEDULED,,,3,3,W10-1,W30-1,COLM,SBRN,2026-09-14T01:24:18+00:00,False,False,False,True,Yellow,SFIA,True,True,False,False,exact,high,trip_id+canonical_service_date,"[""GTFS-RT trip_id equals static trips.txt trip_id"",""canonical service date""]","[""2019569""]",[],[],exact,not_applicable
bart_live_20260913_182435,2026-09-13,capture_local_date_fallback,False,C:\Users\Igor\StudioProjects\BartRunnerAndroid\app\src\test\resources\bart_live_20260913_182435\trip_updates.pb,2026-09-14T01:24:34+00:00,2019570,2019570,,SCHEDULED,,,10,10,M30-1,W30-1,POWL,SBRN,2026-09-14T01:25:00+00:00,False,False,False,True,Yellow,SFIA,True,True,False,False,exact,high,trip_id+canonical_service_date,"[""GTFS-RT trip_id equals static trips.txt trip_id"",""canonical service date""]","[""2019570""]",[],[],exact,not_applicable
bart_live_20260913_182435,2026-09-13,capture_local_date_fallback,False,C:\Users\Igor\StudioProjects\BartRunnerAndroid\app\src\test\resources\bart_live_20260913_182435\trip_updates.pb,2026-09-14T01:24:34+00:00,2019571,2019571,,SCHEDULED,,,16,16,K30-4,W30-1,MCAR,SBRN,2026-09-14T01:24:20+00:00,False,False,False,True,Yellow,SFIA,True,True,False,False,exact,high,trip_id+canonical_service_date,"[""GTFS-RT trip_id equals static trips.txt trip_id"",""canonical service date""]","[""2019571""]",[],[],exact,not_applicable
bart_live_20260913_182435,2026-09-13,capture_local_date_fallback,False,C:\Users\Igor\StudioProjects\BartRunnerAndroid\app\src\test\resources\bart_live_20260913_182435\trip_updates.pb,2026-09-14T01:24:34+00:00,2019572,2019572,,SCHEDULED,,,20,20,C40-2,W30-1,WCRK,SBRN,2026-09-14T01:25:33+00:00,False,False,False,True,Yellow,SFIA,True,True,False,False,exact,high,trip_id+canonical_service_date,"[""GTFS-RT trip_id equals static trips.txt trip_id"",""canonical service date""]","[""2019572""]",[],[],exact,not_applicable
bart_live_20260913_182435,2026-09-13,capture_local_date_fallback,False,C:\Users\Igor\StudioProjects\BartRunnerAndroid\app\src\test\resources\bart_live_20260913_182435\trip_updates.pb,2026-09-14T01:24:34+00:00,2019573,2019573,,SCHEDULED,,,24,24,C80-2,W30-1,PITT,SBRN,2026-09-14T01:26:39+00:00,False,False,False,True,Yellow,SFIA,True,True,False,False,exact,high,trip_id+canonical_service_date,"[""GTFS-RT trip_id equals static trips.txt trip_id"",""canonical service date""]","[""2019573""]",[],[],exact,not_applicable
bart_live_20260913_182435,2026-09-13,capture_local_date_fallback,False,C:\Users\Igor\StudioProjects\BartRunnerAndroid\app\src\test\resources\bart_live_20260913_182435\trip_updates.pb,2026-09-14T01:24:34+00:00,2019640,2019640,,SCHEDULED,,,3,3,C60-1,C80-1,CONC,PITT,2026-09-14T01:25:01+00:00,False,False,False,True,Yellow,ANTC,True,True,False,False,exact,high,trip_id+canonical_service_date,"[""GTFS-RT trip_id equals static trips.txt trip_id"",""canonical service date""]","[""2019640""]",[],[],exact,not_applicable
bart_live_20260913_182435,2026-09-13,capture_local_date_fallback,False,C:\Users\Igor\StudioProjects\BartRunnerAndroid\app\src\test\resources\bart_live_20260913_182435\trip_updates.pb,2026-09-14T01:24:34+00:00,2019641,2019641,,SCHEDULED,,,7,7,C20-1,C80-1,ORIN,PITT,2026-09-14T01:29:24+00:00,False,False,False,True,Yellow,ANTC,True,True,False,False,exact,high,trip_id+canonical_service_date,"[""GTFS-RT trip_id equals static trips.txt trip_id"",""canonical service date""]","[""2019641""]",[],[],exact,not_applicable
bart_live_20260913_182435,2026-09-13,capture_local_date_fallback,False,C:\Users\Igor\StudioProjects\BartRunnerAndroid\app\src\test\resources\bart_live_20260913_182435\trip_updates.pb,2026-09-14T01:24:34+00:00,2019642,2019642,,SCHEDULED,,,13,13,M16-2,C80-1,EMBR,PITT,2026-09-14T01:25:06+00:00,False,False,False,True,Yellow,ANTC,True,True,False,False,exact,high,trip_id+canonical_service_date,"[""GTFS-RT trip_id equals static trips.txt trip_id"",""canonical service date""]","[""2019642""]",[],[],exact,not_applicable
bart_live_20260913_182435,2026-09-13,capture_local_date_fallback,False,C:\Users\Igor\StudioProjects\BartRunnerAndroid\app\src\test\resources\bart_live_20260913_182435\trip_updates.pb,2026-09-14T01:24:34+00:00,2019643,2019643,,SCHEDULED,,,21,21,M90-2,C80-1,DALY,PITT,2026-09-14T01:24:38+00:00,False,False,False,True,Yellow,ANTC,True,True,False,False,exact,high,trip_id+canonical_service_date,"[""GTFS-RT trip_id equals static trips.txt trip_id"",""canonical service date""]","[""2019643""]",[],[],exact,not_applicable
bart_live_20260913_182435,2026-09-13,capture_local_date_fallback,False,C:\Users\Igor\StudioProjects\BartRunnerAndroid\app\src\test\resources\bart_live_20260913_182435\trip_updates.pb,2026-09-14T01:24:34+00:00,2019644,2019644,,SCHEDULED,,,25,25,Y10-1,C80-1,SFIA,PITT,2026-09-14T01:29:18+00:00,False,False,False,True,Yellow,ANTC,True,True,False,False,exact,high,trip_id+canonical_service_date,"[""GTFS-RT trip_id equals static trips.txt trip_id"",""canonical service date""]","[""2019644""]",[],[],exact,not_applicable
bart_live_20260913_182435,2026-09-13,capture_local_date_fallback,False,C:\Users\Igor\StudioProjects\BartRunnerAndroid\app\src\test\resources\bart_live_20260913_182435\trip_updates.pb,2026-09-14T01:24:34+00:00,2019645,2019645,,SCHEDULED,,,25,25,Y10-1,C80-1,SFIA,PITT,2026-09-14T01:49:18+00:00,False,False,False,True,Yellow,ANTC,True,True,False,False,exact,high,trip_id+canonical_service_date,"[""GTFS-RT trip_id equals static trips.txt trip_id"",""canonical service date""]","[""2019645""]",[],[],exact,not_applicable
bart_live_20260913_182435,2026-09-13,capture_local_date_fallback,False,C:\Users\Igor\StudioProjects\BartRunnerAndroid\app\src\test\resources\bart_live_20260913_182435\trip_updates.pb,2026-09-14T01:24:34+00:00,2019712,2019712,,SCHEDULED,,,4,4,R20-1,R50-1,DBRK,DELN,2026-09-14T01:26:51+00:00,False,False,False,True,Orange,RICH,True,True,False,False,exact,high,trip_id+canonical_service_date,"[""GTFS-RT trip_id equals static trips.txt trip_id"",""canonical service date""]","[""2019712""]",[],[],exact,not_applicable
bart_live_20260913_182435,2026-09-13,capture_local_date_fallback,False,C:\Users\Igor\StudioProjects\BartRunnerAndroid\app\src\test\resources\bart_live_20260913_182435\trip_updates.pb,2026-09-14T01:24:34+00:00,2019713,2019713,,SCHEDULED,,,10,10,A20-2,R50-1,FTVL,DELN,2026-09-14T01:27:18+00:00,False,False,False,True,Orange,RICH,True,True,False,False,exact,high,trip_id+canonical_service_date,"[""GTFS-RT trip_id equals static trips.txt trip_id"",""canonical service date""]","[""2019713""]",[],[],exact,not_applicable
bart_live_20260913_182435,2026-09-13,capture_local_date_fallback,False,C:\Users\Igor\StudioProjects\BartRunnerAndroid\app\src\test\resources\bart_live_20260913_182435\trip_updates.pb,2026-09-14T01:24:34+00:00,2019714,2019714,,SCHEDULED,,,15,15,A70-2,R50-1,SHAY,DELN,2026-09-14T01:22:23+00:00,False,False,False,True,Orange,RICH,True,True,True,False,exact,high,trip_id+canonical_service_date,"[""GTFS-RT trip_id equals static trips.txt trip_id"",""canonical service date""]","[""2019714""]",[],[],exact,not_applicable
bart_live_20260913_182435,2026-09-13,capture_local_date_fallback,False,C:\Users\Igor\StudioProjects\BartRunnerAndroid\app\src\test\resources\bart_live_20260913_182435\trip_updates.pb,2026-09-14T01:24:34+00:00,2019715,2019715,,SCHEDULED,,,16,16,A80-1,R50-1,UCTY,DELN,2026-09-14T01:37:23+00:00,False,False,False,True,Orange,RICH,True,True,False,False,exact,high,trip_id+canonical_service_date,"[""GTFS-RT trip_id equals static trips.txt trip_id"",""canonical service date""]","[""2019715""]",[],[],exact,not_applicable
bart_live_20260913_182435,2026-09-13,capture_local_date_fallback,False,C:\Users\Igor\StudioProjects\BartRunnerAndroid\app\src\test\resources\bart_live_20260913_182435\trip_updates.pb,2026-09-14T01:24:34+00:00,2019716,2019716,,SCHEDULED,,,16,16,A80-1,R50-1,UCTY,DELN,2026-09-14T01:57:23+00:00,False,False,False,True,Orange,RICH,True,True,False,False,exact,high,trip_id+canonical_service_date,"[""GTFS-RT trip_id equals static trips.txt trip_id"",""canonical service date""]","[""2019716""]",[],[],exact,not_applicable
bart_live_20260913_182435,2026-09-13,capture_local_date_fallback,False,C:\Users\Igor\StudioProjects\BartRunnerAndroid\app\src\test\resources\bart_live_20260913_182435\trip_updates.pb,2026-09-14T01:24:34+00:00,2019743,2019743,,SCHEDULED,,,2,2,S50-2,S40-2,BERY,MLPT,2026-09-14T01:54:22+00:00,False,False,False,True,Orange,WARM,True,True,False,False,exact,high,trip_id+canonical_service_date,"[""GTFS-RT trip_id equals static trips.txt trip_id"",""canonical service date""]","[""2019743""]",[],[],exact,not_applicable
bart_live_20260913_182435,2026-09-13,capture_local_date_fallback,False,C:\Users\Igor\StudioProjects\BartRunnerAndroid\app\src\test\resources\bart_live_20260913_182435\trip_updates.pb,2026-09-14T01:24:34+00:00,2019782,2019782,,SCHEDULED,,,2,2,S50-2,S40-2,BERY,MLPT,2026-09-14T01:34:22+00:00,False,False,False,True,Orange,WARM,True,True,False,False,exact,high,trip_id+canonical_service_date,"[""GTFS-RT trip_id equals static trips.txt trip_id"",""canonical service date""]","[""2019782""]",[],[],exact,not_applicable
bart_live_20260913_182435,2026-09-13,capture_local_date_fallback,False,C:\Users\Igor\StudioProjects\BartRunnerAndroid\app\src\test\resources\bart_live_20260913_182435\trip_updates.pb,2026-09-14T01:24:34+00:00,2019830,2019830,,SCHEDULED,,,4,4,A40-1,A70-1,SANL,SHAY,2026-09-14T01:27:04+00:00,False,False,False,True,Orange,UCTY,True,True,False,False,exact,high,trip_id+canonical_service_date,"[""GTFS-RT trip_id equals static trips.txt trip_id"",""canonical service date""]","[""2019830""]",[],[],exact,not_applicable
bart_live_20260913_182435,2026-09-13,capture_local_date_fallback,False,C:\Users\Igor\StudioProjects\BartRunnerAndroid\app\src\test\resources\bart_live_20260913_182435\trip_updates.pb,2026-09-14T01:24:34+00:00,2019831,2019831,,SCHEDULED,,,10,10,K30-2,A70-1,MCAR,SHAY,2026-09-14T01:26:12+00:00,False,False,False,True,Orange,UCTY,True,True,False,False,exact,high,trip_id+canonical_service_date,"[""GTFS-RT trip_id equals static trips.txt trip_id"",""canonical service date""]","[""2019831""]",[],[],exact,not_applicable
bart_live_20260913_182435,2026-09-13,capture_local_date_fallback,False,C:\Users\Igor\StudioProjects\BartRunnerAndroid\app\src\test\resources\bart_live_20260913_182435\trip_updates.pb,2026-09-14T01:24:34+00:00,2019832,2019832,,SCHEDULED,,,16,16,R60-2,A70-1,RICH,SHAY,2026-09-14T01:23:47+00:00,False,False,False,True,Orange,UCTY,True,True,False,False,exact,high,trip_id+canonical_service_date,"[""GTFS-RT trip_id equals static trips.txt trip_id"",""canonical service date""]","[""2019832""]",[],[],exact,not_applicable
bart_live_20260913_182435,2026-09-13,capture_local_date_fallback,False,C:\Users\Igor\StudioProjects\BartRunnerAndroid\app\src\test\resources\bart_live_20260913_182435\trip_updates.pb,2026-09-14T01:24:34+00:00,2019833,2019833,,SCHEDULED,,,16,16,R60-2,A70-1,RICH,SHAY,2026-09-14T01:42:43+00:00,False,False,False,True,Orange,UCTY,True,True,False,False,exact,high,trip_id+canonical_service_date,"[""GTFS-RT trip_id equals static trips.txt trip_id"",""canonical service date""]","[""2019833""]",[],[],exact,not_applicable
bart_live_20260913_182435,2026-09-13,capture_local_date_fallback,False,C:\Users\Igor\StudioProjects\BartRunnerAndroid\app\src\test\resources\bart_live_20260913_182435\trip_updates.pb,2026-09-14T01:24:34+00:00,2019834,2019834,,SCHEDULED,,,16,16,R60-2,A70-1,RICH,SHAY,2026-09-14T02:02:43+00:00,False,False,False,True,Orange,UCTY,True,True,False,False,exact,high,trip_id+canonical_service_date,"[""GTFS-RT trip_id equals static trips.txt trip_id"",""canonical service date""]","[""2019834""]",[],[],exact,not_applicable
bart_live_20260913_182435,2026-09-13,capture_local_date_fallback,False,C:\Users\Igor\StudioProjects\BartRunnerAndroid\app\src\test\resources\bart_live_20260913_182435\trip_updates.pb,2026-09-14T01:24:34+00:00,2019863,2019863,,SCHEDULED,,,2,2,S20-2,S40-1,WARM,MLPT,2026-09-14T01:34:26+00:00,False,False,False,True,Orange,BERY,True,True,False,False,exact,high,trip_id+canonical_service_date,"[""GTFS-RT trip_id equals static trips.txt trip_id"",""canonical service date""]","[""2019863""]",[],[],exact,not_applicable
bart_live_20260913_182435,2026-09-13,capture_local_date_fallback,False,C:\Users\Igor\StudioProjects\BartRunnerAndroid\app\src\test\resources\bart_live_20260913_182435\trip_updates.pb,2026-09-14T01:24:34+00:00,2019901,2019901,,SCHEDULED,,,2,2,S20-2,S40-1,WARM,MLPT,2026-09-14T01:54:26+00:00,False,False,False,True,Orange,BERY,True,True,False,False,exact,high,trip_id+canonical_service_date,"[""GTFS-RT trip_id equals static trips.txt trip_id"",""canonical service date""]","[""2019901""]",[],[],exact,not_applicable
bart_live_20260913_182435,2026-09-13,capture_local_date_fallback,False,C:\Users\Igor\StudioProjects\BartRunnerAndroid\app\src\test\resources\bart_live_20260913_182435\trip_updates.pb,2026-09-14T01:24:34+00:00,2019990,2019990,,SCHEDULED,,,1,1,Y10-2,Y10-2,SFIA,SFIA,2026-09-14T01:24:36+00:00,False,False,False,True,Red,MLBR,True,True,False,False,exact,high,trip_id+canonical_service_date,"[""GTFS-RT trip_id equals static trips.txt trip_id"",""canonical service date""]","[""2019990""]",[],[],exact,not_applicable
bart_live_20260913_182435,2026-09-13,capture_local_date_fallback,False,C:\Users\Igor\StudioProjects\BartRunnerAndroid\app\src\test\resources\bart_live_20260913_182435\trip_updates.pb,2026-09-14T01:24:34+00:00,2019991,2019991,,SCHEDULED,,,5,5,M90-1,Y10-2,DALY,SFIA,2026-09-14T01:27:55+00:00,False,False,False,True,Red,MLBR,True,True,False,False,exact,high,trip_id+canonical_service_date,"[""GTFS-RT trip_id equals static trips.txt trip_id"",""canonical service date""]","[""2019991""]",[],[],exact,not_applicable
bart_live_20260913_182435,2026-09-13,capture_local_date_fallback,False,C:\Users\Igor\StudioProjects\BartRunnerAndroid\app\src\test\resources\bart_live_20260913_182435\trip_updates.pb,2026-09-14T01:24:34+00:00,2019992,2019992,,SCHEDULED,,,13,13,M16-1,Y10-2,EMBR,SFIA,2026-09-14T01:29:20+00:00,False,False,False,True,Red,MLBR,True,True,False,False,exact,high,trip_id+canonical_service_date,"[""GTFS-RT trip_id equals static trips.txt trip_id"",""canonical service date""]","[""2019992""]",[],[],exact,not_applicable
bart_live_20260913_182435,2026-09-13,capture_local_date_fallback,False,C:\Users\Igor\StudioProjects\BartRunnerAndroid\app\src\test\resources\bart_live_20260913_182435\trip_updates.pb,2026-09-14T01:24:34+00:00,2019993,2019993,,SCHEDULED,,,18,18,R20-2,W30-1,DBRK,SBRN,2026-09-14T01:26:31+00:00,False,False,False,True,Red,MLBR,True,True,False,False,exact,high,trip_id+canonical_service_date,"[""GTFS-RT trip_id equals static trips.txt trip_id"",""canonical service date""]","[""2019993""]",[],[],exact,not_applicable
bart_live_20260913_182435,2026-09-13,capture_local_date_fallback,False,C:\Users\Igor\StudioProjects\BartRunnerAndroid\app\src\test\resources\bart_live_20260913_182435\trip_updates.pb,2026-09-14T01:24:34+00:00,2019994,2019994,,SCHEDULED,,,22,22,R60-2,W30-1,RICH,SBRN,2026-09-14T01:30:15+00:00,False,False,False,True,Red,MLBR,True,True,False,False,exact,high,trip_id+canonical_service_date,"[""GTFS-RT trip_id equals static trips.txt trip_id"",""canonical service date""]","[""2019994""]",[],[],exact,not_applicable
bart_live_20260913_182435,2026-09-13,capture_local_date_fallback,False,C:\Users\Igor\StudioProjects\BartRunnerAndroid\app\src\test\resources\bart_live_20260913_182435\trip_updates.pb,2026-09-14T01:24:34+00:00,2019995,2019995,,SCHEDULED,,,22,22,R60-2,W30-1,RICH,SBRN,2026-09-14T01:50:15+00:00,False,False,False,True,Red,MLBR,True,True,False,False,exact,high,trip_id+canonical_service_date,"[""GTFS-RT trip_id equals static trips.txt trip_id"",""canonical service date""]","[""2019995""]",[],[],exact,not_applicable
bart_live_20260913_182435,2026-09-13,capture_local_date_fallback,False,C:\Users\Igor\StudioProjects\BartRunnerAndroid\app\src\test\resources\bart_live_20260913_182435\trip_updates.pb,2026-09-14T01:24:34+00:00,2020029,2020029,,SCHEDULED,,,7,7,K20-1,R50-1,19TH,DELN,2026-09-14T01:25:04+00:00,False,False,False,True,Red,RICH,True,True,False,False,exact,high,trip_id+canonical_service_date,"[""GTFS-RT trip_id equals static trips.txt trip_id"",""canonical service date""]","[""2020029""]",[],[],exact,not_applicable
bart_live_20260913_182435,2026-09-13,capture_local_date_fallback,False,C:\Users\Igor\StudioProjects\BartRunnerAndroid\app\src\test\resources\bart_live_20260913_182435\trip_updates.pb,2026-09-14T01:24:34+00:00,2020030,2020030,,SCHEDULED,,,14,14,M50-2,R50-1,16TH,DELN,2026-09-14T01:26:05+00:00,False,False,False,True,Red,RICH,True,True,False,False,exact,high,trip_id+canonical_service_date,"[""GTFS-RT trip_id equals static trips.txt trip_id"",""canonical service date""]","[""2020030""]",[],[],exact,not_applicable
bart_live_20260913_182435,2026-09-13,capture_local_date_fallback,False,C:\Users\Igor\StudioProjects\BartRunnerAndroid\app\src\test\resources\bart_live_20260913_182435\trip_updates.pb,2026-09-14T01:24:34+00:00,2020031,2020031,,SCHEDULED,,,20,20,W20-2,R50-1,SSAN,DELN,2026-09-14T01:26:06+00:00,False,False,False,True,Red,RICH,True,True,False,False,exact,high,trip_id+canonical_service_date,"[""GTFS-RT trip_id equals static trips.txt trip_id"",""canonical service date""]","[""2020031""]",[],[],exact,not_applicable
bart_live_20260913_182435,2026-09-13,capture_local_date_fallback,False,C:\Users\Igor\StudioProjects\BartRunnerAndroid\app\src\test\resources\bart_live_20260913_182435\trip_updates.pb,2026-09-14T01:24:34+00:00,2020032,2020032,,SCHEDULED,,,23,23,W40-3,R50-1,MLBR,DELN,2026-09-14T01:31:36+00:00,False,False,False,True,Red,RICH,True,True,False,False,exact,high,trip_id+canonical_service_date,"[""GTFS-RT trip_id equals static trips.txt trip_id"",""canonical service date""]","[""2020032""]",[],[],exact,not_applicable
bart_live_20260913_182435,2026-09-13,capture_local_date_fallback,False,C:\Users\Igor\StudioProjects\BartRunnerAndroid\app\src\test\resources\bart_live_20260913_182435\trip_updates.pb,2026-09-14T01:24:34+00:00,2020033,2020033,,SCHEDULED,,,23,23,W40-3,R50-1,MLBR,DELN,2026-09-14T01:51:36+00:00,False,False,False,True,Red,RICH,True,True,False,False,exact,high,trip_id+canonical_service_date,"[""GTFS-RT trip_id equals static trips.txt trip_id"",""canonical service date""]","[""2020033""]",[],[],exact,not_applicable
bart_live_20260913_182435,2026-09-13,capture_local_date_fallback,False,C:\Users\Igor\StudioProjects\BartRunnerAndroid\app\src\test\resources\bart_live_20260913_182435\trip_updates.pb,2026-09-14T01:24:34+00:00,2020115,2020115,,SCHEDULED,,,2,2,M70-1,M80-1,GLEN,BALB,2026-09-14T01:24:41+00:00,False,False,False,True,Blue,DALY,True,True,False,False,exact,high,trip_id+canonical_service_date,"[""GTFS-RT trip_id equals static trips.txt trip_id"",""canonical service date""]","[""2020115""]",[],[],exact,not_applicable
bart_live_20260913_182435,2026-09-13,capture_local_date_fallback,False,C:\Users\Igor\StudioProjects\BartRunnerAndroid\app\src\test\resources\bart_live_20260913_182435\trip_updates.pb,2026-09-14T01:24:34+00:00,2020116,2020116,,SCHEDULED,,,9,9,M10-1,M80-1,WOAK,BALB,2026-09-14T01:25:53+00:00,False,False,False,True,Blue,DALY,True,True,False,False,exact,high,trip_id+canonical_service_date,"[""GTFS-RT trip_id equals static trips.txt trip_id"",""canonical service date""]","[""2020116""]",[],[],exact,not_applicable
bart_live_20260913_182435,2026-09-13,capture_local_date_fallback,False,C:\Users\Igor\StudioProjects\BartRunnerAndroid\app\src\test\resources\bart_live_20260913_182435\trip_updates.pb,2026-09-14T01:24:34+00:00,2020117,2020117,,SCHEDULED,,,13,13,A40-2,M80-1,SANL,BALB,2026-09-14T01:27:28+00:00,False,False,False,True,Blue,DALY,True,True,False,False,exact,high,trip_id+canonical_service_date,"[""GTFS-RT trip_id equals static trips.txt trip_id"",""canonical service date""]","[""2020117""]",[],[],exact,not_applicable
bart_live_20260913_182435,2026-09-13,capture_local_date_fallback,False,C:\Users\Igor\StudioProjects\BartRunnerAndroid\app\src\test\resources\bart_live_20260913_182435\trip_updates.pb,2026-09-14T01:24:34+00:00,2020118,2020118,,SCHEDULED,,,17,17,L30-2,M80-1,DUBL,BALB,2026-09-14T01:16:14+00:00,False,False,False,True,Blue,DALY,True,True,True,False,exact,high,trip_id+canonical_service_date,"[""GTFS-RT trip_id equals static trips.txt trip_id"",""canonical service date""]","[""2020118""]",[],[],exact,not_applicable
bart_live_20260913_182435,2026-09-13,capture_local_date_fallback,False,C:\Users\Igor\StudioProjects\BartRunnerAndroid\app\src\test\resources\bart_live_20260913_182435\trip_updates.pb,2026-09-14T01:24:34+00:00,2020119,2020119,,SCHEDULED,,,17,17,L30-2,M80-1,DUBL,BALB,2026-09-14T01:44:02+00:00,False,False,False,True,Blue,DALY,True,True,False,False,exact,high,trip_id+canonical_service_date,"[""GTFS-RT trip_id equals static trips.txt trip_id"",""canonical service date""]","[""2020119""]",[],[],exact,not_applicable
bart_live_20260913_182435,2026-09-13,capture_local_date_fallback,False,C:\Users\Igor\StudioProjects\BartRunnerAndroid\app\src\test\resources\bart_live_20260913_182435\trip_updates.pb,2026-09-14T01:24:34+00:00,2020120,2020120,,SCHEDULED,,,17,17,L30-2,M80-1,DUBL,BALB,2026-09-14T02:04:02+00:00,False,False,False,True,Blue,DALY,True,True,False,False,exact,high,trip_id+canonical_service_date,"[""GTFS-RT trip_id equals static trips.txt trip_id"",""canonical service date""]","[""2020120""]",[],[],exact,not_applicable
bart_live_20260913_182435,2026-09-13,capture_local_date_fallback,False,C:\Users\Igor\StudioProjects\BartRunnerAndroid\app\src\test\resources\bart_live_20260913_182435\trip_updates.pb,2026-09-14T01:24:34+00:00,2020174,2020174,,SCHEDULED,,,2,2,L10-1,L20-1,CAST,WDUB,2026-09-14T01:27:45+00:00,False,False,False,True,Blue,DUBL,True,True,False,False,exact,high,trip_id+canonical_service_date,"[""GTFS-RT trip_id equals static trips.txt trip_id"",""canonical service date""]","[""2020174""]",[],[],exact,not_applicable
bart_live_20260913_182435,2026-09-13,capture_local_date_fallback,False,C:\Users\Igor\StudioProjects\BartRunnerAndroid\app\src\test\resources\bart_live_20260913_182435\trip_updates.pb,2026-09-14T01:24:34+00:00,2020175,2020175,,SCHEDULED,,,7,7,A10-1,L20-1,LAKE,WDUB,2026-09-14T01:27:54+00:00,False,False,False,True,Blue,DUBL,True,True,False,False,exact,high,trip_id+canonical_service_date,"[""GTFS-RT trip_id equals static trips.txt trip_id"",""canonical service date""]","[""2020175""]",[],[],exact,not_applicable
bart_live_20260913_182435,2026-09-13,capture_local_date_fallback,False,C:\Users\Igor\StudioProjects\BartRunnerAndroid\app\src\test\resources\bart_live_20260913_182435\trip_updates.pb,2026-09-14T01:24:34+00:00,2020176,2020176,,SCHEDULED,,,14,14,M60-2,L20-1,24TH,WDUB,2026-09-14T01:27:02+00:00,False,False,False,True,Blue,DUBL,True,True,False,False,exact,high,trip_id+canonical_service_date,"[""GTFS-RT trip_id equals static trips.txt trip_id"",""canonical service date""]","[""2020176""]",[],[],exact,not_applicable
bart_live_20260913_182435,2026-09-13,capture_local_date_fallback,False,C:\Users\Igor\StudioProjects\BartRunnerAndroid\app\src\test\resources\bart_live_20260913_182435\trip_updates.pb,2026-09-14T01:24:34+00:00,2020177,2020177,,SCHEDULED,,,17,17,M90-2,L20-1,DALY,WDUB,2026-09-14T01:35:14+00:00,False,False,False,True,Blue,DUBL,True,True,False,False,exact,high,trip_id+canonical_service_date,"[""GTFS-RT trip_id equals static trips.txt trip_id"",""canonical service date""]","[""2020177""]",[],[],exact,not_applicable
bart_live_20260913_182435,2026-09-13,capture_local_date_fallback,False,C:\Users\Igor\StudioProjects\BartRunnerAndroid\app\src\test\resources\bart_live_20260913_182435\trip_updates.pb,2026-09-14T01:24:34+00:00,2020178,2020178,,SCHEDULED,,,17,17,M90-2,L20-1,DALY,WDUB,2026-09-14T01:55:14+00:00,False,False,False,True,Blue,DUBL,True,True,False,False,exact,high,trip_id+canonical_service_date,"[""GTFS-RT trip_id equals static trips.txt trip_id"",""canonical service date""]","[""2020178""]",[],[],exact,not_applicable
bart_live_20260913_182435,2026-09-13,capture_local_date_fallback,False,C:\Users\Igor\StudioProjects\BartRunnerAndroid\app\src\test\resources\bart_live_20260913_182435\trip_updates.pb,2026-09-14T01:24:34+00:00,682,682,,SCHEDULED,,,1,1,E20-1,E20-1,PCTR,PCTR,2026-09-14T01:26:52+00:00,True,True,False,False,,,False,False,False,False,operational_telemetry,medium,bart_to_antioch_numeric_namespace_with_same_capture_counterpart_check,"[""numeric_600_799_namespace"",""BART note: BART-to-Antioch trip IDs are not coordinated with schedule trip IDs"",""mandatory electric transfer north of PITT""]",[],"[""2019641"",""2019642"",""2019643"",""2019644"",""2019573"",""2019640""]",[],no_static_counterpart,observed_candidate
bart_live_20260913_182435,2026-09-13,capture_local_date_fallback,False,C:\Users\Igor\StudioProjects\BartRunnerAndroid\app\src\test\resources\bart_live_20260913_182435\trip_updates.pb,2026-09-14T01:24:34+00:00,684,684,,SCHEDULED,,,1,1,E20-1,E20-1,PCTR,PCTR,2026-09-14T01:46:29+00:00,True,True,False,False,,,False,False,False,False,operational_telemetry,medium,bart_to_antioch_numeric_namespace_with_same_capture_counterpart_check,"[""numeric_600_799_namespace"",""BART note: BART-to-Antioch trip IDs are not coordinated with schedule trip IDs"",""mandatory electric transfer north of PITT""]",[],"[""2019645"",""2019532""]",[],no_static_counterpart,observed_candidate
bart_live_20260913_182435,2026-09-13,capture_local_date_fallback,False,C:\Users\Igor\StudioProjects\BartRunnerAndroid\app\src\test\resources\bart_live_20260913_182435\trip_updates.pb,2026-09-14T01:24:34+00:00,686,686,,SCHEDULED,,,1,1,E20-1,E20-1,PCTR,PCTR,2026-09-14T02:06:29+00:00,True,True,False,False,,,False,False,False,False,operational_telemetry,medium,bart_to_antioch_numeric_namespace_with_same_capture_counterpart_check,"[""numeric_600_799_namespace"",""BART note: BART-to-Antioch trip IDs are not coordinated with schedule trip IDs"",""mandatory electric transfer north of PITT""]",[],"[""2019533""]",[],no_static_counterpart,observed_candidate
bart_live_20260913_182435,2026-09-13,capture_local_date_fallback,False,C:\Users\Igor\StudioProjects\BartRunnerAndroid\app\src\test\resources\bart_live_20260913_182435\trip_updates.pb,2026-09-14T01:24:34+00:00,687,687,,SCHEDULED,,,2,2,E30-2,E20-2,ANTC,PCTR,2026-09-14T01:28:03+00:00,True,True,False,False,,,False,False,False,False,operational_telemetry,medium,bart_to_antioch_numeric_namespace_with_same_capture_counterpart_check,"[""numeric_600_799_namespace"",""BART note: BART-to-Antioch trip IDs are not coordinated with schedule trip IDs"",""mandatory electric transfer north of PITT""]",[],"[""2019641"",""2019642"",""2019643"",""2019644"",""2019573"",""2019640""]",[],no_static_counterpart,observed_candidate
bart_live_20260913_182435,2026-09-13,capture_local_date_fallback,False,C:\Users\Igor\StudioProjects\BartRunnerAndroid\app\src\test\resources\bart_live_20260913_182435\trip_updates.pb,2026-09-14T01:24:34+00:00,688,688,,SCHEDULED,,,1,1,E20-1,E20-1,PCTR,PCTR,2026-09-14T02:26:29+00:00,True,True,False,False,,,False,False,False,False,required_counterpart_not_observed,low,bart_to_antioch_numeric_namespace_with_same_capture_counterpart_check,"[""numeric_600_799_namespace"",""BART note: BART-to-Antioch trip IDs are not coordinated with schedule trip IDs"",""mandatory electric transfer north of PITT""]",[],[],[],no_static_counterpart,required_not_observed
bart_live_20260913_182435,2026-09-13,capture_local_date_fallback,False,C:\Users\Igor\StudioProjects\BartRunnerAndroid\app\src\test\resources\bart_live_20260913_182435\trip_updates.pb,2026-09-14T01:24:34+00:00,689,689,,SCHEDULED,,,2,2,E30-2,E20-2,ANTC,PCTR,2026-09-14T01:48:03+00:00,True,True,False,False,,,False,False,False,False,operational_telemetry,medium,bart_to_antioch_numeric_namespace_with_same_capture_counterpart_check,"[""numeric_600_799_namespace"",""BART note: BART-to-Antioch trip IDs are not coordinated with schedule trip IDs"",""mandatory electric transfer north of PITT""]",[],"[""2019645"",""2019532""]",[],no_static_counterpart,observed_candidate
bart_live_20260913_182435,2026-09-13,capture_local_date_fallback,False,C:\Users\Igor\StudioProjects\BartRunnerAndroid\app\src\test\resources\bart_live_20260913_182435\trip_updates.pb,2026-09-14T01:24:34+00:00,690,690,,SCHEDULED,,,1,1,E20-1,E20-1,PCTR,PCTR,2026-09-14T02:46:29+00:00,True,True,False,False,,,False,False,False,False,required_counterpart_not_observed,low,bart_to_antioch_numeric_namespace_with_same_capture_counterpart_check,"[""numeric_600_799_namespace"",""BART note: BART-to-Antioch trip IDs are not coordinated with schedule trip IDs"",""mandatory electric transfer north of PITT""]",[],[],[],no_static_counterpart,required_not_observed
bart_live_20260913_182435,2026-09-13,capture_local_date_fallback,False,C:\Users\Igor\StudioProjects\BartRunnerAndroid\app\src\test\resources\bart_live_20260913_182435\trip_updates.pb,2026-09-14T01:24:34+00:00,691,691,,SCHEDULED,,,2,2,E30-2,E20-2,ANTC,PCTR,2026-09-14T02:08:03+00:00,True,True,False,False,,,False,False,False,False,operational_telemetry,medium,bart_to_antioch_numeric_namespace_with_same_capture_counterpart_check,"[""numeric_600_799_namespace"",""BART note: BART-to-Antioch trip IDs are not coordinated with schedule trip IDs"",""mandatory electric transfer north of PITT""]",[],"[""2019533""]",[],no_static_counterpart,observed_candidate
bart_live_20260913_182435,2026-09-13,capture_local_date_fallback,False,C:\Users\Igor\StudioProjects\BartRunnerAndroid\app\src\test\resources\bart_live_20260913_182435\trip_updates.pb,2026-09-14T01:24:34+00:00,693,693,,SCHEDULED,,,2,2,E30-2,E20-2,ANTC,PCTR,2026-09-14T02:28:03+00:00,True,True,False,False,,,False,False,False,False,required_counterpart_not_observed,low,bart_to_antioch_numeric_namespace_with_same_capture_counterpart_check,"[""numeric_600_799_namespace"",""BART note: BART-to-Antioch trip IDs are not coordinated with schedule trip IDs"",""mandatory electric transfer north of PITT""]",[],[],[],no_static_counterpart,required_not_observed
bart_live_20260913_182435,2026-09-13,capture_local_date_fallback,False,C:\Users\Igor\StudioProjects\BartRunnerAndroid\app\src\test\resources\bart_live_20260913_182435\trip_updates.pb,2026-09-14T01:24:34+00:00,695,695,,SCHEDULED,,,1,1,E30-2,E30-2,ANTC,ANTC,2026-09-14T02:48:03+00:00,True,True,False,False,,,False,False,False,False,required_counterpart_not_observed,low,bart_to_antioch_numeric_namespace_with_same_capture_counterpart_check,"[""numeric_600_799_namespace"",""BART note: BART-to-Antioch trip IDs are not coordinated with schedule trip IDs"",""mandatory electric transfer north of PITT""]",[],[],[],no_static_counterpart,required_not_observed
bart_live_20260913_201652,2026-09-13,capture_local_date_fallback,False,C:\Users\Igor\StudioProjects\BartRunnerAndroid\app\src\test\resources\bart_live_20260913_201652\trip_updates.pb,2026-09-14T03:16:52+00:00,2019533,2019533,,SCHEDULED,,,4,4,M90-1,W30-1,DALY,SBRN,2026-09-14T03:20:57+00:00,False,False,False,True,Yellow,SFIA,True,True,False,False,exact,high,trip_id+canonical_service_date,"[""GTFS-RT trip_id equals static trips.txt trip_id"",""canonical service date""]","[""2019533""]",[],[],exact,not_applicable
bart_live_20260913_201652,2026-09-13,capture_local_date_fallback,False,C:\Users\Igor\StudioProjects\BartRunnerAndroid\app\src\test\resources\bart_live_20260913_201652\trip_updates.pb,2026-09-14T03:16:52+00:00,2019574,2019574,,SCHEDULED,,,12,12,M16-1,W30-1,EMBR,SBRN,2026-09-14T03:22:40+00:00,False,False,False,True,Yellow,SFIA,True,True,False,False,exact,high,trip_id+canonical_service_date,"[""GTFS-RT trip_id equals static trips.txt trip_id"",""canonical service date""]","[""2019574""]",[],[],exact,not_applicable
bart_live_20260913_201652,2026-09-13,capture_local_date_fallback,False,C:\Users\Igor\StudioProjects\BartRunnerAndroid\app\src\test\resources\bart_live_20260913_201652\trip_updates.pb,2026-09-14T03:16:52+00:00,2019575,2019575,,SCHEDULED,,,17,17,C10-2,W30-1,ROCK,SBRN,2026-09-14T03:20:56+00:00,False,False,False,True,Yellow,SFIA,True,True,False,False,exact,high,trip_id+canonical_service_date,"[""GTFS-RT trip_id equals static trips.txt trip_id"",""canonical service date""]","[""2019575""]",[],[],exact,not_applicable
bart_live_20260913_201652,2026-09-13,capture_local_date_fallback,False,C:\Users\Igor\StudioProjects\BartRunnerAndroid\app\src\test\resources\bart_live_20260913_201652\trip_updates.pb,2026-09-14T03:16:52+00:00,2019576,2019576,,SCHEDULED,,,22,22,C60-2,W30-1,CONC,SBRN,2026-09-14T03:18:24+00:00,False,False,False,True,Yellow,SFIA,True,True,False,False,exact,high,trip_id+canonical_service_date,"[""GTFS-RT trip_id equals static trips.txt trip_id"",""canonical service date""]","[""2019576""]",[],[],exact,not_applicable
bart_live_20260913_201652,2026-09-13,capture_local_date_fallback,False,C:\Users\Igor\StudioProjects\BartRunnerAndroid\app\src\test\resources\bart_live_20260913_201652\trip_updates.pb,2026-09-14T03:16:52+00:00,2019577,2019577,,SCHEDULED,,,24,24,C80-2,W30-1,PITT,SBRN,2026-09-14T03:26:39+00:00,False,False,False,True,Yellow,SFIA,True,True,False,False,exact,high,trip_id+canonical_service_date,"[""GTFS-RT trip_id equals static trips.txt trip_id"",""canonical service date""]","[""2019577""]",[],[],exact,not_applicable
bart_live_20260913_201652,2026-09-13,capture_local_date_fallback,False,C:\Users\Igor\StudioProjects\BartRunnerAndroid\app\src\test\resources\bart_live_20260913_201652\trip_updates.pb,2026-09-14T03:16:52+00:00,2019578,2019578,,SCHEDULED,,,24,24,C80-2,W30-1,PITT,SBRN,2026-09-14T03:46:39+00:00,False,False,False,True,Yellow,SFIA,True,True,False,False,exact,high,trip_id+canonical_service_date,"[""GTFS-RT trip_id equals static trips.txt trip_id"",""canonical service date""]","[""2019578""]",[],[],exact,not_applicable
bart_live_20260913_201652,2026-09-13,capture_local_date_fallback,False,C:\Users\Igor\StudioProjects\BartRunnerAndroid\app\src\test\resources\bart_live_20260913_201652\trip_updates.pb,2026-09-14T03:16:52+00:00,2019645,2019645,,SCHEDULED,,,1,1,C80-1,C80-1,PITT,PITT,2026-09-14T03:15:17+00:00,False,False,False,True,Yellow,ANTC,True,True,True,False,exact,high,trip_id+canonical_service_date,"[""GTFS-RT trip_id equals static trips.txt trip_id"",""canonical service date""]","[""2019645""]",[],[],exact,not_applicable
bart_live_20260913_201652,2026-09-13,capture_local_date_fallback,False,C:\Users\Igor\StudioProjects\BartRunnerAndroid\app\src\test\resources\bart_live_20260913_201652\trip_updates.pb,2026-09-14T03:16:52+00:00,2019646,2019646,,SCHEDULED,,,23,23,W20-2,C80-1,SSAN,PITT,2026-09-14T03:17:19+00:00,False,False,False,True,Yellow,ANTC,True,True,False,False,exact,high,trip_id+canonical_service_date,"[""GTFS-RT trip_id equals static trips.txt trip_id"",""canonical service date""]","[""2019646""]",[],[],exact,not_applicable
bart_live_20260913_201652,2026-09-13,capture_local_date_fallback,False,C:\Users\Igor\StudioProjects\BartRunnerAndroid\app\src\test\resources\bart_live_20260913_201652\trip_updates.pb,2026-09-14T03:16:52+00:00,2019647,2019647,,SCHEDULED,,,5,5,C40-1,C80-1,WCRK,PITT,2026-09-14T03:16:46+00:00,False,False,False,True,Yellow,ANTC,True,True,False,False,exact,high,trip_id+canonical_service_date,"[""GTFS-RT trip_id equals static trips.txt trip_id"",""canonical service date""]","[""2019647""]",[],[],exact,not_applicable
bart_live_20260913_201652,2026-09-13,capture_local_date_fallback,False,C:\Users\Igor\StudioProjects\BartRunnerAndroid\app\src\test\resources\bart_live_20260913_201652\trip_updates.pb,2026-09-14T03:16:52+00:00,2019648,2019648,,SCHEDULED,,,9,9,K30-3,C80-1,MCAR,PITT,2026-09-14T03:19:04+00:00,False,False,False,True,Yellow,ANTC,True,True,False,False,exact,high,trip_id+canonical_service_date,"[""GTFS-RT trip_id equals static trips.txt trip_id"",""canonical service date""]","[""2019648""]",[],[],exact,not_applicable
bart_live_20260913_201652,2026-09-13,capture_local_date_fallback,False,C:\Users\Igor\StudioProjects\BartRunnerAndroid\app\src\test\resources\bart_live_20260913_201652\trip_updates.pb,2026-09-14T03:16:52+00:00,2019649,2019649,,SCHEDULED,,,16,16,M40-2,C80-1,CIVC,PITT,2026-09-14T03:18:38+00:00,False,False,False,True,Yellow,ANTC,True,True,False,False,exact,high,trip_id+canonical_service_date,"[""GTFS-RT trip_id equals static trips.txt trip_id"",""canonical service date""]","[""2019649""]",[],[],exact,not_applicable
bart_live_20260913_201652,2026-09-13,capture_local_date_fallback,False,C:\Users\Igor\StudioProjects\BartRunnerAndroid\app\src\test\resources\bart_live_20260913_201652\trip_updates.pb,2026-09-14T03:16:52+00:00,2019650,2019650,,SCHEDULED,,,25,25,Y10-1,C80-1,SFIA,PITT,2026-09-14T03:29:18+00:00,False,False,False,True,Yellow,ANTC,True,True,False,False,exact,high,trip_id+canonical_service_date,"[""GTFS-RT trip_id equals static trips.txt trip_id"",""canonical service date""]","[""2019650""]",[],[],exact,not_applicable
bart_live_20260913_201652,2026-09-13,capture_local_date_fallback,False,C:\Users\Igor\StudioProjects\BartRunnerAndroid\app\src\test\resources\bart_live_20260913_201652\trip_updates.pb,2026-09-14T03:16:52+00:00,2019651,2019651,,SCHEDULED,,,25,25,Y10-1,C80-1,SFIA,PITT,2026-09-14T03:49:18+00:00,False,False,False,True,Yellow,ANTC,True,True,False,False,exact,high,trip_id+canonical_service_date,"[""GTFS-RT trip_id equals static trips.txt trip_id"",""canonical service date""]","[""2019651""]",[],[],exact,not_applicable
bart_live_20260913_201652,2026-09-13,capture_local_date_fallback,False,C:\Users\Igor\StudioProjects\BartRunnerAndroid\app\src\test\resources\bart_live_20260913_201652\trip_updates.pb,2026-09-14T03:16:52+00:00,2019663,2019663,,SCHEDULED,,,1,1,W40-3,W40-3,MLBR,MLBR,2026-09-14T03:58:30+00:00,False,False,False,True,Yellow,SFIA,True,True,False,False,exact,high,trip_id+canonical_service_date,"[""GTFS-RT trip_id equals static trips.txt trip_id"",""canonical service date""]","[""2019663""]",[],[],exact,not_applicable
bart_live_20260913_201652,2026-09-13,capture_local_date_fallback,False,C:\Users\Igor\StudioProjects\BartRunnerAndroid\app\src\test\resources\bart_live_20260913_201652\trip_updates.pb,2026-09-14T03:16:52+00:00,2019718,2019718,,SCHEDULED,,,6,6,K30-1,R50-1,MCAR,DELN,2026-09-14T03:19:14+00:00,False,False,False,True,Orange,RICH,True,True,False,False,exact,high,trip_id+canonical_service_date,"[""GTFS-RT trip_id equals static trips.txt trip_id"",""canonical service date""]","[""2019718""]",[],[],exact,not_applicable
bart_live_20260913_201652,2026-09-13,capture_local_date_fallback,False,C:\Users\Igor\StudioProjects\BartRunnerAndroid\app\src\test\resources\bart_live_20260913_201652\trip_updates.pb,2026-09-14T03:16:52+00:00,2019719,2019719,,SCHEDULED,,,12,12,A40-2,R50-1,SANL,DELN,2026-09-14T03:18:45+00:00,False,False,False,True,Orange,RICH,True,True,False,False,exact,high,trip_id+canonical_service_date,"[""GTFS-RT trip_id equals static trips.txt trip_id"",""canonical service date""]","[""2019719""]",[],[],exact,not_applicable
bart_live_20260913_201652,2026-09-13,capture_local_date_fallback,False,C:\Users\Igor\StudioProjects\BartRunnerAndroid\app\src\test\resources\bart_live_20260913_201652\trip_updates.pb,2026-09-14T03:16:52+00:00,2019720,2019720,,SCHEDULED,,,16,16,A80-1,R50-1,UCTY,DELN,2026-09-14T03:17:23+00:00,False,False,False,True,Orange,RICH,True,True,False,False,exact,high,trip_id+canonical_service_date,"[""GTFS-RT trip_id equals static trips.txt trip_id"",""canonical service date""]","[""2019720""]",[],[],exact,not_applicable
bart_live_20260913_201652,2026-09-13,capture_local_date_fallback,False,C:\Users\Igor\StudioProjects\BartRunnerAndroid\app\src\test\resources\bart_live_20260913_201652\trip_updates.pb,2026-09-14T03:16:52+00:00,2019721,2019721,,SCHEDULED,,,16,16,A80-1,R50-1,UCTY,DELN,2026-09-14T03:37:23+00:00,False,False,False,True,Orange,RICH,True,True,False,False,exact,high,trip_id+canonical_service_date,"[""GTFS-RT trip_id equals static trips.txt trip_id"",""canonical service date""]","[""2019721""]",[],[],exact,not_applicable
bart_live_20260913_201652,2026-09-13,capture_local_date_fallback,False,C:\Users\Igor\StudioProjects\BartRunnerAndroid\app\src\test\resources\bart_live_20260913_201652\trip_updates.pb,2026-09-14T03:16:52+00:00,2019722,2019722,,SCHEDULED,,,16,16,A80-1,R50-1,UCTY,DELN,2026-09-14T03:57:23+00:00,False,False,False,True,Orange,RICH,True,True,False,False,exact,high,trip_id+canonical_service_date,"[""GTFS-RT trip_id equals static trips.txt trip_id"",""canonical service date""]","[""2019722""]",[],[],exact,not_applicable
bart_live_20260913_201652,2026-09-13,capture_local_date_fallback,False,C:\Users\Igor\StudioProjects\BartRunnerAndroid\app\src\test\resources\bart_live_20260913_201652\trip_updates.pb,2026-09-14T03:16:52+00:00,2019740,2019740,,SCHEDULED,,,2,2,S50-2,S40-2,BERY,MLPT,2026-09-14T03:54:22+00:00,False,False,False,True,Orange,WARM,True,True,False,False,exact,high,trip_id+canonical_service_date,"[""GTFS-RT trip_id equals static trips.txt trip_id"",""canonical service date""]","[""2019740""]",[],[],exact,not_applicable
bart_live_20260913_201652,2026-09-13,capture_local_date_fallback,False,C:\Users\Igor\StudioProjects\BartRunnerAndroid\app\src\test\resources\bart_live_20260913_201652\trip_updates.pb,2026-09-14T03:16:52+00:00,2019741,2019741,,SCHEDULED,,,1,1,S40-2,S40-2,MLPT,MLPT,2026-09-14T03:19:18+00:00,False,False,False,True,Orange,WARM,True,True,False,False,exact,high,trip_id+canonical_service_date,"[""GTFS-RT trip_id equals static trips.txt trip_id"",""canonical service date""]","[""2019741""]",[],[],exact,not_applicable
bart_live_20260913_201652,2026-09-13,capture_local_date_fallback,False,C:\Users\Igor\StudioProjects\BartRunnerAndroid\app\src\test\resources\bart_live_20260913_201652\trip_updates.pb,2026-09-14T03:16:52+00:00,2019785,2019785,,SCHEDULED,,,2,2,S50-2,S40-2,BERY,MLPT,2026-09-14T03:34:22+00:00,False,False,False,True,Orange,WARM,True,True,False,False,exact,high,trip_id+canonical_service_date,"[""GTFS-RT trip_id equals static trips.txt trip_id"",""canonical service date""]","[""2019785""]",[],[],exact,not_applicable
bart_live_20260913_201652,2026-09-13,capture_local_date_fallback,False,C:\Users\Igor\StudioProjects\BartRunnerAndroid\app\src\test\resources\bart_live_20260913_201652\trip_updates.pb,2026-09-14T03:16:52+00:00,2019835,2019835,,SCHEDULED,,,2,2,A60-1,A70-1,HAYW,SHAY,2026-09-14T03:16:43+00:00,False,False,False,True,Orange,UCTY,True,True,False,False,exact,high,trip_id+canonical_service_date,"[""GTFS-RT trip_id equals static trips.txt trip_id"",""canonical service date""]","[""2019835""]",[],[],exact,not_applicable
bart_live_20260913_201652,2026-09-13,capture_local_date_fallback,False,C:\Users\Igor\StudioProjects\BartRunnerAndroid\app\src\test\resources\bart_live_20260913_201652\trip_updates.pb,2026-09-14T03:16:52+00:00,2019836,2019836,,SCHEDULED,,,6,6,A20-1,A70-1,FTVL,SHAY,2026-09-14T03:20:17+00:00,False,False,False,True,Orange,UCTY,True,True,False,False,exact,high,trip_id+canonical_service_date,"[""GTFS-RT trip_id equals static trips.txt trip_id"",""canonical service date""]","[""2019836""]",[],[],exact,not_applicable
bart_live_20260913_201652,2026-09-13,capture_local_date_fallback,False,C:\Users\Igor\StudioProjects\BartRunnerAndroid\app\src\test\resources\bart_live_20260913_201652\trip_updates.pb,2026-09-14T03:16:52+00:00,2019837,2019837,,SCHEDULED,,,12,12,R20-2,A70-1,DBRK,SHAY,2026-09-14T03:18:11+00:00,False,False,False,True,Orange,UCTY,True,True,False,False,exact,high,trip_id+canonical_service_date,"[""GTFS-RT trip_id equals static trips.txt trip_id"",""canonical service date""]","[""2019837""]",[],[],exact,not_applicable
bart_live_20260913_201652,2026-09-13,capture_local_date_fallback,False,C:\Users\Igor\StudioProjects\BartRunnerAndroid\app\src\test\resources\bart_live_20260913_201652\trip_updates.pb,2026-09-14T03:16:52+00:00,2019838,2019838,,SCHEDULED,,,16,16,R60-2,A70-1,RICH,SHAY,2026-09-14T03:22:43+00:00,False,False,False,True,Orange,UCTY,True,True,False,False,exact,high,trip_id+canonical_service_date,"[""GTFS-RT trip_id equals static trips.txt trip_id"",""canonical service date""]","[""2019838""]",[],[],exact,not_applicable
bart_live_20260913_201652,2026-09-13,capture_local_date_fallback,False,C:\Users\Igor\StudioProjects\BartRunnerAndroid\app\src\test\resources\bart_live_20260913_201652\trip_updates.pb,2026-09-14T03:16:52+00:00,2019839,2019839,,SCHEDULED,,,16,16,R60-2,A70-1,RICH,SHAY,2026-09-14T03:42:43+00:00,False,False,False,True,Orange,UCTY,True,True,False,False,exact,high,trip_id+canonical_service_date,"[""GTFS-RT trip_id equals static trips.txt trip_id"",""canonical service date""]","[""2019839""]",[],[],exact,not_applicable
bart_live_20260913_201652,2026-09-13,capture_local_date_fallback,False,C:\Users\Igor\StudioProjects\BartRunnerAndroid\app\src\test\resources\bart_live_20260913_201652\trip_updates.pb,2026-09-14T03:16:52+00:00,2019860,2019860,,SCHEDULED,,,2,2,S20-2,S40-1,WARM,MLPT,2026-09-14T03:34:56+00:00,False,False,False,True,Orange,BERY,True,True,False,False,exact,high,trip_id+canonical_service_date,"[""GTFS-RT trip_id equals static trips.txt trip_id"",""canonical service date""]","[""2019860""]",[],[],exact,not_applicable
bart_live_20260913_201652,2026-09-13,capture_local_date_fallback,False,C:\Users\Igor\StudioProjects\BartRunnerAndroid\app\src\test\resources\bart_live_20260913_201652\trip_updates.pb,2026-09-14T03:16:52+00:00,2019903,2019903,,SCHEDULED,,,1,1,S40-1,S40-1,MLPT,MLPT,2026-09-14T03:22:55+00:00,False,False,False,True,Orange,BERY,True,True,False,False,exact,high,trip_id+canonical_service_date,"[""GTFS-RT trip_id equals static trips.txt trip_id"",""canonical service date""]","[""2019903""]",[],[],exact,not_applicable
bart_live_20260913_201652,2026-09-13,capture_local_date_fallback,False,C:\Users\Igor\StudioProjects\BartRunnerAndroid\app\src\test\resources\bart_live_20260913_201652\trip_updates.pb,2026-09-14T03:16:52+00:00,2019904,2019904,,SCHEDULED,,,2,2,S20-2,S40-1,WARM,MLPT,2026-09-14T03:54:26+00:00,False,False,False,True,Orange,BERY,True,True,False,False,exact,high,trip_id+canonical_service_date,"[""GTFS-RT trip_id equals static trips.txt trip_id"",""canonical service date""]","[""2019904""]",[],[],exact,not_applicable
bart_live_20260913_201652,2026-09-13,capture_local_date_fallback,False,C:\Users\Igor\StudioProjects\BartRunnerAndroid\app\src\test\resources\bart_live_20260913_201652\trip_updates.pb,2026-09-14T03:16:52+00:00,2019996,2019996,,SCHEDULED,,,2,2,W30-1,Y10-2,SBRN,SFIA,2026-09-14T03:18:22+00:00,False,False,False,True,Red,MLBR,True,True,False,False,exact,high,trip_id+canonical_service_date,"[""GTFS-RT trip_id equals static trips.txt trip_id"",""canonical service date""]","[""2019996""]",[],[],exact,not_applicable
bart_live_20260913_201652,2026-09-13,capture_local_date_fallback,False,C:\Users\Igor\StudioProjects\BartRunnerAndroid\app\src\test\resources\bart_live_20260913_201652\trip_updates.pb,2026-09-14T03:16:52+00:00,2019997,2019997,,SCHEDULED,,,8,8,M60-1,Y10-2,24TH,SFIA,2026-09-14T03:18:19+00:00,False,False,False,True,Red,MLBR,True,True,False,False,exact,high,trip_id+canonical_service_date,"[""GTFS-RT trip_id equals static trips.txt trip_id"",""canonical service date""]","[""2019997""]",[],[],exact,not_applicable
bart_live_20260913_201652,2026-09-13,capture_local_date_fallback,False,C:\Users\Igor\StudioProjects\BartRunnerAndroid\app\src\test\resources\bart_live_20260913_201652\trip_updates.pb,2026-09-14T03:16:52+00:00,2020034,2020034,,SCHEDULED,,,3,3,R30-1,R50-1,NBRK,DELN,2026-09-14T03:17:14+00:00,False,False,False,True,Red,RICH,True,True,False,False,exact,high,trip_id+canonical_service_date,"[""GTFS-RT trip_id equals static trips.txt trip_id"",""canonical service date""]","[""2020034""]",[],[],exact,not_applicable
bart_live_20260913_201652,2026-09-13,capture_local_date_fallback,False,C:\Users\Igor\StudioProjects\BartRunnerAndroid\app\src\test\resources\bart_live_20260913_201652\trip_updates.pb,2026-09-14T03:16:52+00:00,2020035,2020035,,SCHEDULED,,,9,9,M10-2,R50-1,WOAK,DELN,2026-09-14T03:19:12+00:00,False,False,False,True,Red,RICH,True,True,False,False,exact,high,trip_id+canonical_service_date,"[""GTFS-RT trip_id equals static trips.txt trip_id"",""canonical service date""]","[""2020035""]",[],[],exact,not_applicable
bart_live_20260913_201652,2026-09-13,capture_local_date_fallback,False,C:\Users\Igor\StudioProjects\BartRunnerAndroid\app\src\test\resources\bart_live_20260913_201652\trip_updates.pb,2026-09-14T03:16:52+00:00,2020036,2020036,,SCHEDULED,,,17,17,M80-2,R50-1,BALB,DELN,2026-09-14T03:18:01+00:00,False,False,False,True,Red,RICH,True,True,False,False,exact,high,trip_id+canonical_service_date,"[""GTFS-RT trip_id equals static trips.txt trip_id"",""canonical service date""]","[""2020036""]",[],[],exact,not_applicable
bart_live_20260913_201652,2026-09-13,capture_local_date_fallback,False,C:\Users\Igor\StudioProjects\BartRunnerAndroid\app\src\test\resources\bart_live_20260913_201652\trip_updates.pb,2026-09-14T03:16:52+00:00,2020037,2020037,,SCHEDULED,,,22,22,Y10-2,R50-1,SFIA,DELN,2026-09-14T03:18:20+00:00,False,False,False,True,Red,RICH,True,True,False,False,exact,high,trip_id+canonical_service_date,"[""GTFS-RT trip_id equals static trips.txt trip_id"",""canonical service date""]","[""2020037""]",[],[],exact,not_applicable
bart_live_20260913_201652,2026-09-13,capture_local_date_fallback,False,C:\Users\Igor\StudioProjects\BartRunnerAndroid\app\src\test\resources\bart_live_20260913_201652\trip_updates.pb,2026-09-14T03:16:52+00:00,2020038,2020038,,SCHEDULED,,,23,23,W40-3,R50-1,MLBR,DELN,2026-09-14T03:31:36+00:00,False,False,False,True,Red,RICH,True,True,False,False,exact,high,trip_id+canonical_service_date,"[""GTFS-RT trip_id equals static trips.txt trip_id"",""canonical service date""]","[""2020038""]",[],[],exact,not_applicable
bart_live_20260913_201652,2026-09-13,capture_local_date_fallback,False,C:\Users\Igor\StudioProjects\BartRunnerAndroid\app\src\test\resources\bart_live_20260913_201652\trip_updates.pb,2026-09-14T03:16:52+00:00,2020039,2020039,,SCHEDULED,,,23,23,W40-3,R50-1,MLBR,DELN,2026-09-14T03:51:36+00:00,False,False,False,True,Red,RICH,True,True,False,False,exact,high,trip_id+canonical_service_date,"[""GTFS-RT trip_id equals static trips.txt trip_id"",""canonical service date""]","[""2020039""]",[],[],exact,not_applicable
bart_live_20260913_201652,2026-09-13,capture_local_date_fallback,False,C:\Users\Igor\StudioProjects\BartRunnerAndroid\app\src\test\resources\bart_live_20260913_201652\trip_updates.pb,2026-09-14T03:16:52+00:00,2020121,2020121,,SCHEDULED,,,5,5,M40-1,M80-1,CIVC,BALB,2026-09-14T03:17:32+00:00,False,False,False,True,Blue,DALY,True,True,False,False,exact,high,trip_id+canonical_service_date,"[""GTFS-RT trip_id equals static trips.txt trip_id"",""canonical service date""]","[""2020121""]",[],[],exact,not_applicable
bart_live_20260913_201652,2026-09-13,capture_local_date_fallback,False,C:\Users\Igor\StudioProjects\BartRunnerAndroid\app\src\test\resources\bart_live_20260913_201652\trip_updates.pb,2026-09-14T03:16:52+00:00,2020122,2020122,,SCHEDULED,,,10,10,A10-2,M80-1,LAKE,BALB,2026-09-14T03:20:24+00:00,False,False,False,True,Blue,DALY,True,True,False,False,exact,high,trip_id+canonical_service_date,"[""GTFS-RT trip_id equals static trips.txt trip_id"",""canonical service date""]","[""2020122""]",[],[],exact,not_applicable
bart_live_20260913_201652,2026-09-13,capture_local_date_fallback,False,C:\Users\Igor\StudioProjects\BartRunnerAndroid\app\src\test\resources\bart_live_20260913_201652\trip_updates.pb,2026-09-14T03:16:52+00:00,2020123,2020123,,SCHEDULED,,,15,15,L10-2,M80-1,CAST,BALB,2026-09-14T03:20:00+00:00,False,False,False,True,Blue,DALY,True,True,False,False,exact,high,trip_id+canonical_service_date,"[""GTFS-RT trip_id equals static trips.txt trip_id"",""canonical service date""]","[""2020123""]",[],[],exact,not_applicable
bart_live_20260913_201652,2026-09-13,capture_local_date_fallback,False,C:\Users\Igor\StudioProjects\BartRunnerAndroid\app\src\test\resources\bart_live_20260913_201652\trip_updates.pb,2026-09-14T03:16:52+00:00,2020124,2020124,,SCHEDULED,,,17,17,L30-2,M80-1,DUBL,BALB,2026-09-14T03:24:02+00:00,False,False,False,True,Blue,DALY,True,True,False,False,exact,high,trip_id+canonical_service_date,"[""GTFS-RT trip_id equals static trips.txt trip_id"",""canonical service date""]","[""2020124""]",[],[],exact,not_applicable
bart_live_20260913_201652,2026-09-13,capture_local_date_fallback,False,C:\Users\Igor\StudioProjects\BartRunnerAndroid\app\src\test\resources\bart_live_20260913_201652\trip_updates.pb,2026-09-14T03:16:52+00:00,2020125,2020125,,SCHEDULED,,,17,17,L30-2,M80-1,DUBL,BALB,2026-09-14T03:44:02+00:00,False,False,False,True,Blue,DALY,True,True,False,False,exact,high,trip_id+canonical_service_date,"[""GTFS-RT trip_id equals static trips.txt trip_id"",""canonical service date""]","[""2020125""]",[],[],exact,not_applicable
bart_live_20260913_201652,2026-09-13,capture_local_date_fallback,False,C:\Users\Igor\StudioProjects\BartRunnerAndroid\app\src\test\resources\bart_live_20260913_201652\trip_updates.pb,2026-09-14T03:16:52+00:00,2020179,2020179,,SCHEDULED,,,1,1,L20-1,L20-1,WDUB,WDUB,2026-09-14T03:22:47+00:00,False,False,False,True,Blue,DUBL,True,True,False,False,exact,high,trip_id+canonical_service_date,"[""GTFS-RT trip_id equals static trips.txt trip_id"",""canonical service date""]","[""2020179""]",[],[],exact,not_applicable
bart_live_20260913_201652,2026-09-13,capture_local_date_fallback,False,C:\Users\Igor\StudioProjects\BartRunnerAndroid\app\src\test\resources\bart_live_20260913_201652\trip_updates.pb,2026-09-14T03:16:52+00:00,2020180,2020180,,SCHEDULED,,,4,4,A40-1,L20-1,SANL,WDUB,2026-09-14T03:19:23+00:00,False,False,False,True,Blue,DUBL,True,True,False,False,exact,high,trip_id+canonical_service_date,"[""GTFS-RT trip_id equals static trips.txt trip_id"",""canonical service date""]","[""2020180""]",[],[],exact,not_applicable
bart_live_20260913_201652,2026-09-13,capture_local_date_fallback,False,C:\Users\Igor\StudioProjects\BartRunnerAndroid\app\src\test\resources\bart_live_20260913_201652\trip_updates.pb,2026-09-14T03:16:52+00:00,2020181,2020181,,SCHEDULED,,,8,8,M10-2,L20-1,WOAK,WDUB,2026-09-14T03:21:59+00:00,False,False,False,True,Blue,DUBL,True,True,False,False,exact,high,trip_id+canonical_service_date,"[""GTFS-RT trip_id equals static trips.txt trip_id"",""canonical service date""]","[""2020181""]",[],[],exact,not_applicable
bart_live_20260913_201652,2026-09-13,capture_local_date_fallback,False,C:\Users\Igor\StudioProjects\BartRunnerAndroid\app\src\test\resources\bart_live_20260913_201652\trip_updates.pb,2026-09-14T03:16:52+00:00,2020182,2020182,,SCHEDULED,,,16,16,M80-2,L20-1,BALB,WDUB,2026-09-14T03:19:51+00:00,False,False,False,True,Blue,DUBL,True,True,False,False,exact,high,trip_id+canonical_service_date,"[""GTFS-RT trip_id equals static trips.txt trip_id"",""canonical service date""]","[""2020182""]",[],[],exact,not_applicable
bart_live_20260913_201652,2026-09-13,capture_local_date_fallback,False,C:\Users\Igor\StudioProjects\BartRunnerAndroid\app\src\test\resources\bart_live_20260913_201652\trip_updates.pb,2026-09-14T03:16:52+00:00,2020183,2020183,,SCHEDULED,,,17,17,M90-2,L20-1,DALY,WDUB,2026-09-14T03:35:14+00:00,False,False,False,True,Blue,DUBL,True,True,False,False,exact,high,trip_id+canonical_service_date,"[""GTFS-RT trip_id equals static trips.txt trip_id"",""canonical service date""]","[""2020183""]",[],[],exact,not_applicable
bart_live_20260913_201652,2026-09-13,capture_local_date_fallback,False,C:\Users\Igor\StudioProjects\BartRunnerAndroid\app\src\test\resources\bart_live_20260913_201652\trip_updates.pb,2026-09-14T03:16:52+00:00,2020184,2020184,,SCHEDULED,,,17,17,M90-2,L20-1,DALY,WDUB,2026-09-14T03:55:14+00:00,False,False,False,True,Blue,DUBL,True,True,False,False,exact,high,trip_id+canonical_service_date,"[""GTFS-RT trip_id equals static trips.txt trip_id"",""canonical service date""]","[""2020184""]",[],[],exact,not_applicable
bart_live_20260913_201652,2026-09-13,capture_local_date_fallback,False,C:\Users\Igor\StudioProjects\BartRunnerAndroid\app\src\test\resources\bart_live_20260913_201652\trip_updates.pb,2026-09-14T03:16:52+00:00,694,694,,SCHEDULED,,,1,1,E20-1,E20-1,PCTR,PCTR,2026-09-14T03:26:29+00:00,True,True,False,False,,,False,False,False,False,operational_telemetry,medium,bart_to_antioch_numeric_namespace_with_same_capture_counterpart_check,"[""numeric_600_799_namespace"",""BART note: BART-to-Antioch trip IDs are not coordinated with schedule trip IDs"",""mandatory electric transfer north of PITT""]",[],"[""2019577"",""2019647"",""2019648"",""2019649"",""2019646"",""2019650"",""2019645""]",[],no_static_counterpart,observed_candidate
bart_live_20260913_201652,2026-09-13,capture_local_date_fallback,False,C:\Users\Igor\StudioProjects\BartRunnerAndroid\app\src\test\resources\bart_live_20260913_201652\trip_updates.pb,2026-09-14T03:16:52+00:00,696,696,,SCHEDULED,,,1,1,E20-1,E20-1,PCTR,PCTR,2026-09-14T03:46:29+00:00,True,True,False,False,,,False,False,False,False,operational_telemetry,medium,bart_to_antioch_numeric_namespace_with_same_capture_counterpart_check,"[""numeric_600_799_namespace"",""BART note: BART-to-Antioch trip IDs are not coordinated with schedule trip IDs"",""mandatory electric transfer north of PITT""]",[],"[""2019651"",""2019578""]",[],no_static_counterpart,observed_candidate
bart_live_20260913_201652,2026-09-13,capture_local_date_fallback,False,C:\Users\Igor\StudioProjects\BartRunnerAndroid\app\src\test\resources\bart_live_20260913_201652\trip_updates.pb,2026-09-14T03:16:52+00:00,698,698,,SCHEDULED,,,1,1,E20-1,E20-1,PCTR,PCTR,2026-09-14T04:06:29+00:00,True,True,False,False,,,False,False,False,False,required_counterpart_not_observed,low,bart_to_antioch_numeric_namespace_with_same_capture_counterpart_check,"[""numeric_600_799_namespace"",""BART note: BART-to-Antioch trip IDs are not coordinated with schedule trip IDs"",""mandatory electric transfer north of PITT""]",[],[],[],no_static_counterpart,required_not_observed
bart_live_20260913_201652,2026-09-13,capture_local_date_fallback,False,C:\Users\Igor\StudioProjects\BartRunnerAndroid\app\src\test\resources\bart_live_20260913_201652\trip_updates.pb,2026-09-14T03:16:52+00:00,699,699,,SCHEDULED,,,2,2,E30-2,E20-2,ANTC,PCTR,2026-09-14T03:28:03+00:00,True,True,False,False,,,False,False,False,False,operational_telemetry,medium,bart_to_antioch_numeric_namespace_with_same_capture_counterpart_check,"[""numeric_600_799_namespace"",""BART note: BART-to-Antioch trip IDs are not coordinated with schedule trip IDs"",""mandatory electric transfer north of PITT""]",[],"[""2019577"",""2019647"",""2019648"",""2019649"",""2019646"",""2019650"",""2019645""]",[],no_static_counterpart,observed_candidate
bart_live_20260913_201652,2026-09-13,capture_local_date_fallback,False,C:\Users\Igor\StudioProjects\BartRunnerAndroid\app\src\test\resources\bart_live_20260913_201652\trip_updates.pb,2026-09-14T03:16:52+00:00,700,700,,SCHEDULED,,,1,1,E20-1,E20-1,PCTR,PCTR,2026-09-14T04:26:29+00:00,True,True,False,False,,,False,False,False,False,required_counterpart_not_observed,low,bart_to_antioch_numeric_namespace_with_same_capture_counterpart_check,"[""numeric_600_799_namespace"",""BART note: BART-to-Antioch trip IDs are not coordinated with schedule trip IDs"",""mandatory electric transfer north of PITT""]",[],[],[],no_static_counterpart,required_not_observed
bart_live_20260913_201652,2026-09-13,capture_local_date_fallback,False,C:\Users\Igor\StudioProjects\BartRunnerAndroid\app\src\test\resources\bart_live_20260913_201652\trip_updates.pb,2026-09-14T03:16:52+00:00,701,701,,SCHEDULED,,,2,2,E30-2,E20-2,ANTC,PCTR,2026-09-14T03:48:03+00:00,True,True,False,False,,,False,False,False,False,operational_telemetry,medium,bart_to_antioch_numeric_namespace_with_same_capture_counterpart_check,"[""numeric_600_799_namespace"",""BART note: BART-to-Antioch trip IDs are not coordinated with schedule trip IDs"",""mandatory electric transfer north of PITT""]",[],"[""2019651"",""2019578""]",[],no_static_counterpart,observed_candidate
bart_live_20260913_201652,2026-09-13,capture_local_date_fallback,False,C:\Users\Igor\StudioProjects\BartRunnerAndroid\app\src\test\resources\bart_live_20260913_201652\trip_updates.pb,2026-09-14T03:16:52+00:00,702,702,,SCHEDULED,,,1,1,E20-1,E20-1,PCTR,PCTR,2026-09-14T04:46:29+00:00,True,True,False,False,,,False,False,False,False,required_counterpart_not_observed,low,bart_to_antioch_numeric_namespace_with_same_capture_counterpart_check,"[""numeric_600_799_namespace"",""BART note: BART-to-Antioch trip IDs are not coordinated with schedule trip IDs"",""mandatory electric transfer north of PITT""]",[],[],[],no_static_counterpart,required_not_observed
bart_live_20260913_201652,2026-09-13,capture_local_date_fallback,False,C:\Users\Igor\StudioProjects\BartRunnerAndroid\app\src\test\resources\bart_live_20260913_201652\trip_updates.pb,2026-09-14T03:16:52+00:00,703,703,,SCHEDULED,,,2,2,E30-2,E20-2,ANTC,PCTR,2026-09-14T04:08:03+00:00,True,True,False,False,,,False,False,False,False,required_counterpart_not_observed,low,bart_to_antioch_numeric_namespace_with_same_capture_counterpart_check,"[""numeric_600_799_namespace"",""BART note: BART-to-Antioch trip IDs are not coordinated with schedule trip IDs"",""mandatory electric transfer north of PITT""]",[],[],[],no_static_counterpart,required_not_observed
bart_live_20260913_201652,2026-09-13,capture_local_date_fallback,False,C:\Users\Igor\StudioProjects\BartRunnerAndroid\app\src\test\resources\bart_live_20260913_201652\trip_updates.pb,2026-09-14T03:16:52+00:00,705,705,,SCHEDULED,,,2,2,E30-2,E20-2,ANTC,PCTR,2026-09-14T04:28:03+00:00,True,True,False,False,,,False,False,False,False,required_counterpart_not_observed,low,bart_to_antioch_numeric_namespace_with_same_capture_counterpart_check,"[""numeric_600_799_namespace"",""BART note: BART-to-Antioch trip IDs are not coordinated with schedule trip IDs"",""mandatory electric transfer north of PITT""]",[],[],[],no_static_counterpart,required_not_observed
bart_live_20260913_201652,2026-09-13,capture_local_date_fallback,False,C:\Users\Igor\StudioProjects\BartRunnerAndroid\app\src\test\resources\bart_live_20260913_201652\trip_updates.pb,2026-09-14T03:16:52+00:00,707,707,,SCHEDULED,,,1,1,E30-2,E30-2,ANTC,ANTC,2026-09-14T04:48:03+00:00,True,True,False,False,,,False,False,False,False,required_counterpart_not_observed,low,bart_to_antioch_numeric_namespace_with_same_capture_counterpart_check,"[""numeric_600_799_namespace"",""BART note: BART-to-Antioch trip IDs are not coordinated with schedule trip IDs"",""mandatory electric transfer north of PITT""]",[],[],[],no_static_counterpart,required_not_observed
bart_live_terminals_20260911_183436,2026-09-11,capture_local_date_fallback,False,C:\Users\Igor\StudioProjects\BartRunnerAndroid\app\src\test\resources\bart_live_terminals_20260911_183436\trip_updates.pb,2026-09-12T01:34:55+00:00,1965118,1965118,,SCHEDULED,,,24,24,C80-2,W30-1,PITT,SBRN,2026-09-12T02:03:47+00:00,False,False,False,True,Yellow,SFIA,True,True,False,False,exact,high,trip_id+canonical_service_date,"[""GTFS-RT trip_id equals static trips.txt trip_id"",""canonical service date""]","[""1965118""]",[],[],exact,not_applicable
bart_live_terminals_20260911_183436,2026-09-11,capture_local_date_fallback,False,C:\Users\Igor\StudioProjects\BartRunnerAndroid\app\src\test\resources\bart_live_terminals_20260911_183436\trip_updates.pb,2026-09-12T01:34:55+00:00,1965119,1965119,,SCHEDULED,,,24,24,C80-2,W30-1,PITT,SBRN,2026-09-12T02:16:40+00:00,False,False,False,True,Yellow,SFIA,True,True,False,False,exact,high,trip_id+canonical_service_date,"[""GTFS-RT trip_id equals static trips.txt trip_id"",""canonical service date""]","[""1965119""]",[],[],exact,not_applicable
bart_live_terminals_20260911_183436,2026-09-11,capture_local_date_fallback,False,C:\Users\Igor\StudioProjects\BartRunnerAndroid\app\src\test\resources\bart_live_terminals_20260911_183436\trip_updates.pb,2026-09-12T01:34:55+00:00,1965158,1965158,,SCHEDULED,,,3,3,W10-1,W30-1,COLM,SBRN,2026-09-12T01:37:28+00:00,False,False,False,True,Yellow,SFIA,True,True,False,False,exact,high,trip_id+canonical_service_date,"[""GTFS-RT trip_id equals static trips.txt trip_id"",""canonical service date""]","[""1965158""]",[],[],exact,not_applicable
bart_live_terminals_20260911_183436,2026-09-11,capture_local_date_fallback,False,C:\Users\Igor\StudioProjects\BartRunnerAndroid\app\src\test\resources\bart_live_terminals_20260911_183436\trip_updates.pb,2026-09-12T01:34:55+00:00,1965159,1965159,,SCHEDULED,,,11,11,M20-1,W30-1,MONT,SBRN,2026-09-12T01:35:05+00:00,False,False,False,True,Yellow,SFIA,True,True,False,False,exact,high,trip_id+canonical_service_date,"[""GTFS-RT trip_id equals static trips.txt trip_id"",""canonical service date""]","[""1965159""]",[],[],exact,not_applicable
bart_live_terminals_20260911_183436,2026-09-11,capture_local_date_fallback,False,C:\Users\Igor\StudioProjects\BartRunnerAndroid\app\src\test\resources\bart_live_terminals_20260911_183436\trip_updates.pb,2026-09-12T01:34:55+00:00,1965160,1965160,,SCHEDULED,,,16,16,K30-4,W30-1,MCAR,SBRN,2026-09-12T01:35:54+00:00,False,False,False,True,Yellow,SFIA,True,True,False,False,exact,high,trip_id+canonical_service_date,"[""GTFS-RT trip_id equals static trips.txt trip_id"",""canonical service date""]","[""1965160""]",[],[],exact,not_applicable
bart_live_terminals_20260911_183436,2026-09-11,capture_local_date_fallback,False,C:\Users\Igor\StudioProjects\BartRunnerAndroid\app\src\test\resources\bart_live_terminals_20260911_183436\trip_updates.pb,2026-09-12T01:34:55+00:00,1965161,1965161,,SCHEDULED,,,20,20,C40-2,W30-1,WCRK,SBRN,2026-09-12T01:36:27+00:00,False,False,False,True,Yellow,SFIA,True,True,False,False,exact,high,trip_id+canonical_service_date,"[""GTFS-RT trip_id equals static trips.txt trip_id"",""canonical service date""]","[""1965161""]",[],[],exact,not_applicable
bart_live_terminals_20260911_183436,2026-09-11,capture_local_date_fallback,False,C:\Users\Igor\StudioProjects\BartRunnerAndroid\app\src\test\resources\bart_live_terminals_20260911_183436\trip_updates.pb,2026-09-12T01:34:55+00:00,1965162,1965162,,SCHEDULED,,,24,24,C80-2,W30-1,PITT,SBRN,2026-09-12T01:38:06+00:00,False,False,False,True,Yellow,SFIA,True,True,False,False,exact,high,trip_id+canonical_service_date,"[""GTFS-RT trip_id equals static trips.txt trip_id"",""canonical service date""]","[""1965162""]",[],[],exact,not_applicable
bart_live_terminals_20260911_183436,2026-09-11,capture_local_date_fallback,False,C:\Users\Igor\StudioProjects\BartRunnerAndroid\app\src\test\resources\bart_live_terminals_20260911_183436\trip_updates.pb,2026-09-12T01:34:55+00:00,1965200,1965200,,SCHEDULED,,,1,1,W30-1,W30-1,SBRN,SBRN,2026-09-12T01:36:24+00:00,False,False,False,True,Yellow,SFIA,True,True,False,False,exact,high,trip_id+canonical_service_date,"[""GTFS-RT trip_id equals static trips.txt trip_id"",""canonical service date""]","[""1965200""]",[],[],exact,not_applicable
bart_live_terminals_20260911_183436,2026-09-11,capture_local_date_fallback,False,C:\Users\Igor\StudioProjects\BartRunnerAndroid\app\src\test\resources\bart_live_terminals_20260911_183436\trip_updates.pb,2026-09-12T01:34:55+00:00,1965201,1965201,,SCHEDULED,,,6,6,M70-1,W30-1,GLEN,SBRN,2026-09-12T01:34:57+00:00,False,False,False,True,Yellow,SFIA,True,True,False,False,exact,high,trip_id+canonical_service_date,"[""GTFS-RT trip_id equals static trips.txt trip_id"",""canonical service date""]","[""1965201""]",[],[],exact,not_applicable
bart_live_terminals_20260911_183436,2026-09-11,capture_local_date_fallback,False,C:\Users\Igor\StudioProjects\BartRunnerAndroid\app\src\test\resources\bart_live_terminals_20260911_183436\trip_updates.pb,2026-09-12T01:34:55+00:00,1965202,1965202,,SCHEDULED,,,12,12,M16-1,W30-1,EMBR,SBRN,2026-09-12T01:41:04+00:00,False,False,False,True,Yellow,SFIA,True,True,False,False,exact,high,trip_id+canonical_service_date,"[""GTFS-RT trip_id equals static trips.txt trip_id"",""canonical service date""]","[""1965202""]",[],[],exact,not_applicable
bart_live_terminals_20260911_183436,2026-09-11,capture_local_date_fallback,False,C:\Users\Igor\StudioProjects\BartRunnerAndroid\app\src\test\resources\bart_live_terminals_20260911_183436\trip_updates.pb,2026-09-12T01:34:55+00:00,1965203,1965203,,SCHEDULED,,,18,18,C20-2,W30-1,ORIN,SBRN,2026-09-12T01:35:16+00:00,False,False,False,True,Yellow,SFIA,True,True,False,False,exact,high,trip_id+canonical_service_date,"[""GTFS-RT trip_id equals static trips.txt trip_id"",""canonical service date""]","[""1965203""]",[],[],exact,not_applicable
bart_live_terminals_20260911_183436,2026-09-11,capture_local_date_fallback,False,C:\Users\Igor\StudioProjects\BartRunnerAndroid\app\src\test\resources\bart_live_terminals_20260911_183436\trip_updates.pb,2026-09-12T01:34:55+00:00,1965204,1965204,,SCHEDULED,,,23,23,C70-2,W30-1,NCON,SBRN,2026-09-12T01:36:03+00:00,False,False,False,True,Yellow,SFIA,True,True,False,False,exact,high,trip_id+canonical_service_date,"[""GTFS-RT trip_id equals static trips.txt trip_id"",""canonical service date""]","[""1965204""]",[],[],exact,not_applicable
bart_live_terminals_20260911_183436,2026-09-11,capture_local_date_fallback,False,C:\Users\Igor\StudioProjects\BartRunnerAndroid\app\src\test\resources\bart_live_terminals_20260911_183436\trip_updates.pb,2026-09-12T01:34:55+00:00,1965205,1965205,,SCHEDULED,,,24,24,C80-2,W30-1,PITT,SBRN,2026-09-12T02:05:46+00:00,False,False,False,True,Yellow,SFIA,True,True,False,False,exact,high,trip_id+canonical_service_date,"[""GTFS-RT trip_id equals static trips.txt trip_id"",""canonical service date""]","[""1965205""]",[],[],exact,not_applicable
bart_live_terminals_20260911_183436,2026-09-11,capture_local_date_fallback,False,C:\Users\Igor\StudioProjects\BartRunnerAndroid\app\src\test\resources\bart_live_terminals_20260911_183436\trip_updates.pb,2026-09-12T01:34:55+00:00,1965277,1965277,,SCHEDULED,,,6,6,C30-1,C80-1,LAFY,PITT,2026-09-12T01:38:03+00:00,False,False,False,True,Yellow,ANTC,True,True,False,False,exact,high,trip_id+canonical_service_date,"[""GTFS-RT trip_id equals static trips.txt trip_id"",""canonical service date""]","[""1965277""]",[],[],exact,not_applicable
bart_live_terminals_20260911_183436,2026-09-11,capture_local_date_fallback,False,C:\Users\Igor\StudioProjects\BartRunnerAndroid\app\src\test\resources\bart_live_terminals_20260911_183436\trip_updates.pb,2026-09-12T01:34:55+00:00,1965278,1965278,,SCHEDULED,,,10,10,K20-3,C80-1,19TH,PITT,2026-09-12T01:33:34+00:00,False,False,False,True,Yellow,ANTC,True,True,True,False,exact,high,trip_id+canonical_service_date,"[""GTFS-RT trip_id equals static trips.txt trip_id"",""canonical service date""]","[""1965278""]",[],[],exact,not_applicable
bart_live_terminals_20260911_183436,2026-09-11,capture_local_date_fallback,False,C:\Users\Igor\StudioProjects\BartRunnerAndroid\app\src\test\resources\bart_live_terminals_20260911_183436\trip_updates.pb,2026-09-12T01:34:55+00:00,1965279,1965279,,SCHEDULED,,,14,14,M20-2,C80-1,MONT,PITT,2026-09-12T01:34:38+00:00,False,False,False,True,Yellow,ANTC,True,True,False,False,exact,high,trip_id+canonical_service_date,"[""GTFS-RT trip_id equals static trips.txt trip_id"",""canonical service date""]","[""1965279""]",[],[],exact,not_applicable
bart_live_terminals_20260911_183436,2026-09-11,capture_local_date_fallback,False,C:\Users\Igor\StudioProjects\BartRunnerAndroid\app\src\test\resources\bart_live_terminals_20260911_183436\trip_updates.pb,2026-09-12T01:34:55+00:00,1965280,1965280,,SCHEDULED,,,21,21,M90-2,C80-1,DALY,PITT,2026-09-12T01:34:12+00:00,False,False,False,True,Yellow,ANTC,True,True,False,False,exact,high,trip_id+canonical_service_date,"[""GTFS-RT trip_id equals static trips.txt trip_id"",""canonical service date""]","[""1965280""]",[],[],exact,not_applicable
bart_live_terminals_20260911_183436,2026-09-11,capture_local_date_fallback,False,C:\Users\Igor\StudioProjects\BartRunnerAndroid\app\src\test\resources\bart_live_terminals_20260911_183436\trip_updates.pb,2026-09-12T01:34:55+00:00,1965281,1965281,,SCHEDULED,,,25,25,Y10-1,C80-1,SFIA,PITT,2026-09-12T01:33:29+00:00,False,False,False,True,Yellow,ANTC,True,True,True,False,exact,high,trip_id+canonical_service_date,"[""GTFS-RT trip_id equals static trips.txt trip_id"",""canonical service date""]","[""1965281""]",[],[],exact,not_applicable
bart_live_terminals_20260911_183436,2026-09-11,capture_local_date_fallback,False,C:\Users\Igor\StudioProjects\BartRunnerAndroid\app\src\test\resources\bart_live_terminals_20260911_183436\trip_updates.pb,2026-09-12T01:34:55+00:00,1965282,1965282,,SCHEDULED,,,25,25,Y10-1,C80-1,SFIA,PITT,2026-09-12T01:49:18+00:00,False,False,False,True,Yellow,ANTC,True,True,False,False,exact,high,trip_id+canonical_service_date,"[""GTFS-RT trip_id equals static trips.txt trip_id"",""canonical service date""]","[""1965282""]",[],[],exact,not_applicable
bart_live_terminals_20260911_183436,2026-09-11,capture_local_date_fallback,False,C:\Users\Igor\StudioProjects\BartRunnerAndroid\app\src\test\resources\bart_live_terminals_20260911_183436\trip_updates.pb,2026-09-12T01:34:55+00:00,1965283,1965283,,SCHEDULED,,,25,25,Y10-1,C80-1,SFIA,PITT,2026-09-12T02:09:18+00:00,False,False,False,True,Yellow,ANTC,True,True,False,False,exact,high,trip_id+canonical_service_date,"[""GTFS-RT trip_id equals static trips.txt trip_id"",""canonical service date""]","[""1965283""]",[],[],exact,not_applicable
bart_live_terminals_20260911_183436,2026-09-11,capture_local_date_fallback,False,C:\Users\Igor\StudioProjects\BartRunnerAndroid\app\src\test\resources\bart_live_terminals_20260911_183436\trip_updates.pb,2026-09-12T01:34:55+00:00,1965299,1965299,,SCHEDULED,,,15,15,M40-2,C70-1,CIVC,NCON,2026-09-12T01:36:28+00:00,False,False,False,True,Yellow,PITT,True,True,False,False,exact,high,trip_id+canonical_service_date,"[""GTFS-RT trip_id equals static trips.txt trip_id"",""canonical service date""]","[""1965299""]",[],[],exact,not_applicable
bart_live_terminals_20260911_183436,2026-09-11,capture_local_date_fallback,False,C:\Users\Igor\StudioProjects\BartRunnerAndroid\app\src\test\resources\bart_live_terminals_20260911_183436\trip_updates.pb,2026-09-12T01:34:55+00:00,1965300,1965300,,SCHEDULED,,,22,22,W20-2,C70-1,SSAN,NCON,2026-09-12T01:36:03+00:00,False,False,False,True,Yellow,PITT,True,True,False,False,exact,high,trip_id+canonical_service_date,"[""GTFS-RT trip_id equals static trips.txt trip_id"",""canonical service date""]","[""1965300""]",[],[],exact,not_applicable
bart_live_terminals_20260911_183436,2026-09-11,capture_local_date_fallback,False,C:\Users\Igor\StudioProjects\BartRunnerAndroid\app\src\test\resources\bart_live_terminals_20260911_183436\trip_updates.pb,2026-09-12T01:34:55+00:00,1965308,1965308,,SCHEDULED,,,6,6,C20-1,C70-1,ORIN,NCON,2026-09-12T01:36:41+00:00,False,False,False,True,Yellow,PITT,True,True,False,False,exact,high,trip_id+canonical_service_date,"[""GTFS-RT trip_id equals static trips.txt trip_id"",""canonical service date""]","[""1965308""]",[],[],exact,not_applicable
bart_live_terminals_20260911_183436,2026-09-11,capture_local_date_fallback,False,C:\Users\Igor\StudioProjects\BartRunnerAndroid\app\src\test\resources\bart_live_terminals_20260911_183436\trip_updates.pb,2026-09-12T01:34:55+00:00,1965309,1965309,,SCHEDULED,,,10,10,K10-3,C70-1,12TH,NCON,2026-09-12T01:38:53+00:00,False,False,False,True,Yellow,PITT,True,True,False,False,exact,high,trip_id+canonical_service_date,"[""GTFS-RT trip_id equals static trips.txt trip_id"",""canonical service date""]","[""1965309""]",[],[],exact,not_applicable
bart_live_terminals_20260911_183436,2026-09-11,capture_local_date_fallback,False,C:\Users\Igor\StudioProjects\BartRunnerAndroid\app\src\test\resources\bart_live_terminals_20260911_183436\trip_updates.pb,2026-09-12T01:34:55+00:00,1965341,1965341,,SCHEDULED,,,24,24,Y10-1,C70-1,SFIA,NCON,2026-09-12T01:40:54+00:00,False,False,False,True,Yellow,PITT,True,True,False,False,exact,high,trip_id+canonical_service_date,"[""GTFS-RT trip_id equals static trips.txt trip_id"",""canonical service date""]","[""1965341""]",[],[],exact,not_applicable
bart_live_terminals_20260911_183436,2026-09-11,capture_local_date_fallback,False,C:\Users\Igor\StudioProjects\BartRunnerAndroid\app\src\test\resources\bart_live_terminals_20260911_183436\trip_updates.pb,2026-09-12T01:34:55+00:00,1965405,1965405,,SCHEDULED,,,7,7,K20-1,R50-1,19TH,DELN,2026-09-12T01:35:05+00:00,False,False,False,True,Orange,RICH,True,True,False,False,exact,high,trip_id+canonical_service_date,"[""GTFS-RT trip_id equals static trips.txt trip_id"",""canonical service date""]","[""1965405""]",[],[],exact,not_applicable
bart_live_terminals_20260911_183436,2026-09-11,capture_local_date_fallback,False,C:\Users\Igor\StudioProjects\BartRunnerAndroid\app\src\test\resources\bart_live_terminals_20260911_183436\trip_updates.pb,2026-09-12T01:34:55+00:00,1965406,1965406,,SCHEDULED,,,14,14,A60-2,R50-1,HAYW,DELN,2026-09-12T01:35:16+00:00,False,False,False,True,Orange,RICH,True,True,False,False,exact,high,trip_id+canonical_service_date,"[""GTFS-RT trip_id equals static trips.txt trip_id"",""canonical service date""]","[""1965406""]",[],[],exact,not_applicable
bart_live_terminals_20260911_183436,2026-09-11,capture_local_date_fallback,False,C:\Users\Igor\StudioProjects\BartRunnerAndroid\app\src\test\resources\bart_live_terminals_20260911_183436\trip_updates.pb,2026-09-12T01:34:55+00:00,1965407,1965407,,SCHEDULED,,,17,17,A90-2,R50-1,FRMT,DELN,2026-09-12T01:37:26+00:00,False,False,False,True,Orange,RICH,True,True,False,False,exact,high,trip_id+canonical_service_date,"[""GTFS-RT trip_id equals static trips.txt trip_id"",""canonical service date""]","[""1965407""]",[],[],exact,not_applicable
bart_live_terminals_20260911_183436,2026-09-11,capture_local_date_fallback,False,C:\Users\Igor\StudioProjects\BartRunnerAndroid\app\src\test\resources\bart_live_terminals_20260911_183436\trip_updates.pb,2026-09-12T01:34:55+00:00,1965408,1965408,,SCHEDULED,,,20,20,S50-2,R50-1,BERY,DELN,2026-09-12T01:38:28+00:00,False,False,False,True,Orange,RICH,True,True,False,False,exact,high,trip_id+canonical_service_date,"[""GTFS-RT trip_id equals static trips.txt trip_id"",""canonical service date""]","[""1965408""]",[],[],exact,not_applicable
bart_live_terminals_20260911_183436,2026-09-11,capture_local_date_fallback,False,C:\Users\Igor\StudioProjects\BartRunnerAndroid\app\src\test\resources\bart_live_terminals_20260911_183436\trip_updates.pb,2026-09-12T01:34:55+00:00,1965409,1965409,,SCHEDULED,,,20,20,S50-2,R50-1,BERY,DELN,2026-09-12T01:58:28+00:00,False,False,False,True,Orange,RICH,True,True,False,False,exact,high,trip_id+canonical_service_date,"[""GTFS-RT trip_id equals static trips.txt trip_id"",""canonical service date""]","[""1965409""]",[],[],exact,not_applicable
bart_live_terminals_20260911_183436,2026-09-11,capture_local_date_fallback,False,C:\Users\Igor\StudioProjects\BartRunnerAndroid\app\src\test\resources\bart_live_terminals_20260911_183436\trip_updates.pb,2026-09-12T01:34:55+00:00,1965462,1965462,,SCHEDULED,,,2,2,S20-1,S40-1,WARM,MLPT,2026-09-12T01:37:21+00:00,False,False,False,True,Orange,BERY,True,True,False,False,exact,high,trip_id+canonical_service_date,"[""GTFS-RT trip_id equals static trips.txt trip_id"",""canonical service date""]","[""1965462""]",[],[],exact,not_applicable
bart_live_terminals_20260911_183436,2026-09-11,capture_local_date_fallback,False,C:\Users\Igor\StudioProjects\BartRunnerAndroid\app\src\test\resources\bart_live_terminals_20260911_183436\trip_updates.pb,2026-09-12T01:34:55+00:00,1965463,1965463,,SCHEDULED,,,6,6,A60-1,S40-1,HAYW,MLPT,2026-09-12T01:36:16+00:00,False,False,False,True,Orange,BERY,True,True,False,False,exact,high,trip_id+canonical_service_date,"[""GTFS-RT trip_id equals static trips.txt trip_id"",""canonical service date""]","[""1965463""]",[],[],exact,not_applicable
bart_live_terminals_20260911_183436,2026-09-11,capture_local_date_fallback,False,C:\Users\Igor\StudioProjects\BartRunnerAndroid\app\src\test\resources\bart_live_terminals_20260911_183436\trip_updates.pb,2026-09-12T01:34:55+00:00,1965464,1965464,,SCHEDULED,,,11,11,A10-1,S40-1,LAKE,MLPT,2026-09-12T01:35:25+00:00,False,False,False,True,Orange,BERY,True,True,False,False,exact,high,trip_id+canonical_service_date,"[""GTFS-RT trip_id equals static trips.txt trip_id"",""canonical service date""]","[""1965464""]",[],[],exact,not_applicable
bart_live_terminals_20260911_183436,2026-09-11,capture_local_date_fallback,False,C:\Users\Igor\StudioProjects\BartRunnerAndroid\app\src\test\resources\bart_live_terminals_20260911_183436\trip_updates.pb,2026-09-12T01:34:55+00:00,1965465,1965465,,SCHEDULED,,,17,17,R30-2,S40-1,NBRK,MLPT,2026-09-12T01:35:40+00:00,False,False,False,True,Orange,BERY,True,True,False,False,exact,high,trip_id+canonical_service_date,"[""GTFS-RT trip_id equals static trips.txt trip_id"",""canonical service date""]","[""1965465""]",[],[],exact,not_applicable
bart_live_terminals_20260911_183436,2026-09-11,capture_local_date_fallback,False,C:\Users\Igor\StudioProjects\BartRunnerAndroid\app\src\test\resources\bart_live_terminals_20260911_183436\trip_updates.pb,2026-09-12T01:34:55+00:00,1965466,1965466,,SCHEDULED,,,20,20,R60-2,S40-1,RICH,MLPT,2026-09-12T01:42:43+00:00,False,False,False,True,Orange,BERY,True,True,False,False,exact,high,trip_id+canonical_service_date,"[""GTFS-RT trip_id equals static trips.txt trip_id"",""canonical service date""]","[""1965466""]",[],[],exact,not_applicable
bart_live_terminals_20260911_183436,2026-09-11,capture_local_date_fallback,False,C:\Users\Igor\StudioProjects\BartRunnerAndroid\app\src\test\resources\bart_live_terminals_20260911_183436\trip_updates.pb,2026-09-12T01:34:55+00:00,1965467,1965467,,SCHEDULED,,,20,20,R60-2,S40-1,RICH,MLPT,2026-09-12T02:02:43+00:00,False,False,False,True,Orange,BERY,True,True,False,False,exact,high,trip_id+canonical_service_date,"[""GTFS-RT trip_id equals static trips.txt trip_id"",""canonical service date""]","[""1965467""]",[],[],exact,not_applicable
bart_live_terminals_20260911_183436,2026-09-11,capture_local_date_fallback,False,C:\Users\Igor\StudioProjects\BartRunnerAndroid\app\src\test\resources\bart_live_terminals_20260911_183436\trip_updates.pb,2026-09-12T01:34:55+00:00,1965523,1965523,,SCHEDULED,,,4,4,M50-1,M80-1,16TH,BALB,2026-09-12T01:35:04+00:00,False,False,False,True,Green,DALY,True,True,False,False,exact,high,trip_id+canonical_service_date,"[""GTFS-RT trip_id equals static trips.txt trip_id"",""canonical service date""]","[""1965523""]",[],[],exact,not_applicable
bart_live_terminals_20260911_183436,2026-09-11,capture_local_date_fallback,False,C:\Users\Igor\StudioProjects\BartRunnerAndroid\app\src\test\resources\bart_live_terminals_20260911_183436\trip_updates.pb,2026-09-12T01:34:55+00:00,1965524,1965524,,SCHEDULED,,,10,10,A10-2,M80-1,LAKE,BALB,2026-09-12T01:37:38+00:00,False,False,False,True,Green,DALY,True,True,False,False,exact,high,trip_id+canonical_service_date,"[""GTFS-RT trip_id equals static trips.txt trip_id"",""canonical service date""]","[""1965524""]",[],[],exact,not_applicable
bart_live_terminals_20260911_183436,2026-09-11,capture_local_date_fallback,False,C:\Users\Igor\StudioProjects\BartRunnerAndroid\app\src\test\resources\bart_live_terminals_20260911_183436\trip_updates.pb,2026-09-12T01:34:55+00:00,1965525,1965525,,SCHEDULED,,,16,16,A70-2,M80-1,SHAY,BALB,2026-09-12T01:34:08+00:00,False,False,False,True,Green,DALY,True,True,False,False,exact,high,trip_id+canonical_service_date,"[""GTFS-RT trip_id equals static trips.txt trip_id"",""canonical service date""]","[""1965525""]",[],[],exact,not_applicable
bart_live_terminals_20260911_183436,2026-09-11,capture_local_date_fallback,False,C:\Users\Igor\StudioProjects\BartRunnerAndroid\app\src\test\resources\bart_live_terminals_20260911_183436\trip_updates.pb,2026-09-12T01:34:55+00:00,1965526,1965526,,SCHEDULED,,,19,19,S20-2,M80-1,WARM,BALB,2026-09-12T01:37:26+00:00,False,False,False,True,Green,DALY,True,True,False,False,exact,high,trip_id+canonical_service_date,"[""GTFS-RT trip_id equals static trips.txt trip_id"",""canonical service date""]","[""1965526""]",[],[],exact,not_applicable
bart_live_terminals_20260911_183436,2026-09-11,capture_local_date_fallback,False,C:\Users\Igor\StudioProjects\BartRunnerAndroid\app\src\test\resources\bart_live_terminals_20260911_183436\trip_updates.pb,2026-09-12T01:34:55+00:00,1965528,1965528,,SCHEDULED,,,1,1,S50-1,S50-1,BERY,BERY,2026-09-12T01:42:11+00:00,False,False,False,True,Green,DALY,True,True,False,False,exact,high,trip_id+canonical_service_date,"[""GTFS-RT trip_id equals static trips.txt trip_id"",""canonical service date""]","[""1965528""]",[],[],exact,not_applicable
bart_live_terminals_20260911_183436,2026-09-11,capture_local_date_fallback,False,C:\Users\Igor\StudioProjects\BartRunnerAndroid\app\src\test\resources\bart_live_terminals_20260911_183436\trip_updates.pb,2026-09-12T01:34:55+00:00,1965567,1965567,,SCHEDULED,,,3,3,A90-1,S40-1,FRMT,MLPT,2026-09-12T01:35:22+00:00,False,False,False,True,Green,BERY,True,True,False,False,exact,high,trip_id+canonical_service_date,"[""GTFS-RT trip_id equals static trips.txt trip_id"",""canonical service date""]","[""1965567""]",[],[],exact,not_applicable
bart_live_terminals_20260911_183436,2026-09-11,capture_local_date_fallback,False,C:\Users\Igor\StudioProjects\BartRunnerAndroid\app\src\test\resources\bart_live_terminals_20260911_183436\trip_updates.pb,2026-09-12T01:34:55+00:00,1965568,1965568,,SCHEDULED,,,5,5,A70-1,S40-1,SHAY,MLPT,2026-09-12T01:35:12+00:00,False,False,False,True,Green,BERY,True,True,False,False,exact,high,trip_id+canonical_service_date,"[""GTFS-RT trip_id equals static trips.txt trip_id"",""canonical service date""]","[""1965568""]",[],[],exact,not_applicable
bart_live_terminals_20260911_183436,2026-09-11,capture_local_date_fallback,False,C:\Users\Igor\StudioProjects\BartRunnerAndroid\app\src\test\resources\bart_live_terminals_20260911_183436\trip_updates.pb,2026-09-12T01:34:55+00:00,1965569,1965569,,SCHEDULED,,,4,4,A80-1,S40-1,UCTY,MLPT,2026-09-12T01:34:38+00:00,False,False,False,True,Green,BERY,True,True,False,False,exact,high,trip_id+canonical_service_date,"[""GTFS-RT trip_id equals static trips.txt trip_id"",""canonical service date""]","[""1965569""]",[],[],exact,not_applicable
bart_live_terminals_20260911_183436,2026-09-11,capture_local_date_fallback,False,C:\Users\Igor\StudioProjects\BartRunnerAndroid\app\src\test\resources\bart_live_terminals_20260911_183436\trip_updates.pb,2026-09-12T01:34:55+00:00,1965570,1965570,,SCHEDULED,,,10,10,A20-1,S40-1,FTVL,MLPT,2026-09-12T01:35:29+00:00,False,False,False,True,Green,BERY,True,True,False,False,exact,high,trip_id+canonical_service_date,"[""GTFS-RT trip_id equals static trips.txt trip_id"",""canonical service date""]","[""1965570""]",[],[],exact,not_applicable
bart_live_terminals_20260911_183436,2026-09-11,capture_local_date_fallback,False,C:\Users\Igor\StudioProjects\BartRunnerAndroid\app\src\test\resources\bart_live_terminals_20260911_183436\trip_updates.pb,2026-09-12T01:34:55+00:00,1965571,1965571,,SCHEDULED,,,19,19,M70-2,S40-1,GLEN,MLPT,2026-09-12T01:35:15+00:00,False,False,False,True,Green,BERY,True,True,False,False,exact,high,trip_id+canonical_service_date,"[""GTFS-RT trip_id equals static trips.txt trip_id"",""canonical service date""]","[""1965571""]",[],[],exact,not_applicable
bart_live_terminals_20260911_183436,2026-09-11,capture_local_date_fallback,False,C:\Users\Igor\StudioProjects\BartRunnerAndroid\app\src\test\resources\bart_live_terminals_20260911_183436\trip_updates.pb,2026-09-12T01:34:55+00:00,1965572,1965572,,SCHEDULED,,,21,21,M90-2,S40-1,DALY,MLPT,2026-09-12T01:41:29+00:00,False,False,False,True,Green,BERY,True,True,False,False,exact,high,trip_id+canonical_service_date,"[""GTFS-RT trip_id equals static trips.txt trip_id"",""canonical service date""]","[""1965572""]",[],[],exact,not_applicable
bart_live_terminals_20260911_183436,2026-09-11,capture_local_date_fallback,False,C:\Users\Igor\StudioProjects\BartRunnerAndroid\app\src\test\resources\bart_live_terminals_20260911_183436\trip_updates.pb,2026-09-12T01:34:55+00:00,1965573,1965573,,SCHEDULED,,,21,21,M90-2,S40-1,DALY,MLPT,2026-09-12T01:59:44+00:00,False,False,False,True,Green,BERY,True,True,False,False,exact,high,trip_id+canonical_service_date,"[""GTFS-RT trip_id equals static trips.txt trip_id"",""canonical service date""]","[""1965573""]",[],[],exact,not_applicable
bart_live_terminals_20260911_183436,2026-09-11,capture_local_date_fallback,False,C:\Users\Igor\StudioProjects\BartRunnerAndroid\app\src\test\resources\bart_live_terminals_20260911_183436\trip_updates.pb,2026-09-12T01:34:55+00:00,1965574,1965574,,SCHEDULED,,,21,21,M90-2,S40-1,DALY,MLPT,2026-09-12T02:19:44+00:00,False,False,False,True,Green,BERY,True,True,False,False,exact,high,trip_id+canonical_service_date,"[""GTFS-RT trip_id equals static trips.txt trip_id"",""canonical service date""]","[""1965574""]",[],[],exact,not_applicable
bart_live_terminals_20260911_183436,2026-09-11,capture_local_date_fallback,False,C:\Users\Igor\StudioProjects\BartRunnerAndroid\app\src\test\resources\bart_live_terminals_20260911_183436\trip_updates.pb,2026-09-12T01:34:55+00:00,1965661,1965661,,SCHEDULED,,,4,4,W10-1,Y10-2,COLM,SFIA,2026-09-12T01:34:48+00:00,False,False,False,True,Red,MLBR,True,True,False,False,exact,high,trip_id+canonical_service_date,"[""GTFS-RT trip_id equals static trips.txt trip_id"",""canonical service date""]","[""1965661""]",[],[],exact,not_applicable
bart_live_terminals_20260911_183436,2026-09-11,capture_local_date_fallback,False,C:\Users\Igor\StudioProjects\BartRunnerAndroid\app\src\test\resources\bart_live_terminals_20260911_183436\trip_updates.pb,2026-09-12T01:34:55+00:00,1965662,1965662,,SCHEDULED,,,10,10,M40-1,Y10-2,CIVC,SFIA,2026-09-12T01:35:47+00:00,False,False,False,True,Red,MLBR,True,True,False,False,exact,high,trip_id+canonical_service_date,"[""GTFS-RT trip_id equals static trips.txt trip_id"",""canonical service date""]","[""1965662""]",[],[],exact,not_applicable
bart_live_terminals_20260911_183436,2026-09-11,capture_local_date_fallback,False,C:\Users\Igor\StudioProjects\BartRunnerAndroid\app\src\test\resources\bart_live_terminals_20260911_183436\trip_updates.pb,2026-09-12T01:34:55+00:00,1965663,1965663,,SCHEDULED,,,15,15,K20-2,W30-1,19TH,SBRN,2026-09-12T01:36:50+00:00,False,False,False,True,Red,MLBR,True,True,False,False,exact,high,trip_id+canonical_service_date,"[""GTFS-RT trip_id equals static trips.txt trip_id"",""canonical service date""]","[""1965663""]",[],[],exact,not_applicable
bart_live_terminals_20260911_183436,2026-09-11,capture_local_date_fallback,False,C:\Users\Igor\StudioProjects\BartRunnerAndroid\app\src\test\resources\bart_live_terminals_20260911_183436\trip_updates.pb,2026-09-12T01:34:55+00:00,1965664,1965664,,SCHEDULED,,,21,21,R50-2,W30-1,DELN,SBRN,2026-09-12T01:37:18+00:00,False,False,False,True,Red,MLBR,True,True,False,False,exact,high,trip_id+canonical_service_date,"[""GTFS-RT trip_id equals static trips.txt trip_id"",""canonical service date""]","[""1965664""]",[],[],exact,not_applicable
bart_live_terminals_20260911_183436,2026-09-11,capture_local_date_fallback,False,C:\Users\Igor\StudioProjects\BartRunnerAndroid\app\src\test\resources\bart_live_terminals_20260911_183436\trip_updates.pb,2026-09-12T01:34:55+00:00,1965665,1965665,,SCHEDULED,,,22,22,R60-2,W30-1,RICH,SBRN,2026-09-12T01:50:15+00:00,False,False,False,True,Red,MLBR,True,True,False,False,exact,high,trip_id+canonical_service_date,"[""GTFS-RT trip_id equals static trips.txt trip_id"",""canonical service date""]","[""1965665""]",[],[],exact,not_applicable
bart_live_terminals_20260911_183436,2026-09-11,capture_local_date_fallback,False,C:\Users\Igor\StudioProjects\BartRunnerAndroid\app\src\test\resources\bart_live_terminals_20260911_183436\trip_updates.pb,2026-09-12T01:34:55+00:00,1965666,1965666,,SCHEDULED,,,22,22,R60-2,W30-1,RICH,SBRN,2026-09-12T02:10:15+00:00,False,False,False,True,Red,MLBR,True,True,False,False,exact,high,trip_id+canonical_service_date,"[""GTFS-RT trip_id equals static trips.txt trip_id"",""canonical service date""]","[""1965666""]",[],[],exact,not_applicable
bart_live_terminals_20260911_183436,2026-09-11,capture_local_date_fallback,False,C:\Users\Igor\StudioProjects\BartRunnerAndroid\app\src\test\resources\bart_live_terminals_20260911_183436\trip_updates.pb,2026-09-12T01:34:55+00:00,1965702,1965702,,SCHEDULED,,,2,2,R40-1,R50-1,PLZA,DELN,2026-09-12T01:35:23+00:00,False,False,False,True,Red,RICH,True,True,False,False,exact,high,trip_id+canonical_service_date,"[""GTFS-RT trip_id equals static trips.txt trip_id"",""canonical service date""]","[""1965702""]",[],[],exact,not_applicable
bart_live_terminals_20260911_183436,2026-09-11,capture_local_date_fallback,False,C:\Users\Igor\StudioProjects\BartRunnerAndroid\app\src\test\resources\bart_live_terminals_20260911_183436\trip_updates.pb,2026-09-12T01:34:55+00:00,1965703,1965703,,SCHEDULED,,,9,9,M10-2,R50-1,WOAK,DELN,2026-09-12T01:36:27+00:00,False,False,False,True,Red,RICH,True,True,False,False,exact,high,trip_id+canonical_service_date,"[""GTFS-RT trip_id equals static trips.txt trip_id"",""canonical service date""]","[""1965703""]",[],[],exact,not_applicable
bart_live_terminals_20260911_183436,2026-09-11,capture_local_date_fallback,False,C:\Users\Igor\StudioProjects\BartRunnerAndroid\app\src\test\resources\bart_live_terminals_20260911_183436\trip_updates.pb,2026-09-12T01:34:55+00:00,1965704,1965704,,SCHEDULED,,,15,15,M60-2,R50-1,24TH,DELN,2026-09-12T01:35:15+00:00,False,False,False,True,Red,RICH,True,True,False,False,exact,high,trip_id+canonical_service_date,"[""GTFS-RT trip_id equals static trips.txt trip_id"",""canonical service date""]","[""1965704""]",[],[],exact,not_applicable
bart_live_terminals_20260911_183436,2026-09-11,capture_local_date_fallback,False,C:\Users\Igor\StudioProjects\BartRunnerAndroid\app\src\test\resources\bart_live_terminals_20260911_183436\trip_updates.pb,2026-09-12T01:34:55+00:00,1965705,1965705,,SCHEDULED,,,20,20,W20-2,R50-1,SSAN,DELN,2026-09-12T01:34:26+00:00,False,False,False,True,Red,RICH,True,True,False,False,exact,high,trip_id+canonical_service_date,"[""GTFS-RT trip_id equals static trips.txt trip_id"",""canonical service date""]","[""1965705""]",[],[],exact,not_applicable
bart_live_terminals_20260911_183436,2026-09-11,capture_local_date_fallback,False,C:\Users\Igor\StudioProjects\BartRunnerAndroid\app\src\test\resources\bart_live_terminals_20260911_183436\trip_updates.pb,2026-09-12T01:34:55+00:00,1965706,1965706,,SCHEDULED,,,23,23,W40-3,R50-1,MLBR,DELN,2026-09-12T01:37:38+00:00,False,False,False,True,Red,RICH,True,True,False,False,exact,high,trip_id+canonical_service_date,"[""GTFS-RT trip_id equals static trips.txt trip_id"",""canonical service date""]","[""1965706""]",[],[],exact,not_applicable
bart_live_terminals_20260911_183436,2026-09-11,capture_local_date_fallback,False,C:\Users\Igor\StudioProjects\BartRunnerAndroid\app\src\test\resources\bart_live_terminals_20260911_183436\trip_updates.pb,2026-09-12T01:34:55+00:00,1965707,1965707,,SCHEDULED,,,23,23,W40-3,R50-1,MLBR,DELN,2026-09-12T01:51:36+00:00,False,False,False,True,Red,RICH,True,True,False,False,exact,high,trip_id+canonical_service_date,"[""GTFS-RT trip_id equals static trips.txt trip_id"",""canonical service date""]","[""1965707""]",[],[],exact,not_applicable
bart_live_terminals_20260911_183436,2026-09-11,capture_local_date_fallback,False,C:\Users\Igor\StudioProjects\BartRunnerAndroid\app\src\test\resources\bart_live_terminals_20260911_183436\trip_updates.pb,2026-09-12T01:34:55+00:00,1965708,1965708,,SCHEDULED,,,1,1,W40-3,W40-3,MLBR,MLBR,2026-09-12T02:11:36+00:00,False,False,False,True,Red,RICH,True,True,False,False,exact,high,trip_id+canonical_service_date,"[""GTFS-RT trip_id equals static trips.txt trip_id"",""canonical service date""]","[""1965708""]",[],[],exact,not_applicable
bart_live_terminals_20260911_183436,2026-09-11,capture_local_date_fallback,False,C:\Users\Igor\StudioProjects\BartRunnerAndroid\app\src\test\resources\bart_live_terminals_20260911_183436\trip_updates.pb,2026-09-12T01:34:55+00:00,1965798,1965798,,SCHEDULED,,,8,8,M16-1,M80-1,EMBR,BALB,2026-09-12T01:38:13+00:00,False,False,False,True,Blue,DALY,True,True,False,False,exact,high,trip_id+canonical_service_date,"[""GTFS-RT trip_id equals static trips.txt trip_id"",""canonical service date""]","[""1965798""]",[],[],exact,not_applicable
bart_live_terminals_20260911_183436,2026-09-11,capture_local_date_fallback,False,C:\Users\Igor\StudioProjects\BartRunnerAndroid\app\src\test\resources\bart_live_terminals_20260911_183436\trip_updates.pb,2026-09-12T01:34:55+00:00,1965799,1965799,,SCHEDULED,,,13,13,A40-2,M80-1,SANL,BALB,2026-09-12T01:37:42+00:00,False,False,False,True,Blue,DALY,True,True,False,False,exact,high,trip_id+canonical_service_date,"[""GTFS-RT trip_id equals static trips.txt trip_id"",""canonical service date""]","[""1965799""]",[],[],exact,not_applicable
bart_live_terminals_20260911_183436,2026-09-11,capture_local_date_fallback,False,C:\Users\Igor\StudioProjects\BartRunnerAndroid\app\src\test\resources\bart_live_terminals_20260911_183436\trip_updates.pb,2026-09-12T01:34:55+00:00,1965800,1965800,,SCHEDULED,,,16,16,L20-2,M80-1,WDUB,BALB,2026-09-12T01:36:39+00:00,False,False,False,True,Blue,DALY,True,True,False,False,exact,high,trip_id+canonical_service_date,"[""GTFS-RT trip_id equals static trips.txt trip_id"",""canonical service date""]","[""1965800""]",[],[],exact,not_applicable
bart_live_terminals_20260911_183436,2026-09-11,capture_local_date_fallback,False,C:\Users\Igor\StudioProjects\BartRunnerAndroid\app\src\test\resources\bart_live_terminals_20260911_183436\trip_updates.pb,2026-09-12T01:34:55+00:00,1965801,1965801,,SCHEDULED,,,17,17,L30-2,M80-1,DUBL,BALB,2026-09-12T01:49:32+00:00,False,False,False,True,Blue,DALY,True,True,False,False,exact,high,trip_id+canonical_service_date,"[""GTFS-RT trip_id equals static trips.txt trip_id"",""canonical service date""]","[""1965801""]",[],[],exact,not_applicable
bart_live_terminals_20260911_183436,2026-09-11,capture_local_date_fallback,False,C:\Users\Igor\StudioProjects\BartRunnerAndroid\app\src\test\resources\bart_live_terminals_20260911_183436\trip_updates.pb,2026-09-12T01:34:55+00:00,1965802,1965802,,SCHEDULED,,,17,17,L30-2,M80-1,DUBL,BALB,2026-09-12T02:13:33+00:00,False,False,False,True,Blue,DALY,True,True,False,False,exact,high,trip_id+canonical_service_date,"[""GTFS-RT trip_id equals static trips.txt trip_id"",""canonical service date""]","[""1965802""]",[],[],exact,not_applicable
bart_live_terminals_20260911_183436,2026-09-11,capture_local_date_fallback,False,C:\Users\Igor\StudioProjects\BartRunnerAndroid\app\src\test\resources\bart_live_terminals_20260911_183436\trip_updates.pb,2026-09-12T01:34:55+00:00,1965852,1965852,,SCHEDULED,,,1,1,L20-1,L20-1,WDUB,WDUB,2026-09-12T01:38:30+00:00,False,False,False,True,Blue,DUBL,True,True,False,False,exact,high,trip_id+canonical_service_date,"[""GTFS-RT trip_id equals static trips.txt trip_id"",""canonical service date""]","[""1965852""]",[],[],exact,not_applicable
bart_live_terminals_20260911_183436,2026-09-11,capture_local_date_fallback,False,C:\Users\Igor\StudioProjects\BartRunnerAndroid\app\src\test\resources\bart_live_terminals_20260911_183436\trip_updates.pb,2026-09-12T01:34:55+00:00,1965854,1965854,,SCHEDULED,,,7,7,A10-1,L20-1,LAKE,WDUB,2026-09-12T01:37:41+00:00,False,False,False,True,Blue,DUBL,True,True,False,False,exact,high,trip_id+canonical_service_date,"[""GTFS-RT trip_id equals static trips.txt trip_id"",""canonical service date""]","[""1965854""]",[],[],exact,not_applicable
bart_live_terminals_20260911_183436,2026-09-11,capture_local_date_fallback,False,C:\Users\Igor\StudioProjects\BartRunnerAndroid\app\src\test\resources\bart_live_terminals_20260911_183436\trip_updates.pb,2026-09-12T01:34:55+00:00,1965855,1965855,,SCHEDULED,,,8,8,M10-2,L20-1,WOAK,WDUB,2026-09-12T01:38:56+00:00,False,False,False,True,Blue,DUBL,True,True,False,False,exact,high,trip_id+canonical_service_date,"[""GTFS-RT trip_id equals static trips.txt trip_id"",""canonical service date""]","[""1965855""]",[],[],exact,not_applicable
bart_live_terminals_20260911_183436,2026-09-11,capture_local_date_fallback,False,C:\Users\Igor\StudioProjects\BartRunnerAndroid\app\src\test\resources\bart_live_terminals_20260911_183436\trip_updates.pb,2026-09-12T01:34:55+00:00,1965856,1965856,,SCHEDULED,,,16,16,M80-2,L20-1,BALB,WDUB,2026-09-12T01:35:56+00:00,False,False,False,True,Blue,DUBL,True,True,False,False,exact,high,trip_id+canonical_service_date,"[""GTFS-RT trip_id equals static trips.txt trip_id"",""canonical service date""]","[""1965856""]",[],[],exact,not_applicable
bart_live_terminals_20260911_183436,2026-09-11,capture_local_date_fallback,False,C:\Users\Igor\StudioProjects\BartRunnerAndroid\app\src\test\resources\bart_live_terminals_20260911_183436\trip_updates.pb,2026-09-12T01:34:55+00:00,1965857,1965857,,SCHEDULED,,,17,17,M90-2,L20-1,DALY,WDUB,2026-09-12T01:47:44+00:00,False,False,False,True,Blue,DUBL,True,True,False,False,exact,high,trip_id+canonical_service_date,"[""GTFS-RT trip_id equals static trips.txt trip_id"",""canonical service date""]","[""1965857""]",[],[],exact,not_applicable
bart_live_terminals_20260911_183436,2026-09-11,capture_local_date_fallback,False,C:\Users\Igor\StudioProjects\BartRunnerAndroid\app\src\test\resources\bart_live_terminals_20260911_183436\trip_updates.pb,2026-09-12T01:34:55+00:00,1965858,1965858,,SCHEDULED,,,17,17,M90-2,L20-1,DALY,WDUB,2026-09-12T02:07:44+00:00,False,False,False,True,Blue,DUBL,True,True,False,False,exact,high,trip_id+canonical_service_date,"[""GTFS-RT trip_id equals static trips.txt trip_id"",""canonical service date""]","[""1965858""]",[],[],exact,not_applicable
bart_live_terminals_20260911_183436,2026-09-11,capture_local_date_fallback,False,C:\Users\Igor\StudioProjects\BartRunnerAndroid\app\src\test\resources\bart_live_terminals_20260911_183436\trip_updates.pb,2026-09-12T01:34:55+00:00,505172230,505172230,,ADDED,,,1,1,L20-1,L20-1,WDUB,WDUB,2026-09-12T01:43:17+00:00,False,False,False,False,,,False,False,False,False,realtime_only,low,no_static_trip_id_match,"[""GTFS-RT update retained"",""no static GTFS trip_id match""]",[],[],[],no_static_counterpart,not_applicable
bart_live_terminals_20260911_183436,2026-09-11,capture_local_date_fallback,False,C:\Users\Igor\StudioProjects\BartRunnerAndroid\app\src\test\resources\bart_live_terminals_20260911_183436\trip_updates.pb,2026-09-12T01:34:55+00:00,690,690,,SCHEDULED,,,1,1,E20-1,E20-1,PCTR,PCTR,2026-09-12T01:46:29+00:00,True,True,False,False,,,False,False,False,False,operational_telemetry,medium,bart_to_antioch_numeric_namespace_with_same_capture_counterpart_check,"[""numeric_600_799_namespace"",""BART note: BART-to-Antioch trip IDs are not coordinated with schedule trip IDs"",""mandatory electric transfer north of PITT""]",[],"[""1965277"",""1965278"",""1965279"",""1965280"",""1965281"",""1965282"",""1965162""]",[],no_static_counterpart,observed_candidate
bart_live_terminals_20260911_183436,2026-09-11,capture_local_date_fallback,False,C:\Users\Igor\StudioProjects\BartRunnerAndroid\app\src\test\resources\bart_live_terminals_20260911_183436\trip_updates.pb,2026-09-12T01:34:55+00:00,692,692,,SCHEDULED,,,1,1,E20-1,E20-1,PCTR,PCTR,2026-09-12T02:06:29+00:00,True,True,False,False,,,False,False,False,False,operational_telemetry,medium,bart_to_antioch_numeric_namespace_with_same_capture_counterpart_check,"[""numeric_600_799_namespace"",""BART note: BART-to-Antioch trip IDs are not coordinated with schedule trip IDs"",""mandatory electric transfer north of PITT""]",[],"[""1965118"",""1965205"",""1965119"",""1965283""]",[],no_static_counterpart,observed_candidate
bart_live_terminals_20260911_183436,2026-09-11,capture_local_date_fallback,False,C:\Users\Igor\StudioProjects\BartRunnerAndroid\app\src\test\resources\bart_live_terminals_20260911_183436\trip_updates.pb,2026-09-12T01:34:55+00:00,694,694,,SCHEDULED,,,1,1,E20-1,E20-1,PCTR,PCTR,2026-09-12T02:26:29+00:00,True,True,False,False,,,False,False,False,False,operational_telemetry,medium,bart_to_antioch_numeric_namespace_with_same_capture_counterpart_check,"[""numeric_600_799_namespace"",""BART note: BART-to-Antioch trip IDs are not coordinated with schedule trip IDs"",""mandatory electric transfer north of PITT""]",[],"[""1965119""]",[],no_static_counterpart,observed_candidate
bart_live_terminals_20260911_183436,2026-09-11,capture_local_date_fallback,False,C:\Users\Igor\StudioProjects\BartRunnerAndroid\app\src\test\resources\bart_live_terminals_20260911_183436\trip_updates.pb,2026-09-12T01:34:55+00:00,695,695,,SCHEDULED,,,1,1,E20-2,E20-2,PCTR,PCTR,2026-09-12T01:35:32+00:00,True,True,False,False,,,False,False,False,False,operational_telemetry,medium,bart_to_antioch_numeric_namespace_with_same_capture_counterpart_check,"[""numeric_600_799_namespace"",""BART note: BART-to-Antioch trip IDs are not coordinated with schedule trip IDs"",""mandatory electric transfer north of PITT""]",[],"[""1965277"",""1965278"",""1965279"",""1965280"",""1965281"",""1965282"",""1965162""]",[],no_static_counterpart,observed_candidate
bart_live_terminals_20260911_183436,2026-09-11,capture_local_date_fallback,False,C:\Users\Igor\StudioProjects\BartRunnerAndroid\app\src\test\resources\bart_live_terminals_20260911_183436\trip_updates.pb,2026-09-12T01:34:55+00:00,696,696,,SCHEDULED,,,1,1,E20-1,E20-1,PCTR,PCTR,2026-09-12T02:46:29+00:00,True,True,False,False,,,False,False,False,False,required_counterpart_not_observed,low,bart_to_antioch_numeric_namespace_with_same_capture_counterpart_check,"[""numeric_600_799_namespace"",""BART note: BART-to-Antioch trip IDs are not coordinated with schedule trip IDs"",""mandatory electric transfer north of PITT""]",[],[],[],no_static_counterpart,required_not_observed
bart_live_terminals_20260911_183436,2026-09-11,capture_local_date_fallback,False,C:\Users\Igor\StudioProjects\BartRunnerAndroid\app\src\test\resources\bart_live_terminals_20260911_183436\trip_updates.pb,2026-09-12T01:34:55+00:00,697,697,,SCHEDULED,,,2,2,E30-2,E20-2,ANTC,PCTR,2026-09-12T01:48:03+00:00,True,True,False,False,,,False,False,False,False,operational_telemetry,medium,bart_to_antioch_numeric_namespace_with_same_capture_counterpart_check,"[""numeric_600_799_namespace"",""BART note: BART-to-Antioch trip IDs are not coordinated with schedule trip IDs"",""mandatory electric transfer north of PITT""]",[],"[""1965277"",""1965278"",""1965279"",""1965280"",""1965281"",""1965282"",""1965162""]",[],no_static_counterpart,observed_candidate
bart_live_terminals_20260911_183436,2026-09-11,capture_local_date_fallback,False,C:\Users\Igor\StudioProjects\BartRunnerAndroid\app\src\test\resources\bart_live_terminals_20260911_183436\trip_updates.pb,2026-09-12T01:34:55+00:00,699,699,,SCHEDULED,,,2,2,E30-2,E20-2,ANTC,PCTR,2026-09-12T02:08:03+00:00,True,True,False,False,,,False,False,False,False,operational_telemetry,medium,bart_to_antioch_numeric_namespace_with_same_capture_counterpart_check,"[""numeric_600_799_namespace"",""BART note: BART-to-Antioch trip IDs are not coordinated with schedule trip IDs"",""mandatory electric transfer north of PITT""]",[],"[""1965118"",""1965205"",""1965119"",""1965283""]",[],no_static_counterpart,observed_candidate
bart_live_terminals_20260911_183436,2026-09-11,capture_local_date_fallback,False,C:\Users\Igor\StudioProjects\BartRunnerAndroid\app\src\test\resources\bart_live_terminals_20260911_183436\trip_updates.pb,2026-09-12T01:34:55+00:00,701,701,,SCHEDULED,,,2,2,E30-2,E20-2,ANTC,PCTR,2026-09-12T02:28:03+00:00,True,True,False,False,,,False,False,False,False,operational_telemetry,medium,bart_to_antioch_numeric_namespace_with_same_capture_counterpart_check,"[""numeric_600_799_namespace"",""BART note: BART-to-Antioch trip IDs are not coordinated with schedule trip IDs"",""mandatory electric transfer north of PITT""]",[],"[""1965119""]",[],no_static_counterpart,observed_candidate
bart_live_terminals_20260911_183436,2026-09-11,capture_local_date_fallback,False,C:\Users\Igor\StudioProjects\BartRunnerAndroid\app\src\test\resources\bart_live_terminals_20260911_183436\trip_updates.pb,2026-09-12T01:34:55+00:00,703,703,,SCHEDULED,,,2,2,E30-2,E20-2,ANTC,PCTR,2026-09-12T02:48:03+00:00,True,True,False,False,,,False,False,False,False,required_counterpart_not_observed,low,bart_to_antioch_numeric_namespace_with_same_capture_counterpart_check,"[""numeric_600_799_namespace"",""BART note: BART-to-Antioch trip IDs are not coordinated with schedule trip IDs"",""mandatory electric transfer north of PITT""]",[],[],[],no_static_counterpart,required_not_observed
bart_live_terminals_20260911_183436,2026-09-11,capture_local_date_fallback,False,C:\Users\Igor\StudioProjects\BartRunnerAndroid\app\src\test\resources\bart_live_terminals_20260911_183436\trip_updates.pb,2026-09-12T01:34:55+00:00,705,705,,SCHEDULED,,,1,1,E30-2,E30-2,ANTC,ANTC,2026-09-12T03:08:03+00:00,True,True,False,False,,,False,False,False,False,required_counterpart_not_observed,low,bart_to_antioch_numeric_namespace_with_same_capture_counterpart_check,"[""numeric_600_799_namespace"",""BART note: BART-to-Antioch trip IDs are not coordinated with schedule trip IDs"",""mandatory electric transfer north of PITT""]",[],[],[],no_static_counterpart,required_not_observed
