capture_id,entity_id,trip_id,service_date,association_status,association_confidence,association_method,association_evidence,candidate_trip_ids,candidate_entity_ids,rejected_candidate_ids,static_identity_status,counterpart_status
bart_live_20260911_161720,1965520,1965520,2026-09-11,exact,high,trip_id+canonical_service_date,"[""GTFS-RT trip_id equals static trips.txt trip_id"",""canonical service date""]","[""1965520""]",[],[],exact,not_applicable
bart_live_20260911_161720,1965561,1965561,2026-09-11,exact,high,trip_id+canonical_service_date,"[""GTFS-RT trip_id equals static trips.txt trip_id"",""canonical service date""]","[""1965561""]",[],[],exact,not_applicable
bart_live_20260911_161720,1965521,1965521,2026-09-11,exact,high,trip_id+canonical_service_date,"[""GTFS-RT trip_id equals static trips.txt trip_id"",""canonical service date""]","[""1965521""]",[],[],exact,not_applicable
bart_live_20260911_161720,1965562,1965562,2026-09-11,exact,high,trip_id+canonical_service_date,"[""GTFS-RT trip_id equals static trips.txt trip_id"",""canonical service date""]","[""1965562""]",[],[],exact,not_applicable
bart_live_20260911_161720,1965563,1965563,2026-09-11,exact,high,trip_id+canonical_service_date,"[""GTFS-RT trip_id equals static trips.txt trip_id"",""canonical service date""]","[""1965563""]",[],[],exact,not_applicable
bart_live_20260911_161720,1965564,1965564,2026-09-11,exact,high,trip_id+canonical_service_date,"[""GTFS-RT trip_id equals static trips.txt trip_id"",""canonical service date""]","[""1965564""]",[],[],exact,not_applicable
bart_live_20260911_161720,1965565,1965565,2026-09-11,exact,high,trip_id+canonical_service_date,"[""GTFS-RT trip_id equals static trips.txt trip_id"",""canonical service date""]","[""1965565""]",[],[],exact,not_applicable
bart_live_20260911_161720,1965516,1965516,2026-09-11,exact,high,trip_id+canonical_service_date,"[""GTFS-RT trip_id equals static trips.txt trip_id"",""canonical service date""]","[""1965516""]",[],[],exact,not_applicable
bart_live_20260911_161720,1965566,1965566,2026-09-11,exact,high,trip_id+canonical_service_date,"[""GTFS-RT trip_id equals static trips.txt trip_id"",""canonical service date""]","[""1965566""]",[],[],exact,not_applicable
bart_live_20260911_161720,1965517,1965517,2026-09-11,exact,high,trip_id+canonical_service_date,"[""GTFS-RT trip_id equals static trips.txt trip_id"",""canonical service date""]","[""1965517""]",[],[],exact,not_applicable
bart_live_20260911_161720,1965567,1965567,2026-09-11,exact,high,trip_id+canonical_service_date,"[""GTFS-RT trip_id equals static trips.txt trip_id"",""canonical service date""]","[""1965567""]",[],[],exact,not_applicable
bart_live_20260911_161720,1965518,1965518,2026-09-11,exact,high,trip_id+canonical_service_date,"[""GTFS-RT trip_id equals static trips.txt trip_id"",""canonical service date""]","[""1965518""]",[],[],exact,not_applicable
bart_live_20260911_161720,1965519,1965519,2026-09-11,exact,high,trip_id+canonical_service_date,"[""GTFS-RT trip_id equals static trips.txt trip_id"",""canonical service date""]","[""1965519""]",[],[],exact,not_applicable
bart_live_20260911_161720,1965401,1965401,2026-09-11,exact,high,trip_id+canonical_service_date,"[""GTFS-RT trip_id equals static trips.txt trip_id"",""canonical service date""]","[""1965401""]",[],[],exact,not_applicable
bart_live_20260911_161720,1965455,1965455,2026-09-11,exact,high,trip_id+canonical_service_date,"[""GTFS-RT trip_id equals static trips.txt trip_id"",""canonical service date""]","[""1965455""]",[],[],exact,not_applicable
bart_live_20260911_161720,1965402,1965402,2026-09-11,exact,high,trip_id+canonical_service_date,"[""GTFS-RT trip_id equals static trips.txt trip_id"",""canonical service date""]","[""1965402""]",[],[],exact,not_applicable
bart_live_20260911_161720,1965456,1965456,2026-09-11,exact,high,trip_id+canonical_service_date,"[""GTFS-RT trip_id equals static trips.txt trip_id"",""canonical service date""]","[""1965456""]",[],[],exact,not_applicable
bart_live_20260911_161720,1965403,1965403,2026-09-11,exact,high,trip_id+canonical_service_date,"[""GTFS-RT trip_id equals static trips.txt trip_id"",""canonical service date""]","[""1965403""]",[],[],exact,not_applicable
bart_live_20260911_161720,1965458,1965458,2026-09-11,exact,high,trip_id+canonical_service_date,"[""GTFS-RT trip_id equals static trips.txt trip_id"",""canonical service date""]","[""1965458""]",[],[],exact,not_applicable
bart_live_20260911_161720,1965459,1965459,2026-09-11,exact,high,trip_id+canonical_service_date,"[""GTFS-RT trip_id equals static trips.txt trip_id"",""canonical service date""]","[""1965459""]",[],[],exact,not_applicable
bart_live_20260911_161720,1965460,1965460,2026-09-11,exact,high,trip_id+canonical_service_date,"[""GTFS-RT trip_id equals static trips.txt trip_id"",""canonical service date""]","[""1965460""]",[],[],exact,not_applicable
bart_live_20260911_161720,1965457,1965457,2026-09-11,exact,high,trip_id+canonical_service_date,"[""GTFS-RT trip_id equals static trips.txt trip_id"",""canonical service date""]","[""1965457""]",[],[],exact,not_applicable
bart_live_20260911_161720,1965398,1965398,2026-09-11,exact,high,trip_id+canonical_service_date,"[""GTFS-RT trip_id equals static trips.txt trip_id"",""canonical service date""]","[""1965398""]",[],[],exact,not_applicable
bart_live_20260911_161720,1965399,1965399,2026-09-11,exact,high,trip_id+canonical_service_date,"[""GTFS-RT trip_id equals static trips.txt trip_id"",""canonical service date""]","[""1965399""]",[],[],exact,not_applicable
bart_live_20260911_161720,1965400,1965400,2026-09-11,exact,high,trip_id+canonical_service_date,"[""GTFS-RT trip_id equals static trips.txt trip_id"",""canonical service date""]","[""1965400""]",[],[],exact,not_applicable
bart_live_20260911_161720,1965153,1965153,2026-09-11,exact,high,trip_id+canonical_service_date,"[""GTFS-RT trip_id equals static trips.txt trip_id"",""canonical service date""]","[""1965153""]",[],[],exact,not_applicable
bart_live_20260911_161720,1965196,1965196,2026-09-11,exact,high,trip_id+canonical_service_date,"[""GTFS-RT trip_id equals static trips.txt trip_id"",""canonical service date""]","[""1965196""]",[],[],exact,not_applicable
bart_live_20260911_161720,1965154,1965154,2026-09-11,exact,high,trip_id+canonical_service_date,"[""GTFS-RT trip_id equals static trips.txt trip_id"",""canonical service date""]","[""1965154""]",[],[],exact,not_applicable
bart_live_20260911_161720,1965197,1965197,2026-09-11,exact,high,trip_id+canonical_service_date,"[""GTFS-RT trip_id equals static trips.txt trip_id"",""canonical service date""]","[""1965197""]",[],[],exact,not_applicable
bart_live_20260911_161720,1965155,1965155,2026-09-11,exact,high,trip_id+canonical_service_date,"[""GTFS-RT trip_id equals static trips.txt trip_id"",""canonical service date""]","[""1965155""]",[],[],exact,not_applicable
bart_live_20260911_161720,1965198,1965198,2026-09-11,exact,high,trip_id+canonical_service_date,"[""GTFS-RT trip_id equals static trips.txt trip_id"",""canonical service date""]","[""1965198""]",[],[],exact,not_applicable
bart_live_20260911_161720,1965301,1965301,2026-09-11,exact,high,trip_id+canonical_service_date,"[""GTFS-RT trip_id equals static trips.txt trip_id"",""canonical service date""]","[""1965301""]",[],[],exact,not_applicable
bart_live_20260911_161720,1965156,1965156,2026-09-11,exact,high,trip_id+canonical_service_date,"[""GTFS-RT trip_id equals static trips.txt trip_id"",""canonical service date""]","[""1965156""]",[],[],exact,not_applicable
bart_live_20260911_161720,1965271,1965271,2026-09-11,exact,high,trip_id+canonical_service_date,"[""GTFS-RT trip_id equals static trips.txt trip_id"",""canonical service date""]","[""1965271""]",[],[],exact,not_applicable
bart_live_20260911_161720,1965199,1965199,2026-09-11,exact,high,trip_id+canonical_service_date,"[""GTFS-RT trip_id equals static trips.txt trip_id"",""canonical service date""]","[""1965199""]",[],[],exact,not_applicable
bart_live_20260911_161720,1965302,1965302,2026-09-11,exact,high,trip_id+canonical_service_date,"[""GTFS-RT trip_id equals static trips.txt trip_id"",""canonical service date""]","[""1965302""]",[],[],exact,not_applicable
bart_live_20260911_161720,1965157,1965157,2026-09-11,exact,high,trip_id+canonical_service_date,"[""GTFS-RT trip_id equals static trips.txt trip_id"",""canonical service date""]","[""1965157""]",[],[],exact,not_applicable
bart_live_20260911_161720,1965272,1965272,2026-09-11,exact,high,trip_id+canonical_service_date,"[""GTFS-RT trip_id equals static trips.txt trip_id"",""canonical service date""]","[""1965272""]",[],[],exact,not_applicable
bart_live_20260911_161720,1965303,1965303,2026-09-11,exact,high,trip_id+canonical_service_date,"[""GTFS-RT trip_id equals static trips.txt trip_id"",""canonical service date""]","[""1965303""]",[],[],exact,not_applicable
bart_live_20260911_161720,1965273,1965273,2026-09-11,exact,high,trip_id+canonical_service_date,"[""GTFS-RT trip_id equals static trips.txt trip_id"",""canonical service date""]","[""1965273""]",[],[],exact,not_applicable
bart_live_20260911_161720,1965304,1965304,2026-09-11,exact,high,trip_id+canonical_service_date,"[""GTFS-RT trip_id equals static trips.txt trip_id"",""canonical service date""]","[""1965304""]",[],[],exact,not_applicable
bart_live_20260911_161720,1965274,1965274,2026-09-11,exact,high,trip_id+canonical_service_date,"[""GTFS-RT trip_id equals static trips.txt trip_id"",""canonical service date""]","[""1965274""]",[],[],exact,not_applicable
bart_live_20260911_161720,1965305,1965305,2026-09-11,exact,high,trip_id+canonical_service_date,"[""GTFS-RT trip_id equals static trips.txt trip_id"",""canonical service date""]","[""1965305""]",[],[],exact,not_applicable
bart_live_20260911_161720,1965151,1965151,2026-09-11,exact,high,trip_id+canonical_service_date,"[""GTFS-RT trip_id equals static trips.txt trip_id"",""canonical service date""]","[""1965151""]",[],[],exact,not_applicable
bart_live_20260911_161720,1965275,1965275,2026-09-11,exact,high,trip_id+canonical_service_date,"[""GTFS-RT trip_id equals static trips.txt trip_id"",""canonical service date""]","[""1965275""]",[],[],exact,not_applicable
bart_live_20260911_161720,1965194,1965194,2026-09-11,exact,high,trip_id+canonical_service_date,"[""GTFS-RT trip_id equals static trips.txt trip_id"",""canonical service date""]","[""1965194""]",[],[],exact,not_applicable
bart_live_20260911_161720,1965306,1965306,2026-09-11,exact,high,trip_id+canonical_service_date,"[""GTFS-RT trip_id equals static trips.txt trip_id"",""canonical service date""]","[""1965306""]",[],[],exact,not_applicable
bart_live_20260911_161720,1965152,1965152,2026-09-11,exact,high,trip_id+canonical_service_date,"[""GTFS-RT trip_id equals static trips.txt trip_id"",""canonical service date""]","[""1965152""]",[],[],exact,not_applicable
bart_live_20260911_161720,1965276,1965276,2026-09-11,exact,high,trip_id+canonical_service_date,"[""GTFS-RT trip_id equals static trips.txt trip_id"",""canonical service date""]","[""1965276""]",[],[],exact,not_applicable
bart_live_20260911_161720,1965195,1965195,2026-09-11,exact,high,trip_id+canonical_service_date,"[""GTFS-RT trip_id equals static trips.txt trip_id"",""canonical service date""]","[""1965195""]",[],[],exact,not_applicable
bart_live_20260911_161720,1965696,1965696,2026-09-11,exact,high,trip_id+canonical_service_date,"[""GTFS-RT trip_id equals static trips.txt trip_id"",""canonical service date""]","[""1965696""]",[],[],exact,not_applicable
bart_live_20260911_161720,1965659,1965659,2026-09-11,exact,high,trip_id+canonical_service_date,"[""GTFS-RT trip_id equals static trips.txt trip_id"",""canonical service date""]","[""1965659""]",[],[],exact,not_applicable
bart_live_20260911_161720,1965697,1965697,2026-09-11,exact,high,trip_id+canonical_service_date,"[""GTFS-RT trip_id equals static trips.txt trip_id"",""canonical service date""]","[""1965697""]",[],[],exact,not_applicable
bart_live_20260911_161720,1965698,1965698,2026-09-11,exact,high,trip_id+canonical_service_date,"[""GTFS-RT trip_id equals static trips.txt trip_id"",""canonical service date""]","[""1965698""]",[],[],exact,not_applicable
bart_live_20260911_161720,1965699,1965699,2026-09-11,exact,high,trip_id+canonical_service_date,"[""GTFS-RT trip_id equals static trips.txt trip_id"",""canonical service date""]","[""1965699""]",[],[],exact,not_applicable
bart_live_20260911_161720,1965654,1965654,2026-09-11,exact,high,trip_id+canonical_service_date,"[""GTFS-RT trip_id equals static trips.txt trip_id"",""canonical service date""]","[""1965654""]",[],[],exact,not_applicable
bart_live_20260911_161720,1965700,1965700,2026-09-11,exact,high,trip_id+canonical_service_date,"[""GTFS-RT trip_id equals static trips.txt trip_id"",""canonical service date""]","[""1965700""]",[],[],exact,not_applicable
bart_live_20260911_161720,1965655,1965655,2026-09-11,exact,high,trip_id+canonical_service_date,"[""GTFS-RT trip_id equals static trips.txt trip_id"",""canonical service date""]","[""1965655""]",[],[],exact,not_applicable
bart_live_20260911_161720,1965701,1965701,2026-09-11,exact,high,trip_id+canonical_service_date,"[""GTFS-RT trip_id equals static trips.txt trip_id"",""canonical service date""]","[""1965701""]",[],[],exact,not_applicable
bart_live_20260911_161720,1965656,1965656,2026-09-11,exact,high,trip_id+canonical_service_date,"[""GTFS-RT trip_id equals static trips.txt trip_id"",""canonical service date""]","[""1965656""]",[],[],exact,not_applicable
bart_live_20260911_161720,1965657,1965657,2026-09-11,exact,high,trip_id+canonical_service_date,"[""GTFS-RT trip_id equals static trips.txt trip_id"",""canonical service date""]","[""1965657""]",[],[],exact,not_applicable
bart_live_20260911_161720,1965658,1965658,2026-09-11,exact,high,trip_id+canonical_service_date,"[""GTFS-RT trip_id equals static trips.txt trip_id"",""canonical service date""]","[""1965658""]",[],[],exact,not_applicable
bart_live_20260911_161720,1965791,1965791,2026-09-11,exact,high,trip_id+canonical_service_date,"[""GTFS-RT trip_id equals static trips.txt trip_id"",""canonical service date""]","[""1965791""]",[],[],exact,not_applicable
bart_live_20260911_161720,1965851,1965851,2026-09-11,exact,high,trip_id+canonical_service_date,"[""GTFS-RT trip_id equals static trips.txt trip_id"",""canonical service date""]","[""1965851""]",[],[],exact,not_applicable
bart_live_20260911_161720,1965792,1965792,2026-09-11,exact,high,trip_id+canonical_service_date,"[""GTFS-RT trip_id equals static trips.txt trip_id"",""canonical service date""]","[""1965792""]",[],[],exact,not_applicable
bart_live_20260911_161720,1965793,1965793,2026-09-11,exact,high,trip_id+canonical_service_date,"[""GTFS-RT trip_id equals static trips.txt trip_id"",""canonical service date""]","[""1965793""]",[],[],exact,not_applicable
bart_live_20260911_161720,1965794,1965794,2026-09-11,exact,high,trip_id+canonical_service_date,"[""GTFS-RT trip_id equals static trips.txt trip_id"",""canonical service date""]","[""1965794""]",[],[],exact,not_applicable
bart_live_20260911_161720,1965847,1965847,2026-09-11,exact,high,trip_id+canonical_service_date,"[""GTFS-RT trip_id equals static trips.txt trip_id"",""canonical service date""]","[""1965847""]",[],[],exact,not_applicable
bart_live_20260911_161720,1965795,1965795,2026-09-11,exact,high,trip_id+canonical_service_date,"[""GTFS-RT trip_id equals static trips.txt trip_id"",""canonical service date""]","[""1965795""]",[],[],exact,not_applicable
bart_live_20260911_161720,1965848,1965848,2026-09-11,exact,high,trip_id+canonical_service_date,"[""GTFS-RT trip_id equals static trips.txt trip_id"",""canonical service date""]","[""1965848""]",[],[],exact,not_applicable
bart_live_20260911_161720,1965849,1965849,2026-09-11,exact,high,trip_id+canonical_service_date,"[""GTFS-RT trip_id equals static trips.txt trip_id"",""canonical service date""]","[""1965849""]",[],[],exact,not_applicable
bart_live_20260911_161720,1965850,1965850,2026-09-11,exact,high,trip_id+canonical_service_date,"[""GTFS-RT trip_id equals static trips.txt trip_id"",""canonical service date""]","[""1965850""]",[],[],exact,not_applicable
bart_live_20260911_161720,676,676,2026-09-11,operational_telemetry,medium,bart_to_antioch_numeric_namespace_with_same_capture_counterpart_check,"[""numeric_600_799_namespace"",""BART note: BART-to-Antioch trip IDs are not coordinated with schedule trip IDs"",""mandatory electric transfer north of PITT""]",[],"[""1965155"",""1965198"",""1965156"",""1965271"",""1965272"",""1965273"",""1965274"",""1965275""]",[],no_static_counterpart,observed_candidate
bart_live_20260911_161720,678,678,2026-09-11,operational_telemetry,medium,bart_to_antioch_numeric_namespace_with_same_capture_counterpart_check,"[""numeric_600_799_namespace"",""BART note: BART-to-Antioch trip IDs are not coordinated with schedule trip IDs"",""mandatory electric transfer north of PITT""]",[],"[""1965156"",""1965199"",""1965157"",""1965276""]",[],no_static_counterpart,observed_candidate
bart_live_20260911_161720,680,680,2026-09-11,operational_telemetry,medium,bart_to_antioch_numeric_namespace_with_same_capture_counterpart_check,"[""numeric_600_799_namespace"",""BART note: BART-to-Antioch trip IDs are not coordinated with schedule trip IDs"",""mandatory electric transfer north of PITT""]",[],"[""1965157""]",[],no_static_counterpart,observed_candidate
bart_live_20260911_161720,682,682,2026-09-11,required_counterpart_not_observed,low,bart_to_antioch_numeric_namespace_with_same_capture_counterpart_check,"[""numeric_600_799_namespace"",""BART note: BART-to-Antioch trip IDs are not coordinated with schedule trip IDs"",""mandatory electric transfer north of PITT""]",[],[],[],no_static_counterpart,required_not_observed
bart_live_20260911_161720,683,683,2026-09-11,operational_telemetry,medium,bart_to_antioch_numeric_namespace_with_same_capture_counterpart_check,"[""numeric_600_799_namespace"",""BART note: BART-to-Antioch trip IDs are not coordinated with schedule trip IDs"",""mandatory electric transfer north of PITT""]",[],"[""1965155"",""1965198"",""1965156"",""1965271"",""1965272"",""1965273"",""1965274"",""1965275""]",[],no_static_counterpart,observed_candidate
bart_live_20260911_161720,684,684,2026-09-11,required_counterpart_not_observed,low,bart_to_antioch_numeric_namespace_with_same_capture_counterpart_check,"[""numeric_600_799_namespace"",""BART note: BART-to-Antioch trip IDs are not coordinated with schedule trip IDs"",""mandatory electric transfer north of PITT""]",[],[],[],no_static_counterpart,required_not_observed
bart_live_20260911_161720,685,685,2026-09-11,operational_telemetry,medium,bart_to_antioch_numeric_namespace_with_same_capture_counterpart_check,"[""numeric_600_799_namespace"",""BART note: BART-to-Antioch trip IDs are not coordinated with schedule trip IDs"",""mandatory electric transfer north of PITT""]",[],"[""1965156"",""1965199"",""1965157"",""1965276""]",[],no_static_counterpart,observed_candidate
bart_live_20260911_161720,687,687,2026-09-11,operational_telemetry,medium,bart_to_antioch_numeric_namespace_with_same_capture_counterpart_check,"[""numeric_600_799_namespace"",""BART note: BART-to-Antioch trip IDs are not coordinated with schedule trip IDs"",""mandatory electric transfer north of PITT""]",[],"[""1965157""]",[],no_static_counterpart,observed_candidate
bart_live_20260911_161720,689,689,2026-09-11,required_counterpart_not_observed,low,bart_to_antioch_numeric_namespace_with_same_capture_counterpart_check,"[""numeric_600_799_namespace"",""BART note: BART-to-Antioch trip IDs are not coordinated with schedule trip IDs"",""mandatory electric transfer north of PITT""]",[],[],[],no_static_counterpart,required_not_observed
bart_live_20260911_161720,691,691,2026-09-11,required_counterpart_not_observed,low,bart_to_antioch_numeric_namespace_with_same_capture_counterpart_check,"[""numeric_600_799_namespace"",""BART note: BART-to-Antioch trip IDs are not coordinated with schedule trip IDs"",""mandatory electric transfer north of PITT""]",[],[],[],no_static_counterpart,required_not_observed
bart_live_20260911_185819,1965570,1965570,2026-09-11,exact,high,trip_id+canonical_service_date,"[""GTFS-RT trip_id equals static trips.txt trip_id"",""canonical service date""]","[""1965570""]",[],[],exact,not_applicable
bart_live_20260911_185819,1965571,1965571,2026-09-11,exact,high,trip_id+canonical_service_date,"[""GTFS-RT trip_id equals static trips.txt trip_id"",""canonical service date""]","[""1965571""]",[],[],exact,not_applicable
bart_live_20260911_185819,1965572,1965572,2026-09-11,exact,high,trip_id+canonical_service_date,"[""GTFS-RT trip_id equals static trips.txt trip_id"",""canonical service date""]","[""1965572""]",[],[],exact,not_applicable
bart_live_20260911_185819,1965573,1965573,2026-09-11,exact,high,trip_id+canonical_service_date,"[""GTFS-RT trip_id equals static trips.txt trip_id"",""canonical service date""]","[""1965573""]",[],[],exact,not_applicable
bart_live_20260911_185819,1965524,1965524,2026-09-11,exact,high,trip_id+canonical_service_date,"[""GTFS-RT trip_id equals static trips.txt trip_id"",""canonical service date""]","[""1965524""]",[],[],exact,not_applicable
bart_live_20260911_185819,1965574,1965574,2026-09-11,exact,high,trip_id+canonical_service_date,"[""GTFS-RT trip_id equals static trips.txt trip_id"",""canonical service date""]","[""1965574""]",[],[],exact,not_applicable
bart_live_20260911_185819,1965525,1965525,2026-09-11,exact,high,trip_id+canonical_service_date,"[""GTFS-RT trip_id equals static trips.txt trip_id"",""canonical service date""]","[""1965525""]",[],[],exact,not_applicable
bart_live_20260911_185819,1965526,1965526,2026-09-11,exact,high,trip_id+canonical_service_date,"[""GTFS-RT trip_id equals static trips.txt trip_id"",""canonical service date""]","[""1965526""]",[],[],exact,not_applicable
bart_live_20260911_185819,1965528,1965528,2026-09-11,exact,high,trip_id+canonical_service_date,"[""GTFS-RT trip_id equals static trips.txt trip_id"",""canonical service date""]","[""1965528""]",[],[],exact,not_applicable
bart_live_20260911_185819,1965568,1965568,2026-09-11,exact,high,trip_id+canonical_service_date,"[""GTFS-RT trip_id equals static trips.txt trip_id"",""canonical service date""]","[""1965568""]",[],[],exact,not_applicable
bart_live_20260911_185819,1965464,1965464,2026-09-11,exact,high,trip_id+canonical_service_date,"[""GTFS-RT trip_id equals static trips.txt trip_id"",""canonical service date""]","[""1965464""]",[],[],exact,not_applicable
bart_live_20260911_185819,1965411,1965411,2026-09-11,exact,high,trip_id+canonical_service_date,"[""GTFS-RT trip_id equals static trips.txt trip_id"",""canonical service date""]","[""1965411""]",[],[],exact,not_applicable
bart_live_20260911_185819,1965465,1965465,2026-09-11,exact,high,trip_id+canonical_service_date,"[""GTFS-RT trip_id equals static trips.txt trip_id"",""canonical service date""]","[""1965465""]",[],[],exact,not_applicable
bart_live_20260911_185819,1965466,1965466,2026-09-11,exact,high,trip_id+canonical_service_date,"[""GTFS-RT trip_id equals static trips.txt trip_id"",""canonical service date""]","[""1965466""]",[],[],exact,not_applicable
bart_live_20260911_185819,1965467,1965467,2026-09-11,exact,high,trip_id+canonical_service_date,"[""GTFS-RT trip_id equals static trips.txt trip_id"",""canonical service date""]","[""1965467""]",[],[],exact,not_applicable
bart_live_20260911_185819,1965468,1965468,2026-09-11,exact,high,trip_id+canonical_service_date,"[""GTFS-RT trip_id equals static trips.txt trip_id"",""canonical service date""]","[""1965468""]",[],[],exact,not_applicable
bart_live_20260911_185819,1965406,1965406,2026-09-11,exact,high,trip_id+canonical_service_date,"[""GTFS-RT trip_id equals static trips.txt trip_id"",""canonical service date""]","[""1965406""]",[],[],exact,not_applicable
bart_live_20260911_185819,1965407,1965407,2026-09-11,exact,high,trip_id+canonical_service_date,"[""GTFS-RT trip_id equals static trips.txt trip_id"",""canonical service date""]","[""1965407""]",[],[],exact,not_applicable
bart_live_20260911_185819,1965408,1965408,2026-09-11,exact,high,trip_id+canonical_service_date,"[""GTFS-RT trip_id equals static trips.txt trip_id"",""canonical service date""]","[""1965408""]",[],[],exact,not_applicable
bart_live_20260911_185819,1965409,1965409,2026-09-11,exact,high,trip_id+canonical_service_date,"[""GTFS-RT trip_id equals static trips.txt trip_id"",""canonical service date""]","[""1965409""]",[],[],exact,not_applicable
bart_live_20260911_185819,1965463,1965463,2026-09-11,exact,high,trip_id+canonical_service_date,"[""GTFS-RT trip_id equals static trips.txt trip_id"",""canonical service date""]","[""1965463""]",[],[],exact,not_applicable
bart_live_20260911_185819,1965410,1965410,2026-09-11,exact,high,trip_id+canonical_service_date,"[""GTFS-RT trip_id equals static trips.txt trip_id"",""canonical service date""]","[""1965410""]",[],[],exact,not_applicable
bart_live_20260911_185819,1965118,1965118,2026-09-11,exact,high,trip_id+canonical_service_date,"[""GTFS-RT trip_id equals static trips.txt trip_id"",""canonical service date""]","[""1965118""]",[],[],exact,not_applicable
bart_live_20260911_185819,1965205,1965205,2026-09-11,exact,high,trip_id+canonical_service_date,"[""GTFS-RT trip_id equals static trips.txt trip_id"",""canonical service date""]","[""1965205""]",[],[],exact,not_applicable
bart_live_20260911_185819,1965308,1965308,2026-09-11,exact,high,trip_id+canonical_service_date,"[""GTFS-RT trip_id equals static trips.txt trip_id"",""canonical service date""]","[""1965308""]",[],[],exact,not_applicable
bart_live_20260911_185819,1965119,1965119,2026-09-11,exact,high,trip_id+canonical_service_date,"[""GTFS-RT trip_id equals static trips.txt trip_id"",""canonical service date""]","[""1965119""]",[],[],exact,not_applicable
bart_live_20260911_185819,1965308,1965308,2026-09-11,exact,high,trip_id+canonical_service_date,"[""GTFS-RT trip_id equals static trips.txt trip_id"",""canonical service date""]","[""1965308""]",[],[],exact,not_applicable
bart_live_20260911_185819,1965119,1965119,2026-09-11,exact,high,trip_id+canonical_service_date,"[""GTFS-RT trip_id equals static trips.txt trip_id"",""canonical service date""]","[""1965119""]",[],[],exact,not_applicable
bart_live_20260911_185819,1965309,1965309,2026-09-11,exact,high,trip_id+canonical_service_date,"[""GTFS-RT trip_id equals static trips.txt trip_id"",""canonical service date""]","[""1965309""]",[],[],exact,not_applicable
bart_live_20260911_185819,1965279,1965279,2026-09-11,exact,high,trip_id+canonical_service_date,"[""GTFS-RT trip_id equals static trips.txt trip_id"",""canonical service date""]","[""1965279""]",[],[],exact,not_applicable
bart_live_20260911_185819,1965206,1965206,2026-09-11,exact,high,trip_id+canonical_service_date,"[""GTFS-RT trip_id equals static trips.txt trip_id"",""canonical service date""]","[""1965206""]",[],[],exact,not_applicable
bart_live_20260911_185819,1965299,1965299,2026-09-11,exact,high,trip_id+canonical_service_date,"[""GTFS-RT trip_id equals static trips.txt trip_id"",""canonical service date""]","[""1965299""]",[],[],exact,not_applicable
bart_live_20260911_185819,1965280,1965280,2026-09-11,exact,high,trip_id+canonical_service_date,"[""GTFS-RT trip_id equals static trips.txt trip_id"",""canonical service date""]","[""1965280""]",[],[],exact,not_applicable
bart_live_20260911_185819,1965300,1965300,2026-09-11,exact,high,trip_id+canonical_service_date,"[""GTFS-RT trip_id equals static trips.txt trip_id"",""canonical service date""]","[""1965300""]",[],[],exact,not_applicable
bart_live_20260911_185819,1965281,1965281,2026-09-11,exact,high,trip_id+canonical_service_date,"[""GTFS-RT trip_id equals static trips.txt trip_id"",""canonical service date""]","[""1965281""]",[],[],exact,not_applicable
bart_live_20260911_185819,1965341,1965341,2026-09-11,exact,high,trip_id+canonical_service_date,"[""GTFS-RT trip_id equals static trips.txt trip_id"",""canonical service date""]","[""1965341""]",[],[],exact,not_applicable
bart_live_20260911_185819,1965282,1965282,2026-09-11,exact,high,trip_id+canonical_service_date,"[""GTFS-RT trip_id equals static trips.txt trip_id"",""canonical service date""]","[""1965282""]",[],[],exact,not_applicable
bart_live_20260911_185819,1965159,1965159,2026-09-11,exact,high,trip_id+canonical_service_date,"[""GTFS-RT trip_id equals static trips.txt trip_id"",""canonical service date""]","[""1965159""]",[],[],exact,not_applicable
bart_live_20260911_185819,1965283,1965283,2026-09-11,exact,high,trip_id+canonical_service_date,"[""GTFS-RT trip_id equals static trips.txt trip_id"",""canonical service date""]","[""1965283""]",[],[],exact,not_applicable
bart_live_20260911_185819,1965202,1965202,2026-09-11,exact,high,trip_id+canonical_service_date,"[""GTFS-RT trip_id equals static trips.txt trip_id"",""canonical service date""]","[""1965202""]",[],[],exact,not_applicable
bart_live_20260911_185819,1965160,1965160,2026-09-11,exact,high,trip_id+canonical_service_date,"[""GTFS-RT trip_id equals static trips.txt trip_id"",""canonical service date""]","[""1965160""]",[],[],exact,not_applicable
bart_live_20260911_185819,1965284,1965284,2026-09-11,exact,high,trip_id+canonical_service_date,"[""GTFS-RT trip_id equals static trips.txt trip_id"",""canonical service date""]","[""1965284""]",[],[],exact,not_applicable
bart_live_20260911_185819,1965203,1965203,2026-09-11,exact,high,trip_id+canonical_service_date,"[""GTFS-RT trip_id equals static trips.txt trip_id"",""canonical service date""]","[""1965203""]",[],[],exact,not_applicable
bart_live_20260911_185819,1965161,1965161,2026-09-11,exact,high,trip_id+canonical_service_date,"[""GTFS-RT trip_id equals static trips.txt trip_id"",""canonical service date""]","[""1965161""]",[],[],exact,not_applicable
bart_live_20260911_185819,1965204,1965204,2026-09-11,exact,high,trip_id+canonical_service_date,"[""GTFS-RT trip_id equals static trips.txt trip_id"",""canonical service date""]","[""1965204""]",[],[],exact,not_applicable
bart_live_20260911_185819,1965162,1965162,2026-09-11,exact,high,trip_id+canonical_service_date,"[""GTFS-RT trip_id equals static trips.txt trip_id"",""canonical service date""]","[""1965162""]",[],[],exact,not_applicable
bart_live_20260911_185819,1965705,1965705,2026-09-11,exact,high,trip_id+canonical_service_date,"[""GTFS-RT trip_id equals static trips.txt trip_id"",""canonical service date""]","[""1965705""]",[],[],exact,not_applicable
bart_live_20260911_185819,1965706,1965706,2026-09-11,exact,high,trip_id+canonical_service_date,"[""GTFS-RT trip_id equals static trips.txt trip_id"",""canonical service date""]","[""1965706""]",[],[],exact,not_applicable
bart_live_20260911_185819,1965707,1965707,2026-09-11,exact,high,trip_id+canonical_service_date,"[""GTFS-RT trip_id equals static trips.txt trip_id"",""canonical service date""]","[""1965707""]",[],[],exact,not_applicable
bart_live_20260911_185819,1965662,1965662,2026-09-11,exact,high,trip_id+canonical_service_date,"[""GTFS-RT trip_id equals static trips.txt trip_id"",""canonical service date""]","[""1965662""]",[],[],exact,not_applicable
bart_live_20260911_185819,1965708,1965708,2026-09-11,exact,high,trip_id+canonical_service_date,"[""GTFS-RT trip_id equals static trips.txt trip_id"",""canonical service date""]","[""1965708""]",[],[],exact,not_applicable
bart_live_20260911_185819,1965663,1965663,2026-09-11,exact,high,trip_id+canonical_service_date,"[""GTFS-RT trip_id equals static trips.txt trip_id"",""canonical service date""]","[""1965663""]",[],[],exact,not_applicable
bart_live_20260911_185819,1965709,1965709,2026-09-11,exact,high,trip_id+canonical_service_date,"[""GTFS-RT trip_id equals static trips.txt trip_id"",""canonical service date""]","[""1965709""]",[],[],exact,not_applicable
bart_live_20260911_185819,1965664,1965664,2026-09-11,exact,high,trip_id+canonical_service_date,"[""GTFS-RT trip_id equals static trips.txt trip_id"",""canonical service date""]","[""1965664""]",[],[],exact,not_applicable
bart_live_20260911_185819,1965665,1965665,2026-09-11,exact,high,trip_id+canonical_service_date,"[""GTFS-RT trip_id equals static trips.txt trip_id"",""canonical service date""]","[""1965665""]",[],[],exact,not_applicable
bart_live_20260911_185819,1965703,1965703,2026-09-11,exact,high,trip_id+canonical_service_date,"[""GTFS-RT trip_id equals static trips.txt trip_id"",""canonical service date""]","[""1965703""]",[],[],exact,not_applicable
bart_live_20260911_185819,1965666,1965666,2026-09-11,exact,high,trip_id+canonical_service_date,"[""GTFS-RT trip_id equals static trips.txt trip_id"",""canonical service date""]","[""1965666""]",[],[],exact,not_applicable
bart_live_20260911_185819,1965704,1965704,2026-09-11,exact,high,trip_id+canonical_service_date,"[""GTFS-RT trip_id equals static trips.txt trip_id"",""canonical service date""]","[""1965704""]",[],[],exact,not_applicable
bart_live_20260911_185819,1965667,1965667,2026-09-11,exact,high,trip_id+canonical_service_date,"[""GTFS-RT trip_id equals static trips.txt trip_id"",""canonical service date""]","[""1965667""]",[],[],exact,not_applicable
bart_live_20260911_185819,1965799,1965799,2026-09-11,exact,high,trip_id+canonical_service_date,"[""GTFS-RT trip_id equals static trips.txt trip_id"",""canonical service date""]","[""1965799""]",[],[],exact,not_applicable
bart_live_20260911_185819,1965859,1965859,2026-09-11,exact,high,trip_id+canonical_service_date,"[""GTFS-RT trip_id equals static trips.txt trip_id"",""canonical service date""]","[""1965859""]",[],[],exact,not_applicable
bart_live_20260911_185819,1965800,1965800,2026-09-11,exact,high,trip_id+canonical_service_date,"[""GTFS-RT trip_id equals static trips.txt trip_id"",""canonical service date""]","[""1965800""]",[],[],exact,not_applicable
bart_live_20260911_185819,1965801,1965801,2026-09-11,exact,high,trip_id+canonical_service_date,"[""GTFS-RT trip_id equals static trips.txt trip_id"",""canonical service date""]","[""1965801""]",[],[],exact,not_applicable
bart_live_20260911_185819,1965854,1965854,2026-09-11,exact,high,trip_id+canonical_service_date,"[""GTFS-RT trip_id equals static trips.txt trip_id"",""canonical service date""]","[""1965854""]",[],[],exact,not_applicable
bart_live_20260911_185819,1965802,1965802,2026-09-11,exact,high,trip_id+canonical_service_date,"[""GTFS-RT trip_id equals static trips.txt trip_id"",""canonical service date""]","[""1965802""]",[],[],exact,not_applicable
bart_live_20260911_185819,1965855,1965855,2026-09-11,exact,high,trip_id+canonical_service_date,"[""GTFS-RT trip_id equals static trips.txt trip_id"",""canonical service date""]","[""1965855""]",[],[],exact,not_applicable
bart_live_20260911_185819,1965803,1965803,2026-09-11,exact,high,trip_id+canonical_service_date,"[""GTFS-RT trip_id equals static trips.txt trip_id"",""canonical service date""]","[""1965803""]",[],[],exact,not_applicable
bart_live_20260911_185819,1965856,1965856,2026-09-11,exact,high,trip_id+canonical_service_date,"[""GTFS-RT trip_id equals static trips.txt trip_id"",""canonical service date""]","[""1965856""]",[],[],exact,not_applicable
bart_live_20260911_185819,1965857,1965857,2026-09-11,exact,high,trip_id+canonical_service_date,"[""GTFS-RT trip_id equals static trips.txt trip_id"",""canonical service date""]","[""1965857""]",[],[],exact,not_applicable
bart_live_20260911_185819,1965858,1965858,2026-09-11,exact,high,trip_id+canonical_service_date,"[""GTFS-RT trip_id equals static trips.txt trip_id"",""canonical service date""]","[""1965858""]",[],[],exact,not_applicable
bart_live_20260911_185819,692,692,2026-09-11,operational_telemetry,medium,bart_to_antioch_numeric_namespace_with_same_capture_counterpart_check,"[""numeric_600_799_namespace"",""BART note: BART-to-Antioch trip IDs are not coordinated with schedule trip IDs"",""mandatory electric transfer north of PITT""]",[],"[""1965205"",""1965119"",""1965308"",""1965279"",""1965280"",""1965281"",""1965282"",""1965283"",""1965277"",""1965278""]",[],no_static_counterpart,observed_candidate
bart_live_20260911_185819,694,694,2026-09-11,operational_telemetry,medium,bart_to_antioch_numeric_namespace_with_same_capture_counterpart_check,"[""numeric_600_799_namespace"",""BART note: BART-to-Antioch trip IDs are not coordinated with schedule trip IDs"",""mandatory electric transfer north of PITT""]",[],"[""1965206"",""1965284""]",[],no_static_counterpart,observed_candidate
bart_live_20260911_185819,696,696,2026-09-11,required_counterpart_not_observed,low,bart_to_antioch_numeric_namespace_with_same_capture_counterpart_check,"[""numeric_600_799_namespace"",""BART note: BART-to-Antioch trip IDs are not coordinated with schedule trip IDs"",""mandatory electric transfer north of PITT""]",[],[],[],no_static_counterpart,required_not_observed
bart_live_20260911_185819,698,698,2026-09-11,required_counterpart_not_observed,low,bart_to_antioch_numeric_namespace_with_same_capture_counterpart_check,"[""numeric_600_799_namespace"",""BART note: BART-to-Antioch trip IDs are not coordinated with schedule trip IDs"",""mandatory electric transfer north of PITT""]",[],[],[],no_static_counterpart,required_not_observed
bart_live_20260911_185819,699,699,2026-09-11,operational_telemetry,medium,bart_to_antioch_numeric_namespace_with_same_capture_counterpart_check,"[""numeric_600_799_namespace"",""BART note: BART-to-Antioch trip IDs are not coordinated with schedule trip IDs"",""mandatory electric transfer north of PITT""]",[],"[""1965205"",""1965119"",""1965308"",""1965279"",""1965280"",""1965281"",""1965282"",""1965283"",""1965277"",""1965278""]",[],no_static_counterpart,observed_candidate
bart_live_20260911_185819,701,701,2026-09-11,operational_telemetry,medium,bart_to_antioch_numeric_namespace_with_same_capture_counterpart_check,"[""numeric_600_799_namespace"",""BART note: BART-to-Antioch trip IDs are not coordinated with schedule trip IDs"",""mandatory electric transfer north of PITT""]",[],"[""1965206"",""1965284""]",[],no_static_counterpart,observed_candidate
bart_live_20260911_185819,702,702,2026-09-11,required_counterpart_not_observed,low,bart_to_antioch_numeric_namespace_with_same_capture_counterpart_check,"[""numeric_600_799_namespace"",""BART note: BART-to-Antioch trip IDs are not coordinated with schedule trip IDs"",""mandatory electric transfer north of PITT""]",[],[],[],no_static_counterpart,required_not_observed
bart_live_20260911_185819,703,703,2026-09-11,required_counterpart_not_observed,low,bart_to_antioch_numeric_namespace_with_same_capture_counterpart_check,"[""numeric_600_799_namespace"",""BART note: BART-to-Antioch trip IDs are not coordinated with schedule trip IDs"",""mandatory electric transfer north of PITT""]",[],[],[],no_static_counterpart,required_not_observed
bart_live_20260911_185819,705,705,2026-09-11,required_counterpart_not_observed,low,bart_to_antioch_numeric_namespace_with_same_capture_counterpart_check,"[""numeric_600_799_namespace"",""BART note: BART-to-Antioch trip IDs are not coordinated with schedule trip IDs"",""mandatory electric transfer north of PITT""]",[],[],[],no_static_counterpart,required_not_observed
bart_live_20260911_185819,707,707,2026-09-11,required_counterpart_not_observed,low,bart_to_antioch_numeric_namespace_with_same_capture_counterpart_check,"[""numeric_600_799_namespace"",""BART note: BART-to-Antioch trip IDs are not coordinated with schedule trip IDs"",""mandatory electric transfer north of PITT""]",[],[],[],no_static_counterpart,required_not_observed
bart_live_20260911_185819,1965277,1965277,2026-09-11,exact,high,trip_id+canonical_service_date,"[""GTFS-RT trip_id equals static trips.txt trip_id"",""canonical service date""]","[""1965277""]",[],[],exact,not_applicable
bart_live_20260911_185819,1965278,1965278,2026-09-11,exact,high,trip_id+canonical_service_date,"[""GTFS-RT trip_id equals static trips.txt trip_id"",""canonical service date""]","[""1965278""]",[],[],exact,not_applicable
bart_live_20260912_071605,2000721,2000721,2026-09-12,exact,high,trip_id+canonical_service_date,"[""GTFS-RT trip_id equals static trips.txt trip_id"",""canonical service date""]","[""2000721""]",[],[],exact,not_applicable
bart_live_20260912_071605,2000566,2000566,2026-09-12,exact,high,trip_id+canonical_service_date,"[""GTFS-RT trip_id equals static trips.txt trip_id"",""canonical service date""]","[""2000566""]",[],[],exact,not_applicable
bart_live_20260912_071605,2000567,2000567,2026-09-12,exact,high,trip_id+canonical_service_date,"[""GTFS-RT trip_id equals static trips.txt trip_id"",""canonical service date""]","[""2000567""]",[],[],exact,not_applicable
bart_live_20260912_071605,2000621,2000621,2026-09-12,exact,high,trip_id+canonical_service_date,"[""GTFS-RT trip_id equals static trips.txt trip_id"",""canonical service date""]","[""2000621""]",[],[],exact,not_applicable
bart_live_20260912_071605,2000568,2000568,2026-09-12,exact,high,trip_id+canonical_service_date,"[""GTFS-RT trip_id equals static trips.txt trip_id"",""canonical service date""]","[""2000568""]",[],[],exact,not_applicable
bart_live_20260912_071605,2000622,2000622,2026-09-12,exact,high,trip_id+canonical_service_date,"[""GTFS-RT trip_id equals static trips.txt trip_id"",""canonical service date""]","[""2000622""]",[],[],exact,not_applicable
bart_live_20260912_071605,2000569,2000569,2026-09-12,exact,high,trip_id+canonical_service_date,"[""GTFS-RT trip_id equals static trips.txt trip_id"",""canonical service date""]","[""2000569""]",[],[],exact,not_applicable
bart_live_20260912_071605,2000623,2000623,2026-09-12,exact,high,trip_id+canonical_service_date,"[""GTFS-RT trip_id equals static trips.txt trip_id"",""canonical service date""]","[""2000623""]",[],[],exact,not_applicable
bart_live_20260912_071605,2000624,2000624,2026-09-12,exact,high,trip_id+canonical_service_date,"[""GTFS-RT trip_id equals static trips.txt trip_id"",""canonical service date""]","[""2000624""]",[],[],exact,not_applicable
bart_live_20260912_071605,2000625,2000625,2026-09-12,exact,high,trip_id+canonical_service_date,"[""GTFS-RT trip_id equals static trips.txt trip_id"",""canonical service date""]","[""2000625""]",[],[],exact,not_applicable
bart_live_20260912_071605,2000565,2000565,2026-09-12,exact,high,trip_id+canonical_service_date,"[""GTFS-RT trip_id equals static trips.txt trip_id"",""canonical service date""]","[""2000565""]",[],[],exact,not_applicable
bart_live_20260912_071605,2002130,2002130,2026-09-12,exact,high,trip_id+canonical_service_date,"[""GTFS-RT trip_id equals static trips.txt trip_id"",""canonical service date""]","[""2002130""]",[],[],exact,not_applicable
bart_live_20260912_071605,2002131,2002131,2026-09-12,exact,high,trip_id+canonical_service_date,"[""GTFS-RT trip_id equals static trips.txt trip_id"",""canonical service date""]","[""2002131""]",[],[],exact,not_applicable
bart_live_20260912_071605,2002128,2002128,2026-09-12,exact,high,trip_id+canonical_service_date,"[""GTFS-RT trip_id equals static trips.txt trip_id"",""canonical service date""]","[""2002128""]",[],[],exact,not_applicable
bart_live_20260912_071605,2002145,2002145,2026-09-12,exact,high,trip_id+canonical_service_date,"[""GTFS-RT trip_id equals static trips.txt trip_id"",""canonical service date""]","[""2002145""]",[],[],exact,not_applicable
bart_live_20260912_071605,2002137,2002137,2026-09-12,exact,high,trip_id+canonical_service_date,"[""GTFS-RT trip_id equals static trips.txt trip_id"",""canonical service date""]","[""2002137""]",[],[],exact,not_applicable
bart_live_20260912_071605,2002147,2002147,2026-09-12,exact,high,trip_id+canonical_service_date,"[""GTFS-RT trip_id equals static trips.txt trip_id"",""canonical service date""]","[""2002147""]",[],[],exact,not_applicable
bart_live_20260912_071605,2000425,2000425,2026-09-12,exact,high,trip_id+canonical_service_date,"[""GTFS-RT trip_id equals static trips.txt trip_id"",""canonical service date""]","[""2000425""]",[],[],exact,not_applicable
bart_live_20260912_071605,2000492,2000492,2026-09-12,exact,high,trip_id+canonical_service_date,"[""GTFS-RT trip_id equals static trips.txt trip_id"",""canonical service date""]","[""2000492""]",[],[],exact,not_applicable
bart_live_20260912_071605,2000426,2000426,2026-09-12,exact,high,trip_id+canonical_service_date,"[""GTFS-RT trip_id equals static trips.txt trip_id"",""canonical service date""]","[""2000426""]",[],[],exact,not_applicable
bart_live_20260912_071605,2000493,2000493,2026-09-12,exact,high,trip_id+canonical_service_date,"[""GTFS-RT trip_id equals static trips.txt trip_id"",""canonical service date""]","[""2000493""]",[],[],exact,not_applicable
bart_live_20260912_071605,2000427,2000427,2026-09-12,exact,high,trip_id+canonical_service_date,"[""GTFS-RT trip_id equals static trips.txt trip_id"",""canonical service date""]","[""2000427""]",[],[],exact,not_applicable
bart_live_20260912_071605,2000494,2000494,2026-09-12,exact,high,trip_id+canonical_service_date,"[""GTFS-RT trip_id equals static trips.txt trip_id"",""canonical service date""]","[""2000494""]",[],[],exact,not_applicable
bart_live_20260912_071605,2000495,2000495,2026-09-12,exact,high,trip_id+canonical_service_date,"[""GTFS-RT trip_id equals static trips.txt trip_id"",""canonical service date""]","[""2000495""]",[],[],exact,not_applicable
bart_live_20260912_071605,2000496,2000496,2026-09-12,exact,high,trip_id+canonical_service_date,"[""GTFS-RT trip_id equals static trips.txt trip_id"",""canonical service date""]","[""2000496""]",[],[],exact,not_applicable
bart_live_20260912_071605,2000497,2000497,2026-09-12,exact,high,trip_id+canonical_service_date,"[""GTFS-RT trip_id equals static trips.txt trip_id"",""canonical service date""]","[""2000497""]",[],[],exact,not_applicable
bart_live_20260912_071605,2000422,2000422,2026-09-12,exact,high,trip_id+canonical_service_date,"[""GTFS-RT trip_id equals static trips.txt trip_id"",""canonical service date""]","[""2000422""]",[],[],exact,not_applicable
bart_live_20260912_071605,2000498,2000498,2026-09-12,exact,high,trip_id+canonical_service_date,"[""GTFS-RT trip_id equals static trips.txt trip_id"",""canonical service date""]","[""2000498""]",[],[],exact,not_applicable
bart_live_20260912_071605,2000423,2000423,2026-09-12,exact,high,trip_id+canonical_service_date,"[""GTFS-RT trip_id equals static trips.txt trip_id"",""canonical service date""]","[""2000423""]",[],[],exact,not_applicable
bart_live_20260912_071605,2000424,2000424,2026-09-12,exact,high,trip_id+canonical_service_date,"[""GTFS-RT trip_id equals static trips.txt trip_id"",""canonical service date""]","[""2000424""]",[],[],exact,not_applicable
bart_live_20260912_071605,2000811,2000811,2026-09-12,exact,high,trip_id+canonical_service_date,"[""GTFS-RT trip_id equals static trips.txt trip_id"",""canonical service date""]","[""2000811""]",[],[],exact,not_applicable
bart_live_20260912_071605,2000847,2000847,2026-09-12,exact,high,trip_id+canonical_service_date,"[""GTFS-RT trip_id equals static trips.txt trip_id"",""canonical service date""]","[""2000847""]",[],[],exact,not_applicable
bart_live_20260912_071605,2000806,2000806,2026-09-12,exact,high,trip_id+canonical_service_date,"[""GTFS-RT trip_id equals static trips.txt trip_id"",""canonical service date""]","[""2000806""]",[],[],exact,not_applicable
bart_live_20260912_071605,2000848,2000848,2026-09-12,exact,high,trip_id+canonical_service_date,"[""GTFS-RT trip_id equals static trips.txt trip_id"",""canonical service date""]","[""2000848""]",[],[],exact,not_applicable
bart_live_20260912_071605,2000807,2000807,2026-09-12,exact,high,trip_id+canonical_service_date,"[""GTFS-RT trip_id equals static trips.txt trip_id"",""canonical service date""]","[""2000807""]",[],[],exact,not_applicable
bart_live_20260912_071605,2000849,2000849,2026-09-12,exact,high,trip_id+canonical_service_date,"[""GTFS-RT trip_id equals static trips.txt trip_id"",""canonical service date""]","[""2000849""]",[],[],exact,not_applicable
bart_live_20260912_071605,2000808,2000808,2026-09-12,exact,high,trip_id+canonical_service_date,"[""GTFS-RT trip_id equals static trips.txt trip_id"",""canonical service date""]","[""2000808""]",[],[],exact,not_applicable
bart_live_20260912_071605,2000809,2000809,2026-09-12,exact,high,trip_id+canonical_service_date,"[""GTFS-RT trip_id equals static trips.txt trip_id"",""canonical service date""]","[""2000809""]",[],[],exact,not_applicable
bart_live_20260912_071605,2000810,2000810,2026-09-12,exact,high,trip_id+canonical_service_date,"[""GTFS-RT trip_id equals static trips.txt trip_id"",""canonical service date""]","[""2000810""]",[],[],exact,not_applicable
bart_live_20260912_071605,2000934,2000934,2026-09-12,exact,high,trip_id+canonical_service_date,"[""GTFS-RT trip_id equals static trips.txt trip_id"",""canonical service date""]","[""2000934""]",[],[],exact,not_applicable
bart_live_20260912_071605,2000986,2000986,2026-09-12,exact,high,trip_id+canonical_service_date,"[""GTFS-RT trip_id equals static trips.txt trip_id"",""canonical service date""]","[""2000986""]",[],[],exact,not_applicable
bart_live_20260912_071605,2000935,2000935,2026-09-12,exact,high,trip_id+canonical_service_date,"[""GTFS-RT trip_id equals static trips.txt trip_id"",""canonical service date""]","[""2000935""]",[],[],exact,not_applicable
bart_live_20260912_071605,2000988,2000988,2026-09-12,exact,high,trip_id+canonical_service_date,"[""GTFS-RT trip_id equals static trips.txt trip_id"",""canonical service date""]","[""2000988""]",[],[],exact,not_applicable
bart_live_20260912_071605,2000989,2000989,2026-09-12,exact,high,trip_id+canonical_service_date,"[""GTFS-RT trip_id equals static trips.txt trip_id"",""canonical service date""]","[""2000989""]",[],[],exact,not_applicable
bart_live_20260912_071605,2000990,2000990,2026-09-12,exact,high,trip_id+canonical_service_date,"[""GTFS-RT trip_id equals static trips.txt trip_id"",""canonical service date""]","[""2000990""]",[],[],exact,not_applicable
bart_live_20260912_071605,2000991,2000991,2026-09-12,exact,high,trip_id+canonical_service_date,"[""GTFS-RT trip_id equals static trips.txt trip_id"",""canonical service date""]","[""2000991""]",[],[],exact,not_applicable
bart_live_20260912_071605,2015187,2015187,2026-09-12,exact,high,trip_id+canonical_service_date,"[""GTFS-RT trip_id equals static trips.txt trip_id"",""canonical service date""]","[""2015187""]",[],[],exact,not_applicable
bart_live_20260912_071605,2000992,2000992,2026-09-12,exact,high,trip_id+canonical_service_date,"[""GTFS-RT trip_id equals static trips.txt trip_id"",""canonical service date""]","[""2000992""]",[],[],exact,not_applicable
bart_live_20260912_071605,2000932,2000932,2026-09-12,exact,high,trip_id+canonical_service_date,"[""GTFS-RT trip_id equals static trips.txt trip_id"",""canonical service date""]","[""2000932""]",[],[],exact,not_applicable
bart_live_20260912_071605,2000933,2000933,2026-09-12,exact,high,trip_id+canonical_service_date,"[""GTFS-RT trip_id equals static trips.txt trip_id"",""canonical service date""]","[""2000933""]",[],[],exact,not_applicable
bart_live_20260912_071605,616,616,2026-09-12,operational_telemetry,medium,bart_to_antioch_numeric_namespace_with_same_capture_counterpart_check,"[""numeric_600_799_namespace"",""BART note: BART-to-Antioch trip IDs are not coordinated with schedule trip IDs"",""mandatory electric transfer north of PITT""]",[],"[""2000492"",""2000426"",""2000493"",""2000494"",""2000495"",""2000496"",""2000497""]",[],no_static_counterpart,observed_candidate
bart_live_20260912_071605,618,618,2026-09-12,operational_telemetry,medium,bart_to_antioch_numeric_namespace_with_same_capture_counterpart_check,"[""numeric_600_799_namespace"",""BART note: BART-to-Antioch trip IDs are not coordinated with schedule trip IDs"",""mandatory electric transfer north of PITT""]",[],"[""2000427"",""2000498""]",[],no_static_counterpart,observed_candidate
bart_live_20260912_071605,620,620,2026-09-12,required_counterpart_not_observed,low,bart_to_antioch_numeric_namespace_with_same_capture_counterpart_check,"[""numeric_600_799_namespace"",""BART note: BART-to-Antioch trip IDs are not coordinated with schedule trip IDs"",""mandatory electric transfer north of PITT""]",[],[],[],no_static_counterpart,required_not_observed
bart_live_20260912_071605,621,621,2026-09-12,operational_telemetry,medium,bart_to_antioch_numeric_namespace_with_same_capture_counterpart_check,"[""numeric_600_799_namespace"",""BART note: BART-to-Antioch trip IDs are not coordinated with schedule trip IDs"",""mandatory electric transfer north of PITT""]",[],"[""2000492"",""2000426"",""2000493"",""2000494"",""2000495"",""2000496"",""2000497""]",[],no_static_counterpart,observed_candidate
bart_live_20260912_071605,622,622,2026-09-12,required_counterpart_not_observed,low,bart_to_antioch_numeric_namespace_with_same_capture_counterpart_check,"[""numeric_600_799_namespace"",""BART note: BART-to-Antioch trip IDs are not coordinated with schedule trip IDs"",""mandatory electric transfer north of PITT""]",[],[],[],no_static_counterpart,required_not_observed
bart_live_20260912_071605,623,623,2026-09-12,operational_telemetry,medium,bart_to_antioch_numeric_namespace_with_same_capture_counterpart_check,"[""numeric_600_799_namespace"",""BART note: BART-to-Antioch trip IDs are not coordinated with schedule trip IDs"",""mandatory electric transfer north of PITT""]",[],"[""2000427"",""2000498""]",[],no_static_counterpart,observed_candidate
bart_live_20260912_071605,625,625,2026-09-12,required_counterpart_not_observed,low,bart_to_antioch_numeric_namespace_with_same_capture_counterpart_check,"[""numeric_600_799_namespace"",""BART note: BART-to-Antioch trip IDs are not coordinated with schedule trip IDs"",""mandatory electric transfer north of PITT""]",[],[],[],no_static_counterpart,required_not_observed
bart_live_20260912_071605,627,627,2026-09-12,required_counterpart_not_observed,low,bart_to_antioch_numeric_namespace_with_same_capture_counterpart_check,"[""numeric_600_799_namespace"",""BART note: BART-to-Antioch trip IDs are not coordinated with schedule trip IDs"",""mandatory electric transfer north of PITT""]",[],[],[],no_static_counterpart,required_not_observed
bart_live_20260912_071605,629,629,2026-09-12,required_counterpart_not_observed,low,bart_to_antioch_numeric_namespace_with_same_capture_counterpart_check,"[""numeric_600_799_namespace"",""BART note: BART-to-Antioch trip IDs are not coordinated with schedule trip IDs"",""mandatory electric transfer north of PITT""]",[],[],[],no_static_counterpart,required_not_observed
bart_live_20260912_192815,2000659,2000659,2026-09-12,exact,high,trip_id+canonical_service_date,"[""GTFS-RT trip_id equals static trips.txt trip_id"",""canonical service date""]","[""2000659""]",[],[],exact,not_applicable
bart_live_20260912_192815,2000660,2000660,2026-09-12,exact,high,trip_id+canonical_service_date,"[""GTFS-RT trip_id equals static trips.txt trip_id"",""canonical service date""]","[""2000660""]",[],[],exact,not_applicable
bart_live_20260912_192815,2000661,2000661,2026-09-12,exact,high,trip_id+canonical_service_date,"[""GTFS-RT trip_id equals static trips.txt trip_id"",""canonical service date""]","[""2000661""]",[],[],exact,not_applicable
bart_live_20260912_192815,2000662,2000662,2026-09-12,exact,high,trip_id+canonical_service_date,"[""GTFS-RT trip_id equals static trips.txt trip_id"",""canonical service date""]","[""2000662""]",[],[],exact,not_applicable
bart_live_20260912_192815,2000603,2000603,2026-09-12,exact,high,trip_id+canonical_service_date,"[""GTFS-RT trip_id equals static trips.txt trip_id"",""canonical service date""]","[""2000603""]",[],[],exact,not_applicable
bart_live_20260912_192815,2000604,2000604,2026-09-12,exact,high,trip_id+canonical_service_date,"[""GTFS-RT trip_id equals static trips.txt trip_id"",""canonical service date""]","[""2000604""]",[],[],exact,not_applicable
bart_live_20260912_192815,2000605,2000605,2026-09-12,exact,high,trip_id+canonical_service_date,"[""GTFS-RT trip_id equals static trips.txt trip_id"",""canonical service date""]","[""2000605""]",[],[],exact,not_applicable
bart_live_20260912_192815,2002094,2002094,2026-09-12,exact,high,trip_id+canonical_service_date,"[""GTFS-RT trip_id equals static trips.txt trip_id"",""canonical service date""]","[""2002094""]",[],[],exact,not_applicable
bart_live_20260912_192815,2002093,2002093,2026-09-12,exact,high,trip_id+canonical_service_date,"[""GTFS-RT trip_id equals static trips.txt trip_id"",""canonical service date""]","[""2002093""]",[],[],exact,not_applicable
bart_live_20260912_192815,2002176,2002176,2026-09-12,exact,high,trip_id+canonical_service_date,"[""GTFS-RT trip_id equals static trips.txt trip_id"",""canonical service date""]","[""2002176""]",[],[],exact,not_applicable
bart_live_20260912_192815,2002177,2002177,2026-09-12,exact,high,trip_id+canonical_service_date,"[""GTFS-RT trip_id equals static trips.txt trip_id"",""canonical service date""]","[""2002177""]",[],[],exact,not_applicable
bart_live_20260912_192815,2000531,2000531,2026-09-12,exact,high,trip_id+canonical_service_date,"[""GTFS-RT trip_id equals static trips.txt trip_id"",""canonical service date""]","[""2000531""]",[],[],exact,not_applicable
bart_live_20260912_192815,2000532,2000532,2026-09-12,exact,high,trip_id+canonical_service_date,"[""GTFS-RT trip_id equals static trips.txt trip_id"",""canonical service date""]","[""2000532""]",[],[],exact,not_applicable
bart_live_20260912_192815,2000533,2000533,2026-09-12,exact,high,trip_id+canonical_service_date,"[""GTFS-RT trip_id equals static trips.txt trip_id"",""canonical service date""]","[""2000533""]",[],[],exact,not_applicable
bart_live_20260912_192815,2000458,2000458,2026-09-12,exact,high,trip_id+canonical_service_date,"[""GTFS-RT trip_id equals static trips.txt trip_id"",""canonical service date""]","[""2000458""]",[],[],exact,not_applicable
bart_live_20260912_192815,2000534,2000534,2026-09-12,exact,high,trip_id+canonical_service_date,"[""GTFS-RT trip_id equals static trips.txt trip_id"",""canonical service date""]","[""2000534""]",[],[],exact,not_applicable
bart_live_20260912_192815,2000459,2000459,2026-09-12,exact,high,trip_id+canonical_service_date,"[""GTFS-RT trip_id equals static trips.txt trip_id"",""canonical service date""]","[""2000459""]",[],[],exact,not_applicable
bart_live_20260912_192815,2000535,2000535,2026-09-12,exact,high,trip_id+canonical_service_date,"[""GTFS-RT trip_id equals static trips.txt trip_id"",""canonical service date""]","[""2000535""]",[],[],exact,not_applicable
bart_live_20260912_192815,2000418,2000418,2026-09-12,exact,high,trip_id+canonical_service_date,"[""GTFS-RT trip_id equals static trips.txt trip_id"",""canonical service date""]","[""2000418""]",[],[],exact,not_applicable
bart_live_20260912_192815,2000419,2000419,2026-09-12,exact,high,trip_id+canonical_service_date,"[""GTFS-RT trip_id equals static trips.txt trip_id"",""canonical service date""]","[""2000419""]",[],[],exact,not_applicable
bart_live_20260912_192815,2000460,2000460,2026-09-12,exact,high,trip_id+canonical_service_date,"[""GTFS-RT trip_id equals static trips.txt trip_id"",""canonical service date""]","[""2000460""]",[],[],exact,not_applicable
bart_live_20260912_192815,2000529,2000529,2026-09-12,exact,high,trip_id+canonical_service_date,"[""GTFS-RT trip_id equals static trips.txt trip_id"",""canonical service date""]","[""2000529""]",[],[],exact,not_applicable
bart_live_20260912_192815,2000461,2000461,2026-09-12,exact,high,trip_id+canonical_service_date,"[""GTFS-RT trip_id equals static trips.txt trip_id"",""canonical service date""]","[""2000461""]",[],[],exact,not_applicable
bart_live_20260912_192815,2000530,2000530,2026-09-12,exact,high,trip_id+canonical_service_date,"[""GTFS-RT trip_id equals static trips.txt trip_id"",""canonical service date""]","[""2000530""]",[],[],exact,not_applicable
bart_live_20260912_192815,2000462,2000462,2026-09-12,exact,high,trip_id+canonical_service_date,"[""GTFS-RT trip_id equals static trips.txt trip_id"",""canonical service date""]","[""2000462""]",[],[],exact,not_applicable
bart_live_20260912_192815,400192630,400192630,2026-09-12,realtime_only,low,no_static_trip_id_match,"[""GTFS-RT update retained"",""no static GTFS trip_id match""]",[],[],[],no_static_counterpart,not_applicable
bart_live_20260912_192815,2000881,2000881,2026-09-12,exact,high,trip_id+canonical_service_date,"[""GTFS-RT trip_id equals static trips.txt trip_id"",""canonical service date""]","[""2000881""]",[],[],exact,not_applicable
bart_live_20260912_192815,2000882,2000882,2026-09-12,exact,high,trip_id+canonical_service_date,"[""GTFS-RT trip_id equals static trips.txt trip_id"",""canonical service date""]","[""2000882""]",[],[],exact,not_applicable
bart_live_20260912_192815,2000883,2000883,2026-09-12,exact,high,trip_id+canonical_service_date,"[""GTFS-RT trip_id equals static trips.txt trip_id"",""canonical service date""]","[""2000883""]",[],[],exact,not_applicable
bart_live_20260912_192815,2000884,2000884,2026-09-12,exact,high,trip_id+canonical_service_date,"[""GTFS-RT trip_id equals static trips.txt trip_id"",""canonical service date""]","[""2000884""]",[],[],exact,not_applicable
bart_live_20260912_192815,2000843,2000843,2026-09-12,exact,high,trip_id+canonical_service_date,"[""GTFS-RT trip_id equals static trips.txt trip_id"",""canonical service date""]","[""2000843""]",[],[],exact,not_applicable
bart_live_20260912_192815,2000885,2000885,2026-09-12,exact,high,trip_id+canonical_service_date,"[""GTFS-RT trip_id equals static trips.txt trip_id"",""canonical service date""]","[""2000885""]",[],[],exact,not_applicable
bart_live_20260912_192815,2000844,2000844,2026-09-12,exact,high,trip_id+canonical_service_date,"[""GTFS-RT trip_id equals static trips.txt trip_id"",""canonical service date""]","[""2000844""]",[],[],exact,not_applicable
bart_live_20260912_192815,2000845,2000845,2026-09-12,exact,high,trip_id+canonical_service_date,"[""GTFS-RT trip_id equals static trips.txt trip_id"",""canonical service date""]","[""2000845""]",[],[],exact,not_applicable
bart_live_20260912_192815,2000846,2000846,2026-09-12,exact,high,trip_id+canonical_service_date,"[""GTFS-RT trip_id equals static trips.txt trip_id"",""canonical service date""]","[""2000846""]",[],[],exact,not_applicable
bart_live_20260912_192815,500192710,500192710,2026-09-12,realtime_only,low,no_static_trip_id_match,"[""GTFS-RT update retained"",""no static GTFS trip_id match""]",[],[],[],no_static_counterpart,not_applicable
bart_live_20260912_192815,2000970,2000970,2026-09-12,exact,high,trip_id+canonical_service_date,"[""GTFS-RT trip_id equals static trips.txt trip_id"",""canonical service date""]","[""2000970""]",[],[],exact,not_applicable
bart_live_20260912_192815,2000971,2000971,2026-09-12,exact,high,trip_id+canonical_service_date,"[""GTFS-RT trip_id equals static trips.txt trip_id"",""canonical service date""]","[""2000971""]",[],[],exact,not_applicable
bart_live_20260912_192815,2000972,2000972,2026-09-12,exact,high,trip_id+canonical_service_date,"[""GTFS-RT trip_id equals static trips.txt trip_id"",""canonical service date""]","[""2000972""]",[],[],exact,not_applicable
bart_live_20260912_192815,2001025,2001025,2026-09-12,exact,high,trip_id+canonical_service_date,"[""GTFS-RT trip_id equals static trips.txt trip_id"",""canonical service date""]","[""2001025""]",[],[],exact,not_applicable
bart_live_20260912_192815,2001026,2001026,2026-09-12,exact,high,trip_id+canonical_service_date,"[""GTFS-RT trip_id equals static trips.txt trip_id"",""canonical service date""]","[""2001026""]",[],[],exact,not_applicable
bart_live_20260912_192815,2001027,2001027,2026-09-12,exact,high,trip_id+canonical_service_date,"[""GTFS-RT trip_id equals static trips.txt trip_id"",""canonical service date""]","[""2001027""]",[],[],exact,not_applicable
bart_live_20260912_192815,2001028,2001028,2026-09-12,exact,high,trip_id+canonical_service_date,"[""GTFS-RT trip_id equals static trips.txt trip_id"",""canonical service date""]","[""2001028""]",[],[],exact,not_applicable
bart_live_20260912_192815,2000969,2000969,2026-09-12,exact,high,trip_id+canonical_service_date,"[""GTFS-RT trip_id equals static trips.txt trip_id"",""canonical service date""]","[""2000969""]",[],[],exact,not_applicable
bart_live_20260912_192815,631185210,631185210,2026-09-12,realtime_only,low,no_static_trip_id_match,"[""GTFS-RT update retained"",""no static GTFS trip_id match""]",[],[],[],no_static_counterpart,not_applicable
bart_live_20260912_192815,633191710,633191710,2026-09-12,realtime_only,low,no_static_trip_id_match,"[""GTFS-RT update retained"",""no static GTFS trip_id match""]",[],[],[],no_static_counterpart,not_applicable
bart_live_20260912_192815,2000658,2000658,2026-09-12,exact,high,trip_id+canonical_service_date,"[""GTFS-RT trip_id equals static trips.txt trip_id"",""canonical service date""]","[""2000658""]",[],[],exact,not_applicable
bart_live_20260912_192815,690,690,2026-09-12,operational_telemetry,medium,bart_to_antioch_numeric_namespace_with_same_capture_counterpart_check,"[""numeric_600_799_namespace"",""BART note: BART-to-Antioch trip IDs are not coordinated with schedule trip IDs"",""mandatory electric transfer north of PITT""]",[],"[""2000534"",""2000461""]",[],no_static_counterpart,observed_candidate
bart_live_20260912_192815,692,692,2026-09-12,operational_telemetry,medium,bart_to_antioch_numeric_namespace_with_same_capture_counterpart_check,"[""numeric_600_799_namespace"",""BART note: BART-to-Antioch trip IDs are not coordinated with schedule trip IDs"",""mandatory electric transfer north of PITT""]",[],"[""2000535"",""2000462""]",[],no_static_counterpart,observed_candidate
bart_live_20260912_192815,693,693,2026-09-12,operational_telemetry,medium,bart_to_antioch_numeric_namespace_with_same_capture_counterpart_check,"[""numeric_600_799_namespace"",""BART note: BART-to-Antioch trip IDs are not coordinated with schedule trip IDs"",""mandatory electric transfer north of PITT""]",[],"[""2000531"",""2000532"",""2000533"",""2000529"",""2000530""]",[],no_static_counterpart,observed_candidate
bart_live_20260912_192815,694,694,2026-09-12,required_counterpart_not_observed,low,bart_to_antioch_numeric_namespace_with_same_capture_counterpart_check,"[""numeric_600_799_namespace"",""BART note: BART-to-Antioch trip IDs are not coordinated with schedule trip IDs"",""mandatory electric transfer north of PITT""]",[],[],[],no_static_counterpart,required_not_observed
bart_live_20260912_192815,695,695,2026-09-12,operational_telemetry,medium,bart_to_antioch_numeric_namespace_with_same_capture_counterpart_check,"[""numeric_600_799_namespace"",""BART note: BART-to-Antioch trip IDs are not coordinated with schedule trip IDs"",""mandatory electric transfer north of PITT""]",[],"[""2000534"",""2000461""]",[],no_static_counterpart,observed_candidate
bart_live_20260912_192815,696,696,2026-09-12,required_counterpart_not_observed,low,bart_to_antioch_numeric_namespace_with_same_capture_counterpart_check,"[""numeric_600_799_namespace"",""BART note: BART-to-Antioch trip IDs are not coordinated with schedule trip IDs"",""mandatory electric transfer north of PITT""]",[],[],[],no_static_counterpart,required_not_observed
bart_live_20260912_192815,697,697,2026-09-12,operational_telemetry,medium,bart_to_antioch_numeric_namespace_with_same_capture_counterpart_check,"[""numeric_600_799_namespace"",""BART note: BART-to-Antioch trip IDs are not coordinated with schedule trip IDs"",""mandatory electric transfer north of PITT""]",[],"[""2000535"",""2000462""]",[],no_static_counterpart,observed_candidate
bart_live_20260912_192815,699,699,2026-09-12,required_counterpart_not_observed,low,bart_to_antioch_numeric_namespace_with_same_capture_counterpart_check,"[""numeric_600_799_namespace"",""BART note: BART-to-Antioch trip IDs are not coordinated with schedule trip IDs"",""mandatory electric transfer north of PITT""]",[],[],[],no_static_counterpart,required_not_observed
bart_live_20260912_192815,701,701,2026-09-12,required_counterpart_not_observed,low,bart_to_antioch_numeric_namespace_with_same_capture_counterpart_check,"[""numeric_600_799_namespace"",""BART note: BART-to-Antioch trip IDs are not coordinated with schedule trip IDs"",""mandatory electric transfer north of PITT""]",[],[],[],no_static_counterpart,required_not_observed
bart_live_20260912_192815,503190510,503190510,2026-09-12,realtime_only,low,no_static_trip_id_match,"[""GTFS-RT update retained"",""no static GTFS trip_id match""]",[],[],[],no_static_counterpart,not_applicable
bart_live_20260912_192815,905192510,905192510,2026-09-12,realtime_only,low,no_static_trip_id_match,"[""GTFS-RT update retained"",""no static GTFS trip_id match""]",[],[],[],no_static_counterpart,not_applicable
bart_live_20260913_182435,2019832,2019832,2026-09-13,exact,high,trip_id+canonical_service_date,"[""GTFS-RT trip_id equals static trips.txt trip_id"",""canonical service date""]","[""2019832""]",[],[],exact,not_applicable
bart_live_20260913_182435,2019833,2019833,2026-09-13,exact,high,trip_id+canonical_service_date,"[""GTFS-RT trip_id equals static trips.txt trip_id"",""canonical service date""]","[""2019833""]",[],[],exact,not_applicable
bart_live_20260913_182435,2019712,2019712,2026-09-13,exact,high,trip_id+canonical_service_date,"[""GTFS-RT trip_id equals static trips.txt trip_id"",""canonical service date""]","[""2019712""]",[],[],exact,not_applicable
bart_live_20260913_182435,2019834,2019834,2026-09-13,exact,high,trip_id+canonical_service_date,"[""GTFS-RT trip_id equals static trips.txt trip_id"",""canonical service date""]","[""2019834""]",[],[],exact,not_applicable
bart_live_20260913_182435,2019713,2019713,2026-09-13,exact,high,trip_id+canonical_service_date,"[""GTFS-RT trip_id equals static trips.txt trip_id"",""canonical service date""]","[""2019713""]",[],[],exact,not_applicable
bart_live_20260913_182435,2019714,2019714,2026-09-13,exact,high,trip_id+canonical_service_date,"[""GTFS-RT trip_id equals static trips.txt trip_id"",""canonical service date""]","[""2019714""]",[],[],exact,not_applicable
bart_live_20260913_182435,2019715,2019715,2026-09-13,exact,high,trip_id+canonical_service_date,"[""GTFS-RT trip_id equals static trips.txt trip_id"",""canonical service date""]","[""2019715""]",[],[],exact,not_applicable
bart_live_20260913_182435,2019830,2019830,2026-09-13,exact,high,trip_id+canonical_service_date,"[""GTFS-RT trip_id equals static trips.txt trip_id"",""canonical service date""]","[""2019830""]",[],[],exact,not_applicable
bart_live_20260913_182435,2019716,2019716,2026-09-13,exact,high,trip_id+canonical_service_date,"[""GTFS-RT trip_id equals static trips.txt trip_id"",""canonical service date""]","[""2019716""]",[],[],exact,not_applicable
bart_live_20260913_182435,2019831,2019831,2026-09-13,exact,high,trip_id+canonical_service_date,"[""GTFS-RT trip_id equals static trips.txt trip_id"",""canonical service date""]","[""2019831""]",[],[],exact,not_applicable
bart_live_20260913_182435,2019863,2019863,2026-09-13,exact,high,trip_id+canonical_service_date,"[""GTFS-RT trip_id equals static trips.txt trip_id"",""canonical service date""]","[""2019863""]",[],[],exact,not_applicable
bart_live_20260913_182435,2019743,2019743,2026-09-13,exact,high,trip_id+canonical_service_date,"[""GTFS-RT trip_id equals static trips.txt trip_id"",""canonical service date""]","[""2019743""]",[],[],exact,not_applicable
bart_live_20260913_182435,2019782,2019782,2026-09-13,exact,high,trip_id+canonical_service_date,"[""GTFS-RT trip_id equals static trips.txt trip_id"",""canonical service date""]","[""2019782""]",[],[],exact,not_applicable
bart_live_20260913_182435,2019901,2019901,2026-09-13,exact,high,trip_id+canonical_service_date,"[""GTFS-RT trip_id equals static trips.txt trip_id"",""canonical service date""]","[""2019901""]",[],[],exact,not_applicable
bart_live_20260913_182435,2019641,2019641,2026-09-13,exact,high,trip_id+canonical_service_date,"[""GTFS-RT trip_id equals static trips.txt trip_id"",""canonical service date""]","[""2019641""]",[],[],exact,not_applicable
bart_live_20260913_182435,2019533,2019533,2026-09-13,exact,high,trip_id+canonical_service_date,"[""GTFS-RT trip_id equals static trips.txt trip_id"",""canonical service date""]","[""2019533""]",[],[],exact,not_applicable
bart_live_20260913_182435,2019642,2019642,2026-09-13,exact,high,trip_id+canonical_service_date,"[""GTFS-RT trip_id equals static trips.txt trip_id"",""canonical service date""]","[""2019642""]",[],[],exact,not_applicable
bart_live_20260913_182435,2019643,2019643,2026-09-13,exact,high,trip_id+canonical_service_date,"[""GTFS-RT trip_id equals static trips.txt trip_id"",""canonical service date""]","[""2019643""]",[],[],exact,not_applicable
bart_live_20260913_182435,2019644,2019644,2026-09-13,exact,high,trip_id+canonical_service_date,"[""GTFS-RT trip_id equals static trips.txt trip_id"",""canonical service date""]","[""2019644""]",[],[],exact,not_applicable
bart_live_20260913_182435,2019569,2019569,2026-09-13,exact,high,trip_id+canonical_service_date,"[""GTFS-RT trip_id equals static trips.txt trip_id"",""canonical service date""]","[""2019569""]",[],[],exact,not_applicable
bart_live_20260913_182435,2019645,2019645,2026-09-13,exact,high,trip_id+canonical_service_date,"[""GTFS-RT trip_id equals static trips.txt trip_id"",""canonical service date""]","[""2019645""]",[],[],exact,not_applicable
bart_live_20260913_182435,2019570,2019570,2026-09-13,exact,high,trip_id+canonical_service_date,"[""GTFS-RT trip_id equals static trips.txt trip_id"",""canonical service date""]","[""2019570""]",[],[],exact,not_applicable
bart_live_20260913_182435,2019571,2019571,2026-09-13,exact,high,trip_id+canonical_service_date,"[""GTFS-RT trip_id equals static trips.txt trip_id"",""canonical service date""]","[""2019571""]",[],[],exact,not_applicable
bart_live_20260913_182435,2019572,2019572,2026-09-13,exact,high,trip_id+canonical_service_date,"[""GTFS-RT trip_id equals static trips.txt trip_id"",""canonical service date""]","[""2019572""]",[],[],exact,not_applicable
bart_live_20260913_182435,2019573,2019573,2026-09-13,exact,high,trip_id+canonical_service_date,"[""GTFS-RT trip_id equals static trips.txt trip_id"",""canonical service date""]","[""2019573""]",[],[],exact,not_applicable
bart_live_20260913_182435,2019640,2019640,2026-09-13,exact,high,trip_id+canonical_service_date,"[""GTFS-RT trip_id equals static trips.txt trip_id"",""canonical service date""]","[""2019640""]",[],[],exact,not_applicable
bart_live_20260913_182435,2019532,2019532,2026-09-13,exact,high,trip_id+canonical_service_date,"[""GTFS-RT trip_id equals static trips.txt trip_id"",""canonical service date""]","[""2019532""]",[],[],exact,not_applicable
bart_live_20260913_182435,2019995,2019995,2026-09-13,exact,high,trip_id+canonical_service_date,"[""GTFS-RT trip_id equals static trips.txt trip_id"",""canonical service date""]","[""2019995""]",[],[],exact,not_applicable
bart_live_20260913_182435,2020029,2020029,2026-09-13,exact,high,trip_id+canonical_service_date,"[""GTFS-RT trip_id equals static trips.txt trip_id"",""canonical service date""]","[""2020029""]",[],[],exact,not_applicable
bart_live_20260913_182435,2020030,2020030,2026-09-13,exact,high,trip_id+canonical_service_date,"[""GTFS-RT trip_id equals static trips.txt trip_id"",""canonical service date""]","[""2020030""]",[],[],exact,not_applicable
bart_live_20260913_182435,2020031,2020031,2026-09-13,exact,high,trip_id+canonical_service_date,"[""GTFS-RT trip_id equals static trips.txt trip_id"",""canonical service date""]","[""2020031""]",[],[],exact,not_applicable
bart_live_20260913_182435,2019990,2019990,2026-09-13,exact,high,trip_id+canonical_service_date,"[""GTFS-RT trip_id equals static trips.txt trip_id"",""canonical service date""]","[""2019990""]",[],[],exact,not_applicable
bart_live_20260913_182435,2020032,2020032,2026-09-13,exact,high,trip_id+canonical_service_date,"[""GTFS-RT trip_id equals static trips.txt trip_id"",""canonical service date""]","[""2020032""]",[],[],exact,not_applicable
bart_live_20260913_182435,2019991,2019991,2026-09-13,exact,high,trip_id+canonical_service_date,"[""GTFS-RT trip_id equals static trips.txt trip_id"",""canonical service date""]","[""2019991""]",[],[],exact,not_applicable
bart_live_20260913_182435,2020033,2020033,2026-09-13,exact,high,trip_id+canonical_service_date,"[""GTFS-RT trip_id equals static trips.txt trip_id"",""canonical service date""]","[""2020033""]",[],[],exact,not_applicable
bart_live_20260913_182435,2019992,2019992,2026-09-13,exact,high,trip_id+canonical_service_date,"[""GTFS-RT trip_id equals static trips.txt trip_id"",""canonical service date""]","[""2019992""]",[],[],exact,not_applicable
bart_live_20260913_182435,2019993,2019993,2026-09-13,exact,high,trip_id+canonical_service_date,"[""GTFS-RT trip_id equals static trips.txt trip_id"",""canonical service date""]","[""2019993""]",[],[],exact,not_applicable
bart_live_20260913_182435,2019994,2019994,2026-09-13,exact,high,trip_id+canonical_service_date,"[""GTFS-RT trip_id equals static trips.txt trip_id"",""canonical service date""]","[""2019994""]",[],[],exact,not_applicable
bart_live_20260913_182435,2020118,2020118,2026-09-13,exact,high,trip_id+canonical_service_date,"[""GTFS-RT trip_id equals static trips.txt trip_id"",""canonical service date""]","[""2020118""]",[],[],exact,not_applicable
bart_live_20260913_182435,2020119,2020119,2026-09-13,exact,high,trip_id+canonical_service_date,"[""GTFS-RT trip_id equals static trips.txt trip_id"",""canonical service date""]","[""2020119""]",[],[],exact,not_applicable
bart_live_20260913_182435,2020174,2020174,2026-09-13,exact,high,trip_id+canonical_service_date,"[""GTFS-RT trip_id equals static trips.txt trip_id"",""canonical service date""]","[""2020174""]",[],[],exact,not_applicable
bart_live_20260913_182435,2020120,2020120,2026-09-13,exact,high,trip_id+canonical_service_date,"[""GTFS-RT trip_id equals static trips.txt trip_id"",""canonical service date""]","[""2020120""]",[],[],exact,not_applicable
bart_live_20260913_182435,2020175,2020175,2026-09-13,exact,high,trip_id+canonical_service_date,"[""GTFS-RT trip_id equals static trips.txt trip_id"",""canonical service date""]","[""2020175""]",[],[],exact,not_applicable
bart_live_20260913_182435,2020176,2020176,2026-09-13,exact,high,trip_id+canonical_service_date,"[""GTFS-RT trip_id equals static trips.txt trip_id"",""canonical service date""]","[""2020176""]",[],[],exact,not_applicable
bart_live_20260913_182435,2020177,2020177,2026-09-13,exact,high,trip_id+canonical_service_date,"[""GTFS-RT trip_id equals static trips.txt trip_id"",""canonical service date""]","[""2020177""]",[],[],exact,not_applicable
bart_live_20260913_182435,2020115,2020115,2026-09-13,exact,high,trip_id+canonical_service_date,"[""GTFS-RT trip_id equals static trips.txt trip_id"",""canonical service date""]","[""2020115""]",[],[],exact,not_applicable
bart_live_20260913_182435,2020178,2020178,2026-09-13,exact,high,trip_id+canonical_service_date,"[""GTFS-RT trip_id equals static trips.txt trip_id"",""canonical service date""]","[""2020178""]",[],[],exact,not_applicable
bart_live_20260913_182435,2020116,2020116,2026-09-13,exact,high,trip_id+canonical_service_date,"[""GTFS-RT trip_id equals static trips.txt trip_id"",""canonical service date""]","[""2020116""]",[],[],exact,not_applicable
bart_live_20260913_182435,2020117,2020117,2026-09-13,exact,high,trip_id+canonical_service_date,"[""GTFS-RT trip_id equals static trips.txt trip_id"",""canonical service date""]","[""2020117""]",[],[],exact,not_applicable
bart_live_20260913_182435,682,682,2026-09-13,operational_telemetry,medium,bart_to_antioch_numeric_namespace_with_same_capture_counterpart_check,"[""numeric_600_799_namespace"",""BART note: BART-to-Antioch trip IDs are not coordinated with schedule trip IDs"",""mandatory electric transfer north of PITT""]",[],"[""2019641"",""2019642"",""2019643"",""2019644"",""2019573"",""2019640""]",[],no_static_counterpart,observed_candidate
bart_live_20260913_182435,684,684,2026-09-13,operational_telemetry,medium,bart_to_antioch_numeric_namespace_with_same_capture_counterpart_check,"[""numeric_600_799_namespace"",""BART note: BART-to-Antioch trip IDs are not coordinated with schedule trip IDs"",""mandatory electric transfer north of PITT""]",[],"[""2019645"",""2019532""]",[],no_static_counterpart,observed_candidate
bart_live_20260913_182435,686,686,2026-09-13,operational_telemetry,medium,bart_to_antioch_numeric_namespace_with_same_capture_counterpart_check,"[""numeric_600_799_namespace"",""BART note: BART-to-Antioch trip IDs are not coordinated with schedule trip IDs"",""mandatory electric transfer north of PITT""]",[],"[""2019533""]",[],no_static_counterpart,observed_candidate
bart_live_20260913_182435,687,687,2026-09-13,operational_telemetry,medium,bart_to_antioch_numeric_namespace_with_same_capture_counterpart_check,"[""numeric_600_799_namespace"",""BART note: BART-to-Antioch trip IDs are not coordinated with schedule trip IDs"",""mandatory electric transfer north of PITT""]",[],"[""2019641"",""2019642"",""2019643"",""2019644"",""2019573"",""2019640""]",[],no_static_counterpart,observed_candidate
bart_live_20260913_182435,688,688,2026-09-13,required_counterpart_not_observed,low,bart_to_antioch_numeric_namespace_with_same_capture_counterpart_check,"[""numeric_600_799_namespace"",""BART note: BART-to-Antioch trip IDs are not coordinated with schedule trip IDs"",""mandatory electric transfer north of PITT""]",[],[],[],no_static_counterpart,required_not_observed
bart_live_20260913_182435,689,689,2026-09-13,operational_telemetry,medium,bart_to_antioch_numeric_namespace_with_same_capture_counterpart_check,"[""numeric_600_799_namespace"",""BART note: BART-to-Antioch trip IDs are not coordinated with schedule trip IDs"",""mandatory electric transfer north of PITT""]",[],"[""2019645"",""2019532""]",[],no_static_counterpart,observed_candidate
bart_live_20260913_182435,690,690,2026-09-13,required_counterpart_not_observed,low,bart_to_antioch_numeric_namespace_with_same_capture_counterpart_check,"[""numeric_600_799_namespace"",""BART note: BART-to-Antioch trip IDs are not coordinated with schedule trip IDs"",""mandatory electric transfer north of PITT""]",[],[],[],no_static_counterpart,required_not_observed
bart_live_20260913_182435,691,691,2026-09-13,operational_telemetry,medium,bart_to_antioch_numeric_namespace_with_same_capture_counterpart_check,"[""numeric_600_799_namespace"",""BART note: BART-to-Antioch trip IDs are not coordinated with schedule trip IDs"",""mandatory electric transfer north of PITT""]",[],"[""2019533""]",[],no_static_counterpart,observed_candidate
bart_live_20260913_182435,693,693,2026-09-13,required_counterpart_not_observed,low,bart_to_antioch_numeric_namespace_with_same_capture_counterpart_check,"[""numeric_600_799_namespace"",""BART note: BART-to-Antioch trip IDs are not coordinated with schedule trip IDs"",""mandatory electric transfer north of PITT""]",[],[],[],no_static_counterpart,required_not_observed
bart_live_20260913_182435,695,695,2026-09-13,required_counterpart_not_observed,low,bart_to_antioch_numeric_namespace_with_same_capture_counterpart_check,"[""numeric_600_799_namespace"",""BART note: BART-to-Antioch trip IDs are not coordinated with schedule trip IDs"",""mandatory electric transfer north of PITT""]",[],[],[],no_static_counterpart,required_not_observed
bart_live_20260913_201652,2019718,2019718,2026-09-13,exact,high,trip_id+canonical_service_date,"[""GTFS-RT trip_id equals static trips.txt trip_id"",""canonical service date""]","[""2019718""]",[],[],exact,not_applicable
bart_live_20260913_201652,2019719,2019719,2026-09-13,exact,high,trip_id+canonical_service_date,"[""GTFS-RT trip_id equals static trips.txt trip_id"",""canonical service date""]","[""2019719""]",[],[],exact,not_applicable
bart_live_20260913_201652,2019720,2019720,2026-09-13,exact,high,trip_id+canonical_service_date,"[""GTFS-RT trip_id equals static trips.txt trip_id"",""canonical service date""]","[""2019720""]",[],[],exact,not_applicable
bart_live_20260913_201652,2019835,2019835,2026-09-13,exact,high,trip_id+canonical_service_date,"[""GTFS-RT trip_id equals static trips.txt trip_id"",""canonical service date""]","[""2019835""]",[],[],exact,not_applicable
bart_live_20260913_201652,2019721,2019721,2026-09-13,exact,high,trip_id+canonical_service_date,"[""GTFS-RT trip_id equals static trips.txt trip_id"",""canonical service date""]","[""2019721""]",[],[],exact,not_applicable
bart_live_20260913_201652,2019836,2019836,2026-09-13,exact,high,trip_id+canonical_service_date,"[""GTFS-RT trip_id equals static trips.txt trip_id"",""canonical service date""]","[""2019836""]",[],[],exact,not_applicable
bart_live_20260913_201652,2019722,2019722,2026-09-13,exact,high,trip_id+canonical_service_date,"[""GTFS-RT trip_id equals static trips.txt trip_id"",""canonical service date""]","[""2019722""]",[],[],exact,not_applicable
bart_live_20260913_201652,2019837,2019837,2026-09-13,exact,high,trip_id+canonical_service_date,"[""GTFS-RT trip_id equals static trips.txt trip_id"",""canonical service date""]","[""2019837""]",[],[],exact,not_applicable
bart_live_20260913_201652,2019838,2019838,2026-09-13,exact,high,trip_id+canonical_service_date,"[""GTFS-RT trip_id equals static trips.txt trip_id"",""canonical service date""]","[""2019838""]",[],[],exact,not_applicable
bart_live_20260913_201652,2019839,2019839,2026-09-13,exact,high,trip_id+canonical_service_date,"[""GTFS-RT trip_id equals static trips.txt trip_id"",""canonical service date""]","[""2019839""]",[],[],exact,not_applicable
bart_live_20260913_201652,2019741,2019741,2026-09-13,exact,high,trip_id+canonical_service_date,"[""GTFS-RT trip_id equals static trips.txt trip_id"",""canonical service date""]","[""2019741""]",[],[],exact,not_applicable
bart_live_20260913_201652,2019860,2019860,2026-09-13,exact,high,trip_id+canonical_service_date,"[""GTFS-RT trip_id equals static trips.txt trip_id"",""canonical service date""]","[""2019860""]",[],[],exact,not_applicable
bart_live_20260913_201652,2019740,2019740,2026-09-13,exact,high,trip_id+canonical_service_date,"[""GTFS-RT trip_id equals static trips.txt trip_id"",""canonical service date""]","[""2019740""]",[],[],exact,not_applicable
bart_live_20260913_201652,2019903,2019903,2026-09-13,exact,high,trip_id+canonical_service_date,"[""GTFS-RT trip_id equals static trips.txt trip_id"",""canonical service date""]","[""2019903""]",[],[],exact,not_applicable
bart_live_20260913_201652,2019785,2019785,2026-09-13,exact,high,trip_id+canonical_service_date,"[""GTFS-RT trip_id equals static trips.txt trip_id"",""canonical service date""]","[""2019785""]",[],[],exact,not_applicable
bart_live_20260913_201652,2019904,2019904,2026-09-13,exact,high,trip_id+canonical_service_date,"[""GTFS-RT trip_id equals static trips.txt trip_id"",""canonical service date""]","[""2019904""]",[],[],exact,not_applicable
bart_live_20260913_201652,2019533,2019533,2026-09-13,exact,high,trip_id+canonical_service_date,"[""GTFS-RT trip_id equals static trips.txt trip_id"",""canonical service date""]","[""2019533""]",[],[],exact,not_applicable
bart_live_20260913_201652,2019651,2019651,2026-09-13,exact,high,trip_id+canonical_service_date,"[""GTFS-RT trip_id equals static trips.txt trip_id"",""canonical service date""]","[""2019651""]",[],[],exact,not_applicable
bart_live_20260913_201652,2019574,2019574,2026-09-13,exact,high,trip_id+canonical_service_date,"[""GTFS-RT trip_id equals static trips.txt trip_id"",""canonical service date""]","[""2019574""]",[],[],exact,not_applicable
bart_live_20260913_201652,2019575,2019575,2026-09-13,exact,high,trip_id+canonical_service_date,"[""GTFS-RT trip_id equals static trips.txt trip_id"",""canonical service date""]","[""2019575""]",[],[],exact,not_applicable
bart_live_20260913_201652,2019576,2019576,2026-09-13,exact,high,trip_id+canonical_service_date,"[""GTFS-RT trip_id equals static trips.txt trip_id"",""canonical service date""]","[""2019576""]",[],[],exact,not_applicable
bart_live_20260913_201652,2019577,2019577,2026-09-13,exact,high,trip_id+canonical_service_date,"[""GTFS-RT trip_id equals static trips.txt trip_id"",""canonical service date""]","[""2019577""]",[],[],exact,not_applicable
bart_live_20260913_201652,2019647,2019647,2026-09-13,exact,high,trip_id+canonical_service_date,"[""GTFS-RT trip_id equals static trips.txt trip_id"",""canonical service date""]","[""2019647""]",[],[],exact,not_applicable
bart_live_20260913_201652,2019578,2019578,2026-09-13,exact,high,trip_id+canonical_service_date,"[""GTFS-RT trip_id equals static trips.txt trip_id"",""canonical service date""]","[""2019578""]",[],[],exact,not_applicable
bart_live_20260913_201652,2019648,2019648,2026-09-13,exact,high,trip_id+canonical_service_date,"[""GTFS-RT trip_id equals static trips.txt trip_id"",""canonical service date""]","[""2019648""]",[],[],exact,not_applicable
bart_live_20260913_201652,2019649,2019649,2026-09-13,exact,high,trip_id+canonical_service_date,"[""GTFS-RT trip_id equals static trips.txt trip_id"",""canonical service date""]","[""2019649""]",[],[],exact,not_applicable
bart_live_20260913_201652,2019646,2019646,2026-09-13,exact,high,trip_id+canonical_service_date,"[""GTFS-RT trip_id equals static trips.txt trip_id"",""canonical service date""]","[""2019646""]",[],[],exact,not_applicable
bart_live_20260913_201652,2019650,2019650,2026-09-13,exact,high,trip_id+canonical_service_date,"[""GTFS-RT trip_id equals static trips.txt trip_id"",""canonical service date""]","[""2019650""]",[],[],exact,not_applicable
bart_live_20260913_201652,2019663,2019663,2026-09-13,exact,high,trip_id+canonical_service_date,"[""GTFS-RT trip_id equals static trips.txt trip_id"",""canonical service date""]","[""2019663""]",[],[],exact,not_applicable
bart_live_20260913_201652,2020037,2020037,2026-09-13,exact,high,trip_id+canonical_service_date,"[""GTFS-RT trip_id equals static trips.txt trip_id"",""canonical service date""]","[""2020037""]",[],[],exact,not_applicable
bart_live_20260913_201652,2019996,2019996,2026-09-13,exact,high,trip_id+canonical_service_date,"[""GTFS-RT trip_id equals static trips.txt trip_id"",""canonical service date""]","[""2019996""]",[],[],exact,not_applicable
bart_live_20260913_201652,2020038,2020038,2026-09-13,exact,high,trip_id+canonical_service_date,"[""GTFS-RT trip_id equals static trips.txt trip_id"",""canonical service date""]","[""2020038""]",[],[],exact,not_applicable
bart_live_20260913_201652,2019997,2019997,2026-09-13,exact,high,trip_id+canonical_service_date,"[""GTFS-RT trip_id equals static trips.txt trip_id"",""canonical service date""]","[""2019997""]",[],[],exact,not_applicable
bart_live_20260913_201652,2020039,2020039,2026-09-13,exact,high,trip_id+canonical_service_date,"[""GTFS-RT trip_id equals static trips.txt trip_id"",""canonical service date""]","[""2020039""]",[],[],exact,not_applicable
bart_live_20260913_201652,2020034,2020034,2026-09-13,exact,high,trip_id+canonical_service_date,"[""GTFS-RT trip_id equals static trips.txt trip_id"",""canonical service date""]","[""2020034""]",[],[],exact,not_applicable
bart_live_20260913_201652,2020035,2020035,2026-09-13,exact,high,trip_id+canonical_service_date,"[""GTFS-RT trip_id equals static trips.txt trip_id"",""canonical service date""]","[""2020035""]",[],[],exact,not_applicable
bart_live_20260913_201652,2020036,2020036,2026-09-13,exact,high,trip_id+canonical_service_date,"[""GTFS-RT trip_id equals static trips.txt trip_id"",""canonical service date""]","[""2020036""]",[],[],exact,not_applicable
bart_live_20260913_201652,2020181,2020181,2026-09-13,exact,high,trip_id+canonical_service_date,"[""GTFS-RT trip_id equals static trips.txt trip_id"",""canonical service date""]","[""2020181""]",[],[],exact,not_applicable
bart_live_20260913_201652,2020182,2020182,2026-09-13,exact,high,trip_id+canonical_service_date,"[""GTFS-RT trip_id equals static trips.txt trip_id"",""canonical service date""]","[""2020182""]",[],[],exact,not_applicable
bart_live_20260913_201652,2020183,2020183,2026-09-13,exact,high,trip_id+canonical_service_date,"[""GTFS-RT trip_id equals static trips.txt trip_id"",""canonical service date""]","[""2020183""]",[],[],exact,not_applicable
bart_live_20260913_201652,2020121,2020121,2026-09-13,exact,high,trip_id+canonical_service_date,"[""GTFS-RT trip_id equals static trips.txt trip_id"",""canonical service date""]","[""2020121""]",[],[],exact,not_applicable
bart_live_20260913_201652,2020184,2020184,2026-09-13,exact,high,trip_id+canonical_service_date,"[""GTFS-RT trip_id equals static trips.txt trip_id"",""canonical service date""]","[""2020184""]",[],[],exact,not_applicable
bart_live_20260913_201652,2020122,2020122,2026-09-13,exact,high,trip_id+canonical_service_date,"[""GTFS-RT trip_id equals static trips.txt trip_id"",""canonical service date""]","[""2020122""]",[],[],exact,not_applicable
bart_live_20260913_201652,2020123,2020123,2026-09-13,exact,high,trip_id+canonical_service_date,"[""GTFS-RT trip_id equals static trips.txt trip_id"",""canonical service date""]","[""2020123""]",[],[],exact,not_applicable
bart_live_20260913_201652,2020124,2020124,2026-09-13,exact,high,trip_id+canonical_service_date,"[""GTFS-RT trip_id equals static trips.txt trip_id"",""canonical service date""]","[""2020124""]",[],[],exact,not_applicable
bart_live_20260913_201652,2020179,2020179,2026-09-13,exact,high,trip_id+canonical_service_date,"[""GTFS-RT trip_id equals static trips.txt trip_id"",""canonical service date""]","[""2020179""]",[],[],exact,not_applicable
bart_live_20260913_201652,2020125,2020125,2026-09-13,exact,high,trip_id+canonical_service_date,"[""GTFS-RT trip_id equals static trips.txt trip_id"",""canonical service date""]","[""2020125""]",[],[],exact,not_applicable
bart_live_20260913_201652,2020180,2020180,2026-09-13,exact,high,trip_id+canonical_service_date,"[""GTFS-RT trip_id equals static trips.txt trip_id"",""canonical service date""]","[""2020180""]",[],[],exact,not_applicable
bart_live_20260913_201652,694,694,2026-09-13,operational_telemetry,medium,bart_to_antioch_numeric_namespace_with_same_capture_counterpart_check,"[""numeric_600_799_namespace"",""BART note: BART-to-Antioch trip IDs are not coordinated with schedule trip IDs"",""mandatory electric transfer north of PITT""]",[],"[""2019577"",""2019647"",""2019648"",""2019649"",""2019646"",""2019650"",""2019645""]",[],no_static_counterpart,observed_candidate
bart_live_20260913_201652,696,696,2026-09-13,operational_telemetry,medium,bart_to_antioch_numeric_namespace_with_same_capture_counterpart_check,"[""numeric_600_799_namespace"",""BART note: BART-to-Antioch trip IDs are not coordinated with schedule trip IDs"",""mandatory electric transfer north of PITT""]",[],"[""2019651"",""2019578""]",[],no_static_counterpart,observed_candidate
bart_live_20260913_201652,698,698,2026-09-13,required_counterpart_not_observed,low,bart_to_antioch_numeric_namespace_with_same_capture_counterpart_check,"[""numeric_600_799_namespace"",""BART note: BART-to-Antioch trip IDs are not coordinated with schedule trip IDs"",""mandatory electric transfer north of PITT""]",[],[],[],no_static_counterpart,required_not_observed
bart_live_20260913_201652,699,699,2026-09-13,operational_telemetry,medium,bart_to_antioch_numeric_namespace_with_same_capture_counterpart_check,"[""numeric_600_799_namespace"",""BART note: BART-to-Antioch trip IDs are not coordinated with schedule trip IDs"",""mandatory electric transfer north of PITT""]",[],"[""2019577"",""2019647"",""2019648"",""2019649"",""2019646"",""2019650"",""2019645""]",[],no_static_counterpart,observed_candidate
bart_live_20260913_201652,700,700,2026-09-13,required_counterpart_not_observed,low,bart_to_antioch_numeric_namespace_with_same_capture_counterpart_check,"[""numeric_600_799_namespace"",""BART note: BART-to-Antioch trip IDs are not coordinated with schedule trip IDs"",""mandatory electric transfer north of PITT""]",[],[],[],no_static_counterpart,required_not_observed
bart_live_20260913_201652,701,701,2026-09-13,operational_telemetry,medium,bart_to_antioch_numeric_namespace_with_same_capture_counterpart_check,"[""numeric_600_799_namespace"",""BART note: BART-to-Antioch trip IDs are not coordinated with schedule trip IDs"",""mandatory electric transfer north of PITT""]",[],"[""2019651"",""2019578""]",[],no_static_counterpart,observed_candidate
bart_live_20260913_201652,702,702,2026-09-13,required_counterpart_not_observed,low,bart_to_antioch_numeric_namespace_with_same_capture_counterpart_check,"[""numeric_600_799_namespace"",""BART note: BART-to-Antioch trip IDs are not coordinated with schedule trip IDs"",""mandatory electric transfer north of PITT""]",[],[],[],no_static_counterpart,required_not_observed
bart_live_20260913_201652,703,703,2026-09-13,required_counterpart_not_observed,low,bart_to_antioch_numeric_namespace_with_same_capture_counterpart_check,"[""numeric_600_799_namespace"",""BART note: BART-to-Antioch trip IDs are not coordinated with schedule trip IDs"",""mandatory electric transfer north of PITT""]",[],[],[],no_static_counterpart,required_not_observed
bart_live_20260913_201652,705,705,2026-09-13,required_counterpart_not_observed,low,bart_to_antioch_numeric_namespace_with_same_capture_counterpart_check,"[""numeric_600_799_namespace"",""BART note: BART-to-Antioch trip IDs are not coordinated with schedule trip IDs"",""mandatory electric transfer north of PITT""]",[],[],[],no_static_counterpart,required_not_observed
bart_live_20260913_201652,707,707,2026-09-13,required_counterpart_not_observed,low,bart_to_antioch_numeric_namespace_with_same_capture_counterpart_check,"[""numeric_600_799_namespace"",""BART note: BART-to-Antioch trip IDs are not coordinated with schedule trip IDs"",""mandatory electric transfer north of PITT""]",[],[],[],no_static_counterpart,required_not_observed
bart_live_20260913_201652,2019645,2019645,2026-09-13,exact,high,trip_id+canonical_service_date,"[""GTFS-RT trip_id equals static trips.txt trip_id"",""canonical service date""]","[""2019645""]",[],[],exact,not_applicable
bart_live_terminals_20260911_183436,1965570,1965570,2026-09-11,exact,high,trip_id+canonical_service_date,"[""GTFS-RT trip_id equals static trips.txt trip_id"",""canonical service date""]","[""1965570""]",[],[],exact,not_applicable
bart_live_terminals_20260911_183436,1965571,1965571,2026-09-11,exact,high,trip_id+canonical_service_date,"[""GTFS-RT trip_id equals static trips.txt trip_id"",""canonical service date""]","[""1965571""]",[],[],exact,not_applicable
bart_live_terminals_20260911_183436,1965572,1965572,2026-09-11,exact,high,trip_id+canonical_service_date,"[""GTFS-RT trip_id equals static trips.txt trip_id"",""canonical service date""]","[""1965572""]",[],[],exact,not_applicable
bart_live_terminals_20260911_183436,1965523,1965523,2026-09-11,exact,high,trip_id+canonical_service_date,"[""GTFS-RT trip_id equals static trips.txt trip_id"",""canonical service date""]","[""1965523""]",[],[],exact,not_applicable
bart_live_terminals_20260911_183436,1965573,1965573,2026-09-11,exact,high,trip_id+canonical_service_date,"[""GTFS-RT trip_id equals static trips.txt trip_id"",""canonical service date""]","[""1965573""]",[],[],exact,not_applicable
bart_live_terminals_20260911_183436,1965524,1965524,2026-09-11,exact,high,trip_id+canonical_service_date,"[""GTFS-RT trip_id equals static trips.txt trip_id"",""canonical service date""]","[""1965524""]",[],[],exact,not_applicable
bart_live_terminals_20260911_183436,1965574,1965574,2026-09-11,exact,high,trip_id+canonical_service_date,"[""GTFS-RT trip_id equals static trips.txt trip_id"",""canonical service date""]","[""1965574""]",[],[],exact,not_applicable
bart_live_terminals_20260911_183436,1965525,1965525,2026-09-11,exact,high,trip_id+canonical_service_date,"[""GTFS-RT trip_id equals static trips.txt trip_id"",""canonical service date""]","[""1965525""]",[],[],exact,not_applicable
bart_live_terminals_20260911_183436,1965526,1965526,2026-09-11,exact,high,trip_id+canonical_service_date,"[""GTFS-RT trip_id equals static trips.txt trip_id"",""canonical service date""]","[""1965526""]",[],[],exact,not_applicable
bart_live_terminals_20260911_183436,1965528,1965528,2026-09-11,exact,high,trip_id+canonical_service_date,"[""GTFS-RT trip_id equals static trips.txt trip_id"",""canonical service date""]","[""1965528""]",[],[],exact,not_applicable
bart_live_terminals_20260911_183436,1965567,1965567,2026-09-11,exact,high,trip_id+canonical_service_date,"[""GTFS-RT trip_id equals static trips.txt trip_id"",""canonical service date""]","[""1965567""]",[],[],exact,not_applicable
bart_live_terminals_20260911_183436,1965568,1965568,2026-09-11,exact,high,trip_id+canonical_service_date,"[""GTFS-RT trip_id equals static trips.txt trip_id"",""canonical service date""]","[""1965568""]",[],[],exact,not_applicable
bart_live_terminals_20260911_183436,1965569,1965569,2026-09-11,exact,high,trip_id+canonical_service_date,"[""GTFS-RT trip_id equals static trips.txt trip_id"",""canonical service date""]","[""1965569""]",[],[],exact,not_applicable
bart_live_terminals_20260911_183436,1965464,1965464,2026-09-11,exact,high,trip_id+canonical_service_date,"[""GTFS-RT trip_id equals static trips.txt trip_id"",""canonical service date""]","[""1965464""]",[],[],exact,not_applicable
bart_live_terminals_20260911_183436,1965465,1965465,2026-09-11,exact,high,trip_id+canonical_service_date,"[""GTFS-RT trip_id equals static trips.txt trip_id"",""canonical service date""]","[""1965465""]",[],[],exact,not_applicable
bart_live_terminals_20260911_183436,1965466,1965466,2026-09-11,exact,high,trip_id+canonical_service_date,"[""GTFS-RT trip_id equals static trips.txt trip_id"",""canonical service date""]","[""1965466""]",[],[],exact,not_applicable
bart_live_terminals_20260911_183436,1965467,1965467,2026-09-11,exact,high,trip_id+canonical_service_date,"[""GTFS-RT trip_id equals static trips.txt trip_id"",""canonical service date""]","[""1965467""]",[],[],exact,not_applicable
bart_live_terminals_20260911_183436,1965405,1965405,2026-09-11,exact,high,trip_id+canonical_service_date,"[""GTFS-RT trip_id equals static trips.txt trip_id"",""canonical service date""]","[""1965405""]",[],[],exact,not_applicable
bart_live_terminals_20260911_183436,1965406,1965406,2026-09-11,exact,high,trip_id+canonical_service_date,"[""GTFS-RT trip_id equals static trips.txt trip_id"",""canonical service date""]","[""1965406""]",[],[],exact,not_applicable
bart_live_terminals_20260911_183436,1965407,1965407,2026-09-11,exact,high,trip_id+canonical_service_date,"[""GTFS-RT trip_id equals static trips.txt trip_id"",""canonical service date""]","[""1965407""]",[],[],exact,not_applicable
bart_live_terminals_20260911_183436,1965408,1965408,2026-09-11,exact,high,trip_id+canonical_service_date,"[""GTFS-RT trip_id equals static trips.txt trip_id"",""canonical service date""]","[""1965408""]",[],[],exact,not_applicable
bart_live_terminals_20260911_183436,1965462,1965462,2026-09-11,exact,high,trip_id+canonical_service_date,"[""GTFS-RT trip_id equals static trips.txt trip_id"",""canonical service date""]","[""1965462""]",[],[],exact,not_applicable
bart_live_terminals_20260911_183436,1965409,1965409,2026-09-11,exact,high,trip_id+canonical_service_date,"[""GTFS-RT trip_id equals static trips.txt trip_id"",""canonical service date""]","[""1965409""]",[],[],exact,not_applicable
bart_live_terminals_20260911_183436,1965463,1965463,2026-09-11,exact,high,trip_id+canonical_service_date,"[""GTFS-RT trip_id equals static trips.txt trip_id"",""canonical service date""]","[""1965463""]",[],[],exact,not_applicable
bart_live_terminals_20260911_183436,1965277,1965277,2026-09-11,exact,high,trip_id+canonical_service_date,"[""GTFS-RT trip_id equals static trips.txt trip_id"",""canonical service date""]","[""1965277""]",[],[],exact,not_applicable
bart_live_terminals_20260911_183436,1965118,1965118,2026-09-11,exact,high,trip_id+canonical_service_date,"[""GTFS-RT trip_id equals static trips.txt trip_id"",""canonical service date""]","[""1965118""]",[],[],exact,not_applicable
bart_live_terminals_20260911_183436,1965308,1965308,2026-09-11,exact,high,trip_id+canonical_service_date,"[""GTFS-RT trip_id equals static trips.txt trip_id"",""canonical service date""]","[""1965308""]",[],[],exact,not_applicable
bart_live_terminals_20260911_183436,1965205,1965205,2026-09-11,exact,high,trip_id+canonical_service_date,"[""GTFS-RT trip_id equals static trips.txt trip_id"",""canonical service date""]","[""1965205""]",[],[],exact,not_applicable
bart_live_terminals_20260911_183436,1965278,1965278,2026-09-11,exact,high,trip_id+canonical_service_date,"[""GTFS-RT trip_id equals static trips.txt trip_id"",""canonical service date""]","[""1965278""]",[],[],exact,not_applicable
bart_live_terminals_20260911_183436,1965119,1965119,2026-09-11,exact,high,trip_id+canonical_service_date,"[""GTFS-RT trip_id equals static trips.txt trip_id"",""canonical service date""]","[""1965119""]",[],[],exact,not_applicable
bart_live_terminals_20260911_183436,1965309,1965309,2026-09-11,exact,high,trip_id+canonical_service_date,"[""GTFS-RT trip_id equals static trips.txt trip_id"",""canonical service date""]","[""1965309""]",[],[],exact,not_applicable
bart_live_terminals_20260911_183436,1965279,1965279,2026-09-11,exact,high,trip_id+canonical_service_date,"[""GTFS-RT trip_id equals static trips.txt trip_id"",""canonical service date""]","[""1965279""]",[],[],exact,not_applicable
bart_live_terminals_20260911_183436,1965299,1965299,2026-09-11,exact,high,trip_id+canonical_service_date,"[""GTFS-RT trip_id equals static trips.txt trip_id"",""canonical service date""]","[""1965299""]",[],[],exact,not_applicable
bart_live_terminals_20260911_183436,1965280,1965280,2026-09-11,exact,high,trip_id+canonical_service_date,"[""GTFS-RT trip_id equals static trips.txt trip_id"",""canonical service date""]","[""1965280""]",[],[],exact,not_applicable
bart_live_terminals_20260911_183436,1965300,1965300,2026-09-11,exact,high,trip_id+canonical_service_date,"[""GTFS-RT trip_id equals static trips.txt trip_id"",""canonical service date""]","[""1965300""]",[],[],exact,not_applicable
bart_live_terminals_20260911_183436,1965281,1965281,2026-09-11,exact,high,trip_id+canonical_service_date,"[""GTFS-RT trip_id equals static trips.txt trip_id"",""canonical service date""]","[""1965281""]",[],[],exact,not_applicable
bart_live_terminals_20260911_183436,1965200,1965200,2026-09-11,exact,high,trip_id+canonical_service_date,"[""GTFS-RT trip_id equals static trips.txt trip_id"",""canonical service date""]","[""1965200""]",[],[],exact,not_applicable
bart_live_terminals_20260911_183436,1965341,1965341,2026-09-11,exact,high,trip_id+canonical_service_date,"[""GTFS-RT trip_id equals static trips.txt trip_id"",""canonical service date""]","[""1965341""]",[],[],exact,not_applicable
bart_live_terminals_20260911_183436,1965158,1965158,2026-09-11,exact,high,trip_id+canonical_service_date,"[""GTFS-RT trip_id equals static trips.txt trip_id"",""canonical service date""]","[""1965158""]",[],[],exact,not_applicable
bart_live_terminals_20260911_183436,1965282,1965282,2026-09-11,exact,high,trip_id+canonical_service_date,"[""GTFS-RT trip_id equals static trips.txt trip_id"",""canonical service date""]","[""1965282""]",[],[],exact,not_applicable
bart_live_terminals_20260911_183436,1965201,1965201,2026-09-11,exact,high,trip_id+canonical_service_date,"[""GTFS-RT trip_id equals static trips.txt trip_id"",""canonical service date""]","[""1965201""]",[],[],exact,not_applicable
bart_live_terminals_20260911_183436,1965159,1965159,2026-09-11,exact,high,trip_id+canonical_service_date,"[""GTFS-RT trip_id equals static trips.txt trip_id"",""canonical service date""]","[""1965159""]",[],[],exact,not_applicable
bart_live_terminals_20260911_183436,1965283,1965283,2026-09-11,exact,high,trip_id+canonical_service_date,"[""GTFS-RT trip_id equals static trips.txt trip_id"",""canonical service date""]","[""1965283""]",[],[],exact,not_applicable
bart_live_terminals_20260911_183436,1965202,1965202,2026-09-11,exact,high,trip_id+canonical_service_date,"[""GTFS-RT trip_id equals static trips.txt trip_id"",""canonical service date""]","[""1965202""]",[],[],exact,not_applicable
bart_live_terminals_20260911_183436,1965160,1965160,2026-09-11,exact,high,trip_id+canonical_service_date,"[""GTFS-RT trip_id equals static trips.txt trip_id"",""canonical service date""]","[""1965160""]",[],[],exact,not_applicable
bart_live_terminals_20260911_183436,1965203,1965203,2026-09-11,exact,high,trip_id+canonical_service_date,"[""GTFS-RT trip_id equals static trips.txt trip_id"",""canonical service date""]","[""1965203""]",[],[],exact,not_applicable
bart_live_terminals_20260911_183436,1965161,1965161,2026-09-11,exact,high,trip_id+canonical_service_date,"[""GTFS-RT trip_id equals static trips.txt trip_id"",""canonical service date""]","[""1965161""]",[],[],exact,not_applicable
bart_live_terminals_20260911_183436,1965204,1965204,2026-09-11,exact,high,trip_id+canonical_service_date,"[""GTFS-RT trip_id equals static trips.txt trip_id"",""canonical service date""]","[""1965204""]",[],[],exact,not_applicable
bart_live_terminals_20260911_183436,1965162,1965162,2026-09-11,exact,high,trip_id+canonical_service_date,"[""GTFS-RT trip_id equals static trips.txt trip_id"",""canonical service date""]","[""1965162""]",[],[],exact,not_applicable
bart_live_terminals_20260911_183436,1965705,1965705,2026-09-11,exact,high,trip_id+canonical_service_date,"[""GTFS-RT trip_id equals static trips.txt trip_id"",""canonical service date""]","[""1965705""]",[],[],exact,not_applicable
bart_live_terminals_20260911_183436,1965706,1965706,2026-09-11,exact,high,trip_id+canonical_service_date,"[""GTFS-RT trip_id equals static trips.txt trip_id"",""canonical service date""]","[""1965706""]",[],[],exact,not_applicable
bart_live_terminals_20260911_183436,1965661,1965661,2026-09-11,exact,high,trip_id+canonical_service_date,"[""GTFS-RT trip_id equals static trips.txt trip_id"",""canonical service date""]","[""1965661""]",[],[],exact,not_applicable
bart_live_terminals_20260911_183436,1965707,1965707,2026-09-11,exact,high,trip_id+canonical_service_date,"[""GTFS-RT trip_id equals static trips.txt trip_id"",""canonical service date""]","[""1965707""]",[],[],exact,not_applicable
bart_live_terminals_20260911_183436,1965662,1965662,2026-09-11,exact,high,trip_id+canonical_service_date,"[""GTFS-RT trip_id equals static trips.txt trip_id"",""canonical service date""]","[""1965662""]",[],[],exact,not_applicable
bart_live_terminals_20260911_183436,1965708,1965708,2026-09-11,exact,high,trip_id+canonical_service_date,"[""GTFS-RT trip_id equals static trips.txt trip_id"",""canonical service date""]","[""1965708""]",[],[],exact,not_applicable
bart_live_terminals_20260911_183436,1965663,1965663,2026-09-11,exact,high,trip_id+canonical_service_date,"[""GTFS-RT trip_id equals static trips.txt trip_id"",""canonical service date""]","[""1965663""]",[],[],exact,not_applicable
bart_live_terminals_20260911_183436,1965664,1965664,2026-09-11,exact,high,trip_id+canonical_service_date,"[""GTFS-RT trip_id equals static trips.txt trip_id"",""canonical service date""]","[""1965664""]",[],[],exact,not_applicable
bart_live_terminals_20260911_183436,1965702,1965702,2026-09-11,exact,high,trip_id+canonical_service_date,"[""GTFS-RT trip_id equals static trips.txt trip_id"",""canonical service date""]","[""1965702""]",[],[],exact,not_applicable
bart_live_terminals_20260911_183436,1965665,1965665,2026-09-11,exact,high,trip_id+canonical_service_date,"[""GTFS-RT trip_id equals static trips.txt trip_id"",""canonical service date""]","[""1965665""]",[],[],exact,not_applicable
bart_live_terminals_20260911_183436,1965703,1965703,2026-09-11,exact,high,trip_id+canonical_service_date,"[""GTFS-RT trip_id equals static trips.txt trip_id"",""canonical service date""]","[""1965703""]",[],[],exact,not_applicable
bart_live_terminals_20260911_183436,1965666,1965666,2026-09-11,exact,high,trip_id+canonical_service_date,"[""GTFS-RT trip_id equals static trips.txt trip_id"",""canonical service date""]","[""1965666""]",[],[],exact,not_applicable
bart_live_terminals_20260911_183436,1965704,1965704,2026-09-11,exact,high,trip_id+canonical_service_date,"[""GTFS-RT trip_id equals static trips.txt trip_id"",""canonical service date""]","[""1965704""]",[],[],exact,not_applicable
bart_live_terminals_20260911_183436,1965799,1965799,2026-09-11,exact,high,trip_id+canonical_service_date,"[""GTFS-RT trip_id equals static trips.txt trip_id"",""canonical service date""]","[""1965799""]",[],[],exact,not_applicable
bart_live_terminals_20260911_183436,1965800,1965800,2026-09-11,exact,high,trip_id+canonical_service_date,"[""GTFS-RT trip_id equals static trips.txt trip_id"",""canonical service date""]","[""1965800""]",[],[],exact,not_applicable
bart_live_terminals_20260911_183436,505172230,505172230,2026-09-11,realtime_only,low,no_static_trip_id_match,"[""GTFS-RT update retained"",""no static GTFS trip_id match""]",[],[],[],no_static_counterpart,not_applicable
bart_live_terminals_20260911_183436,1965801,1965801,2026-09-11,exact,high,trip_id+canonical_service_date,"[""GTFS-RT trip_id equals static trips.txt trip_id"",""canonical service date""]","[""1965801""]",[],[],exact,not_applicable
bart_live_terminals_20260911_183436,1965854,1965854,2026-09-11,exact,high,trip_id+canonical_service_date,"[""GTFS-RT trip_id equals static trips.txt trip_id"",""canonical service date""]","[""1965854""]",[],[],exact,not_applicable
bart_live_terminals_20260911_183436,1965802,1965802,2026-09-11,exact,high,trip_id+canonical_service_date,"[""GTFS-RT trip_id equals static trips.txt trip_id"",""canonical service date""]","[""1965802""]",[],[],exact,not_applicable
bart_live_terminals_20260911_183436,1965855,1965855,2026-09-11,exact,high,trip_id+canonical_service_date,"[""GTFS-RT trip_id equals static trips.txt trip_id"",""canonical service date""]","[""1965855""]",[],[],exact,not_applicable
bart_live_terminals_20260911_183436,1965856,1965856,2026-09-11,exact,high,trip_id+canonical_service_date,"[""GTFS-RT trip_id equals static trips.txt trip_id"",""canonical service date""]","[""1965856""]",[],[],exact,not_applicable
bart_live_terminals_20260911_183436,1965857,1965857,2026-09-11,exact,high,trip_id+canonical_service_date,"[""GTFS-RT trip_id equals static trips.txt trip_id"",""canonical service date""]","[""1965857""]",[],[],exact,not_applicable
bart_live_terminals_20260911_183436,1965798,1965798,2026-09-11,exact,high,trip_id+canonical_service_date,"[""GTFS-RT trip_id equals static trips.txt trip_id"",""canonical service date""]","[""1965798""]",[],[],exact,not_applicable
bart_live_terminals_20260911_183436,1965858,1965858,2026-09-11,exact,high,trip_id+canonical_service_date,"[""GTFS-RT trip_id equals static trips.txt trip_id"",""canonical service date""]","[""1965858""]",[],[],exact,not_applicable
bart_live_terminals_20260911_183436,690,690,2026-09-11,operational_telemetry,medium,bart_to_antioch_numeric_namespace_with_same_capture_counterpart_check,"[""numeric_600_799_namespace"",""BART note: BART-to-Antioch trip IDs are not coordinated with schedule trip IDs"",""mandatory electric transfer north of PITT""]",[],"[""1965277"",""1965278"",""1965279"",""1965280"",""1965281"",""1965282"",""1965162""]",[],no_static_counterpart,observed_candidate
bart_live_terminals_20260911_183436,692,692,2026-09-11,operational_telemetry,medium,bart_to_antioch_numeric_namespace_with_same_capture_counterpart_check,"[""numeric_600_799_namespace"",""BART note: BART-to-Antioch trip IDs are not coordinated with schedule trip IDs"",""mandatory electric transfer north of PITT""]",[],"[""1965118"",""1965205"",""1965119"",""1965283""]",[],no_static_counterpart,observed_candidate
bart_live_terminals_20260911_183436,694,694,2026-09-11,operational_telemetry,medium,bart_to_antioch_numeric_namespace_with_same_capture_counterpart_check,"[""numeric_600_799_namespace"",""BART note: BART-to-Antioch trip IDs are not coordinated with schedule trip IDs"",""mandatory electric transfer north of PITT""]",[],"[""1965119""]",[],no_static_counterpart,observed_candidate
bart_live_terminals_20260911_183436,695,695,2026-09-11,operational_telemetry,medium,bart_to_antioch_numeric_namespace_with_same_capture_counterpart_check,"[""numeric_600_799_namespace"",""BART note: BART-to-Antioch trip IDs are not coordinated with schedule trip IDs"",""mandatory electric transfer north of PITT""]",[],"[""1965277"",""1965278"",""1965279"",""1965280"",""1965281"",""1965282"",""1965162""]",[],no_static_counterpart,observed_candidate
bart_live_terminals_20260911_183436,696,696,2026-09-11,required_counterpart_not_observed,low,bart_to_antioch_numeric_namespace_with_same_capture_counterpart_check,"[""numeric_600_799_namespace"",""BART note: BART-to-Antioch trip IDs are not coordinated with schedule trip IDs"",""mandatory electric transfer north of PITT""]",[],[],[],no_static_counterpart,required_not_observed
bart_live_terminals_20260911_183436,697,697,2026-09-11,operational_telemetry,medium,bart_to_antioch_numeric_namespace_with_same_capture_counterpart_check,"[""numeric_600_799_namespace"",""BART note: BART-to-Antioch trip IDs are not coordinated with schedule trip IDs"",""mandatory electric transfer north of PITT""]",[],"[""1965277"",""1965278"",""1965279"",""1965280"",""1965281"",""1965282"",""1965162""]",[],no_static_counterpart,observed_candidate
bart_live_terminals_20260911_183436,699,699,2026-09-11,operational_telemetry,medium,bart_to_antioch_numeric_namespace_with_same_capture_counterpart_check,"[""numeric_600_799_namespace"",""BART note: BART-to-Antioch trip IDs are not coordinated with schedule trip IDs"",""mandatory electric transfer north of PITT""]",[],"[""1965118"",""1965205"",""1965119"",""1965283""]",[],no_static_counterpart,observed_candidate
bart_live_terminals_20260911_183436,701,701,2026-09-11,operational_telemetry,medium,bart_to_antioch_numeric_namespace_with_same_capture_counterpart_check,"[""numeric_600_799_namespace"",""BART note: BART-to-Antioch trip IDs are not coordinated with schedule trip IDs"",""mandatory electric transfer north of PITT""]",[],"[""1965119""]",[],no_static_counterpart,observed_candidate
bart_live_terminals_20260911_183436,703,703,2026-09-11,required_counterpart_not_observed,low,bart_to_antioch_numeric_namespace_with_same_capture_counterpart_check,"[""numeric_600_799_namespace"",""BART note: BART-to-Antioch trip IDs are not coordinated with schedule trip IDs"",""mandatory electric transfer north of PITT""]",[],[],[],no_static_counterpart,required_not_observed
bart_live_terminals_20260911_183436,705,705,2026-09-11,required_counterpart_not_observed,low,bart_to_antioch_numeric_namespace_with_same_capture_counterpart_check,"[""numeric_600_799_namespace"",""BART note: BART-to-Antioch trip IDs are not coordinated with schedule trip IDs"",""mandatory electric transfer north of PITT""]",[],[],[],no_static_counterpart,required_not_observed
bart_live_terminals_20260911_183436,1965852,1965852,2026-09-11,exact,high,trip_id+canonical_service_date,"[""GTFS-RT trip_id equals static trips.txt trip_id"",""canonical service date""]","[""1965852""]",[],[],exact,not_applicable
