capture_id,service_date,service_kind,entity_id,trip_id,direction,station,pdf_station_column,stop_id,static_scheduled_time,pdf_time,pdf_row_id,pdf_page,pdf_schedule_seconds,gtfsrt_event_time,static_vs_pdf_seconds,gtfsrt_vs_pdf_seconds,late_night_pdf_row,match_method
bart_live_20260911_161720,2026-09-11,weekday,1965153,1965153,S,19TH,19TH,K20-2,16:18:00,4:18 PM,3296,1,58680,2026-09-11T23:19:09+00:00,0,69,False,nearest_pdf_time_to_static_stop_time
bart_live_20260911_161720,2026-09-11,weekday,1965153,1965153,S,12TH,12TH,K10-2,16:20:00,4:20 PM,3296,1,58800,2026-09-11T23:21:09+00:00,0,69,False,nearest_pdf_time_to_static_stop_time
bart_live_20260911_161720,2026-09-11,weekday,1965153,1965153,S,WOAK,WOAK,M10-1,16:25:00,4:25 PM,3296,1,59100,2026-09-11T23:25:39+00:00,0,39,False,nearest_pdf_time_to_static_stop_time
bart_live_20260911_161720,2026-09-11,weekday,1965153,1965153,S,EMBR,EMBR,M16-1,16:32:00,4:32 PM,3296,1,59520,2026-09-11T23:32:39+00:00,0,39,False,nearest_pdf_time_to_static_stop_time
bart_live_20260911_161720,2026-09-11,weekday,1965153,1965153,S,MONT,MONT,M20-1,16:33:00,4:33 PM,3296,1,59580,2026-09-11T23:34:15+00:00,0,75,False,nearest_pdf_time_to_static_stop_time
bart_live_20260911_161720,2026-09-11,weekday,1965153,1965153,S,POWL,POWL,M30-1,16:35:00,4:35 PM,3296,1,59700,2026-09-11T23:35:57+00:00,0,57,False,nearest_pdf_time_to_static_stop_time
bart_live_20260911_161720,2026-09-11,weekday,1965153,1965153,S,CIVC,CIVC,M40-1,16:37:00,4:37 PM,3296,1,59820,2026-09-11T23:37:33+00:00,0,33,False,nearest_pdf_time_to_static_stop_time
bart_live_20260911_161720,2026-09-11,weekday,1965153,1965153,S,16TH,16TH,M50-1,16:39:00,4:39 PM,3296,1,59940,2026-09-11T23:39:51+00:00,0,51,False,nearest_pdf_time_to_static_stop_time
bart_live_20260911_161720,2026-09-11,weekday,1965153,1965153,S,24TH,24TH,M60-1,16:41:00,4:41 PM,3296,1,60060,2026-09-11T23:41:51+00:00,0,51,False,nearest_pdf_time_to_static_stop_time
bart_live_20260911_161720,2026-09-11,weekday,1965153,1965153,S,GLEN,GLEN,M70-1,16:44:00,4:44 PM,3296,1,60240,2026-09-11T23:44:39+00:00,0,39,False,nearest_pdf_time_to_static_stop_time
bart_live_20260911_161720,2026-09-11,weekday,1965153,1965153,S,BALB,BALB,M80-1,16:46:00,4:46 PM,3296,1,60360,2026-09-11T23:46:57+00:00,0,57,False,nearest_pdf_time_to_static_stop_time
bart_live_20260911_161720,2026-09-11,weekday,1965153,1965153,S,DALY,DALY,M90-1,16:50:00,4:50 PM,3296,1,60600,2026-09-11T23:51:24+00:00,0,84,False,nearest_pdf_time_to_static_stop_time
bart_live_20260911_161720,2026-09-11,weekday,1965153,1965153,S,COLM,COLM,W10-1,16:54:00,4:54 PM,3296,1,60840,2026-09-11T23:55:18+00:00,0,78,False,nearest_pdf_time_to_static_stop_time
bart_live_20260911_161720,2026-09-11,weekday,1965153,1965153,S,SSAN,SSAN,W20-1,16:57:00,4:57 PM,3296,1,61020,2026-09-11T23:58:18+00:00,0,78,False,nearest_pdf_time_to_static_stop_time
bart_live_20260911_161720,2026-09-11,weekday,1965153,1965153,S,SBRN,SBRN,W30-1,17:01:00,5:01 PM,3296,1,61260,2026-09-12T00:01:30+00:00,0,30,False,nearest_pdf_time_to_static_stop_time
bart_live_20260911_161720,2026-09-11,weekday,1965196,1965196,S,ROCK,ROCK,C10-2,16:19:00,4:19 PM,3348,1,58740,2026-09-11T23:21:00+00:00,0,120,False,nearest_pdf_time_to_static_stop_time
bart_live_20260911_161720,2026-09-11,weekday,1965196,1965196,S,MCAR,MCAR,K30-4,16:23:00,4:23 PM,3348,1,58980,2026-09-11T23:23:37+00:00,0,37,False,nearest_pdf_time_to_static_stop_time
bart_live_20260911_161720,2026-09-11,weekday,1965196,1965196,S,19TH,19TH,K20-2,16:27:00,4:27 PM,3348,1,59220,2026-09-11T23:27:25+00:00,0,25,False,nearest_pdf_time_to_static_stop_time
bart_live_20260911_161720,2026-09-11,weekday,1965196,1965196,S,12TH,12TH,K10-2,16:29:00,4:29 PM,3348,1,59340,2026-09-11T23:29:41+00:00,0,41,False,nearest_pdf_time_to_static_stop_time
bart_live_20260911_161720,2026-09-11,weekday,1965196,1965196,S,WOAK,WOAK,M10-1,16:33:00,4:33 PM,3348,1,59580,2026-09-11T23:34:11+00:00,0,71,False,nearest_pdf_time_to_static_stop_time
bart_live_20260911_161720,2026-09-11,weekday,1965196,1965196,S,EMBR,EMBR,M16-1,16:40:00,4:40 PM,3348,1,60000,2026-09-11T23:41:11+00:00,0,71,False,nearest_pdf_time_to_static_stop_time
bart_live_20260911_161720,2026-09-11,weekday,1965196,1965196,S,MONT,MONT,M20-1,16:42:00,4:42 PM,3348,1,60120,2026-09-11T23:42:47+00:00,0,47,False,nearest_pdf_time_to_static_stop_time
bart_live_20260911_161720,2026-09-11,weekday,1965196,1965196,S,POWL,POWL,M30-1,16:43:00,4:43 PM,3348,1,60180,2026-09-11T23:44:29+00:00,0,89,False,nearest_pdf_time_to_static_stop_time
bart_live_20260911_161720,2026-09-11,weekday,1965196,1965196,S,CIVC,CIVC,M40-1,16:45:00,4:45 PM,3348,1,60300,2026-09-11T23:46:05+00:00,0,65,False,nearest_pdf_time_to_static_stop_time
bart_live_20260911_161720,2026-09-11,weekday,1965196,1965196,S,16TH,16TH,M50-1,16:47:00,4:47 PM,3348,1,60420,2026-09-11T23:48:23+00:00,0,83,False,nearest_pdf_time_to_static_stop_time
bart_live_20260911_161720,2026-09-11,weekday,1965196,1965196,S,24TH,24TH,M60-1,16:49:00,4:49 PM,3348,1,60540,2026-09-11T23:50:23+00:00,0,83,False,nearest_pdf_time_to_static_stop_time
bart_live_20260911_161720,2026-09-11,weekday,1965196,1965196,S,GLEN,GLEN,M70-1,16:52:00,4:52 PM,3348,1,60720,2026-09-11T23:53:11+00:00,0,71,False,nearest_pdf_time_to_static_stop_time
bart_live_20260911_161720,2026-09-11,weekday,1965196,1965196,S,BALB,BALB,M80-1,16:54:00,4:54 PM,3348,1,60840,2026-09-11T23:55:29+00:00,0,89,False,nearest_pdf_time_to_static_stop_time
bart_live_20260911_161720,2026-09-11,weekday,1965196,1965196,S,DALY,DALY,M90-1,16:59:00,4:59 PM,3348,1,61140,2026-09-11T23:59:56+00:00,0,56,False,nearest_pdf_time_to_static_stop_time
bart_live_20260911_161720,2026-09-11,weekday,1965196,1965196,S,COLM,COLM,W10-1,17:03:00,5:03 PM,3348,1,61380,2026-09-12T00:03:50+00:00,0,50,False,nearest_pdf_time_to_static_stop_time
bart_live_20260911_161720,2026-09-11,weekday,1965196,1965196,S,SSAN,SSAN,W20-1,17:06:00,5:06 PM,3348,1,61560,2026-09-12T00:06:50+00:00,0,50,False,nearest_pdf_time_to_static_stop_time
bart_live_20260911_161720,2026-09-11,weekday,1965196,1965196,S,SBRN,SBRN,W30-1,17:09:00,5:09 PM,3348,1,61740,2026-09-12T00:10:02+00:00,0,62,False,nearest_pdf_time_to_static_stop_time
bart_live_20260911_161720,2026-09-11,weekday,1965154,1965154,S,LAFY,LAFY,C30-2,16:20:00,4:20 PM,3400,1,58800,2026-09-11T23:21:10+00:00,0,70,False,nearest_pdf_time_to_static_stop_time
bart_live_20260911_161720,2026-09-11,weekday,1965154,1965154,S,ORIN,ORIN,C20-2,16:25:00,4:25 PM,3400,1,59100,2026-09-11T23:26:05+00:00,0,65,False,nearest_pdf_time_to_static_stop_time
bart_live_20260911_161720,2026-09-11,weekday,1965154,1965154,S,ROCK,ROCK,C10-2,16:31:00,4:31 PM,3400,1,59460,2026-09-11T23:31:50+00:00,0,50,False,nearest_pdf_time_to_static_stop_time
bart_live_20260911_161720,2026-09-11,weekday,1965154,1965154,S,MCAR,MCAR,K30-4,16:34:00,4:34 PM,3400,1,59640,2026-09-11T23:35:16+00:00,0,76,False,nearest_pdf_time_to_static_stop_time
bart_live_20260911_161720,2026-09-11,weekday,1965154,1965154,S,19TH,19TH,K20-2,16:38:00,4:38 PM,3400,1,59880,2026-09-11T23:39:03+00:00,0,63,False,nearest_pdf_time_to_static_stop_time
bart_live_20260911_161720,2026-09-11,weekday,1965154,1965154,S,12TH,12TH,K10-2,16:40:00,4:40 PM,3400,1,60000,2026-09-11T23:41:09+00:00,0,69,False,nearest_pdf_time_to_static_stop_time
bart_live_20260911_161720,2026-09-11,weekday,1965154,1965154,S,WOAK,WOAK,M10-1,16:45:00,4:45 PM,3400,1,60300,2026-09-11T23:45:39+00:00,0,39,False,nearest_pdf_time_to_static_stop_time
bart_live_20260911_161720,2026-09-11,weekday,1965154,1965154,S,EMBR,EMBR,M16-1,16:52:00,4:52 PM,3400,1,60720,2026-09-11T23:52:39+00:00,0,39,False,nearest_pdf_time_to_static_stop_time
bart_live_20260911_161720,2026-09-11,weekday,1965154,1965154,S,MONT,MONT,M20-1,16:53:00,4:53 PM,3400,1,60780,2026-09-11T23:54:15+00:00,0,75,False,nearest_pdf_time_to_static_stop_time
bart_live_20260911_161720,2026-09-11,weekday,1965154,1965154,S,POWL,POWL,M30-1,16:55:00,4:55 PM,3400,1,60900,2026-09-11T23:55:57+00:00,0,57,False,nearest_pdf_time_to_static_stop_time
bart_live_20260911_161720,2026-09-11,weekday,1965154,1965154,S,CIVC,CIVC,M40-1,16:57:00,4:57 PM,3400,1,61020,2026-09-11T23:57:33+00:00,0,33,False,nearest_pdf_time_to_static_stop_time
bart_live_20260911_161720,2026-09-11,weekday,1965154,1965154,S,16TH,16TH,M50-1,16:59:00,4:59 PM,3400,1,61140,2026-09-11T23:59:51+00:00,0,51,False,nearest_pdf_time_to_static_stop_time
bart_live_20260911_161720,2026-09-11,weekday,1965154,1965154,S,24TH,24TH,M60-1,17:01:00,5:01 PM,3400,1,61260,2026-09-12T00:01:51+00:00,0,51,False,nearest_pdf_time_to_static_stop_time
bart_live_20260911_161720,2026-09-11,weekday,1965154,1965154,S,GLEN,GLEN,M70-1,17:04:00,5:04 PM,3400,1,61440,2026-09-12T00:04:39+00:00,0,39,False,nearest_pdf_time_to_static_stop_time
bart_live_20260911_161720,2026-09-11,weekday,1965154,1965154,S,BALB,BALB,M80-1,17:06:00,5:06 PM,3400,1,61560,2026-09-12T00:06:57+00:00,0,57,False,nearest_pdf_time_to_static_stop_time
bart_live_20260911_161720,2026-09-11,weekday,1965154,1965154,S,DALY,DALY,M90-1,17:10:00,5:10 PM,3400,1,61800,2026-09-12T00:11:24+00:00,0,84,False,nearest_pdf_time_to_static_stop_time
bart_live_20260911_161720,2026-09-11,weekday,1965154,1965154,S,COLM,COLM,W10-1,17:14:00,5:14 PM,3400,1,62040,2026-09-12T00:15:18+00:00,0,78,False,nearest_pdf_time_to_static_stop_time
bart_live_20260911_161720,2026-09-11,weekday,1965154,1965154,S,SSAN,SSAN,W20-1,17:17:00,5:17 PM,3400,1,62220,2026-09-12T00:18:18+00:00,0,78,False,nearest_pdf_time_to_static_stop_time
bart_live_20260911_161720,2026-09-11,weekday,1965154,1965154,S,SBRN,SBRN,W30-1,17:21:00,5:21 PM,3400,1,62460,2026-09-12T00:21:30+00:00,0,30,False,nearest_pdf_time_to_static_stop_time
bart_live_20260911_161720,2026-09-11,weekday,1965197,1965197,S,PHIL,PHIL,C50-2,16:21:00,4:21 PM,3452,1,58860,2026-09-11T23:22:03+00:00,0,63,False,nearest_pdf_time_to_static_stop_time
bart_live_20260911_161720,2026-09-11,weekday,1965197,1965197,S,WCRK,WCRK,C40-2,16:24:00,4:24 PM,3452,1,59040,2026-09-11T23:25:01+00:00,0,61,False,nearest_pdf_time_to_static_stop_time
bart_live_20260911_161720,2026-09-11,weekday,1965197,1965197,S,LAFY,LAFY,C30-2,16:29:00,4:29 PM,3452,1,59340,2026-09-11T23:29:42+00:00,0,42,False,nearest_pdf_time_to_static_stop_time
bart_live_20260911_161720,2026-09-11,weekday,1965197,1965197,S,ORIN,ORIN,C20-2,16:34:00,4:34 PM,3452,1,59640,2026-09-11T23:34:37+00:00,0,37,False,nearest_pdf_time_to_static_stop_time
bart_live_20260911_161720,2026-09-11,weekday,1965197,1965197,S,ROCK,ROCK,C10-2,16:39:00,4:39 PM,3452,1,59940,2026-09-11T23:40:22+00:00,0,82,False,nearest_pdf_time_to_static_stop_time
bart_live_20260911_161720,2026-09-11,weekday,1965197,1965197,S,MCAR,MCAR,K30-4,16:43:00,4:43 PM,3452,1,60180,2026-09-11T23:43:48+00:00,0,48,False,nearest_pdf_time_to_static_stop_time
bart_live_20260911_161720,2026-09-11,weekday,1965197,1965197,S,19TH,19TH,K20-2,16:47:00,4:47 PM,3452,1,60420,2026-09-11T23:47:35+00:00,0,35,False,nearest_pdf_time_to_static_stop_time
bart_live_20260911_161720,2026-09-11,weekday,1965197,1965197,S,12TH,12TH,K10-2,16:49:00,4:49 PM,3452,1,60540,2026-09-11T23:49:41+00:00,0,41,False,nearest_pdf_time_to_static_stop_time
bart_live_20260911_161720,2026-09-11,weekday,1965197,1965197,S,WOAK,WOAK,M10-1,16:53:00,4:53 PM,3452,1,60780,2026-09-11T23:54:11+00:00,0,71,False,nearest_pdf_time_to_static_stop_time
bart_live_20260911_161720,2026-09-11,weekday,1965197,1965197,S,EMBR,EMBR,M16-1,17:00:00,5:00 PM,3452,1,61200,2026-09-12T00:01:11+00:00,0,71,False,nearest_pdf_time_to_static_stop_time
bart_live_20260911_161720,2026-09-11,weekday,1965197,1965197,S,MONT,MONT,M20-1,17:02:00,5:02 PM,3452,1,61320,2026-09-12T00:02:47+00:00,0,47,False,nearest_pdf_time_to_static_stop_time
bart_live_20260911_161720,2026-09-11,weekday,1965197,1965197,S,POWL,POWL,M30-1,17:03:00,5:03 PM,3452,1,61380,2026-09-12T00:04:29+00:00,0,89,False,nearest_pdf_time_to_static_stop_time
bart_live_20260911_161720,2026-09-11,weekday,1965197,1965197,S,CIVC,CIVC,M40-1,17:05:00,5:05 PM,3452,1,61500,2026-09-12T00:06:05+00:00,0,65,False,nearest_pdf_time_to_static_stop_time
bart_live_20260911_161720,2026-09-11,weekday,1965197,1965197,S,16TH,16TH,M50-1,17:07:00,5:07 PM,3452,1,61620,2026-09-12T00:08:23+00:00,0,83,False,nearest_pdf_time_to_static_stop_time
bart_live_20260911_161720,2026-09-11,weekday,1965197,1965197,S,24TH,24TH,M60-1,17:09:00,5:09 PM,3452,1,61740,2026-09-12T00:10:23+00:00,0,83,False,nearest_pdf_time_to_static_stop_time
bart_live_20260911_161720,2026-09-11,weekday,1965197,1965197,S,GLEN,GLEN,M70-1,17:12:00,5:12 PM,3452,1,61920,2026-09-12T00:13:11+00:00,0,71,False,nearest_pdf_time_to_static_stop_time
bart_live_20260911_161720,2026-09-11,weekday,1965197,1965197,S,BALB,BALB,M80-1,17:14:00,5:14 PM,3452,1,62040,2026-09-12T00:15:29+00:00,0,89,False,nearest_pdf_time_to_static_stop_time
bart_live_20260911_161720,2026-09-11,weekday,1965197,1965197,S,DALY,DALY,M90-1,17:19:00,5:19 PM,3452,1,62340,2026-09-12T00:19:56+00:00,0,56,False,nearest_pdf_time_to_static_stop_time
bart_live_20260911_161720,2026-09-11,weekday,1965197,1965197,S,COLM,COLM,W10-1,17:23:00,5:23 PM,3452,1,62580,2026-09-12T00:23:50+00:00,0,50,False,nearest_pdf_time_to_static_stop_time
bart_live_20260911_161720,2026-09-11,weekday,1965197,1965197,S,SSAN,SSAN,W20-1,17:26:00,5:26 PM,3452,1,62760,2026-09-12T00:26:50+00:00,0,50,False,nearest_pdf_time_to_static_stop_time
bart_live_20260911_161720,2026-09-11,weekday,1965197,1965197,S,SBRN,SBRN,W30-1,17:29:00,5:29 PM,3452,1,62940,2026-09-12T00:30:02+00:00,0,62,False,nearest_pdf_time_to_static_stop_time
bart_live_20260911_161720,2026-09-11,weekday,1965155,1965155,S,PITT,PITT,C80-2,16:17:00,4:17 PM,3504,1,58620,2026-09-11T23:14:48+00:00,0,-132,False,nearest_pdf_time_to_static_stop_time
bart_live_20260911_161720,2026-09-11,weekday,1965155,1965155,S,NCON,NCON,C70-2,16:24:00,4:24 PM,3504,1,59040,2026-09-11T23:24:30+00:00,0,30,False,nearest_pdf_time_to_static_stop_time
bart_live_20260911_161720,2026-09-11,weekday,1965155,1965155,S,CONC,CONC,C60-2,16:27:00,4:27 PM,3504,1,59220,2026-09-11T23:28:25+00:00,0,85,False,nearest_pdf_time_to_static_stop_time
bart_live_20260911_161720,2026-09-11,weekday,1965155,1965155,S,PHIL,PHIL,C50-2,16:33:00,4:33 PM,3504,1,59580,2026-09-11T23:33:31+00:00,0,31,False,nearest_pdf_time_to_static_stop_time
bart_live_20260911_161720,2026-09-11,weekday,1965155,1965155,S,WCRK,WCRK,C40-2,16:35:00,4:35 PM,3504,1,59700,2026-09-11T23:36:29+00:00,0,89,False,nearest_pdf_time_to_static_stop_time
bart_live_20260911_161720,2026-09-11,weekday,1965155,1965155,S,LAFY,LAFY,C30-2,16:40:00,4:40 PM,3504,1,60000,2026-09-11T23:41:10+00:00,0,70,False,nearest_pdf_time_to_static_stop_time
bart_live_20260911_161720,2026-09-11,weekday,1965155,1965155,S,ORIN,ORIN,C20-2,16:45:00,4:45 PM,3504,1,60300,2026-09-11T23:46:05+00:00,0,65,False,nearest_pdf_time_to_static_stop_time
bart_live_20260911_161720,2026-09-11,weekday,1965155,1965155,S,ROCK,ROCK,C10-2,16:51:00,4:51 PM,3504,1,60660,2026-09-11T23:51:50+00:00,0,50,False,nearest_pdf_time_to_static_stop_time
bart_live_20260911_161720,2026-09-11,weekday,1965155,1965155,S,MCAR,MCAR,K30-4,16:54:00,4:54 PM,3504,1,60840,2026-09-11T23:55:16+00:00,0,76,False,nearest_pdf_time_to_static_stop_time
bart_live_20260911_161720,2026-09-11,weekday,1965155,1965155,S,19TH,19TH,K20-2,16:58:00,4:58 PM,3504,1,61080,2026-09-11T23:59:03+00:00,0,63,False,nearest_pdf_time_to_static_stop_time
bart_live_20260911_161720,2026-09-11,weekday,1965155,1965155,S,12TH,12TH,K10-2,17:00:00,5:00 PM,3504,1,61200,2026-09-12T00:01:09+00:00,0,69,False,nearest_pdf_time_to_static_stop_time
bart_live_20260911_161720,2026-09-11,weekday,1965155,1965155,S,WOAK,WOAK,M10-1,17:05:00,5:05 PM,3504,1,61500,2026-09-12T00:05:39+00:00,0,39,False,nearest_pdf_time_to_static_stop_time
bart_live_20260911_161720,2026-09-11,weekday,1965155,1965155,S,EMBR,EMBR,M16-1,17:12:00,5:12 PM,3504,1,61920,2026-09-12T00:12:39+00:00,0,39,False,nearest_pdf_time_to_static_stop_time
bart_live_20260911_161720,2026-09-11,weekday,1965155,1965155,S,MONT,MONT,M20-1,17:13:00,5:13 PM,3504,1,61980,2026-09-12T00:14:15+00:00,0,75,False,nearest_pdf_time_to_static_stop_time
bart_live_20260911_161720,2026-09-11,weekday,1965155,1965155,S,POWL,POWL,M30-1,17:15:00,5:15 PM,3504,1,62100,2026-09-12T00:15:57+00:00,0,57,False,nearest_pdf_time_to_static_stop_time
bart_live_20260911_161720,2026-09-11,weekday,1965155,1965155,S,CIVC,CIVC,M40-1,17:17:00,5:17 PM,3504,1,62220,2026-09-12T00:17:33+00:00,0,33,False,nearest_pdf_time_to_static_stop_time
bart_live_20260911_161720,2026-09-11,weekday,1965155,1965155,S,16TH,16TH,M50-1,17:19:00,5:19 PM,3504,1,62340,2026-09-12T00:19:51+00:00,0,51,False,nearest_pdf_time_to_static_stop_time
bart_live_20260911_161720,2026-09-11,weekday,1965155,1965155,S,24TH,24TH,M60-1,17:21:00,5:21 PM,3504,1,62460,2026-09-12T00:21:51+00:00,0,51,False,nearest_pdf_time_to_static_stop_time
bart_live_20260911_161720,2026-09-11,weekday,1965155,1965155,S,GLEN,GLEN,M70-1,17:24:00,5:24 PM,3504,1,62640,2026-09-12T00:24:39+00:00,0,39,False,nearest_pdf_time_to_static_stop_time
bart_live_20260911_161720,2026-09-11,weekday,1965155,1965155,S,BALB,BALB,M80-1,17:26:00,5:26 PM,3504,1,62760,2026-09-12T00:26:57+00:00,0,57,False,nearest_pdf_time_to_static_stop_time
bart_live_20260911_161720,2026-09-11,weekday,1965155,1965155,S,DALY,DALY,M90-1,17:30:00,5:30 PM,3504,1,63000,2026-09-12T00:31:24+00:00,0,84,False,nearest_pdf_time_to_static_stop_time
bart_live_20260911_161720,2026-09-11,weekday,1965155,1965155,S,COLM,COLM,W10-1,17:34:00,5:34 PM,3504,1,63240,2026-09-12T00:35:18+00:00,0,78,False,nearest_pdf_time_to_static_stop_time
bart_live_20260911_161720,2026-09-11,weekday,1965155,1965155,S,SSAN,SSAN,W20-1,17:37:00,5:37 PM,3504,1,63420,2026-09-12T00:38:18+00:00,0,78,False,nearest_pdf_time_to_static_stop_time
bart_live_20260911_161720,2026-09-11,weekday,1965155,1965155,S,SBRN,SBRN,W30-1,17:41:00,5:41 PM,3504,1,63660,2026-09-12T00:41:30+00:00,0,30,False,nearest_pdf_time_to_static_stop_time
bart_live_20260911_161720,2026-09-11,weekday,1965198,1965198,S,PITT,PITT,C80-2,16:26:00,4:26 PM,3556,1,59160,2026-09-11T23:26:39+00:00,0,39,False,nearest_pdf_time_to_static_stop_time
bart_live_20260911_161720,2026-09-11,weekday,1965198,1965198,S,NCON,NCON,C70-2,16:32:00,4:32 PM,3556,1,59520,2026-09-11T23:33:02+00:00,0,62,False,nearest_pdf_time_to_static_stop_time
bart_live_20260911_161720,2026-09-11,weekday,1965198,1965198,S,CONC,CONC,C60-2,16:36:00,4:36 PM,3556,1,59760,2026-09-11T23:36:57+00:00,0,57,False,nearest_pdf_time_to_static_stop_time
bart_live_20260911_161720,2026-09-11,weekday,1965198,1965198,S,PHIL,PHIL,C50-2,16:41:00,4:41 PM,3556,1,60060,2026-09-11T23:42:03+00:00,0,63,False,nearest_pdf_time_to_static_stop_time
bart_live_20260911_161720,2026-09-11,weekday,1965198,1965198,S,WCRK,WCRK,C40-2,16:44:00,4:44 PM,3556,1,60240,2026-09-11T23:45:01+00:00,0,61,False,nearest_pdf_time_to_static_stop_time
bart_live_20260911_161720,2026-09-11,weekday,1965198,1965198,S,LAFY,LAFY,C30-2,16:49:00,4:49 PM,3556,1,60540,2026-09-11T23:49:42+00:00,0,42,False,nearest_pdf_time_to_static_stop_time
bart_live_20260911_161720,2026-09-11,weekday,1965198,1965198,S,ORIN,ORIN,C20-2,16:54:00,4:54 PM,3556,1,60840,2026-09-11T23:54:37+00:00,0,37,False,nearest_pdf_time_to_static_stop_time
bart_live_20260911_161720,2026-09-11,weekday,1965198,1965198,S,ROCK,ROCK,C10-2,16:59:00,4:59 PM,3556,1,61140,2026-09-12T00:00:22+00:00,0,82,False,nearest_pdf_time_to_static_stop_time
bart_live_20260911_161720,2026-09-11,weekday,1965198,1965198,S,MCAR,MCAR,K30-4,17:03:00,5:03 PM,3556,1,61380,2026-09-12T00:03:48+00:00,0,48,False,nearest_pdf_time_to_static_stop_time
bart_live_20260911_161720,2026-09-11,weekday,1965198,1965198,S,19TH,19TH,K20-2,17:07:00,5:07 PM,3556,1,61620,2026-09-12T00:07:35+00:00,0,35,False,nearest_pdf_time_to_static_stop_time
bart_live_20260911_161720,2026-09-11,weekday,1965198,1965198,S,12TH,12TH,K10-2,17:09:00,5:09 PM,3556,1,61740,2026-09-12T00:09:41+00:00,0,41,False,nearest_pdf_time_to_static_stop_time
bart_live_20260911_161720,2026-09-11,weekday,1965198,1965198,S,WOAK,WOAK,M10-1,17:13:00,5:13 PM,3556,1,61980,2026-09-12T00:14:11+00:00,0,71,False,nearest_pdf_time_to_static_stop_time
bart_live_20260911_161720,2026-09-11,weekday,1965198,1965198,S,EMBR,EMBR,M16-1,17:20:00,5:20 PM,3556,1,62400,2026-09-12T00:21:11+00:00,0,71,False,nearest_pdf_time_to_static_stop_time
bart_live_20260911_161720,2026-09-11,weekday,1965198,1965198,S,MONT,MONT,M20-1,17:22:00,5:22 PM,3556,1,62520,2026-09-12T00:22:47+00:00,0,47,False,nearest_pdf_time_to_static_stop_time
bart_live_20260911_161720,2026-09-11,weekday,1965198,1965198,S,POWL,POWL,M30-1,17:23:00,5:23 PM,3556,1,62580,2026-09-12T00:24:29+00:00,0,89,False,nearest_pdf_time_to_static_stop_time
bart_live_20260911_161720,2026-09-11,weekday,1965198,1965198,S,CIVC,CIVC,M40-1,17:25:00,5:25 PM,3556,1,62700,2026-09-12T00:26:05+00:00,0,65,False,nearest_pdf_time_to_static_stop_time
bart_live_20260911_161720,2026-09-11,weekday,1965198,1965198,S,16TH,16TH,M50-1,17:27:00,5:27 PM,3556,1,62820,2026-09-12T00:28:23+00:00,0,83,False,nearest_pdf_time_to_static_stop_time
bart_live_20260911_161720,2026-09-11,weekday,1965198,1965198,S,24TH,24TH,M60-1,17:29:00,5:29 PM,3556,1,62940,2026-09-12T00:30:23+00:00,0,83,False,nearest_pdf_time_to_static_stop_time
bart_live_20260911_161720,2026-09-11,weekday,1965198,1965198,S,GLEN,GLEN,M70-1,17:32:00,5:32 PM,3556,1,63120,2026-09-12T00:33:11+00:00,0,71,False,nearest_pdf_time_to_static_stop_time
bart_live_20260911_161720,2026-09-11,weekday,1965198,1965198,S,BALB,BALB,M80-1,17:34:00,5:34 PM,3556,1,63240,2026-09-12T00:35:29+00:00,0,89,False,nearest_pdf_time_to_static_stop_time
bart_live_20260911_161720,2026-09-11,weekday,1965198,1965198,S,DALY,DALY,M90-1,17:39:00,5:39 PM,3556,1,63540,2026-09-12T00:39:56+00:00,0,56,False,nearest_pdf_time_to_static_stop_time
bart_live_20260911_161720,2026-09-11,weekday,1965198,1965198,S,COLM,COLM,W10-1,17:43:00,5:43 PM,3556,1,63780,2026-09-12T00:43:50+00:00,0,50,False,nearest_pdf_time_to_static_stop_time
bart_live_20260911_161720,2026-09-11,weekday,1965198,1965198,S,SSAN,SSAN,W20-1,17:46:00,5:46 PM,3556,1,63960,2026-09-12T00:46:50+00:00,0,50,False,nearest_pdf_time_to_static_stop_time
bart_live_20260911_161720,2026-09-11,weekday,1965198,1965198,S,SBRN,SBRN,W30-1,17:49:00,5:49 PM,3556,1,64140,2026-09-12T00:50:02+00:00,0,62,False,nearest_pdf_time_to_static_stop_time
bart_live_20260911_161720,2026-09-11,weekday,1965301,1965301,N,NCON,NCON,C70-1,16:19:00,4:19 PM,3156,2,58740,2026-09-11T23:20:29+00:00,0,89,False,nearest_pdf_time_to_static_stop_time
bart_live_20260911_161720,2026-09-11,weekday,1965156,1965156,S,PITT,PITT,C80-2,16:37:00,4:37 PM,3608,1,59820,2026-09-11T23:34:48+00:00,0,-132,False,nearest_pdf_time_to_static_stop_time
bart_live_20260911_161720,2026-09-11,weekday,1965156,1965156,S,NCON,NCON,C70-2,16:44:00,4:44 PM,3608,1,60240,2026-09-11T23:44:30+00:00,0,30,False,nearest_pdf_time_to_static_stop_time
bart_live_20260911_161720,2026-09-11,weekday,1965156,1965156,S,CONC,CONC,C60-2,16:47:00,4:47 PM,3608,1,60420,2026-09-11T23:48:25+00:00,0,85,False,nearest_pdf_time_to_static_stop_time
bart_live_20260911_161720,2026-09-11,weekday,1965156,1965156,S,PHIL,PHIL,C50-2,16:53:00,4:53 PM,3608,1,60780,2026-09-11T23:53:31+00:00,0,31,False,nearest_pdf_time_to_static_stop_time
bart_live_20260911_161720,2026-09-11,weekday,1965156,1965156,S,WCRK,WCRK,C40-2,16:55:00,4:55 PM,3608,1,60900,2026-09-11T23:56:29+00:00,0,89,False,nearest_pdf_time_to_static_stop_time
bart_live_20260911_161720,2026-09-11,weekday,1965156,1965156,S,LAFY,LAFY,C30-2,17:00:00,5:00 PM,3608,1,61200,2026-09-12T00:01:10+00:00,0,70,False,nearest_pdf_time_to_static_stop_time
bart_live_20260911_161720,2026-09-11,weekday,1965156,1965156,S,ORIN,ORIN,C20-2,17:05:00,5:05 PM,3608,1,61500,2026-09-12T00:06:05+00:00,0,65,False,nearest_pdf_time_to_static_stop_time
bart_live_20260911_161720,2026-09-11,weekday,1965156,1965156,S,ROCK,ROCK,C10-2,17:11:00,5:11 PM,3608,1,61860,2026-09-12T00:11:50+00:00,0,50,False,nearest_pdf_time_to_static_stop_time
bart_live_20260911_161720,2026-09-11,weekday,1965156,1965156,S,MCAR,MCAR,K30-4,17:14:00,5:14 PM,3608,1,62040,2026-09-12T00:15:16+00:00,0,76,False,nearest_pdf_time_to_static_stop_time
bart_live_20260911_161720,2026-09-11,weekday,1965156,1965156,S,19TH,19TH,K20-2,17:18:00,5:18 PM,3608,1,62280,2026-09-12T00:19:03+00:00,0,63,False,nearest_pdf_time_to_static_stop_time
bart_live_20260911_161720,2026-09-11,weekday,1965156,1965156,S,12TH,12TH,K10-2,17:20:00,5:20 PM,3608,1,62400,2026-09-12T00:21:09+00:00,0,69,False,nearest_pdf_time_to_static_stop_time
bart_live_20260911_161720,2026-09-11,weekday,1965156,1965156,S,WOAK,WOAK,M10-1,17:25:00,5:25 PM,3608,1,62700,2026-09-12T00:25:39+00:00,0,39,False,nearest_pdf_time_to_static_stop_time
bart_live_20260911_161720,2026-09-11,weekday,1965156,1965156,S,EMBR,EMBR,M16-1,17:32:00,5:32 PM,3608,1,63120,2026-09-12T00:32:39+00:00,0,39,False,nearest_pdf_time_to_static_stop_time
bart_live_20260911_161720,2026-09-11,weekday,1965156,1965156,S,MONT,MONT,M20-1,17:33:00,5:33 PM,3608,1,63180,2026-09-12T00:34:15+00:00,0,75,False,nearest_pdf_time_to_static_stop_time
bart_live_20260911_161720,2026-09-11,weekday,1965156,1965156,S,POWL,POWL,M30-1,17:35:00,5:35 PM,3608,1,63300,2026-09-12T00:35:57+00:00,0,57,False,nearest_pdf_time_to_static_stop_time
bart_live_20260911_161720,2026-09-11,weekday,1965156,1965156,S,CIVC,CIVC,M40-1,17:37:00,5:37 PM,3608,1,63420,2026-09-12T00:37:33+00:00,0,33,False,nearest_pdf_time_to_static_stop_time
bart_live_20260911_161720,2026-09-11,weekday,1965156,1965156,S,16TH,16TH,M50-1,17:39:00,5:39 PM,3608,1,63540,2026-09-12T00:39:51+00:00,0,51,False,nearest_pdf_time_to_static_stop_time
bart_live_20260911_161720,2026-09-11,weekday,1965156,1965156,S,24TH,24TH,M60-1,17:41:00,5:41 PM,3608,1,63660,2026-09-12T00:41:51+00:00,0,51,False,nearest_pdf_time_to_static_stop_time
bart_live_20260911_161720,2026-09-11,weekday,1965156,1965156,S,GLEN,GLEN,M70-1,17:44:00,5:44 PM,3608,1,63840,2026-09-12T00:44:39+00:00,0,39,False,nearest_pdf_time_to_static_stop_time
bart_live_20260911_161720,2026-09-11,weekday,1965156,1965156,S,BALB,BALB,M80-1,17:46:00,5:46 PM,3608,1,63960,2026-09-12T00:46:57+00:00,0,57,False,nearest_pdf_time_to_static_stop_time
bart_live_20260911_161720,2026-09-11,weekday,1965156,1965156,S,DALY,DALY,M90-1,17:50:00,5:50 PM,3608,1,64200,2026-09-12T00:51:24+00:00,0,84,False,nearest_pdf_time_to_static_stop_time
bart_live_20260911_161720,2026-09-11,weekday,1965156,1965156,S,COLM,COLM,W10-1,17:54:00,5:54 PM,3608,1,64440,2026-09-12T00:55:18+00:00,0,78,False,nearest_pdf_time_to_static_stop_time
bart_live_20260911_161720,2026-09-11,weekday,1965156,1965156,S,SSAN,SSAN,W20-1,17:57:00,5:57 PM,3608,1,64620,2026-09-12T00:58:18+00:00,0,78,False,nearest_pdf_time_to_static_stop_time
bart_live_20260911_161720,2026-09-11,weekday,1965156,1965156,S,SBRN,SBRN,W30-1,18:01:00,6:01 PM,3608,1,64860,2026-09-12T01:01:30+00:00,0,30,False,nearest_pdf_time_to_static_stop_time
bart_live_20260911_161720,2026-09-11,weekday,1965271,1965271,N,WCRK,WCRK,C40-1,16:15:00,4:15 PM,3208,2,58500,2026-09-11T23:19:02+00:00,0,242,False,nearest_pdf_time_to_static_stop_time
bart_live_20260911_161720,2026-09-11,weekday,1965271,1965271,N,PHIL,PHIL,C50-1,16:18:00,4:18 PM,3208,2,58680,2026-09-11T23:21:35+00:00,0,215,False,nearest_pdf_time_to_static_stop_time
bart_live_20260911_161720,2026-09-11,weekday,1965271,1965271,N,CONC,CONC,C60-1,16:23:00,4:23 PM,3208,2,58980,2026-09-11T23:26:40+00:00,0,220,False,nearest_pdf_time_to_static_stop_time
bart_live_20260911_161720,2026-09-11,weekday,1965271,1965271,N,NCON,NCON,C70-1,16:27:00,4:27 PM,3208,2,59220,2026-09-11T23:30:05+00:00,0,185,False,nearest_pdf_time_to_static_stop_time
bart_live_20260911_161720,2026-09-11,weekday,1965271,1965271,N,PITT,PITT,C80-1,16:34:00,4:34 PM,3208,2,59640,2026-09-11T23:36:01+00:00,0,121,False,nearest_pdf_time_to_static_stop_time
bart_live_20260911_161720,2026-09-11,weekday,1965199,1965199,S,PITT,PITT,C80-2,16:46:00,4:46 PM,3660,1,60360,2026-09-11T23:46:39+00:00,0,39,False,nearest_pdf_time_to_static_stop_time
bart_live_20260911_161720,2026-09-11,weekday,1965199,1965199,S,NCON,NCON,C70-2,16:52:00,4:52 PM,3660,1,60720,2026-09-11T23:53:02+00:00,0,62,False,nearest_pdf_time_to_static_stop_time
bart_live_20260911_161720,2026-09-11,weekday,1965199,1965199,S,CONC,CONC,C60-2,16:56:00,4:56 PM,3660,1,60960,2026-09-11T23:56:57+00:00,0,57,False,nearest_pdf_time_to_static_stop_time
bart_live_20260911_161720,2026-09-11,weekday,1965199,1965199,S,PHIL,PHIL,C50-2,17:01:00,5:01 PM,3660,1,61260,2026-09-12T00:02:03+00:00,0,63,False,nearest_pdf_time_to_static_stop_time
bart_live_20260911_161720,2026-09-11,weekday,1965199,1965199,S,WCRK,WCRK,C40-2,17:04:00,5:04 PM,3660,1,61440,2026-09-12T00:05:01+00:00,0,61,False,nearest_pdf_time_to_static_stop_time
bart_live_20260911_161720,2026-09-11,weekday,1965199,1965199,S,LAFY,LAFY,C30-2,17:09:00,5:09 PM,3660,1,61740,2026-09-12T00:09:42+00:00,0,42,False,nearest_pdf_time_to_static_stop_time
bart_live_20260911_161720,2026-09-11,weekday,1965199,1965199,S,ORIN,ORIN,C20-2,17:14:00,5:14 PM,3660,1,62040,2026-09-12T00:14:37+00:00,0,37,False,nearest_pdf_time_to_static_stop_time
bart_live_20260911_161720,2026-09-11,weekday,1965199,1965199,S,ROCK,ROCK,C10-2,17:19:00,5:19 PM,3660,1,62340,2026-09-12T00:20:22+00:00,0,82,False,nearest_pdf_time_to_static_stop_time
bart_live_20260911_161720,2026-09-11,weekday,1965199,1965199,S,MCAR,MCAR,K30-4,17:23:00,5:23 PM,3660,1,62580,2026-09-12T00:23:48+00:00,0,48,False,nearest_pdf_time_to_static_stop_time
bart_live_20260911_161720,2026-09-11,weekday,1965199,1965199,S,19TH,19TH,K20-2,17:27:00,5:27 PM,3660,1,62820,2026-09-12T00:27:35+00:00,0,35,False,nearest_pdf_time_to_static_stop_time
bart_live_20260911_161720,2026-09-11,weekday,1965199,1965199,S,12TH,12TH,K10-2,17:29:00,5:29 PM,3660,1,62940,2026-09-12T00:29:41+00:00,0,41,False,nearest_pdf_time_to_static_stop_time
bart_live_20260911_161720,2026-09-11,weekday,1965199,1965199,S,WOAK,WOAK,M10-1,17:33:00,5:33 PM,3660,1,63180,2026-09-12T00:34:11+00:00,0,71,False,nearest_pdf_time_to_static_stop_time
bart_live_20260911_161720,2026-09-11,weekday,1965199,1965199,S,EMBR,EMBR,M16-1,17:40:00,5:40 PM,3660,1,63600,2026-09-12T00:41:11+00:00,0,71,False,nearest_pdf_time_to_static_stop_time
bart_live_20260911_161720,2026-09-11,weekday,1965199,1965199,S,MONT,MONT,M20-1,17:42:00,5:42 PM,3660,1,63720,2026-09-12T00:42:47+00:00,0,47,False,nearest_pdf_time_to_static_stop_time
bart_live_20260911_161720,2026-09-11,weekday,1965199,1965199,S,POWL,POWL,M30-1,17:43:00,5:43 PM,3660,1,63780,2026-09-12T00:44:29+00:00,0,89,False,nearest_pdf_time_to_static_stop_time
bart_live_20260911_161720,2026-09-11,weekday,1965199,1965199,S,CIVC,CIVC,M40-1,17:45:00,5:45 PM,3660,1,63900,2026-09-12T00:46:05+00:00,0,65,False,nearest_pdf_time_to_static_stop_time
bart_live_20260911_161720,2026-09-11,weekday,1965199,1965199,S,16TH,16TH,M50-1,17:47:00,5:47 PM,3660,1,64020,2026-09-12T00:48:23+00:00,0,83,False,nearest_pdf_time_to_static_stop_time
bart_live_20260911_161720,2026-09-11,weekday,1965199,1965199,S,24TH,24TH,M60-1,17:49:00,5:49 PM,3660,1,64140,2026-09-12T00:50:23+00:00,0,83,False,nearest_pdf_time_to_static_stop_time
bart_live_20260911_161720,2026-09-11,weekday,1965199,1965199,S,GLEN,GLEN,M70-1,17:52:00,5:52 PM,3660,1,64320,2026-09-12T00:53:11+00:00,0,71,False,nearest_pdf_time_to_static_stop_time
bart_live_20260911_161720,2026-09-11,weekday,1965199,1965199,S,BALB,BALB,M80-1,17:54:00,5:54 PM,3660,1,64440,2026-09-12T00:55:29+00:00,0,89,False,nearest_pdf_time_to_static_stop_time
bart_live_20260911_161720,2026-09-11,weekday,1965199,1965199,S,DALY,DALY,M90-1,17:59:00,5:59 PM,3660,1,64740,2026-09-12T00:59:56+00:00,0,56,False,nearest_pdf_time_to_static_stop_time
bart_live_20260911_161720,2026-09-11,weekday,1965199,1965199,S,COLM,COLM,W10-1,18:03:00,6:03 PM,3660,1,64980,2026-09-12T01:03:50+00:00,0,50,False,nearest_pdf_time_to_static_stop_time
bart_live_20260911_161720,2026-09-11,weekday,1965199,1965199,S,SSAN,SSAN,W20-1,18:06:00,6:06 PM,3660,1,65160,2026-09-12T01:06:50+00:00,0,50,False,nearest_pdf_time_to_static_stop_time
bart_live_20260911_161720,2026-09-11,weekday,1965199,1965199,S,SBRN,SBRN,W30-1,18:09:00,6:09 PM,3660,1,65340,2026-09-12T01:10:02+00:00,0,62,False,nearest_pdf_time_to_static_stop_time
bart_live_20260911_161720,2026-09-11,weekday,1965302,1965302,N,ORIN,ORIN,C20-1,16:17:00,4:17 PM,3260,2,58620,2026-09-11T23:20:50+00:00,0,230,False,nearest_pdf_time_to_static_stop_time
bart_live_20260911_161720,2026-09-11,weekday,1965302,1965302,N,LAFY,LAFY,C30-1,16:22:00,4:22 PM,3260,2,58920,2026-09-11T23:25:34+00:00,0,214,False,nearest_pdf_time_to_static_stop_time
bart_live_20260911_161720,2026-09-11,weekday,1965302,1965302,N,WCRK,WCRK,C40-1,16:27:00,4:27 PM,3260,2,59220,2026-09-11T23:29:55+00:00,0,175,False,nearest_pdf_time_to_static_stop_time
bart_live_20260911_161720,2026-09-11,weekday,1965302,1965302,N,PHIL,PHIL,C50-1,16:30:00,4:30 PM,3260,2,59400,2026-09-11T23:32:42+00:00,0,162,False,nearest_pdf_time_to_static_stop_time
bart_live_20260911_161720,2026-09-11,weekday,1965302,1965302,N,CONC,CONC,C60-1,16:35:00,4:35 PM,3260,2,59700,2026-09-11T23:37:47+00:00,0,167,False,nearest_pdf_time_to_static_stop_time
bart_live_20260911_161720,2026-09-11,weekday,1965302,1965302,N,NCON,NCON,C70-1,16:39:00,4:39 PM,3260,2,59940,2026-09-11T23:41:12+00:00,0,132,False,nearest_pdf_time_to_static_stop_time
bart_live_20260911_161720,2026-09-11,weekday,1965157,1965157,S,PITT,PITT,C80-2,16:57:00,4:57 PM,3712,1,61020,2026-09-11T23:54:48+00:00,0,-132,False,nearest_pdf_time_to_static_stop_time
bart_live_20260911_161720,2026-09-11,weekday,1965157,1965157,S,NCON,NCON,C70-2,17:04:00,5:04 PM,3712,1,61440,2026-09-12T00:04:30+00:00,0,30,False,nearest_pdf_time_to_static_stop_time
bart_live_20260911_161720,2026-09-11,weekday,1965157,1965157,S,CONC,CONC,C60-2,17:07:00,5:07 PM,3712,1,61620,2026-09-12T00:08:25+00:00,0,85,False,nearest_pdf_time_to_static_stop_time
bart_live_20260911_161720,2026-09-11,weekday,1965157,1965157,S,PHIL,PHIL,C50-2,17:13:00,5:13 PM,3712,1,61980,2026-09-12T00:13:31+00:00,0,31,False,nearest_pdf_time_to_static_stop_time
bart_live_20260911_161720,2026-09-11,weekday,1965157,1965157,S,WCRK,WCRK,C40-2,17:15:00,5:15 PM,3712,1,62100,2026-09-12T00:16:29+00:00,0,89,False,nearest_pdf_time_to_static_stop_time
bart_live_20260911_161720,2026-09-11,weekday,1965157,1965157,S,LAFY,LAFY,C30-2,17:20:00,5:20 PM,3712,1,62400,2026-09-12T00:21:10+00:00,0,70,False,nearest_pdf_time_to_static_stop_time
bart_live_20260911_161720,2026-09-11,weekday,1965157,1965157,S,ORIN,ORIN,C20-2,17:25:00,5:25 PM,3712,1,62700,2026-09-12T00:26:05+00:00,0,65,False,nearest_pdf_time_to_static_stop_time
bart_live_20260911_161720,2026-09-11,weekday,1965157,1965157,S,ROCK,ROCK,C10-2,17:31:00,5:31 PM,3712,1,63060,2026-09-12T00:31:50+00:00,0,50,False,nearest_pdf_time_to_static_stop_time
bart_live_20260911_161720,2026-09-11,weekday,1965157,1965157,S,MCAR,MCAR,K30-4,17:34:00,5:34 PM,3712,1,63240,2026-09-12T00:35:16+00:00,0,76,False,nearest_pdf_time_to_static_stop_time
bart_live_20260911_161720,2026-09-11,weekday,1965157,1965157,S,19TH,19TH,K20-2,17:38:00,5:38 PM,3712,1,63480,2026-09-12T00:39:03+00:00,0,63,False,nearest_pdf_time_to_static_stop_time
bart_live_20260911_161720,2026-09-11,weekday,1965157,1965157,S,12TH,12TH,K10-2,17:40:00,5:40 PM,3712,1,63600,2026-09-12T00:41:09+00:00,0,69,False,nearest_pdf_time_to_static_stop_time
bart_live_20260911_161720,2026-09-11,weekday,1965157,1965157,S,WOAK,WOAK,M10-1,17:45:00,5:45 PM,3712,1,63900,2026-09-12T00:45:39+00:00,0,39,False,nearest_pdf_time_to_static_stop_time
bart_live_20260911_161720,2026-09-11,weekday,1965157,1965157,S,EMBR,EMBR,M16-1,17:52:00,5:52 PM,3712,1,64320,2026-09-12T00:52:39+00:00,0,39,False,nearest_pdf_time_to_static_stop_time
bart_live_20260911_161720,2026-09-11,weekday,1965157,1965157,S,MONT,MONT,M20-1,17:53:00,5:53 PM,3712,1,64380,2026-09-12T00:54:15+00:00,0,75,False,nearest_pdf_time_to_static_stop_time
bart_live_20260911_161720,2026-09-11,weekday,1965157,1965157,S,POWL,POWL,M30-1,17:55:00,5:55 PM,3712,1,64500,2026-09-12T00:55:57+00:00,0,57,False,nearest_pdf_time_to_static_stop_time
bart_live_20260911_161720,2026-09-11,weekday,1965157,1965157,S,CIVC,CIVC,M40-1,17:57:00,5:57 PM,3712,1,64620,2026-09-12T00:57:33+00:00,0,33,False,nearest_pdf_time_to_static_stop_time
bart_live_20260911_161720,2026-09-11,weekday,1965157,1965157,S,16TH,16TH,M50-1,17:59:00,5:59 PM,3712,1,64740,2026-09-12T00:59:51+00:00,0,51,False,nearest_pdf_time_to_static_stop_time
bart_live_20260911_161720,2026-09-11,weekday,1965157,1965157,S,24TH,24TH,M60-1,18:01:00,6:01 PM,3712,1,64860,2026-09-12T01:01:51+00:00,0,51,False,nearest_pdf_time_to_static_stop_time
bart_live_20260911_161720,2026-09-11,weekday,1965157,1965157,S,GLEN,GLEN,M70-1,18:04:00,6:04 PM,3712,1,65040,2026-09-12T01:04:39+00:00,0,39,False,nearest_pdf_time_to_static_stop_time
bart_live_20260911_161720,2026-09-11,weekday,1965157,1965157,S,BALB,BALB,M80-1,18:06:00,6:06 PM,3712,1,65160,2026-09-12T01:06:57+00:00,0,57,False,nearest_pdf_time_to_static_stop_time
bart_live_20260911_161720,2026-09-11,weekday,1965157,1965157,S,DALY,DALY,M90-1,18:10:00,6:10 PM,3712,1,65400,2026-09-12T01:11:24+00:00,0,84,False,nearest_pdf_time_to_static_stop_time
bart_live_20260911_161720,2026-09-11,weekday,1965157,1965157,S,COLM,COLM,W10-1,18:14:00,6:14 PM,3712,1,65640,2026-09-12T01:15:18+00:00,0,78,False,nearest_pdf_time_to_static_stop_time
bart_live_20260911_161720,2026-09-11,weekday,1965157,1965157,S,SSAN,SSAN,W20-1,18:17:00,6:17 PM,3712,1,65820,2026-09-12T01:18:18+00:00,0,78,False,nearest_pdf_time_to_static_stop_time
bart_live_20260911_161720,2026-09-11,weekday,1965157,1965157,S,SBRN,SBRN,W30-1,18:21:00,6:21 PM,3712,1,66060,2026-09-12T01:21:30+00:00,0,30,False,nearest_pdf_time_to_static_stop_time
bart_live_20260911_161720,2026-09-11,weekday,1965272,1965272,N,MCAR,MCAR,K30-3,16:18:00,4:18 PM,3312,2,58680,2026-09-11T23:20:22+00:00,0,142,False,nearest_pdf_time_to_static_stop_time
bart_live_20260911_161720,2026-09-11,weekday,1965272,1965272,N,ROCK,ROCK,C10-1,16:21:00,4:21 PM,3312,2,58860,2026-09-11T23:23:06+00:00,0,126,False,nearest_pdf_time_to_static_stop_time
bart_live_20260911_161720,2026-09-11,weekday,1965272,1965272,N,ORIN,ORIN,C20-1,16:26:00,4:26 PM,3312,2,59160,2026-09-11T23:28:26+00:00,0,146,False,nearest_pdf_time_to_static_stop_time
bart_live_20260911_161720,2026-09-11,weekday,1965272,1965272,N,LAFY,LAFY,C30-1,16:31:00,4:31 PM,3312,2,59460,2026-09-11T23:33:21+00:00,0,141,False,nearest_pdf_time_to_static_stop_time
bart_live_20260911_161720,2026-09-11,weekday,1965272,1965272,N,WCRK,WCRK,C40-1,16:35:00,4:35 PM,3312,2,59700,2026-09-11T23:37:18+00:00,0,138,False,nearest_pdf_time_to_static_stop_time
bart_live_20260911_161720,2026-09-11,weekday,1965272,1965272,N,PHIL,PHIL,C50-1,16:38:00,4:38 PM,3312,2,59880,2026-09-11T23:40:10+00:00,0,130,False,nearest_pdf_time_to_static_stop_time
bart_live_20260911_161720,2026-09-11,weekday,1965272,1965272,N,CONC,CONC,C60-1,16:43:00,4:43 PM,3312,2,60180,2026-09-11T23:45:25+00:00,0,145,False,nearest_pdf_time_to_static_stop_time
bart_live_20260911_161720,2026-09-11,weekday,1965272,1965272,N,NCON,NCON,C70-1,16:47:00,4:47 PM,3312,2,60420,2026-09-11T23:48:35+00:00,0,95,False,nearest_pdf_time_to_static_stop_time
bart_live_20260911_161720,2026-09-11,weekday,1965272,1965272,N,PITT,PITT,C80-1,16:54:00,4:54 PM,3312,2,60840,2026-09-11T23:54:43+00:00,0,43,False,nearest_pdf_time_to_static_stop_time
bart_live_20260911_161720,2026-09-11,weekday,1965303,1965303,N,EMBR,EMBR,M16-2,16:12:00,4:12 PM,3364,2,58320,2026-09-11T23:18:14+00:00,0,374,False,nearest_pdf_time_to_static_stop_time
bart_live_20260911_161720,2026-09-11,weekday,1965303,1965303,N,WOAK,WOAK,M10-2,16:19:00,4:19 PM,3364,2,58740,2026-09-11T23:24:43+00:00,0,343,False,nearest_pdf_time_to_static_stop_time
bart_live_20260911_161720,2026-09-11,weekday,1965303,1965303,N,12TH,12TH,K10-3,16:24:00,4:24 PM,3364,2,59040,2026-09-11T23:28:41+00:00,0,281,False,nearest_pdf_time_to_static_stop_time
bart_live_20260911_161720,2026-09-11,weekday,1965303,1965303,N,19TH,19TH,K20-3,16:26:00,4:26 PM,3364,2,59160,2026-09-11T23:30:03+00:00,0,243,False,nearest_pdf_time_to_static_stop_time
bart_live_20260911_161720,2026-09-11,weekday,1965303,1965303,N,MCAR,MCAR,K30-3,16:29:00,4:29 PM,3364,2,59340,2026-09-11T23:33:23+00:00,0,263,False,nearest_pdf_time_to_static_stop_time
bart_live_20260911_161720,2026-09-11,weekday,1965303,1965303,N,ROCK,ROCK,C10-1,16:32:00,4:32 PM,3364,2,59520,2026-09-11T23:36:01+00:00,0,241,False,nearest_pdf_time_to_static_stop_time
bart_live_20260911_161720,2026-09-11,weekday,1965303,1965303,N,ORIN,ORIN,C20-1,16:37:00,4:37 PM,3364,2,59820,2026-09-11T23:41:12+00:00,0,252,False,nearest_pdf_time_to_static_stop_time
bart_live_20260911_161720,2026-09-11,weekday,1965303,1965303,N,LAFY,LAFY,C30-1,16:42:00,4:42 PM,3364,2,60120,2026-09-11T23:45:57+00:00,0,237,False,nearest_pdf_time_to_static_stop_time
bart_live_20260911_161720,2026-09-11,weekday,1965303,1965303,N,WCRK,WCRK,C40-1,16:47:00,4:47 PM,3364,2,60420,2026-09-11T23:50:05+00:00,0,185,False,nearest_pdf_time_to_static_stop_time
bart_live_20260911_161720,2026-09-11,weekday,1965303,1965303,N,PHIL,PHIL,C50-1,16:50:00,4:50 PM,3364,2,60600,2026-09-11T23:52:52+00:00,0,172,False,nearest_pdf_time_to_static_stop_time
bart_live_20260911_161720,2026-09-11,weekday,1965303,1965303,N,CONC,CONC,C60-1,16:55:00,4:55 PM,3364,2,60900,2026-09-11T23:58:10+00:00,0,190,False,nearest_pdf_time_to_static_stop_time
bart_live_20260911_161720,2026-09-11,weekday,1965303,1965303,N,NCON,NCON,C70-1,16:59:00,4:59 PM,3364,2,61140,2026-09-12T00:01:22+00:00,0,142,False,nearest_pdf_time_to_static_stop_time
bart_live_20260911_161720,2026-09-11,weekday,1965273,1965273,N,16TH,16TH,M50-2,16:13:00,4:13 PM,3416,2,58380,2026-09-11T23:18:05+00:00,0,305,False,nearest_pdf_time_to_static_stop_time
bart_live_20260911_161720,2026-09-11,weekday,1965273,1965273,N,CIVC,CIVC,M40-2,16:15:00,4:15 PM,3416,2,58500,2026-09-11T23:20:08+00:00,0,308,False,nearest_pdf_time_to_static_stop_time
bart_live_20260911_161720,2026-09-11,weekday,1965273,1965273,N,POWL,POWL,M30-2,16:17:00,4:17 PM,3416,2,58620,2026-09-11T23:21:40+00:00,0,280,False,nearest_pdf_time_to_static_stop_time
bart_live_20260911_161720,2026-09-11,weekday,1965273,1965273,N,MONT,MONT,M20-2,16:19:00,4:19 PM,3416,2,58740,2026-09-11T23:23:10+00:00,0,250,False,nearest_pdf_time_to_static_stop_time
bart_live_20260911_161720,2026-09-11,weekday,1965273,1965273,N,EMBR,EMBR,M16-2,16:20:00,4:20 PM,3416,2,58800,2026-09-11T23:24:35+00:00,0,275,False,nearest_pdf_time_to_static_stop_time
bart_live_20260911_161720,2026-09-11,weekday,1965273,1965273,N,WOAK,WOAK,M10-2,16:27:00,4:27 PM,3416,2,59220,2026-09-11T23:31:20+00:00,0,260,False,nearest_pdf_time_to_static_stop_time
bart_live_20260911_161720,2026-09-11,weekday,1965273,1965273,N,12TH,12TH,K10-3,16:32:00,4:32 PM,3416,2,59520,2026-09-11T23:35:17+00:00,0,197,False,nearest_pdf_time_to_static_stop_time
bart_live_20260911_161720,2026-09-11,weekday,1965273,1965273,N,19TH,19TH,K20-3,16:34:00,4:34 PM,3416,2,59640,2026-09-11T23:36:40+00:00,0,160,False,nearest_pdf_time_to_static_stop_time
bart_live_20260911_161720,2026-09-11,weekday,1965273,1965273,N,MCAR,MCAR,K30-3,16:38:00,4:38 PM,3416,2,59880,2026-09-11T23:39:55+00:00,0,115,False,nearest_pdf_time_to_static_stop_time
bart_live_20260911_161720,2026-09-11,weekday,1965273,1965273,N,ROCK,ROCK,C10-1,16:41:00,4:41 PM,3416,2,60060,2026-09-11T23:42:33+00:00,0,93,False,nearest_pdf_time_to_static_stop_time
bart_live_20260911_161720,2026-09-11,weekday,1965273,1965273,N,ORIN,ORIN,C20-1,16:46:00,4:46 PM,3416,2,60360,2026-09-11T23:47:59+00:00,0,119,False,nearest_pdf_time_to_static_stop_time
bart_live_20260911_161720,2026-09-11,weekday,1965273,1965273,N,LAFY,LAFY,C30-1,16:51:00,4:51 PM,3416,2,60660,2026-09-11T23:52:44+00:00,0,104,False,nearest_pdf_time_to_static_stop_time
bart_live_20260911_161720,2026-09-11,weekday,1965273,1965273,N,WCRK,WCRK,C40-1,16:55:00,4:55 PM,3416,2,60900,2026-09-11T23:56:42+00:00,0,102,False,nearest_pdf_time_to_static_stop_time
bart_live_20260911_161720,2026-09-11,weekday,1965273,1965273,N,PHIL,PHIL,C50-1,16:58:00,4:58 PM,3416,2,61080,2026-09-11T23:59:43+00:00,0,103,False,nearest_pdf_time_to_static_stop_time
bart_live_20260911_161720,2026-09-11,weekday,1965273,1965273,N,CONC,CONC,C60-1,17:03:00,5:03 PM,3416,2,61380,2026-09-12T00:04:57+00:00,0,117,False,nearest_pdf_time_to_static_stop_time
bart_live_20260911_161720,2026-09-11,weekday,1965273,1965273,N,NCON,NCON,C70-1,17:07:00,5:07 PM,3416,2,61620,2026-09-12T00:08:05+00:00,0,65,False,nearest_pdf_time_to_static_stop_time
bart_live_20260911_161720,2026-09-11,weekday,1965273,1965273,N,PITT,PITT,C80-1,17:14:00,5:14 PM,3416,2,62040,2026-09-12T00:14:43+00:00,0,43,False,nearest_pdf_time_to_static_stop_time
bart_live_20260911_161720,2026-09-11,weekday,1965304,1965304,N,DALY,DALY,M90-2,16:14:00,4:14 PM,3468,2,58440,2026-09-11T23:18:01+00:00,0,241,False,nearest_pdf_time_to_static_stop_time
bart_live_20260911_161720,2026-09-11,weekday,1965304,1965304,N,BALB,BALB,M80-2,16:17:00,4:17 PM,3468,2,58620,2026-09-11T23:20:49+00:00,0,229,False,nearest_pdf_time_to_static_stop_time
bart_live_20260911_161720,2026-09-11,weekday,1965304,1965304,N,GLEN,GLEN,M70-2,16:20:00,4:20 PM,3468,2,58800,2026-09-11T23:23:35+00:00,0,215,False,nearest_pdf_time_to_static_stop_time
bart_live_20260911_161720,2026-09-11,weekday,1965304,1965304,N,24TH,24TH,M60-2,16:22:00,4:22 PM,3468,2,58920,2026-09-11T23:26:16+00:00,0,256,False,nearest_pdf_time_to_static_stop_time
bart_live_20260911_161720,2026-09-11,weekday,1965304,1965304,N,16TH,16TH,M50-2,16:25:00,4:25 PM,3468,2,59100,2026-09-11T23:27:45+00:00,0,165,False,nearest_pdf_time_to_static_stop_time
bart_live_20260911_161720,2026-09-11,weekday,1965304,1965304,N,CIVC,CIVC,M40-2,16:27:00,4:27 PM,3468,2,59220,2026-09-11T23:30:04+00:00,0,184,False,nearest_pdf_time_to_static_stop_time
bart_live_20260911_161720,2026-09-11,weekday,1965304,1965304,N,POWL,POWL,M30-2,16:29:00,4:29 PM,3468,2,59340,2026-09-11T23:31:35+00:00,0,155,False,nearest_pdf_time_to_static_stop_time
bart_live_20260911_161720,2026-09-11,weekday,1965304,1965304,N,MONT,MONT,M20-2,16:30:00,4:30 PM,3468,2,59400,2026-09-11T23:33:33+00:00,0,213,False,nearest_pdf_time_to_static_stop_time
bart_live_20260911_161720,2026-09-11,weekday,1965304,1965304,N,EMBR,EMBR,M16-2,16:32:00,4:32 PM,3468,2,59520,2026-09-11T23:34:37+00:00,0,157,False,nearest_pdf_time_to_static_stop_time
bart_live_20260911_161720,2026-09-11,weekday,1965304,1965304,N,WOAK,WOAK,M10-2,16:39:00,4:39 PM,3468,2,59940,2026-09-11T23:41:14+00:00,0,134,False,nearest_pdf_time_to_static_stop_time
bart_live_20260911_161720,2026-09-11,weekday,1965304,1965304,N,12TH,12TH,K10-3,16:44:00,4:44 PM,3468,2,60240,2026-09-11T23:45:26+00:00,0,86,False,nearest_pdf_time_to_static_stop_time
bart_live_20260911_161720,2026-09-11,weekday,1965304,1965304,N,19TH,19TH,K20-3,16:46:00,4:46 PM,3468,2,60360,2026-09-11T23:46:46+00:00,0,46,False,nearest_pdf_time_to_static_stop_time
bart_live_20260911_161720,2026-09-11,weekday,1965304,1965304,N,MCAR,MCAR,K30-3,16:49:00,4:49 PM,3468,2,60540,2026-09-11T23:50:24+00:00,0,84,False,nearest_pdf_time_to_static_stop_time
bart_live_20260911_161720,2026-09-11,weekday,1965304,1965304,N,ROCK,ROCK,C10-1,16:52:00,4:52 PM,3468,2,60720,2026-09-11T23:53:06+00:00,0,66,False,nearest_pdf_time_to_static_stop_time
bart_live_20260911_161720,2026-09-11,weekday,1965304,1965304,N,ORIN,ORIN,C20-1,16:57:00,4:57 PM,3468,2,61020,2026-09-11T23:58:27+00:00,0,87,False,nearest_pdf_time_to_static_stop_time
bart_live_20260911_161720,2026-09-11,weekday,1965304,1965304,N,LAFY,LAFY,C30-1,17:02:00,5:02 PM,3468,2,61320,2026-09-12T00:03:15+00:00,0,75,False,nearest_pdf_time_to_static_stop_time
bart_live_20260911_161720,2026-09-11,weekday,1965304,1965304,N,WCRK,WCRK,C40-1,17:07:00,5:07 PM,3468,2,61620,2026-09-12T00:07:54+00:00,0,54,False,nearest_pdf_time_to_static_stop_time
bart_live_20260911_161720,2026-09-11,weekday,1965304,1965304,N,PHIL,PHIL,C50-1,17:10:00,5:10 PM,3468,2,61800,2026-09-12T00:10:45+00:00,0,45,False,nearest_pdf_time_to_static_stop_time
bart_live_20260911_161720,2026-09-11,weekday,1965304,1965304,N,CONC,CONC,C60-1,17:15:00,5:15 PM,3468,2,62100,2026-09-12T00:15:59+00:00,0,59,False,nearest_pdf_time_to_static_stop_time
bart_live_20260911_161720,2026-09-11,weekday,1965304,1965304,N,NCON,NCON,C70-1,17:19:00,5:19 PM,3468,2,62340,2026-09-12T00:19:41+00:00,0,41,False,nearest_pdf_time_to_static_stop_time
bart_live_20260911_161720,2026-09-11,weekday,1965274,1965274,N,COLM,COLM,W10-2,16:19:00,4:19 PM,3520,2,58740,2026-09-11T23:20:06+00:00,0,66,False,nearest_pdf_time_to_static_stop_time
bart_live_20260911_161720,2026-09-11,weekday,1965274,1965274,N,DALY,DALY,M90-2,16:22:00,4:22 PM,3520,2,58920,2026-09-11T23:23:41+00:00,0,101,False,nearest_pdf_time_to_static_stop_time
bart_live_20260911_161720,2026-09-11,weekday,1965274,1965274,N,BALB,BALB,M80-2,16:26:00,4:26 PM,3520,2,59160,2026-09-11T23:26:53+00:00,0,53,False,nearest_pdf_time_to_static_stop_time
bart_live_20260911_161720,2026-09-11,weekday,1965274,1965274,N,GLEN,GLEN,M70-2,16:28:00,4:28 PM,3520,2,59280,2026-09-11T23:29:11+00:00,0,71,False,nearest_pdf_time_to_static_stop_time
bart_live_20260911_161720,2026-09-11,weekday,1965274,1965274,N,24TH,24TH,M60-2,16:31:00,4:31 PM,3520,2,59460,2026-09-11T23:31:53+00:00,0,53,False,nearest_pdf_time_to_static_stop_time
bart_live_20260911_161720,2026-09-11,weekday,1965274,1965274,N,16TH,16TH,M50-2,16:33:00,4:33 PM,3520,2,59580,2026-09-11T23:33:59+00:00,0,59,False,nearest_pdf_time_to_static_stop_time
bart_live_20260911_161720,2026-09-11,weekday,1965274,1965274,N,CIVC,CIVC,M40-2,16:35:00,4:35 PM,3520,2,59700,2026-09-11T23:36:23+00:00,0,83,False,nearest_pdf_time_to_static_stop_time
bart_live_20260911_161720,2026-09-11,weekday,1965274,1965274,N,POWL,POWL,M30-2,16:37:00,4:37 PM,3520,2,59820,2026-09-11T23:38:05+00:00,0,65,False,nearest_pdf_time_to_static_stop_time
bart_live_20260911_161720,2026-09-11,weekday,1965274,1965274,N,MONT,MONT,M20-2,16:39:00,4:39 PM,3520,2,59940,2026-09-11T23:39:41+00:00,0,41,False,nearest_pdf_time_to_static_stop_time
bart_live_20260911_161720,2026-09-11,weekday,1965274,1965274,N,EMBR,EMBR,M16-2,16:40:00,4:40 PM,3520,2,60000,2026-09-11T23:41:23+00:00,0,83,False,nearest_pdf_time_to_static_stop_time
bart_live_20260911_161720,2026-09-11,weekday,1965274,1965274,N,WOAK,WOAK,M10-2,16:47:00,4:47 PM,3520,2,60420,2026-09-11T23:48:29+00:00,0,89,False,nearest_pdf_time_to_static_stop_time
bart_live_20260911_161720,2026-09-11,weekday,1965274,1965274,N,12TH,12TH,K10-3,16:52:00,4:52 PM,3520,2,60720,2026-09-11T23:53:19+00:00,0,79,False,nearest_pdf_time_to_static_stop_time
bart_live_20260911_161720,2026-09-11,weekday,1965274,1965274,N,19TH,19TH,K20-3,16:54:00,4:54 PM,3520,2,60840,2026-09-11T23:55:13+00:00,0,73,False,nearest_pdf_time_to_static_stop_time
bart_live_20260911_161720,2026-09-11,weekday,1965274,1965274,N,MCAR,MCAR,K30-3,16:58:00,4:58 PM,3520,2,61080,2026-09-11T23:58:48+00:00,0,48,False,nearest_pdf_time_to_static_stop_time
bart_live_20260911_161720,2026-09-11,weekday,1965274,1965274,N,ROCK,ROCK,C10-1,17:01:00,5:01 PM,3520,2,61260,2026-09-12T00:01:30+00:00,0,30,False,nearest_pdf_time_to_static_stop_time
bart_live_20260911_161720,2026-09-11,weekday,1965274,1965274,N,ORIN,ORIN,C20-1,17:06:00,5:06 PM,3520,2,61560,2026-09-12T00:06:51+00:00,0,51,False,nearest_pdf_time_to_static_stop_time
bart_live_20260911_161720,2026-09-11,weekday,1965274,1965274,N,LAFY,LAFY,C30-1,17:11:00,5:11 PM,3520,2,61860,2026-09-12T00:11:39+00:00,0,39,False,nearest_pdf_time_to_static_stop_time
bart_live_20260911_161720,2026-09-11,weekday,1965274,1965274,N,WCRK,WCRK,C40-1,17:15:00,5:15 PM,3520,2,62100,2026-09-12T00:16:18+00:00,0,78,False,nearest_pdf_time_to_static_stop_time
bart_live_20260911_161720,2026-09-11,weekday,1965274,1965274,N,PHIL,PHIL,C50-1,17:18:00,5:18 PM,3520,2,62280,2026-09-12T00:19:09+00:00,0,69,False,nearest_pdf_time_to_static_stop_time
bart_live_20260911_161720,2026-09-11,weekday,1965274,1965274,N,CONC,CONC,C60-1,17:23:00,5:23 PM,3520,2,62580,2026-09-12T00:24:23+00:00,0,83,False,nearest_pdf_time_to_static_stop_time
bart_live_20260911_161720,2026-09-11,weekday,1965274,1965274,N,NCON,NCON,C70-1,17:27:00,5:27 PM,3520,2,62820,2026-09-12T00:28:05+00:00,0,65,False,nearest_pdf_time_to_static_stop_time
bart_live_20260911_161720,2026-09-11,weekday,1965274,1965274,N,PITT,PITT,C80-1,17:34:00,5:34 PM,3520,2,63240,2026-09-12T00:34:43+00:00,0,43,False,nearest_pdf_time_to_static_stop_time
bart_live_20260911_161720,2026-09-11,weekday,1965305,1965305,N,SBRN,SBRN,W30-2,16:24:00,4:24 PM,3572,2,59040,2026-09-11T23:24:32+00:00,0,32,False,nearest_pdf_time_to_static_stop_time
bart_live_20260911_161720,2026-09-11,weekday,1965305,1965305,N,SSAN,SSAN,W20-2,16:27:00,4:27 PM,3572,2,59220,2026-09-11T23:27:44+00:00,0,44,False,nearest_pdf_time_to_static_stop_time
bart_live_20260911_161720,2026-09-11,weekday,1965305,1965305,N,COLM,COLM,W10-2,16:30:00,4:30 PM,3572,2,59400,2026-09-11T23:31:08+00:00,0,68,False,nearest_pdf_time_to_static_stop_time
bart_live_20260911_161720,2026-09-11,weekday,1965305,1965305,N,DALY,DALY,M90-2,16:34:00,4:34 PM,3572,2,59640,2026-09-11T23:34:47+00:00,0,47,False,nearest_pdf_time_to_static_stop_time
bart_live_20260911_161720,2026-09-11,weekday,1965305,1965305,N,BALB,BALB,M80-2,16:37:00,4:37 PM,3572,2,59820,2026-09-11T23:38:29+00:00,0,89,False,nearest_pdf_time_to_static_stop_time
bart_live_20260911_161720,2026-09-11,weekday,1965305,1965305,N,GLEN,GLEN,M70-2,16:40:00,4:40 PM,3572,2,60000,2026-09-11T23:40:47+00:00,0,47,False,nearest_pdf_time_to_static_stop_time
bart_live_20260911_161720,2026-09-11,weekday,1965305,1965305,N,24TH,24TH,M60-2,16:42:00,4:42 PM,3572,2,60120,2026-09-11T23:43:29+00:00,0,89,False,nearest_pdf_time_to_static_stop_time
bart_live_20260911_161720,2026-09-11,weekday,1965305,1965305,N,16TH,16TH,M50-2,16:45:00,4:45 PM,3572,2,60300,2026-09-11T23:45:35+00:00,0,35,False,nearest_pdf_time_to_static_stop_time
bart_live_20260911_161720,2026-09-11,weekday,1965305,1965305,N,CIVC,CIVC,M40-2,16:47:00,4:47 PM,3572,2,60420,2026-09-11T23:47:59+00:00,0,59,False,nearest_pdf_time_to_static_stop_time
bart_live_20260911_161720,2026-09-11,weekday,1965305,1965305,N,POWL,POWL,M30-2,16:49:00,4:49 PM,3572,2,60540,2026-09-11T23:49:41+00:00,0,41,False,nearest_pdf_time_to_static_stop_time
bart_live_20260911_161720,2026-09-11,weekday,1965305,1965305,N,MONT,MONT,M20-2,16:50:00,4:50 PM,3572,2,60600,2026-09-11T23:51:17+00:00,0,77,False,nearest_pdf_time_to_static_stop_time
bart_live_20260911_161720,2026-09-11,weekday,1965305,1965305,N,EMBR,EMBR,M16-2,16:52:00,4:52 PM,3572,2,60720,2026-09-11T23:52:59+00:00,0,59,False,nearest_pdf_time_to_static_stop_time
bart_live_20260911_161720,2026-09-11,weekday,1965305,1965305,N,WOAK,WOAK,M10-2,16:59:00,4:59 PM,3572,2,61140,2026-09-12T00:00:05+00:00,0,65,False,nearest_pdf_time_to_static_stop_time
bart_live_20260911_161720,2026-09-11,weekday,1965305,1965305,N,12TH,12TH,K10-3,17:04:00,5:04 PM,3572,2,61440,2026-09-12T00:04:55+00:00,0,55,False,nearest_pdf_time_to_static_stop_time
bart_live_20260911_161720,2026-09-11,weekday,1965305,1965305,N,19TH,19TH,K20-3,17:06:00,5:06 PM,3572,2,61560,2026-09-12T00:06:49+00:00,0,49,False,nearest_pdf_time_to_static_stop_time
bart_live_20260911_161720,2026-09-11,weekday,1965305,1965305,N,MCAR,MCAR,K30-3,17:09:00,5:09 PM,3572,2,61740,2026-09-12T00:10:24+00:00,0,84,False,nearest_pdf_time_to_static_stop_time
bart_live_20260911_161720,2026-09-11,weekday,1965305,1965305,N,ROCK,ROCK,C10-1,17:12:00,5:12 PM,3572,2,61920,2026-09-12T00:13:06+00:00,0,66,False,nearest_pdf_time_to_static_stop_time
bart_live_20260911_161720,2026-09-11,weekday,1965305,1965305,N,ORIN,ORIN,C20-1,17:17:00,5:17 PM,3572,2,62220,2026-09-12T00:18:27+00:00,0,87,False,nearest_pdf_time_to_static_stop_time
bart_live_20260911_161720,2026-09-11,weekday,1965305,1965305,N,LAFY,LAFY,C30-1,17:22:00,5:22 PM,3572,2,62520,2026-09-12T00:23:15+00:00,0,75,False,nearest_pdf_time_to_static_stop_time
bart_live_20260911_161720,2026-09-11,weekday,1965305,1965305,N,WCRK,WCRK,C40-1,17:27:00,5:27 PM,3572,2,62820,2026-09-12T00:27:54+00:00,0,54,False,nearest_pdf_time_to_static_stop_time
bart_live_20260911_161720,2026-09-11,weekday,1965305,1965305,N,PHIL,PHIL,C50-1,17:30:00,5:30 PM,3572,2,63000,2026-09-12T00:30:45+00:00,0,45,False,nearest_pdf_time_to_static_stop_time
bart_live_20260911_161720,2026-09-11,weekday,1965305,1965305,N,CONC,CONC,C60-1,17:35:00,5:35 PM,3572,2,63300,2026-09-12T00:35:59+00:00,0,59,False,nearest_pdf_time_to_static_stop_time
bart_live_20260911_161720,2026-09-11,weekday,1965305,1965305,N,NCON,NCON,C70-1,17:39:00,5:39 PM,3572,2,63540,2026-09-12T00:39:41+00:00,0,41,False,nearest_pdf_time_to_static_stop_time
bart_live_20260911_161720,2026-09-11,weekday,1965151,1965151,S,SSAN,SSAN,W20-1,16:17:00,4:17 PM,3088,1,58620,2026-09-11T23:19:18+00:00,0,138,False,nearest_pdf_time_to_static_stop_time
bart_live_20260911_161720,2026-09-11,weekday,1965151,1965151,S,SBRN,SBRN,W30-1,16:21:00,4:21 PM,3088,1,58860,2026-09-11T23:22:01+00:00,0,61,False,nearest_pdf_time_to_static_stop_time
bart_live_20260911_161720,2026-09-11,weekday,1965275,1965275,N,SBRN,SBRN,W30-2,16:32:00,4:32 PM,3624,2,59520,2026-09-11T23:32:56+00:00,0,56,False,nearest_pdf_time_to_static_stop_time
bart_live_20260911_161720,2026-09-11,weekday,1965275,1965275,N,SSAN,SSAN,W20-2,16:35:00,4:35 PM,3624,2,59700,2026-09-11T23:36:08+00:00,0,68,False,nearest_pdf_time_to_static_stop_time
bart_live_20260911_161720,2026-09-11,weekday,1965275,1965275,N,COLM,COLM,W10-2,16:39:00,4:39 PM,3624,2,59940,2026-09-11T23:39:32+00:00,0,32,False,nearest_pdf_time_to_static_stop_time
bart_live_20260911_161720,2026-09-11,weekday,1965275,1965275,N,DALY,DALY,M90-2,16:42:00,4:42 PM,3624,2,60120,2026-09-11T23:43:11+00:00,0,71,False,nearest_pdf_time_to_static_stop_time
bart_live_20260911_161720,2026-09-11,weekday,1965275,1965275,N,BALB,BALB,M80-2,16:46:00,4:46 PM,3624,2,60360,2026-09-11T23:46:53+00:00,0,53,False,nearest_pdf_time_to_static_stop_time
bart_live_20260911_161720,2026-09-11,weekday,1965275,1965275,N,GLEN,GLEN,M70-2,16:48:00,4:48 PM,3624,2,60480,2026-09-11T23:49:11+00:00,0,71,False,nearest_pdf_time_to_static_stop_time
bart_live_20260911_161720,2026-09-11,weekday,1965275,1965275,N,24TH,24TH,M60-2,16:51:00,4:51 PM,3624,2,60660,2026-09-11T23:51:53+00:00,0,53,False,nearest_pdf_time_to_static_stop_time
bart_live_20260911_161720,2026-09-11,weekday,1965275,1965275,N,16TH,16TH,M50-2,16:53:00,4:53 PM,3624,2,60780,2026-09-11T23:53:59+00:00,0,59,False,nearest_pdf_time_to_static_stop_time
bart_live_20260911_161720,2026-09-11,weekday,1965275,1965275,N,CIVC,CIVC,M40-2,16:55:00,4:55 PM,3624,2,60900,2026-09-11T23:56:23+00:00,0,83,False,nearest_pdf_time_to_static_stop_time
bart_live_20260911_161720,2026-09-11,weekday,1965275,1965275,N,POWL,POWL,M30-2,16:57:00,4:57 PM,3624,2,61020,2026-09-11T23:58:05+00:00,0,65,False,nearest_pdf_time_to_static_stop_time
bart_live_20260911_161720,2026-09-11,weekday,1965275,1965275,N,MONT,MONT,M20-2,16:59:00,4:59 PM,3624,2,61140,2026-09-11T23:59:41+00:00,0,41,False,nearest_pdf_time_to_static_stop_time
bart_live_20260911_161720,2026-09-11,weekday,1965275,1965275,N,EMBR,EMBR,M16-2,17:00:00,5:00 PM,3624,2,61200,2026-09-12T00:01:23+00:00,0,83,False,nearest_pdf_time_to_static_stop_time
bart_live_20260911_161720,2026-09-11,weekday,1965275,1965275,N,WOAK,WOAK,M10-2,17:07:00,5:07 PM,3624,2,61620,2026-09-12T00:08:29+00:00,0,89,False,nearest_pdf_time_to_static_stop_time
bart_live_20260911_161720,2026-09-11,weekday,1965275,1965275,N,12TH,12TH,K10-3,17:12:00,5:12 PM,3624,2,61920,2026-09-12T00:13:19+00:00,0,79,False,nearest_pdf_time_to_static_stop_time
bart_live_20260911_161720,2026-09-11,weekday,1965275,1965275,N,19TH,19TH,K20-3,17:14:00,5:14 PM,3624,2,62040,2026-09-12T00:15:13+00:00,0,73,False,nearest_pdf_time_to_static_stop_time
bart_live_20260911_161720,2026-09-11,weekday,1965275,1965275,N,MCAR,MCAR,K30-3,17:18:00,5:18 PM,3624,2,62280,2026-09-12T00:18:48+00:00,0,48,False,nearest_pdf_time_to_static_stop_time
bart_live_20260911_161720,2026-09-11,weekday,1965275,1965275,N,ROCK,ROCK,C10-1,17:21:00,5:21 PM,3624,2,62460,2026-09-12T00:21:30+00:00,0,30,False,nearest_pdf_time_to_static_stop_time
bart_live_20260911_161720,2026-09-11,weekday,1965275,1965275,N,ORIN,ORIN,C20-1,17:26:00,5:26 PM,3624,2,62760,2026-09-12T00:26:51+00:00,0,51,False,nearest_pdf_time_to_static_stop_time
bart_live_20260911_161720,2026-09-11,weekday,1965275,1965275,N,LAFY,LAFY,C30-1,17:31:00,5:31 PM,3624,2,63060,2026-09-12T00:31:39+00:00,0,39,False,nearest_pdf_time_to_static_stop_time
bart_live_20260911_161720,2026-09-11,weekday,1965275,1965275,N,WCRK,WCRK,C40-1,17:35:00,5:35 PM,3624,2,63300,2026-09-12T00:36:18+00:00,0,78,False,nearest_pdf_time_to_static_stop_time
bart_live_20260911_161720,2026-09-11,weekday,1965275,1965275,N,PHIL,PHIL,C50-1,17:38:00,5:38 PM,3624,2,63480,2026-09-12T00:39:09+00:00,0,69,False,nearest_pdf_time_to_static_stop_time
bart_live_20260911_161720,2026-09-11,weekday,1965275,1965275,N,CONC,CONC,C60-1,17:43:00,5:43 PM,3624,2,63780,2026-09-12T00:44:23+00:00,0,83,False,nearest_pdf_time_to_static_stop_time
bart_live_20260911_161720,2026-09-11,weekday,1965275,1965275,N,NCON,NCON,C70-1,17:47:00,5:47 PM,3624,2,64020,2026-09-12T00:48:05+00:00,0,65,False,nearest_pdf_time_to_static_stop_time
bart_live_20260911_161720,2026-09-11,weekday,1965275,1965275,N,PITT,PITT,C80-1,17:54:00,5:54 PM,3624,2,64440,2026-09-12T00:54:43+00:00,0,43,False,nearest_pdf_time_to_static_stop_time
bart_live_20260911_161720,2026-09-11,weekday,1965194,1965194,S,BALB,BALB,M80-1,16:14:00,4:14 PM,3140,1,58440,2026-09-11T23:18:58+00:00,0,298,False,nearest_pdf_time_to_static_stop_time
bart_live_20260911_161720,2026-09-11,weekday,1965194,1965194,S,DALY,DALY,M90-1,16:19:00,4:19 PM,3140,1,58740,2026-09-11T23:22:37+00:00,0,217,False,nearest_pdf_time_to_static_stop_time
bart_live_20260911_161720,2026-09-11,weekday,1965194,1965194,S,COLM,COLM,W10-1,16:23:00,4:23 PM,3140,1,58980,2026-09-11T23:26:16+00:00,0,196,False,nearest_pdf_time_to_static_stop_time
bart_live_20260911_161720,2026-09-11,weekday,1965194,1965194,S,SSAN,SSAN,W20-1,16:26:00,4:26 PM,3140,1,59160,2026-09-11T23:29:10+00:00,0,190,False,nearest_pdf_time_to_static_stop_time
bart_live_20260911_161720,2026-09-11,weekday,1965194,1965194,S,SBRN,SBRN,W30-1,16:29:00,4:29 PM,3140,1,59340,2026-09-11T23:32:17+00:00,0,197,False,nearest_pdf_time_to_static_stop_time
bart_live_20260911_161720,2026-09-11,weekday,1965306,1965306,N,SBRN,SBRN,W30-2,16:44:00,4:44 PM,3676,2,60240,2026-09-11T23:44:32+00:00,0,32,False,nearest_pdf_time_to_static_stop_time
bart_live_20260911_161720,2026-09-11,weekday,1965306,1965306,N,SSAN,SSAN,W20-2,16:47:00,4:47 PM,3676,2,60420,2026-09-11T23:47:44+00:00,0,44,False,nearest_pdf_time_to_static_stop_time
bart_live_20260911_161720,2026-09-11,weekday,1965306,1965306,N,COLM,COLM,W10-2,16:50:00,4:50 PM,3676,2,60600,2026-09-11T23:51:08+00:00,0,68,False,nearest_pdf_time_to_static_stop_time
bart_live_20260911_161720,2026-09-11,weekday,1965306,1965306,N,DALY,DALY,M90-2,16:54:00,4:54 PM,3676,2,60840,2026-09-11T23:54:47+00:00,0,47,False,nearest_pdf_time_to_static_stop_time
bart_live_20260911_161720,2026-09-11,weekday,1965306,1965306,N,BALB,BALB,M80-2,16:57:00,4:57 PM,3676,2,61020,2026-09-11T23:58:29+00:00,0,89,False,nearest_pdf_time_to_static_stop_time
bart_live_20260911_161720,2026-09-11,weekday,1965306,1965306,N,GLEN,GLEN,M70-2,17:00:00,5:00 PM,3676,2,61200,2026-09-12T00:00:47+00:00,0,47,False,nearest_pdf_time_to_static_stop_time
bart_live_20260911_161720,2026-09-11,weekday,1965306,1965306,N,24TH,24TH,M60-2,17:02:00,5:02 PM,3676,2,61320,2026-09-12T00:03:29+00:00,0,89,False,nearest_pdf_time_to_static_stop_time
bart_live_20260911_161720,2026-09-11,weekday,1965306,1965306,N,16TH,16TH,M50-2,17:05:00,5:05 PM,3676,2,61500,2026-09-12T00:05:35+00:00,0,35,False,nearest_pdf_time_to_static_stop_time
bart_live_20260911_161720,2026-09-11,weekday,1965306,1965306,N,CIVC,CIVC,M40-2,17:07:00,5:07 PM,3676,2,61620,2026-09-12T00:07:59+00:00,0,59,False,nearest_pdf_time_to_static_stop_time
bart_live_20260911_161720,2026-09-11,weekday,1965306,1965306,N,POWL,POWL,M30-2,17:09:00,5:09 PM,3676,2,61740,2026-09-12T00:09:41+00:00,0,41,False,nearest_pdf_time_to_static_stop_time
bart_live_20260911_161720,2026-09-11,weekday,1965306,1965306,N,MONT,MONT,M20-2,17:10:00,5:10 PM,3676,2,61800,2026-09-12T00:11:17+00:00,0,77,False,nearest_pdf_time_to_static_stop_time
bart_live_20260911_161720,2026-09-11,weekday,1965306,1965306,N,EMBR,EMBR,M16-2,17:12:00,5:12 PM,3676,2,61920,2026-09-12T00:12:59+00:00,0,59,False,nearest_pdf_time_to_static_stop_time
bart_live_20260911_161720,2026-09-11,weekday,1965306,1965306,N,WOAK,WOAK,M10-2,17:19:00,5:19 PM,3676,2,62340,2026-09-12T00:20:05+00:00,0,65,False,nearest_pdf_time_to_static_stop_time
bart_live_20260911_161720,2026-09-11,weekday,1965306,1965306,N,12TH,12TH,K10-3,17:24:00,5:24 PM,3676,2,62640,2026-09-12T00:24:55+00:00,0,55,False,nearest_pdf_time_to_static_stop_time
bart_live_20260911_161720,2026-09-11,weekday,1965306,1965306,N,19TH,19TH,K20-3,17:26:00,5:26 PM,3676,2,62760,2026-09-12T00:26:49+00:00,0,49,False,nearest_pdf_time_to_static_stop_time
bart_live_20260911_161720,2026-09-11,weekday,1965306,1965306,N,MCAR,MCAR,K30-3,17:29:00,5:29 PM,3676,2,62940,2026-09-12T00:30:24+00:00,0,84,False,nearest_pdf_time_to_static_stop_time
bart_live_20260911_161720,2026-09-11,weekday,1965306,1965306,N,ROCK,ROCK,C10-1,17:32:00,5:32 PM,3676,2,63120,2026-09-12T00:33:06+00:00,0,66,False,nearest_pdf_time_to_static_stop_time
bart_live_20260911_161720,2026-09-11,weekday,1965306,1965306,N,ORIN,ORIN,C20-1,17:37:00,5:37 PM,3676,2,63420,2026-09-12T00:38:27+00:00,0,87,False,nearest_pdf_time_to_static_stop_time
bart_live_20260911_161720,2026-09-11,weekday,1965306,1965306,N,LAFY,LAFY,C30-1,17:42:00,5:42 PM,3676,2,63720,2026-09-12T00:43:15+00:00,0,75,False,nearest_pdf_time_to_static_stop_time
bart_live_20260911_161720,2026-09-11,weekday,1965306,1965306,N,WCRK,WCRK,C40-1,17:47:00,5:47 PM,3676,2,64020,2026-09-12T00:47:54+00:00,0,54,False,nearest_pdf_time_to_static_stop_time
bart_live_20260911_161720,2026-09-11,weekday,1965306,1965306,N,PHIL,PHIL,C50-1,17:50:00,5:50 PM,3676,2,64200,2026-09-12T00:50:45+00:00,0,45,False,nearest_pdf_time_to_static_stop_time
bart_live_20260911_161720,2026-09-11,weekday,1965306,1965306,N,CONC,CONC,C60-1,17:55:00,5:55 PM,3676,2,64500,2026-09-12T00:55:59+00:00,0,59,False,nearest_pdf_time_to_static_stop_time
bart_live_20260911_161720,2026-09-11,weekday,1965306,1965306,N,NCON,NCON,C70-1,17:59:00,5:59 PM,3676,2,64740,2026-09-12T00:59:41+00:00,0,41,False,nearest_pdf_time_to_static_stop_time
bart_live_20260911_161720,2026-09-11,weekday,1965152,1965152,S,EMBR,EMBR,M16-1,16:12:00,4:12 PM,3192,1,58320,2026-09-11T23:18:06+00:00,0,366,False,nearest_pdf_time_to_static_stop_time
bart_live_20260911_161720,2026-09-11,weekday,1965152,1965152,S,MONT,MONT,M20-1,16:13:00,4:13 PM,3192,1,58380,2026-09-11T23:19:07+00:00,0,367,False,nearest_pdf_time_to_static_stop_time
bart_live_20260911_161720,2026-09-11,weekday,1965152,1965152,S,POWL,POWL,M30-1,16:15:00,4:15 PM,3192,1,58500,2026-09-11T23:20:32+00:00,0,332,False,nearest_pdf_time_to_static_stop_time
bart_live_20260911_161720,2026-09-11,weekday,1965152,1965152,S,CIVC,CIVC,M40-1,16:17:00,4:17 PM,3192,1,58620,2026-09-11T23:22:00+00:00,0,300,False,nearest_pdf_time_to_static_stop_time
bart_live_20260911_161720,2026-09-11,weekday,1965152,1965152,S,16TH,16TH,M50-1,16:19:00,4:19 PM,3192,1,58740,2026-09-11T23:24:12+00:00,0,312,False,nearest_pdf_time_to_static_stop_time
bart_live_20260911_161720,2026-09-11,weekday,1965152,1965152,S,24TH,24TH,M60-1,16:21:00,4:21 PM,3192,1,58860,2026-09-11T23:26:10+00:00,0,310,False,nearest_pdf_time_to_static_stop_time
bart_live_20260911_161720,2026-09-11,weekday,1965152,1965152,S,GLEN,GLEN,M70-1,16:24:00,4:24 PM,3192,1,59040,2026-09-11T23:28:56+00:00,0,296,False,nearest_pdf_time_to_static_stop_time
bart_live_20260911_161720,2026-09-11,weekday,1965152,1965152,S,BALB,BALB,M80-1,16:26:00,4:26 PM,3192,1,59160,2026-09-11T23:31:08+00:00,0,308,False,nearest_pdf_time_to_static_stop_time
bart_live_20260911_161720,2026-09-11,weekday,1965152,1965152,S,DALY,DALY,M90-1,16:30:00,4:30 PM,3192,1,59400,2026-09-11T23:35:00+00:00,0,300,False,nearest_pdf_time_to_static_stop_time
bart_live_20260911_161720,2026-09-11,weekday,1965152,1965152,S,COLM,COLM,W10-1,16:34:00,4:34 PM,3192,1,59640,2026-09-11T23:38:39+00:00,0,279,False,nearest_pdf_time_to_static_stop_time
bart_live_20260911_161720,2026-09-11,weekday,1965152,1965152,S,SSAN,SSAN,W20-1,16:37:00,4:37 PM,3192,1,59820,2026-09-11T23:41:33+00:00,0,273,False,nearest_pdf_time_to_static_stop_time
bart_live_20260911_161720,2026-09-11,weekday,1965152,1965152,S,SBRN,SBRN,W30-1,16:41:00,4:41 PM,3192,1,60060,2026-09-11T23:44:40+00:00,0,220,False,nearest_pdf_time_to_static_stop_time
bart_live_20260911_161720,2026-09-11,weekday,1965276,1965276,N,SBRN,SBRN,W30-2,16:52:00,4:52 PM,3728,2,60720,2026-09-11T23:52:56+00:00,0,56,False,nearest_pdf_time_to_static_stop_time
bart_live_20260911_161720,2026-09-11,weekday,1965276,1965276,N,SSAN,SSAN,W20-2,16:55:00,4:55 PM,3728,2,60900,2026-09-11T23:56:08+00:00,0,68,False,nearest_pdf_time_to_static_stop_time
bart_live_20260911_161720,2026-09-11,weekday,1965276,1965276,N,COLM,COLM,W10-2,16:59:00,4:59 PM,3728,2,61140,2026-09-11T23:59:32+00:00,0,32,False,nearest_pdf_time_to_static_stop_time
bart_live_20260911_161720,2026-09-11,weekday,1965276,1965276,N,DALY,DALY,M90-2,17:02:00,5:02 PM,3728,2,61320,2026-09-12T00:03:11+00:00,0,71,False,nearest_pdf_time_to_static_stop_time
bart_live_20260911_161720,2026-09-11,weekday,1965276,1965276,N,BALB,BALB,M80-2,17:06:00,5:06 PM,3728,2,61560,2026-09-12T00:06:53+00:00,0,53,False,nearest_pdf_time_to_static_stop_time
bart_live_20260911_161720,2026-09-11,weekday,1965276,1965276,N,GLEN,GLEN,M70-2,17:08:00,5:08 PM,3728,2,61680,2026-09-12T00:09:11+00:00,0,71,False,nearest_pdf_time_to_static_stop_time
bart_live_20260911_161720,2026-09-11,weekday,1965276,1965276,N,24TH,24TH,M60-2,17:11:00,5:11 PM,3728,2,61860,2026-09-12T00:11:53+00:00,0,53,False,nearest_pdf_time_to_static_stop_time
bart_live_20260911_161720,2026-09-11,weekday,1965276,1965276,N,16TH,16TH,M50-2,17:13:00,5:13 PM,3728,2,61980,2026-09-12T00:13:59+00:00,0,59,False,nearest_pdf_time_to_static_stop_time
bart_live_20260911_161720,2026-09-11,weekday,1965276,1965276,N,CIVC,CIVC,M40-2,17:15:00,5:15 PM,3728,2,62100,2026-09-12T00:16:23+00:00,0,83,False,nearest_pdf_time_to_static_stop_time
bart_live_20260911_161720,2026-09-11,weekday,1965276,1965276,N,POWL,POWL,M30-2,17:17:00,5:17 PM,3728,2,62220,2026-09-12T00:18:05+00:00,0,65,False,nearest_pdf_time_to_static_stop_time
bart_live_20260911_161720,2026-09-11,weekday,1965276,1965276,N,MONT,MONT,M20-2,17:19:00,5:19 PM,3728,2,62340,2026-09-12T00:19:41+00:00,0,41,False,nearest_pdf_time_to_static_stop_time
bart_live_20260911_161720,2026-09-11,weekday,1965276,1965276,N,EMBR,EMBR,M16-2,17:20:00,5:20 PM,3728,2,62400,2026-09-12T00:21:23+00:00,0,83,False,nearest_pdf_time_to_static_stop_time
bart_live_20260911_161720,2026-09-11,weekday,1965276,1965276,N,WOAK,WOAK,M10-2,17:27:00,5:27 PM,3728,2,62820,2026-09-12T00:28:29+00:00,0,89,False,nearest_pdf_time_to_static_stop_time
bart_live_20260911_161720,2026-09-11,weekday,1965276,1965276,N,12TH,12TH,K10-3,17:32:00,5:32 PM,3728,2,63120,2026-09-12T00:33:19+00:00,0,79,False,nearest_pdf_time_to_static_stop_time
bart_live_20260911_161720,2026-09-11,weekday,1965276,1965276,N,19TH,19TH,K20-3,17:34:00,5:34 PM,3728,2,63240,2026-09-12T00:35:13+00:00,0,73,False,nearest_pdf_time_to_static_stop_time
bart_live_20260911_161720,2026-09-11,weekday,1965276,1965276,N,MCAR,MCAR,K30-3,17:38:00,5:38 PM,3728,2,63480,2026-09-12T00:38:48+00:00,0,48,False,nearest_pdf_time_to_static_stop_time
bart_live_20260911_161720,2026-09-11,weekday,1965276,1965276,N,ROCK,ROCK,C10-1,17:41:00,5:41 PM,3728,2,63660,2026-09-12T00:41:30+00:00,0,30,False,nearest_pdf_time_to_static_stop_time
bart_live_20260911_161720,2026-09-11,weekday,1965276,1965276,N,ORIN,ORIN,C20-1,17:46:00,5:46 PM,3728,2,63960,2026-09-12T00:46:51+00:00,0,51,False,nearest_pdf_time_to_static_stop_time
bart_live_20260911_161720,2026-09-11,weekday,1965276,1965276,N,LAFY,LAFY,C30-1,17:51:00,5:51 PM,3728,2,64260,2026-09-12T00:51:39+00:00,0,39,False,nearest_pdf_time_to_static_stop_time
bart_live_20260911_161720,2026-09-11,weekday,1965276,1965276,N,WCRK,WCRK,C40-1,17:55:00,5:55 PM,3728,2,64500,2026-09-12T00:56:18+00:00,0,78,False,nearest_pdf_time_to_static_stop_time
bart_live_20260911_161720,2026-09-11,weekday,1965276,1965276,N,PHIL,PHIL,C50-1,17:58:00,5:58 PM,3728,2,64680,2026-09-12T00:59:09+00:00,0,69,False,nearest_pdf_time_to_static_stop_time
bart_live_20260911_161720,2026-09-11,weekday,1965276,1965276,N,CONC,CONC,C60-1,18:03:00,6:03 PM,3728,2,64980,2026-09-12T01:04:23+00:00,0,83,False,nearest_pdf_time_to_static_stop_time
bart_live_20260911_161720,2026-09-11,weekday,1965276,1965276,N,NCON,NCON,C70-1,18:07:00,6:07 PM,3728,2,65220,2026-09-12T01:08:05+00:00,0,65,False,nearest_pdf_time_to_static_stop_time
bart_live_20260911_161720,2026-09-11,weekday,1965276,1965276,N,PITT,PITT,C80-1,18:14:00,6:14 PM,3728,2,65640,2026-09-12T01:14:43+00:00,0,43,False,nearest_pdf_time_to_static_stop_time
bart_live_20260911_161720,2026-09-11,weekday,1965195,1965195,S,EMBR,EMBR,M16-1,16:20:00,4:20 PM,3244,1,58800,2026-09-11T23:22:08+00:00,0,128,False,nearest_pdf_time_to_static_stop_time
bart_live_20260911_161720,2026-09-11,weekday,1965195,1965195,S,MONT,MONT,M20-1,16:22:00,4:22 PM,3244,1,58920,2026-09-11T23:23:09+00:00,0,69,False,nearest_pdf_time_to_static_stop_time
bart_live_20260911_161720,2026-09-11,weekday,1965195,1965195,S,POWL,POWL,M30-1,16:23:00,4:23 PM,3244,1,58980,2026-09-11T23:24:53+00:00,0,113,False,nearest_pdf_time_to_static_stop_time
bart_live_20260911_161720,2026-09-11,weekday,1965195,1965195,S,CIVC,CIVC,M40-1,16:25:00,4:25 PM,3244,1,59100,2026-09-11T23:26:00+00:00,0,60,False,nearest_pdf_time_to_static_stop_time
bart_live_20260911_161720,2026-09-11,weekday,1965195,1965195,S,16TH,16TH,M50-1,16:27:00,4:27 PM,3244,1,59220,2026-09-11T23:28:23+00:00,0,83,False,nearest_pdf_time_to_static_stop_time
bart_live_20260911_161720,2026-09-11,weekday,1965195,1965195,S,24TH,24TH,M60-1,16:29:00,4:29 PM,3244,1,59340,2026-09-11T23:30:23+00:00,0,83,False,nearest_pdf_time_to_static_stop_time
bart_live_20260911_161720,2026-09-11,weekday,1965195,1965195,S,GLEN,GLEN,M70-1,16:32:00,4:32 PM,3244,1,59520,2026-09-11T23:33:11+00:00,0,71,False,nearest_pdf_time_to_static_stop_time
bart_live_20260911_161720,2026-09-11,weekday,1965195,1965195,S,BALB,BALB,M80-1,16:34:00,4:34 PM,3244,1,59640,2026-09-11T23:35:29+00:00,0,89,False,nearest_pdf_time_to_static_stop_time
bart_live_20260911_161720,2026-09-11,weekday,1965195,1965195,S,DALY,DALY,M90-1,16:39:00,4:39 PM,3244,1,59940,2026-09-11T23:39:56+00:00,0,56,False,nearest_pdf_time_to_static_stop_time
bart_live_20260911_161720,2026-09-11,weekday,1965195,1965195,S,COLM,COLM,W10-1,16:43:00,4:43 PM,3244,1,60180,2026-09-11T23:43:50+00:00,0,50,False,nearest_pdf_time_to_static_stop_time
bart_live_20260911_161720,2026-09-11,weekday,1965195,1965195,S,SSAN,SSAN,W20-1,16:46:00,4:46 PM,3244,1,60360,2026-09-11T23:46:50+00:00,0,50,False,nearest_pdf_time_to_static_stop_time
bart_live_20260911_161720,2026-09-11,weekday,1965195,1965195,S,SBRN,SBRN,W30-1,16:49:00,4:49 PM,3244,1,60540,2026-09-11T23:50:02+00:00,0,62,False,nearest_pdf_time_to_static_stop_time
bart_live_20260911_185819,2026-09-11,weekday,1965118,1965118,S,NCON,NCON,C70-2,18:52:00,6:52 PM,4284,1,67920,2026-09-12T02:03:28+00:00,0,688,False,nearest_pdf_time_to_static_stop_time
bart_live_20260911_185819,2026-09-11,weekday,1965118,1965118,S,CONC,CONC,C60-2,18:56:00,6:56 PM,4284,1,68160,2026-09-12T02:07:06+00:00,0,666,False,nearest_pdf_time_to_static_stop_time
bart_live_20260911_185819,2026-09-11,weekday,1965118,1965118,S,PHIL,PHIL,C50-2,19:01:00,7:01 PM,4284,1,68460,2026-09-12T02:12:06+00:00,0,666,False,nearest_pdf_time_to_static_stop_time
bart_live_20260911_185819,2026-09-11,weekday,1965118,1965118,S,WCRK,WCRK,C40-2,19:04:00,7:04 PM,4284,1,68640,2026-09-12T02:14:59+00:00,0,659,False,nearest_pdf_time_to_static_stop_time
bart_live_20260911_185819,2026-09-11,weekday,1965118,1965118,S,LAFY,LAFY,C30-2,19:09:00,7:09 PM,4284,1,68940,2026-09-12T02:19:27+00:00,0,627,False,nearest_pdf_time_to_static_stop_time
bart_live_20260911_185819,2026-09-11,weekday,1965118,1965118,S,ORIN,ORIN,C20-2,19:14:00,7:14 PM,4284,1,69240,2026-09-12T02:24:11+00:00,0,611,False,nearest_pdf_time_to_static_stop_time
bart_live_20260911_185819,2026-09-11,weekday,1965118,1965118,S,ROCK,ROCK,C10-2,19:19:00,7:19 PM,4284,1,69540,2026-09-12T02:29:42+00:00,0,642,False,nearest_pdf_time_to_static_stop_time
bart_live_20260911_185819,2026-09-11,weekday,1965118,1965118,S,MCAR,MCAR,K30-4,19:23:00,7:23 PM,4284,1,69780,2026-09-12T02:32:46+00:00,0,586,False,nearest_pdf_time_to_static_stop_time
bart_live_20260911_185819,2026-09-11,weekday,1965118,1965118,S,19TH,19TH,K20-2,19:27:00,7:27 PM,4284,1,70020,2026-09-12T02:36:02+00:00,0,542,False,nearest_pdf_time_to_static_stop_time
bart_live_20260911_185819,2026-09-11,weekday,1965118,1965118,S,12TH,12TH,K10-2,19:29:00,7:29 PM,4284,1,70140,2026-09-12T02:37:25+00:00,0,505,False,nearest_pdf_time_to_static_stop_time
bart_live_20260911_185819,2026-09-11,weekday,1965118,1965118,S,WOAK,WOAK,M10-1,19:33:00,7:33 PM,4284,1,70380,2026-09-12T02:41:39+00:00,0,519,False,nearest_pdf_time_to_static_stop_time
bart_live_20260911_185819,2026-09-11,weekday,1965118,1965118,S,EMBR,EMBR,M16-1,19:40:00,7:40 PM,4284,1,70800,2026-09-12T02:48:26+00:00,0,506,False,nearest_pdf_time_to_static_stop_time
bart_live_20260911_185819,2026-09-11,weekday,1965118,1965118,S,MONT,MONT,M20-1,19:42:00,7:42 PM,4284,1,70920,2026-09-12T02:49:57+00:00,0,477,False,nearest_pdf_time_to_static_stop_time
bart_live_20260911_185819,2026-09-11,weekday,1965118,1965118,S,POWL,POWL,M30-1,19:43:00,7:43 PM,4284,1,70980,2026-09-12T02:51:30+00:00,0,510,False,nearest_pdf_time_to_static_stop_time
bart_live_20260911_185819,2026-09-11,weekday,1965118,1965118,S,CIVC,CIVC,M40-1,19:45:00,7:45 PM,4284,1,71100,2026-09-12T02:53:00+00:00,0,480,False,nearest_pdf_time_to_static_stop_time
bart_live_20260911_185819,2026-09-11,weekday,1965118,1965118,S,16TH,16TH,M50-1,19:47:00,7:47 PM,4284,1,71220,2026-09-12T02:55:12+00:00,0,492,False,nearest_pdf_time_to_static_stop_time
bart_live_20260911_185819,2026-09-11,weekday,1965118,1965118,S,24TH,24TH,M60-1,19:49:00,7:49 PM,4284,1,71340,2026-09-12T02:57:10+00:00,0,490,False,nearest_pdf_time_to_static_stop_time
bart_live_20260911_185819,2026-09-11,weekday,1965118,1965118,S,GLEN,GLEN,M70-1,19:52:00,7:52 PM,4284,1,71520,2026-09-12T02:59:56+00:00,0,476,False,nearest_pdf_time_to_static_stop_time
bart_live_20260911_185819,2026-09-11,weekday,1965118,1965118,S,BALB,BALB,M80-1,19:54:00,7:54 PM,4284,1,71640,2026-09-12T03:02:08+00:00,0,488,False,nearest_pdf_time_to_static_stop_time
bart_live_20260911_185819,2026-09-11,weekday,1965118,1965118,S,DALY,DALY,M90-1,19:59:00,7:59 PM,4284,1,71940,2026-09-12T03:06:14+00:00,0,434,False,nearest_pdf_time_to_static_stop_time
bart_live_20260911_185819,2026-09-11,weekday,1965118,1965118,S,COLM,COLM,W10-1,20:03:00,8:03 PM,4284,1,72180,2026-09-12T03:09:53+00:00,0,413,False,nearest_pdf_time_to_static_stop_time
bart_live_20260911_185819,2026-09-11,weekday,1965118,1965118,S,SSAN,SSAN,W20-1,20:06:00,8:06 PM,4284,1,72360,2026-09-12T03:12:47+00:00,0,407,False,nearest_pdf_time_to_static_stop_time
bart_live_20260911_185819,2026-09-11,weekday,1965118,1965118,S,SBRN,SBRN,W30-1,20:09:00,8:09 PM,4284,1,72540,2026-09-12T03:15:54+00:00,0,414,False,nearest_pdf_time_to_static_stop_time
bart_live_20260911_185819,2026-09-11,weekday,1965205,1965205,S,PITT,PITT,C80-2,18:57:00,6:57 PM,4336,1,68220,2026-09-12T01:58:44+00:00,0,104,False,nearest_pdf_time_to_static_stop_time
bart_live_20260911_185819,2026-09-11,weekday,1965205,1965205,S,NCON,NCON,C70-2,19:04:00,7:04 PM,4336,1,68640,2026-09-12T02:05:10+00:00,0,70,False,nearest_pdf_time_to_static_stop_time
bart_live_20260911_185819,2026-09-11,weekday,1965205,1965205,S,CONC,CONC,C60-2,19:07:00,7:07 PM,4336,1,68820,2026-09-12T02:08:48+00:00,0,108,False,nearest_pdf_time_to_static_stop_time
bart_live_20260911_185819,2026-09-11,weekday,1965205,1965205,S,PHIL,PHIL,C50-2,19:13:00,7:13 PM,4336,1,69180,2026-09-12T02:13:48+00:00,0,48,False,nearest_pdf_time_to_static_stop_time
bart_live_20260911_185819,2026-09-11,weekday,1965205,1965205,S,WCRK,WCRK,C40-2,19:15:00,7:15 PM,4336,1,69300,2026-09-12T02:16:41+00:00,0,101,False,nearest_pdf_time_to_static_stop_time
bart_live_20260911_185819,2026-09-11,weekday,1965205,1965205,S,LAFY,LAFY,C30-2,19:20:00,7:20 PM,4336,1,69600,2026-09-12T02:21:10+00:00,0,70,False,nearest_pdf_time_to_static_stop_time
bart_live_20260911_185819,2026-09-11,weekday,1965205,1965205,S,ORIN,ORIN,C20-2,19:25:00,7:25 PM,4336,1,69900,2026-09-12T02:26:05+00:00,0,65,False,nearest_pdf_time_to_static_stop_time
bart_live_20260911_185819,2026-09-11,weekday,1965205,1965205,S,ROCK,ROCK,C10-2,19:31:00,7:31 PM,4336,1,70260,2026-09-12T02:31:50+00:00,0,50,False,nearest_pdf_time_to_static_stop_time
bart_live_20260911_185819,2026-09-11,weekday,1965205,1965205,S,MCAR,MCAR,K30-4,19:34:00,7:34 PM,4336,1,70440,2026-09-12T02:35:16+00:00,0,76,False,nearest_pdf_time_to_static_stop_time
bart_live_20260911_185819,2026-09-11,weekday,1965205,1965205,S,19TH,19TH,K20-2,19:38:00,7:38 PM,4336,1,70680,2026-09-12T02:39:03+00:00,0,63,False,nearest_pdf_time_to_static_stop_time
bart_live_20260911_185819,2026-09-11,weekday,1965205,1965205,S,12TH,12TH,K10-2,19:40:00,7:40 PM,4336,1,70800,2026-09-12T02:41:09+00:00,0,69,False,nearest_pdf_time_to_static_stop_time
bart_live_20260911_185819,2026-09-11,weekday,1965205,1965205,S,WOAK,WOAK,M10-1,19:45:00,7:45 PM,4336,1,71100,2026-09-12T02:45:39+00:00,0,39,False,nearest_pdf_time_to_static_stop_time
bart_live_20260911_185819,2026-09-11,weekday,1965205,1965205,S,EMBR,EMBR,M16-1,19:52:00,7:52 PM,4336,1,71520,2026-09-12T02:52:39+00:00,0,39,False,nearest_pdf_time_to_static_stop_time
bart_live_20260911_185819,2026-09-11,weekday,1965205,1965205,S,MONT,MONT,M20-1,19:53:00,7:53 PM,4336,1,71580,2026-09-12T02:54:15+00:00,0,75,False,nearest_pdf_time_to_static_stop_time
bart_live_20260911_185819,2026-09-11,weekday,1965205,1965205,S,POWL,POWL,M30-1,19:55:00,7:55 PM,4336,1,71700,2026-09-12T02:55:57+00:00,0,57,False,nearest_pdf_time_to_static_stop_time
bart_live_20260911_185819,2026-09-11,weekday,1965205,1965205,S,CIVC,CIVC,M40-1,19:57:00,7:57 PM,4336,1,71820,2026-09-12T02:57:33+00:00,0,33,False,nearest_pdf_time_to_static_stop_time
bart_live_20260911_185819,2026-09-11,weekday,1965205,1965205,S,16TH,16TH,M50-1,19:59:00,7:59 PM,4336,1,71940,2026-09-12T02:59:51+00:00,0,51,False,nearest_pdf_time_to_static_stop_time
bart_live_20260911_185819,2026-09-11,weekday,1965205,1965205,S,24TH,24TH,M60-1,20:01:00,8:01 PM,4336,1,72060,2026-09-12T03:01:51+00:00,0,51,False,nearest_pdf_time_to_static_stop_time
bart_live_20260911_185819,2026-09-11,weekday,1965205,1965205,S,GLEN,GLEN,M70-1,20:04:00,8:04 PM,4336,1,72240,2026-09-12T03:04:39+00:00,0,39,False,nearest_pdf_time_to_static_stop_time
bart_live_20260911_185819,2026-09-11,weekday,1965205,1965205,S,BALB,BALB,M80-1,20:06:00,8:06 PM,4336,1,72360,2026-09-12T03:06:57+00:00,0,57,False,nearest_pdf_time_to_static_stop_time
bart_live_20260911_185819,2026-09-11,weekday,1965205,1965205,S,DALY,DALY,M90-1,20:10:00,8:10 PM,4336,1,72600,2026-09-12T03:11:24+00:00,0,84,False,nearest_pdf_time_to_static_stop_time
bart_live_20260911_185819,2026-09-11,weekday,1965205,1965205,S,COLM,COLM,W10-1,20:14:00,8:14 PM,4336,1,72840,2026-09-12T03:15:18+00:00,0,78,False,nearest_pdf_time_to_static_stop_time
bart_live_20260911_185819,2026-09-11,weekday,1965205,1965205,S,SSAN,SSAN,W20-1,20:17:00,8:17 PM,4336,1,73020,2026-09-12T03:18:18+00:00,0,78,False,nearest_pdf_time_to_static_stop_time
bart_live_20260911_185819,2026-09-11,weekday,1965205,1965205,S,SBRN,SBRN,W30-1,20:21:00,8:21 PM,4336,1,73260,2026-09-12T03:21:30+00:00,0,30,False,nearest_pdf_time_to_static_stop_time
bart_live_20260911_185819,2026-09-11,weekday,1965308,1965308,N,NCON,NCON,C70-1,18:39:00,6:39 PM,3884,2,67140,2026-09-12T02:00:26+00:00,0,1286,False,nearest_pdf_time_to_static_stop_time
bart_live_20260911_185819,2026-09-11,weekday,1965308,1965308,N,PITT,PITT,C80-1,18:45:00,6:45 PM,3884,2,67500,2026-09-12T02:06:47+00:00,0,1307,False,nearest_pdf_time_to_static_stop_time
bart_live_20260911_185819,2026-09-11,weekday,1965119,1965119,S,PITT,PITT,C80-2,19:06:00,7:06 PM,4388,1,68760,2026-09-12T02:06:39+00:00,0,39,False,nearest_pdf_time_to_static_stop_time
bart_live_20260911_185819,2026-09-11,weekday,1965119,1965119,S,NCON,NCON,C70-2,19:12:00,7:12 PM,4388,1,69120,2026-09-12T02:13:02+00:00,0,62,False,nearest_pdf_time_to_static_stop_time
bart_live_20260911_185819,2026-09-11,weekday,1965119,1965119,S,CONC,CONC,C60-2,19:16:00,7:16 PM,4388,1,69360,2026-09-12T02:16:57+00:00,0,57,False,nearest_pdf_time_to_static_stop_time
bart_live_20260911_185819,2026-09-11,weekday,1965119,1965119,S,PHIL,PHIL,C50-2,19:21:00,7:21 PM,4388,1,69660,2026-09-12T02:22:03+00:00,0,63,False,nearest_pdf_time_to_static_stop_time
bart_live_20260911_185819,2026-09-11,weekday,1965119,1965119,S,WCRK,WCRK,C40-2,19:24:00,7:24 PM,4388,1,69840,2026-09-12T02:25:01+00:00,0,61,False,nearest_pdf_time_to_static_stop_time
bart_live_20260911_185819,2026-09-11,weekday,1965119,1965119,S,LAFY,LAFY,C30-2,19:29:00,7:29 PM,4388,1,70140,2026-09-12T02:29:42+00:00,0,42,False,nearest_pdf_time_to_static_stop_time
bart_live_20260911_185819,2026-09-11,weekday,1965119,1965119,S,ORIN,ORIN,C20-2,19:34:00,7:34 PM,4388,1,70440,2026-09-12T02:34:37+00:00,0,37,False,nearest_pdf_time_to_static_stop_time
bart_live_20260911_185819,2026-09-11,weekday,1965119,1965119,S,ROCK,ROCK,C10-2,19:39:00,7:39 PM,4388,1,70740,2026-09-12T02:40:22+00:00,0,82,False,nearest_pdf_time_to_static_stop_time
bart_live_20260911_185819,2026-09-11,weekday,1965119,1965119,S,MCAR,MCAR,K30-4,19:43:00,7:43 PM,4388,1,70980,2026-09-12T02:43:48+00:00,0,48,False,nearest_pdf_time_to_static_stop_time
bart_live_20260911_185819,2026-09-11,weekday,1965119,1965119,S,19TH,19TH,K20-2,19:47:00,7:47 PM,4388,1,71220,2026-09-12T02:47:35+00:00,0,35,False,nearest_pdf_time_to_static_stop_time
bart_live_20260911_185819,2026-09-11,weekday,1965119,1965119,S,12TH,12TH,K10-2,19:49:00,7:49 PM,4388,1,71340,2026-09-12T02:49:41+00:00,0,41,False,nearest_pdf_time_to_static_stop_time
bart_live_20260911_185819,2026-09-11,weekday,1965119,1965119,S,WOAK,WOAK,M10-1,19:53:00,7:53 PM,4388,1,71580,2026-09-12T02:54:11+00:00,0,71,False,nearest_pdf_time_to_static_stop_time
bart_live_20260911_185819,2026-09-11,weekday,1965119,1965119,S,EMBR,EMBR,M16-1,20:00:00,8:00 PM,4388,1,72000,2026-09-12T03:01:11+00:00,0,71,False,nearest_pdf_time_to_static_stop_time
bart_live_20260911_185819,2026-09-11,weekday,1965119,1965119,S,MONT,MONT,M20-1,20:02:00,8:02 PM,4388,1,72120,2026-09-12T03:02:47+00:00,0,47,False,nearest_pdf_time_to_static_stop_time
bart_live_20260911_185819,2026-09-11,weekday,1965119,1965119,S,POWL,POWL,M30-1,20:03:00,8:03 PM,4388,1,72180,2026-09-12T03:04:29+00:00,0,89,False,nearest_pdf_time_to_static_stop_time
bart_live_20260911_185819,2026-09-11,weekday,1965119,1965119,S,CIVC,CIVC,M40-1,20:05:00,8:05 PM,4388,1,72300,2026-09-12T03:06:05+00:00,0,65,False,nearest_pdf_time_to_static_stop_time
bart_live_20260911_185819,2026-09-11,weekday,1965119,1965119,S,16TH,16TH,M50-1,20:07:00,8:07 PM,4388,1,72420,2026-09-12T03:08:23+00:00,0,83,False,nearest_pdf_time_to_static_stop_time
bart_live_20260911_185819,2026-09-11,weekday,1965119,1965119,S,24TH,24TH,M60-1,20:09:00,8:09 PM,4388,1,72540,2026-09-12T03:10:23+00:00,0,83,False,nearest_pdf_time_to_static_stop_time
bart_live_20260911_185819,2026-09-11,weekday,1965119,1965119,S,GLEN,GLEN,M70-1,20:12:00,8:12 PM,4388,1,72720,2026-09-12T03:13:11+00:00,0,71,False,nearest_pdf_time_to_static_stop_time
bart_live_20260911_185819,2026-09-11,weekday,1965119,1965119,S,BALB,BALB,M80-1,20:14:00,8:14 PM,4388,1,72840,2026-09-12T03:15:29+00:00,0,89,False,nearest_pdf_time_to_static_stop_time
bart_live_20260911_185819,2026-09-11,weekday,1965119,1965119,S,DALY,DALY,M90-1,20:19:00,8:19 PM,4388,1,73140,2026-09-12T03:19:56+00:00,0,56,False,nearest_pdf_time_to_static_stop_time
bart_live_20260911_185819,2026-09-11,weekday,1965119,1965119,S,COLM,COLM,W10-1,20:23:00,8:23 PM,4388,1,73380,2026-09-12T03:23:50+00:00,0,50,False,nearest_pdf_time_to_static_stop_time
bart_live_20260911_185819,2026-09-11,weekday,1965119,1965119,S,SSAN,SSAN,W20-1,20:26:00,8:26 PM,4388,1,73560,2026-09-12T03:26:50+00:00,0,50,False,nearest_pdf_time_to_static_stop_time
bart_live_20260911_185819,2026-09-11,weekday,1965119,1965119,S,SBRN,SBRN,W30-1,20:29:00,8:29 PM,4388,1,73740,2026-09-12T03:30:02+00:00,0,62,False,nearest_pdf_time_to_static_stop_time
bart_live_20260911_185819,2026-09-11,weekday,1965308,1965308,N,NCON,NCON,C70-1,18:39:00,6:39 PM,3884,2,67140,2026-09-12T02:00:26+00:00,0,1286,False,nearest_pdf_time_to_static_stop_time
bart_live_20260911_185819,2026-09-11,weekday,1965308,1965308,N,PITT,PITT,C80-1,18:45:00,6:45 PM,3884,2,67500,2026-09-12T02:06:47+00:00,0,1307,False,nearest_pdf_time_to_static_stop_time
bart_live_20260911_185819,2026-09-11,weekday,1965119,1965119,S,PITT,PITT,C80-2,19:06:00,7:06 PM,4388,1,68760,2026-09-12T02:06:39+00:00,0,39,False,nearest_pdf_time_to_static_stop_time
bart_live_20260911_185819,2026-09-11,weekday,1965119,1965119,S,NCON,NCON,C70-2,19:12:00,7:12 PM,4388,1,69120,2026-09-12T02:13:02+00:00,0,62,False,nearest_pdf_time_to_static_stop_time
bart_live_20260911_185819,2026-09-11,weekday,1965119,1965119,S,CONC,CONC,C60-2,19:16:00,7:16 PM,4388,1,69360,2026-09-12T02:16:57+00:00,0,57,False,nearest_pdf_time_to_static_stop_time
bart_live_20260911_185819,2026-09-11,weekday,1965119,1965119,S,PHIL,PHIL,C50-2,19:21:00,7:21 PM,4388,1,69660,2026-09-12T02:22:03+00:00,0,63,False,nearest_pdf_time_to_static_stop_time
bart_live_20260911_185819,2026-09-11,weekday,1965119,1965119,S,WCRK,WCRK,C40-2,19:24:00,7:24 PM,4388,1,69840,2026-09-12T02:25:01+00:00,0,61,False,nearest_pdf_time_to_static_stop_time
bart_live_20260911_185819,2026-09-11,weekday,1965119,1965119,S,LAFY,LAFY,C30-2,19:29:00,7:29 PM,4388,1,70140,2026-09-12T02:29:42+00:00,0,42,False,nearest_pdf_time_to_static_stop_time
bart_live_20260911_185819,2026-09-11,weekday,1965119,1965119,S,ORIN,ORIN,C20-2,19:34:00,7:34 PM,4388,1,70440,2026-09-12T02:34:37+00:00,0,37,False,nearest_pdf_time_to_static_stop_time
bart_live_20260911_185819,2026-09-11,weekday,1965119,1965119,S,ROCK,ROCK,C10-2,19:39:00,7:39 PM,4388,1,70740,2026-09-12T02:40:22+00:00,0,82,False,nearest_pdf_time_to_static_stop_time
bart_live_20260911_185819,2026-09-11,weekday,1965119,1965119,S,MCAR,MCAR,K30-4,19:43:00,7:43 PM,4388,1,70980,2026-09-12T02:43:48+00:00,0,48,False,nearest_pdf_time_to_static_stop_time
bart_live_20260911_185819,2026-09-11,weekday,1965119,1965119,S,19TH,19TH,K20-2,19:47:00,7:47 PM,4388,1,71220,2026-09-12T02:47:35+00:00,0,35,False,nearest_pdf_time_to_static_stop_time
bart_live_20260911_185819,2026-09-11,weekday,1965119,1965119,S,12TH,12TH,K10-2,19:49:00,7:49 PM,4388,1,71340,2026-09-12T02:49:41+00:00,0,41,False,nearest_pdf_time_to_static_stop_time
bart_live_20260911_185819,2026-09-11,weekday,1965119,1965119,S,WOAK,WOAK,M10-1,19:53:00,7:53 PM,4388,1,71580,2026-09-12T02:54:11+00:00,0,71,False,nearest_pdf_time_to_static_stop_time
bart_live_20260911_185819,2026-09-11,weekday,1965119,1965119,S,EMBR,EMBR,M16-1,20:00:00,8:00 PM,4388,1,72000,2026-09-12T03:01:11+00:00,0,71,False,nearest_pdf_time_to_static_stop_time
bart_live_20260911_185819,2026-09-11,weekday,1965119,1965119,S,MONT,MONT,M20-1,20:02:00,8:02 PM,4388,1,72120,2026-09-12T03:02:47+00:00,0,47,False,nearest_pdf_time_to_static_stop_time
bart_live_20260911_185819,2026-09-11,weekday,1965119,1965119,S,POWL,POWL,M30-1,20:03:00,8:03 PM,4388,1,72180,2026-09-12T03:04:29+00:00,0,89,False,nearest_pdf_time_to_static_stop_time
bart_live_20260911_185819,2026-09-11,weekday,1965119,1965119,S,CIVC,CIVC,M40-1,20:05:00,8:05 PM,4388,1,72300,2026-09-12T03:06:05+00:00,0,65,False,nearest_pdf_time_to_static_stop_time
bart_live_20260911_185819,2026-09-11,weekday,1965119,1965119,S,16TH,16TH,M50-1,20:07:00,8:07 PM,4388,1,72420,2026-09-12T03:08:23+00:00,0,83,False,nearest_pdf_time_to_static_stop_time
bart_live_20260911_185819,2026-09-11,weekday,1965119,1965119,S,24TH,24TH,M60-1,20:09:00,8:09 PM,4388,1,72540,2026-09-12T03:10:23+00:00,0,83,False,nearest_pdf_time_to_static_stop_time
bart_live_20260911_185819,2026-09-11,weekday,1965119,1965119,S,GLEN,GLEN,M70-1,20:12:00,8:12 PM,4388,1,72720,2026-09-12T03:13:11+00:00,0,71,False,nearest_pdf_time_to_static_stop_time
bart_live_20260911_185819,2026-09-11,weekday,1965119,1965119,S,BALB,BALB,M80-1,20:14:00,8:14 PM,4388,1,72840,2026-09-12T03:15:29+00:00,0,89,False,nearest_pdf_time_to_static_stop_time
bart_live_20260911_185819,2026-09-11,weekday,1965119,1965119,S,DALY,DALY,M90-1,20:19:00,8:19 PM,4388,1,73140,2026-09-12T03:19:56+00:00,0,56,False,nearest_pdf_time_to_static_stop_time
bart_live_20260911_185819,2026-09-11,weekday,1965119,1965119,S,COLM,COLM,W10-1,20:23:00,8:23 PM,4388,1,73380,2026-09-12T03:23:50+00:00,0,50,False,nearest_pdf_time_to_static_stop_time
bart_live_20260911_185819,2026-09-11,weekday,1965119,1965119,S,SSAN,SSAN,W20-1,20:26:00,8:26 PM,4388,1,73560,2026-09-12T03:26:50+00:00,0,50,False,nearest_pdf_time_to_static_stop_time
bart_live_20260911_185819,2026-09-11,weekday,1965119,1965119,S,SBRN,SBRN,W30-1,20:29:00,8:29 PM,4388,1,73740,2026-09-12T03:30:02+00:00,0,62,False,nearest_pdf_time_to_static_stop_time
bart_live_20260911_185819,2026-09-11,weekday,1965309,1965309,N,WCRK,WCRK,C40-1,18:47:00,6:47 PM,3988,2,67620,2026-09-12T02:00:00+00:00,0,780,False,nearest_pdf_time_to_static_stop_time
bart_live_20260911_185819,2026-09-11,weekday,1965309,1965309,N,PHIL,PHIL,C50-1,18:50:00,6:50 PM,3988,2,67800,2026-09-12T02:02:46+00:00,0,766,False,nearest_pdf_time_to_static_stop_time
bart_live_20260911_185819,2026-09-11,weekday,1965309,1965309,N,CONC,CONC,C60-1,18:55:00,6:55 PM,3988,2,68100,2026-09-12T02:07:51+00:00,0,771,False,nearest_pdf_time_to_static_stop_time
bart_live_20260911_185819,2026-09-11,weekday,1965309,1965309,N,NCON,NCON,C70-1,18:59:00,6:59 PM,3988,2,68340,2026-09-12T02:11:16+00:00,0,736,False,nearest_pdf_time_to_static_stop_time
bart_live_20260911_185819,2026-09-11,weekday,1965279,1965279,N,ORIN,ORIN,C20-1,18:46:00,6:46 PM,4040,2,67560,2026-09-12T01:59:38+00:00,0,818,False,nearest_pdf_time_to_static_stop_time
bart_live_20260911_185819,2026-09-11,weekday,1965279,1965279,N,LAFY,LAFY,C30-1,18:51:00,6:51 PM,4040,2,67860,2026-09-12T02:04:30+00:00,0,810,False,nearest_pdf_time_to_static_stop_time
bart_live_20260911_185819,2026-09-11,weekday,1965279,1965279,N,WCRK,WCRK,C40-1,18:55:00,6:55 PM,4040,2,68100,2026-09-12T02:08:53+00:00,0,833,False,nearest_pdf_time_to_static_stop_time
bart_live_20260911_185819,2026-09-11,weekday,1965279,1965279,N,PHIL,PHIL,C50-1,18:58:00,6:58 PM,4040,2,68280,2026-09-12T02:11:40+00:00,0,820,False,nearest_pdf_time_to_static_stop_time
bart_live_20260911_185819,2026-09-11,weekday,1965279,1965279,N,CONC,CONC,C60-1,19:03:00,7:03 PM,4040,2,68580,2026-09-12T02:16:45+00:00,0,825,False,nearest_pdf_time_to_static_stop_time
bart_live_20260911_185819,2026-09-11,weekday,1965279,1965279,N,NCON,NCON,C70-1,19:07:00,7:07 PM,4040,2,68820,2026-09-12T02:20:10+00:00,0,790,False,nearest_pdf_time_to_static_stop_time
bart_live_20260911_185819,2026-09-11,weekday,1965279,1965279,N,PITT,PITT,C80-1,19:14:00,7:14 PM,4040,2,69240,2026-09-12T02:26:06+00:00,0,726,False,nearest_pdf_time_to_static_stop_time
bart_live_20260911_185819,2026-09-11,weekday,1965206,1965206,S,PITT,PITT,C80-2,19:26:00,7:26 PM,4440,1,69960,2026-09-12T02:30:32+00:00,0,272,False,nearest_pdf_time_to_static_stop_time
bart_live_20260911_185819,2026-09-11,weekday,1965206,1965206,S,NCON,NCON,C70-2,19:32:00,7:32 PM,4440,1,70320,2026-09-12T02:36:37+00:00,0,277,False,nearest_pdf_time_to_static_stop_time
bart_live_20260911_185819,2026-09-11,weekday,1965206,1965206,S,CONC,CONC,C60-2,19:36:00,7:36 PM,4440,1,70560,2026-09-12T02:40:15+00:00,0,255,False,nearest_pdf_time_to_static_stop_time
bart_live_20260911_185819,2026-09-11,weekday,1965206,1965206,S,PHIL,PHIL,C50-2,19:41:00,7:41 PM,4440,1,70860,2026-09-12T02:45:15+00:00,0,255,False,nearest_pdf_time_to_static_stop_time
bart_live_20260911_185819,2026-09-11,weekday,1965206,1965206,S,WCRK,WCRK,C40-2,19:44:00,7:44 PM,4440,1,71040,2026-09-12T02:48:08+00:00,0,248,False,nearest_pdf_time_to_static_stop_time
bart_live_20260911_185819,2026-09-11,weekday,1965206,1965206,S,LAFY,LAFY,C30-2,19:49:00,7:49 PM,4440,1,71340,2026-09-12T02:52:36+00:00,0,216,False,nearest_pdf_time_to_static_stop_time
bart_live_20260911_185819,2026-09-11,weekday,1965206,1965206,S,ORIN,ORIN,C20-2,19:54:00,7:54 PM,4440,1,71640,2026-09-12T02:57:20+00:00,0,200,False,nearest_pdf_time_to_static_stop_time
bart_live_20260911_185819,2026-09-11,weekday,1965206,1965206,S,ROCK,ROCK,C10-2,19:59:00,7:59 PM,4440,1,71940,2026-09-12T03:02:51+00:00,0,231,False,nearest_pdf_time_to_static_stop_time
bart_live_20260911_185819,2026-09-11,weekday,1965206,1965206,S,MCAR,MCAR,K30-4,20:03:00,8:03 PM,4440,1,72180,2026-09-12T03:05:54+00:00,0,174,False,nearest_pdf_time_to_static_stop_time
bart_live_20260911_185819,2026-09-11,weekday,1965206,1965206,S,19TH,19TH,K20-2,20:07:00,8:07 PM,4440,1,72420,2026-09-12T03:09:10+00:00,0,130,False,nearest_pdf_time_to_static_stop_time
bart_live_20260911_185819,2026-09-11,weekday,1965206,1965206,S,12TH,12TH,K10-2,20:09:00,8:09 PM,4440,1,72540,2026-09-12T03:10:29+00:00,0,89,False,nearest_pdf_time_to_static_stop_time
bart_live_20260911_185819,2026-09-11,weekday,1965206,1965206,S,WOAK,WOAK,M10-1,20:13:00,8:13 PM,4440,1,72780,2026-09-12T03:14:48+00:00,0,108,False,nearest_pdf_time_to_static_stop_time
bart_live_20260911_185819,2026-09-11,weekday,1965206,1965206,S,EMBR,EMBR,M16-1,20:20:00,8:20 PM,4440,1,73200,2026-09-12T03:21:34+00:00,0,94,False,nearest_pdf_time_to_static_stop_time
bart_live_20260911_185819,2026-09-11,weekday,1965206,1965206,S,MONT,MONT,M20-1,20:22:00,8:22 PM,4440,1,73320,2026-09-12T03:22:59+00:00,0,59,False,nearest_pdf_time_to_static_stop_time
bart_live_20260911_185819,2026-09-11,weekday,1965206,1965206,S,POWL,POWL,M30-1,20:23:00,8:23 PM,4440,1,73380,2026-09-12T03:24:33+00:00,0,93,False,nearest_pdf_time_to_static_stop_time
bart_live_20260911_185819,2026-09-11,weekday,1965206,1965206,S,CIVC,CIVC,M40-1,20:25:00,8:25 PM,4440,1,73500,2026-09-12T03:26:03+00:00,0,63,False,nearest_pdf_time_to_static_stop_time
bart_live_20260911_185819,2026-09-11,weekday,1965206,1965206,S,16TH,16TH,M50-1,20:27:00,8:27 PM,4440,1,73620,2026-09-12T03:28:23+00:00,0,83,False,nearest_pdf_time_to_static_stop_time
bart_live_20260911_185819,2026-09-11,weekday,1965206,1965206,S,24TH,24TH,M60-1,20:29:00,8:29 PM,4440,1,73740,2026-09-12T03:30:23+00:00,0,83,False,nearest_pdf_time_to_static_stop_time
bart_live_20260911_185819,2026-09-11,weekday,1965206,1965206,S,GLEN,GLEN,M70-1,20:32:00,8:32 PM,4440,1,73920,2026-09-12T03:33:11+00:00,0,71,False,nearest_pdf_time_to_static_stop_time
bart_live_20260911_185819,2026-09-11,weekday,1965206,1965206,S,BALB,BALB,M80-1,20:34:00,8:34 PM,4440,1,74040,2026-09-12T03:35:29+00:00,0,89,False,nearest_pdf_time_to_static_stop_time
bart_live_20260911_185819,2026-09-11,weekday,1965206,1965206,S,DALY,DALY,M90-1,20:39:00,8:39 PM,4440,1,74340,2026-09-12T03:40:11+00:00,0,71,False,nearest_pdf_time_to_static_stop_time
bart_live_20260911_185819,2026-09-11,weekday,1965206,1965206,S,COLM,COLM,W10-1,20:43:00,8:43 PM,4440,1,74580,2026-09-12T03:43:50+00:00,0,50,False,nearest_pdf_time_to_static_stop_time
bart_live_20260911_185819,2026-09-11,weekday,1965206,1965206,S,SSAN,SSAN,W20-1,20:46:00,8:46 PM,4440,1,74760,2026-09-12T03:46:50+00:00,0,50,False,nearest_pdf_time_to_static_stop_time
bart_live_20260911_185819,2026-09-11,weekday,1965206,1965206,S,SBRN,SBRN,W30-1,20:49:00,8:49 PM,4440,1,74940,2026-09-12T03:50:02+00:00,0,62,False,nearest_pdf_time_to_static_stop_time
bart_live_20260911_185819,2026-09-11,weekday,1965299,1965299,N,ROCK,ROCK,C10-1,18:52:00,6:52 PM,4092,2,67920,2026-09-12T01:58:36+00:00,0,396,False,nearest_pdf_time_to_static_stop_time
bart_live_20260911_185819,2026-09-11,weekday,1965299,1965299,N,ORIN,ORIN,C20-1,18:57:00,6:57 PM,4092,2,68220,2026-09-12T02:03:55+00:00,0,415,False,nearest_pdf_time_to_static_stop_time
bart_live_20260911_185819,2026-09-11,weekday,1965299,1965299,N,LAFY,LAFY,C30-1,19:02:00,7:02 PM,4092,2,68520,2026-09-12T02:08:40+00:00,0,400,False,nearest_pdf_time_to_static_stop_time
bart_live_20260911_185819,2026-09-11,weekday,1965299,1965299,N,WCRK,WCRK,C40-1,19:07:00,7:07 PM,4092,2,68820,2026-09-12T02:13:03+00:00,0,363,False,nearest_pdf_time_to_static_stop_time
bart_live_20260911_185819,2026-09-11,weekday,1965299,1965299,N,PHIL,PHIL,C50-1,19:10:00,7:10 PM,4092,2,69000,2026-09-12T02:15:50+00:00,0,350,False,nearest_pdf_time_to_static_stop_time
bart_live_20260911_185819,2026-09-11,weekday,1965299,1965299,N,CONC,CONC,C60-1,19:15:00,7:15 PM,4092,2,69300,2026-09-12T02:20:55+00:00,0,355,False,nearest_pdf_time_to_static_stop_time
bart_live_20260911_185819,2026-09-11,weekday,1965299,1965299,N,NCON,NCON,C70-1,19:19:00,7:19 PM,4092,2,69540,2026-09-12T02:24:20+00:00,0,320,False,nearest_pdf_time_to_static_stop_time
bart_live_20260911_185819,2026-09-11,weekday,1965280,1965280,N,WOAK,WOAK,M10-2,18:47:00,6:47 PM,4144,2,67620,2026-09-12T02:00:29+00:00,0,809,False,nearest_pdf_time_to_static_stop_time
bart_live_20260911_185819,2026-09-11,weekday,1965280,1965280,N,12TH,12TH,K10-3,18:52:00,6:52 PM,4144,2,67920,2026-09-12T02:04:16+00:00,0,736,False,nearest_pdf_time_to_static_stop_time
bart_live_20260911_185819,2026-09-11,weekday,1965280,1965280,N,19TH,19TH,K20-3,18:54:00,6:54 PM,4144,2,68040,2026-09-12T02:05:56+00:00,0,716,False,nearest_pdf_time_to_static_stop_time
bart_live_20260911_185819,2026-09-11,weekday,1965280,1965280,N,MCAR,MCAR,K30-3,18:58:00,6:58 PM,4144,2,68280,2026-09-12T02:09:19+00:00,0,679,False,nearest_pdf_time_to_static_stop_time
bart_live_20260911_185819,2026-09-11,weekday,1965280,1965280,N,ROCK,ROCK,C10-1,19:01:00,7:01 PM,4144,2,68460,2026-09-12T02:11:57+00:00,0,657,False,nearest_pdf_time_to_static_stop_time
bart_live_20260911_185819,2026-09-11,weekday,1965280,1965280,N,ORIN,ORIN,C20-1,19:06:00,7:06 PM,4144,2,68760,2026-09-12T02:17:08+00:00,0,668,False,nearest_pdf_time_to_static_stop_time
bart_live_20260911_185819,2026-09-11,weekday,1965280,1965280,N,LAFY,LAFY,C30-1,19:11:00,7:11 PM,4144,2,69060,2026-09-12T02:21:53+00:00,0,653,False,nearest_pdf_time_to_static_stop_time
bart_live_20260911_185819,2026-09-11,weekday,1965280,1965280,N,WCRK,WCRK,C40-1,19:15:00,7:15 PM,4144,2,69300,2026-09-12T02:26:16+00:00,0,676,False,nearest_pdf_time_to_static_stop_time
bart_live_20260911_185819,2026-09-11,weekday,1965280,1965280,N,PHIL,PHIL,C50-1,19:18:00,7:18 PM,4144,2,69480,2026-09-12T02:29:03+00:00,0,663,False,nearest_pdf_time_to_static_stop_time
bart_live_20260911_185819,2026-09-11,weekday,1965280,1965280,N,CONC,CONC,C60-1,19:23:00,7:23 PM,4144,2,69780,2026-09-12T02:34:08+00:00,0,668,False,nearest_pdf_time_to_static_stop_time
bart_live_20260911_185819,2026-09-11,weekday,1965280,1965280,N,NCON,NCON,C70-1,19:27:00,7:27 PM,4144,2,70020,2026-09-12T02:37:33+00:00,0,633,False,nearest_pdf_time_to_static_stop_time
bart_live_20260911_185819,2026-09-11,weekday,1965280,1965280,N,PITT,PITT,C80-1,19:34:00,7:34 PM,4144,2,70440,2026-09-12T02:43:29+00:00,0,569,False,nearest_pdf_time_to_static_stop_time
bart_live_20260911_185819,2026-09-11,weekday,1965300,1965300,N,16TH,16TH,M50-2,18:45:00,6:45 PM,4196,2,67500,2026-09-12T01:59:51+00:00,0,891,False,nearest_pdf_time_to_static_stop_time
bart_live_20260911_185819,2026-09-11,weekday,1965300,1965300,N,CIVC,CIVC,M40-2,18:47:00,6:47 PM,4196,2,67620,2026-09-12T02:02:01+00:00,0,901,False,nearest_pdf_time_to_static_stop_time
bart_live_20260911_185819,2026-09-11,weekday,1965300,1965300,N,POWL,POWL,M30-2,18:49:00,6:49 PM,4196,2,67740,2026-09-12T02:03:36+00:00,0,876,False,nearest_pdf_time_to_static_stop_time
bart_live_20260911_185819,2026-09-11,weekday,1965300,1965300,N,MONT,MONT,M20-2,18:50:00,6:50 PM,4196,2,67800,2026-09-12T02:05:03+00:00,0,903,False,nearest_pdf_time_to_static_stop_time
bart_live_20260911_185819,2026-09-11,weekday,1965300,1965300,N,EMBR,EMBR,M16-2,18:52:00,6:52 PM,4196,2,67920,2026-09-12T02:06:24+00:00,0,864,False,nearest_pdf_time_to_static_stop_time
bart_live_20260911_185819,2026-09-11,weekday,1965300,1965300,N,WOAK,WOAK,M10-2,18:59:00,6:59 PM,4196,2,68340,2026-09-12T02:13:08+00:00,0,848,False,nearest_pdf_time_to_static_stop_time
bart_live_20260911_185819,2026-09-11,weekday,1965300,1965300,N,12TH,12TH,K10-3,19:04:00,7:04 PM,4196,2,68640,2026-09-12T02:17:07+00:00,0,787,False,nearest_pdf_time_to_static_stop_time
bart_live_20260911_185819,2026-09-11,weekday,1965300,1965300,N,19TH,19TH,K20-3,19:06:00,7:06 PM,4196,2,68760,2026-09-12T02:18:46+00:00,0,766,False,nearest_pdf_time_to_static_stop_time
bart_live_20260911_185819,2026-09-11,weekday,1965300,1965300,N,MCAR,MCAR,K30-3,19:09:00,7:09 PM,4196,2,68940,2026-09-12T02:22:08+00:00,0,788,False,nearest_pdf_time_to_static_stop_time
bart_live_20260911_185819,2026-09-11,weekday,1965300,1965300,N,ROCK,ROCK,C10-1,19:12:00,7:12 PM,4196,2,69120,2026-09-12T02:24:46+00:00,0,766,False,nearest_pdf_time_to_static_stop_time
bart_live_20260911_185819,2026-09-11,weekday,1965300,1965300,N,ORIN,ORIN,C20-1,19:17:00,7:17 PM,4196,2,69420,2026-09-12T02:29:57+00:00,0,777,False,nearest_pdf_time_to_static_stop_time
bart_live_20260911_185819,2026-09-11,weekday,1965300,1965300,N,LAFY,LAFY,C30-1,19:22:00,7:22 PM,4196,2,69720,2026-09-12T02:34:42+00:00,0,762,False,nearest_pdf_time_to_static_stop_time
bart_live_20260911_185819,2026-09-11,weekday,1965300,1965300,N,WCRK,WCRK,C40-1,19:27:00,7:27 PM,4196,2,70020,2026-09-12T02:39:05+00:00,0,725,False,nearest_pdf_time_to_static_stop_time
bart_live_20260911_185819,2026-09-11,weekday,1965300,1965300,N,PHIL,PHIL,C50-1,19:30:00,7:30 PM,4196,2,70200,2026-09-12T02:41:52+00:00,0,712,False,nearest_pdf_time_to_static_stop_time
bart_live_20260911_185819,2026-09-11,weekday,1965300,1965300,N,CONC,CONC,C60-1,19:35:00,7:35 PM,4196,2,70500,2026-09-12T02:46:57+00:00,0,717,False,nearest_pdf_time_to_static_stop_time
bart_live_20260911_185819,2026-09-11,weekday,1965300,1965300,N,NCON,NCON,C70-1,19:39:00,7:39 PM,4196,2,70740,2026-09-12T02:50:22+00:00,0,682,False,nearest_pdf_time_to_static_stop_time
bart_live_20260911_185819,2026-09-11,weekday,1965281,1965281,N,GLEN,GLEN,M70-2,18:48:00,6:48 PM,4248,2,67680,2026-09-12T01:56:57+00:00,0,537,False,nearest_pdf_time_to_static_stop_time
bart_live_20260911_185819,2026-09-11,weekday,1965281,1965281,N,24TH,24TH,M60-2,18:51:00,6:51 PM,4248,2,67860,2026-09-12T02:00:31+00:00,0,571,False,nearest_pdf_time_to_static_stop_time
bart_live_20260911_185819,2026-09-11,weekday,1965281,1965281,N,16TH,16TH,M50-2,18:53:00,6:53 PM,4248,2,67980,2026-09-12T02:02:26+00:00,0,566,False,nearest_pdf_time_to_static_stop_time
bart_live_20260911_185819,2026-09-11,weekday,1965281,1965281,N,CIVC,CIVC,M40-2,18:55:00,6:55 PM,4248,2,68100,2026-09-12T02:04:45+00:00,0,585,False,nearest_pdf_time_to_static_stop_time
bart_live_20260911_185819,2026-09-11,weekday,1965281,1965281,N,POWL,POWL,M30-2,18:57:00,6:57 PM,4248,2,68220,2026-09-12T02:06:20+00:00,0,560,False,nearest_pdf_time_to_static_stop_time
bart_live_20260911_185819,2026-09-11,weekday,1965281,1965281,N,MONT,MONT,M20-2,18:59:00,6:59 PM,4248,2,68340,2026-09-12T02:07:47+00:00,0,527,False,nearest_pdf_time_to_static_stop_time
bart_live_20260911_185819,2026-09-11,weekday,1965281,1965281,N,EMBR,EMBR,M16-2,19:00:00,7:00 PM,4248,2,68400,2026-09-12T02:09:08+00:00,0,548,False,nearest_pdf_time_to_static_stop_time
bart_live_20260911_185819,2026-09-11,weekday,1965281,1965281,N,WOAK,WOAK,M10-2,19:07:00,7:07 PM,4248,2,68820,2026-09-12T02:15:52+00:00,0,532,False,nearest_pdf_time_to_static_stop_time
bart_live_20260911_185819,2026-09-11,weekday,1965281,1965281,N,12TH,12TH,K10-3,19:12:00,7:12 PM,4248,2,69120,2026-09-12T02:19:51+00:00,0,471,False,nearest_pdf_time_to_static_stop_time
bart_live_20260911_185819,2026-09-11,weekday,1965281,1965281,N,19TH,19TH,K20-3,19:14:00,7:14 PM,4248,2,69240,2026-09-12T02:21:30+00:00,0,450,False,nearest_pdf_time_to_static_stop_time
bart_live_20260911_185819,2026-09-11,weekday,1965281,1965281,N,MCAR,MCAR,K30-3,19:18:00,7:18 PM,4248,2,69480,2026-09-12T02:24:52+00:00,0,412,False,nearest_pdf_time_to_static_stop_time
bart_live_20260911_185819,2026-09-11,weekday,1965281,1965281,N,ROCK,ROCK,C10-1,19:21:00,7:21 PM,4248,2,69660,2026-09-12T02:27:30+00:00,0,390,False,nearest_pdf_time_to_static_stop_time
bart_live_20260911_185819,2026-09-11,weekday,1965281,1965281,N,ORIN,ORIN,C20-1,19:26:00,7:26 PM,4248,2,69960,2026-09-12T02:32:41+00:00,0,401,False,nearest_pdf_time_to_static_stop_time
bart_live_20260911_185819,2026-09-11,weekday,1965281,1965281,N,LAFY,LAFY,C30-1,19:31:00,7:31 PM,4248,2,70260,2026-09-12T02:37:26+00:00,0,386,False,nearest_pdf_time_to_static_stop_time
bart_live_20260911_185819,2026-09-11,weekday,1965281,1965281,N,WCRK,WCRK,C40-1,19:35:00,7:35 PM,4248,2,70500,2026-09-12T02:41:49+00:00,0,409,False,nearest_pdf_time_to_static_stop_time
bart_live_20260911_185819,2026-09-11,weekday,1965281,1965281,N,PHIL,PHIL,C50-1,19:38:00,7:38 PM,4248,2,70680,2026-09-12T02:44:36+00:00,0,396,False,nearest_pdf_time_to_static_stop_time
bart_live_20260911_185819,2026-09-11,weekday,1965281,1965281,N,CONC,CONC,C60-1,19:43:00,7:43 PM,4248,2,70980,2026-09-12T02:49:41+00:00,0,401,False,nearest_pdf_time_to_static_stop_time
bart_live_20260911_185819,2026-09-11,weekday,1965281,1965281,N,NCON,NCON,C70-1,19:47:00,7:47 PM,4248,2,71220,2026-09-12T02:53:06+00:00,0,366,False,nearest_pdf_time_to_static_stop_time
bart_live_20260911_185819,2026-09-11,weekday,1965281,1965281,N,PITT,PITT,C80-1,19:54:00,7:54 PM,4248,2,71640,2026-09-12T02:59:02+00:00,0,302,False,nearest_pdf_time_to_static_stop_time
bart_live_20260911_185819,2026-09-11,weekday,1965341,1965341,N,DALY,DALY,M90-2,18:54:00,6:54 PM,4300,2,68040,2026-09-12T02:00:31+00:00,0,391,False,nearest_pdf_time_to_static_stop_time
bart_live_20260911_185819,2026-09-11,weekday,1965341,1965341,N,BALB,BALB,M80-2,18:57:00,6:57 PM,4300,2,68220,2026-09-12T02:03:41+00:00,0,401,False,nearest_pdf_time_to_static_stop_time
bart_live_20260911_185819,2026-09-11,weekday,1965341,1965341,N,GLEN,GLEN,M70-2,19:00:00,7:00 PM,4300,2,68400,2026-09-12T02:05:56+00:00,0,356,False,nearest_pdf_time_to_static_stop_time
bart_live_20260911_185819,2026-09-11,weekday,1965341,1965341,N,24TH,24TH,M60-2,19:02:00,7:02 PM,4300,2,68520,2026-09-12T02:08:37+00:00,0,397,False,nearest_pdf_time_to_static_stop_time
bart_live_20260911_185819,2026-09-11,weekday,1965341,1965341,N,16TH,16TH,M50-2,19:05:00,7:05 PM,4300,2,68700,2026-09-12T02:10:32+00:00,0,332,False,nearest_pdf_time_to_static_stop_time
bart_live_20260911_185819,2026-09-11,weekday,1965341,1965341,N,CIVC,CIVC,M40-2,19:07:00,7:07 PM,4300,2,68820,2026-09-12T02:12:52+00:00,0,352,False,nearest_pdf_time_to_static_stop_time
bart_live_20260911_185819,2026-09-11,weekday,1965341,1965341,N,POWL,POWL,M30-2,19:09:00,7:09 PM,4300,2,68940,2026-09-12T02:14:26+00:00,0,326,False,nearest_pdf_time_to_static_stop_time
bart_live_20260911_185819,2026-09-11,weekday,1965341,1965341,N,MONT,MONT,M20-2,19:10:00,7:10 PM,4300,2,69000,2026-09-12T02:15:53+00:00,0,353,False,nearest_pdf_time_to_static_stop_time
bart_live_20260911_185819,2026-09-11,weekday,1965341,1965341,N,EMBR,EMBR,M16-2,19:12:00,7:12 PM,4300,2,69120,2026-09-12T02:17:15+00:00,0,315,False,nearest_pdf_time_to_static_stop_time
bart_live_20260911_185819,2026-09-11,weekday,1965341,1965341,N,WOAK,WOAK,M10-2,19:19:00,7:19 PM,4300,2,69540,2026-09-12T02:24:01+00:00,0,301,False,nearest_pdf_time_to_static_stop_time
bart_live_20260911_185819,2026-09-11,weekday,1965341,1965341,N,12TH,12TH,K10-3,19:24:00,7:24 PM,4300,2,69840,2026-09-12T02:28:00+00:00,0,240,False,nearest_pdf_time_to_static_stop_time
bart_live_20260911_185819,2026-09-11,weekday,1965341,1965341,N,19TH,19TH,K20-3,19:26:00,7:26 PM,4300,2,69960,2026-09-12T02:29:39+00:00,0,219,False,nearest_pdf_time_to_static_stop_time
bart_live_20260911_185819,2026-09-11,weekday,1965341,1965341,N,MCAR,MCAR,K30-3,19:29:00,7:29 PM,4300,2,70140,2026-09-12T02:33:02+00:00,0,242,False,nearest_pdf_time_to_static_stop_time
bart_live_20260911_185819,2026-09-11,weekday,1965341,1965341,N,ROCK,ROCK,C10-1,19:32:00,7:32 PM,4300,2,70320,2026-09-12T02:35:40+00:00,0,220,False,nearest_pdf_time_to_static_stop_time
bart_live_20260911_185819,2026-09-11,weekday,1965341,1965341,N,ORIN,ORIN,C20-1,19:37:00,7:37 PM,4300,2,70620,2026-09-12T02:40:51+00:00,0,231,False,nearest_pdf_time_to_static_stop_time
bart_live_20260911_185819,2026-09-11,weekday,1965341,1965341,N,LAFY,LAFY,C30-1,19:42:00,7:42 PM,4300,2,70920,2026-09-12T02:45:36+00:00,0,216,False,nearest_pdf_time_to_static_stop_time
bart_live_20260911_185819,2026-09-11,weekday,1965341,1965341,N,WCRK,WCRK,C40-1,19:47:00,7:47 PM,4300,2,71220,2026-09-12T02:49:59+00:00,0,179,False,nearest_pdf_time_to_static_stop_time
bart_live_20260911_185819,2026-09-11,weekday,1965341,1965341,N,PHIL,PHIL,C50-1,19:50:00,7:50 PM,4300,2,71400,2026-09-12T02:52:46+00:00,0,166,False,nearest_pdf_time_to_static_stop_time
bart_live_20260911_185819,2026-09-11,weekday,1965341,1965341,N,CONC,CONC,C60-1,19:55:00,7:55 PM,4300,2,71700,2026-09-12T02:57:51+00:00,0,171,False,nearest_pdf_time_to_static_stop_time
bart_live_20260911_185819,2026-09-11,weekday,1965341,1965341,N,NCON,NCON,C70-1,19:59:00,7:59 PM,4300,2,71940,2026-09-12T03:01:16+00:00,0,136,False,nearest_pdf_time_to_static_stop_time
bart_live_20260911_185819,2026-09-11,weekday,1965282,1965282,N,SBRN,SBRN,W30-2,18:52:00,6:52 PM,4352,2,67920,2026-09-12T01:57:42+00:00,0,342,False,nearest_pdf_time_to_static_stop_time
bart_live_20260911_185819,2026-09-11,weekday,1965282,1965282,N,SSAN,SSAN,W20-2,18:55:00,6:55 PM,4352,2,68100,2026-09-12T02:01:12+00:00,0,372,False,nearest_pdf_time_to_static_stop_time
bart_live_20260911_185819,2026-09-11,weekday,1965282,1965282,N,COLM,COLM,W10-2,18:59:00,6:59 PM,4352,2,68340,2026-09-12T02:04:21+00:00,0,321,False,nearest_pdf_time_to_static_stop_time
bart_live_20260911_185819,2026-09-11,weekday,1965282,1965282,N,DALY,DALY,M90-2,19:02:00,7:02 PM,4352,2,68520,2026-09-12T02:07:49+00:00,0,349,False,nearest_pdf_time_to_static_stop_time
bart_live_20260911_185819,2026-09-11,weekday,1965282,1965282,N,BALB,BALB,M80-2,19:06:00,7:06 PM,4352,2,68760,2026-09-12T02:11:05+00:00,0,305,False,nearest_pdf_time_to_static_stop_time
bart_live_20260911_185819,2026-09-11,weekday,1965282,1965282,N,GLEN,GLEN,M70-2,19:08:00,7:08 PM,4352,2,68880,2026-09-12T02:13:20+00:00,0,320,False,nearest_pdf_time_to_static_stop_time
bart_live_20260911_185819,2026-09-11,weekday,1965282,1965282,N,24TH,24TH,M60-2,19:11:00,7:11 PM,4352,2,69060,2026-09-12T02:16:01+00:00,0,301,False,nearest_pdf_time_to_static_stop_time
bart_live_20260911_185819,2026-09-11,weekday,1965282,1965282,N,16TH,16TH,M50-2,19:13:00,7:13 PM,4352,2,69180,2026-09-12T02:17:57+00:00,0,297,False,nearest_pdf_time_to_static_stop_time
bart_live_20260911_185819,2026-09-11,weekday,1965282,1965282,N,CIVC,CIVC,M40-2,19:15:00,7:15 PM,4352,2,69300,2026-09-12T02:20:15+00:00,0,315,False,nearest_pdf_time_to_static_stop_time
bart_live_20260911_185819,2026-09-11,weekday,1965282,1965282,N,POWL,POWL,M30-2,19:17:00,7:17 PM,4352,2,69420,2026-09-12T02:21:50+00:00,0,290,False,nearest_pdf_time_to_static_stop_time
bart_live_20260911_185819,2026-09-11,weekday,1965282,1965282,N,MONT,MONT,M20-2,19:19:00,7:19 PM,4352,2,69540,2026-09-12T02:23:17+00:00,0,257,False,nearest_pdf_time_to_static_stop_time
bart_live_20260911_185819,2026-09-11,weekday,1965282,1965282,N,EMBR,EMBR,M16-2,19:20:00,7:20 PM,4352,2,69600,2026-09-12T02:24:38+00:00,0,278,False,nearest_pdf_time_to_static_stop_time
bart_live_20260911_185819,2026-09-11,weekday,1965282,1965282,N,WOAK,WOAK,M10-2,19:27:00,7:27 PM,4352,2,70020,2026-09-12T02:31:22+00:00,0,262,False,nearest_pdf_time_to_static_stop_time
bart_live_20260911_185819,2026-09-11,weekday,1965282,1965282,N,12TH,12TH,K10-3,19:32:00,7:32 PM,4352,2,70320,2026-09-12T02:35:21+00:00,0,201,False,nearest_pdf_time_to_static_stop_time
bart_live_20260911_185819,2026-09-11,weekday,1965282,1965282,N,19TH,19TH,K20-3,19:34:00,7:34 PM,4352,2,70440,2026-09-12T02:37:00+00:00,0,180,False,nearest_pdf_time_to_static_stop_time
bart_live_20260911_185819,2026-09-11,weekday,1965282,1965282,N,MCAR,MCAR,K30-3,19:38:00,7:38 PM,4352,2,70680,2026-09-12T02:40:22+00:00,0,142,False,nearest_pdf_time_to_static_stop_time
bart_live_20260911_185819,2026-09-11,weekday,1965282,1965282,N,ROCK,ROCK,C10-1,19:41:00,7:41 PM,4352,2,70860,2026-09-12T02:43:00+00:00,0,120,False,nearest_pdf_time_to_static_stop_time
bart_live_20260911_185819,2026-09-11,weekday,1965282,1965282,N,ORIN,ORIN,C20-1,19:46:00,7:46 PM,4352,2,71160,2026-09-12T02:48:11+00:00,0,131,False,nearest_pdf_time_to_static_stop_time
bart_live_20260911_185819,2026-09-11,weekday,1965282,1965282,N,LAFY,LAFY,C30-1,19:51:00,7:51 PM,4352,2,71460,2026-09-12T02:52:56+00:00,0,116,False,nearest_pdf_time_to_static_stop_time
bart_live_20260911_185819,2026-09-11,weekday,1965282,1965282,N,WCRK,WCRK,C40-1,19:55:00,7:55 PM,4352,2,71700,2026-09-12T02:57:19+00:00,0,139,False,nearest_pdf_time_to_static_stop_time
bart_live_20260911_185819,2026-09-11,weekday,1965282,1965282,N,PHIL,PHIL,C50-1,19:58:00,7:58 PM,4352,2,71880,2026-09-12T03:00:15+00:00,0,135,False,nearest_pdf_time_to_static_stop_time
bart_live_20260911_185819,2026-09-11,weekday,1965282,1965282,N,CONC,CONC,C60-1,20:03:00,8:03 PM,4352,2,72180,2026-09-12T03:05:11+00:00,0,131,False,nearest_pdf_time_to_static_stop_time
bart_live_20260911_185819,2026-09-11,weekday,1965282,1965282,N,NCON,NCON,C70-1,20:07:00,8:07 PM,4352,2,72420,2026-09-12T03:08:36+00:00,0,96,False,nearest_pdf_time_to_static_stop_time
bart_live_20260911_185819,2026-09-11,weekday,1965282,1965282,N,PITT,PITT,C80-1,20:14:00,8:14 PM,4352,2,72840,2026-09-12T03:14:43+00:00,0,43,False,nearest_pdf_time_to_static_stop_time
bart_live_20260911_185819,2026-09-11,weekday,1965159,1965159,S,COLM,COLM,W10-1,18:54:00,6:54 PM,3920,1,68040,2026-09-12T01:59:25+00:00,0,325,False,nearest_pdf_time_to_static_stop_time
bart_live_20260911_185819,2026-09-11,weekday,1965159,1965159,S,SSAN,SSAN,W20-1,18:57:00,6:57 PM,3920,1,68220,2026-09-12T02:02:03+00:00,0,303,False,nearest_pdf_time_to_static_stop_time
bart_live_20260911_185819,2026-09-11,weekday,1965159,1965159,S,SBRN,SBRN,W30-1,19:01:00,7:01 PM,3920,1,68460,2026-09-12T02:05:10+00:00,0,250,False,nearest_pdf_time_to_static_stop_time
bart_live_20260911_185819,2026-09-11,weekday,1965283,1965283,N,SBRN,SBRN,W30-2,19:12:00,7:12 PM,4404,2,69120,2026-09-12T02:12:56+00:00,0,56,False,nearest_pdf_time_to_static_stop_time
bart_live_20260911_185819,2026-09-11,weekday,1965283,1965283,N,SSAN,SSAN,W20-2,19:15:00,7:15 PM,4404,2,69300,2026-09-12T02:16:08+00:00,0,68,False,nearest_pdf_time_to_static_stop_time
bart_live_20260911_185819,2026-09-11,weekday,1965283,1965283,N,COLM,COLM,W10-2,19:19:00,7:19 PM,4404,2,69540,2026-09-12T02:19:32+00:00,0,32,False,nearest_pdf_time_to_static_stop_time
bart_live_20260911_185819,2026-09-11,weekday,1965283,1965283,N,DALY,DALY,M90-2,19:22:00,7:22 PM,4404,2,69720,2026-09-12T02:23:11+00:00,0,71,False,nearest_pdf_time_to_static_stop_time
bart_live_20260911_185819,2026-09-11,weekday,1965283,1965283,N,BALB,BALB,M80-2,19:26:00,7:26 PM,4404,2,69960,2026-09-12T02:26:53+00:00,0,53,False,nearest_pdf_time_to_static_stop_time
bart_live_20260911_185819,2026-09-11,weekday,1965283,1965283,N,GLEN,GLEN,M70-2,19:28:00,7:28 PM,4404,2,70080,2026-09-12T02:29:11+00:00,0,71,False,nearest_pdf_time_to_static_stop_time
bart_live_20260911_185819,2026-09-11,weekday,1965283,1965283,N,24TH,24TH,M60-2,19:31:00,7:31 PM,4404,2,70260,2026-09-12T02:31:53+00:00,0,53,False,nearest_pdf_time_to_static_stop_time
bart_live_20260911_185819,2026-09-11,weekday,1965283,1965283,N,16TH,16TH,M50-2,19:33:00,7:33 PM,4404,2,70380,2026-09-12T02:33:59+00:00,0,59,False,nearest_pdf_time_to_static_stop_time
bart_live_20260911_185819,2026-09-11,weekday,1965283,1965283,N,CIVC,CIVC,M40-2,19:35:00,7:35 PM,4404,2,70500,2026-09-12T02:36:23+00:00,0,83,False,nearest_pdf_time_to_static_stop_time
bart_live_20260911_185819,2026-09-11,weekday,1965283,1965283,N,POWL,POWL,M30-2,19:37:00,7:37 PM,4404,2,70620,2026-09-12T02:38:05+00:00,0,65,False,nearest_pdf_time_to_static_stop_time
bart_live_20260911_185819,2026-09-11,weekday,1965283,1965283,N,MONT,MONT,M20-2,19:39:00,7:39 PM,4404,2,70740,2026-09-12T02:39:41+00:00,0,41,False,nearest_pdf_time_to_static_stop_time
bart_live_20260911_185819,2026-09-11,weekday,1965283,1965283,N,EMBR,EMBR,M16-2,19:40:00,7:40 PM,4404,2,70800,2026-09-12T02:41:23+00:00,0,83,False,nearest_pdf_time_to_static_stop_time
bart_live_20260911_185819,2026-09-11,weekday,1965283,1965283,N,WOAK,WOAK,M10-2,19:47:00,7:47 PM,4404,2,71220,2026-09-12T02:48:29+00:00,0,89,False,nearest_pdf_time_to_static_stop_time
bart_live_20260911_185819,2026-09-11,weekday,1965283,1965283,N,12TH,12TH,K10-3,19:52:00,7:52 PM,4404,2,71520,2026-09-12T02:53:19+00:00,0,79,False,nearest_pdf_time_to_static_stop_time
bart_live_20260911_185819,2026-09-11,weekday,1965283,1965283,N,19TH,19TH,K20-3,19:54:00,7:54 PM,4404,2,71640,2026-09-12T02:55:13+00:00,0,73,False,nearest_pdf_time_to_static_stop_time
bart_live_20260911_185819,2026-09-11,weekday,1965283,1965283,N,MCAR,MCAR,K30-3,19:58:00,7:58 PM,4404,2,71880,2026-09-12T02:58:48+00:00,0,48,False,nearest_pdf_time_to_static_stop_time
bart_live_20260911_185819,2026-09-11,weekday,1965283,1965283,N,ROCK,ROCK,C10-1,20:01:00,8:01 PM,4404,2,72060,2026-09-12T03:01:30+00:00,0,30,False,nearest_pdf_time_to_static_stop_time
bart_live_20260911_185819,2026-09-11,weekday,1965283,1965283,N,ORIN,ORIN,C20-1,20:06:00,8:06 PM,4404,2,72360,2026-09-12T03:06:51+00:00,0,51,False,nearest_pdf_time_to_static_stop_time
bart_live_20260911_185819,2026-09-11,weekday,1965283,1965283,N,LAFY,LAFY,C30-1,20:11:00,8:11 PM,4404,2,72660,2026-09-12T03:11:39+00:00,0,39,False,nearest_pdf_time_to_static_stop_time
bart_live_20260911_185819,2026-09-11,weekday,1965283,1965283,N,WCRK,WCRK,C40-1,20:15:00,8:15 PM,4404,2,72900,2026-09-12T03:16:18+00:00,0,78,False,nearest_pdf_time_to_static_stop_time
bart_live_20260911_185819,2026-09-11,weekday,1965283,1965283,N,PHIL,PHIL,C50-1,20:18:00,8:18 PM,4404,2,73080,2026-09-12T03:19:09+00:00,0,69,False,nearest_pdf_time_to_static_stop_time
bart_live_20260911_185819,2026-09-11,weekday,1965283,1965283,N,CONC,CONC,C60-1,20:23:00,8:23 PM,4404,2,73380,2026-09-12T03:24:23+00:00,0,83,False,nearest_pdf_time_to_static_stop_time
bart_live_20260911_185819,2026-09-11,weekday,1965283,1965283,N,NCON,NCON,C70-1,20:27:00,8:27 PM,4404,2,73620,2026-09-12T03:28:05+00:00,0,65,False,nearest_pdf_time_to_static_stop_time
bart_live_20260911_185819,2026-09-11,weekday,1965283,1965283,N,PITT,PITT,C80-1,20:34:00,8:34 PM,4404,2,74040,2026-09-12T03:34:43+00:00,0,43,False,nearest_pdf_time_to_static_stop_time
bart_live_20260911_185819,2026-09-11,weekday,1965202,1965202,S,DALY,DALY,M90-1,18:59:00,6:59 PM,3972,1,68340,2026-09-12T02:01:49+00:00,0,169,False,nearest_pdf_time_to_static_stop_time
bart_live_20260911_185819,2026-09-11,weekday,1965202,1965202,S,COLM,COLM,W10-1,19:03:00,7:03 PM,3972,1,68580,2026-09-12T02:05:13+00:00,0,133,False,nearest_pdf_time_to_static_stop_time
bart_live_20260911_185819,2026-09-11,weekday,1965202,1965202,S,SSAN,SSAN,W20-1,19:06:00,7:06 PM,3972,1,68760,2026-09-12T02:08:07+00:00,0,127,False,nearest_pdf_time_to_static_stop_time
bart_live_20260911_185819,2026-09-11,weekday,1965202,1965202,S,SBRN,SBRN,W30-1,19:09:00,7:09 PM,3972,1,68940,2026-09-12T02:11:14+00:00,0,134,False,nearest_pdf_time_to_static_stop_time
bart_live_20260911_185819,2026-09-11,weekday,1965160,1965160,S,CIVC,CIVC,M40-1,18:57:00,6:57 PM,4024,1,68220,2026-09-12T01:59:11+00:00,0,131,False,nearest_pdf_time_to_static_stop_time
bart_live_20260911_185819,2026-09-11,weekday,1965160,1965160,S,16TH,16TH,M50-1,18:59:00,6:59 PM,4024,1,68340,2026-09-12T02:01:11+00:00,0,131,False,nearest_pdf_time_to_static_stop_time
bart_live_20260911_185819,2026-09-11,weekday,1965160,1965160,S,24TH,24TH,M60-1,19:01:00,7:01 PM,4024,1,68460,2026-09-12T02:03:09+00:00,0,129,False,nearest_pdf_time_to_static_stop_time
bart_live_20260911_185819,2026-09-11,weekday,1965160,1965160,S,GLEN,GLEN,M70-1,19:04:00,7:04 PM,4024,1,68640,2026-09-12T02:05:55+00:00,0,115,False,nearest_pdf_time_to_static_stop_time
bart_live_20260911_185819,2026-09-11,weekday,1965160,1965160,S,BALB,BALB,M80-1,19:06:00,7:06 PM,4024,1,68760,2026-09-12T02:08:07+00:00,0,127,False,nearest_pdf_time_to_static_stop_time
bart_live_20260911_185819,2026-09-11,weekday,1965160,1965160,S,DALY,DALY,M90-1,19:10:00,7:10 PM,4024,1,69000,2026-09-12T02:12:33+00:00,0,153,False,nearest_pdf_time_to_static_stop_time
bart_live_20260911_185819,2026-09-11,weekday,1965160,1965160,S,COLM,COLM,W10-1,19:14:00,7:14 PM,4024,1,69240,2026-09-12T02:15:52+00:00,0,112,False,nearest_pdf_time_to_static_stop_time
bart_live_20260911_185819,2026-09-11,weekday,1965160,1965160,S,SSAN,SSAN,W20-1,19:17:00,7:17 PM,4024,1,69420,2026-09-12T02:18:48+00:00,0,108,False,nearest_pdf_time_to_static_stop_time
bart_live_20260911_185819,2026-09-11,weekday,1965160,1965160,S,SBRN,SBRN,W30-1,19:21:00,7:21 PM,4024,1,69660,2026-09-12T02:22:00+00:00,0,60,False,nearest_pdf_time_to_static_stop_time
bart_live_20260911_185819,2026-09-11,weekday,1965284,1965284,N,SBRN,SBRN,W30-2,19:32:00,7:32 PM,4458,2,70320,2026-09-12T02:32:56+00:00,0,56,False,nearest_pdf_time_to_static_stop_time
bart_live_20260911_185819,2026-09-11,weekday,1965284,1965284,N,SSAN,SSAN,W20-2,19:35:00,7:35 PM,4458,2,70500,2026-09-12T02:36:08+00:00,0,68,False,nearest_pdf_time_to_static_stop_time
bart_live_20260911_185819,2026-09-11,weekday,1965284,1965284,N,COLM,COLM,W10-2,19:39:00,7:39 PM,4458,2,70740,2026-09-12T02:39:32+00:00,0,32,False,nearest_pdf_time_to_static_stop_time
bart_live_20260911_185819,2026-09-11,weekday,1965284,1965284,N,DALY,DALY,M90-2,19:42:00,7:42 PM,4458,2,70920,2026-09-12T02:43:11+00:00,0,71,False,nearest_pdf_time_to_static_stop_time
bart_live_20260911_185819,2026-09-11,weekday,1965284,1965284,N,BALB,BALB,M80-2,19:46:00,7:46 PM,4458,2,71160,2026-09-12T02:46:53+00:00,0,53,False,nearest_pdf_time_to_static_stop_time
bart_live_20260911_185819,2026-09-11,weekday,1965284,1965284,N,GLEN,GLEN,M70-2,19:48:00,7:48 PM,4458,2,71280,2026-09-12T02:49:11+00:00,0,71,False,nearest_pdf_time_to_static_stop_time
bart_live_20260911_185819,2026-09-11,weekday,1965284,1965284,N,24TH,24TH,M60-2,19:51:00,7:51 PM,4458,2,71460,2026-09-12T02:51:53+00:00,0,53,False,nearest_pdf_time_to_static_stop_time
bart_live_20260911_185819,2026-09-11,weekday,1965284,1965284,N,16TH,16TH,M50-2,19:53:00,7:53 PM,4458,2,71580,2026-09-12T02:53:59+00:00,0,59,False,nearest_pdf_time_to_static_stop_time
bart_live_20260911_185819,2026-09-11,weekday,1965284,1965284,N,CIVC,CIVC,M40-2,19:55:00,7:55 PM,4458,2,71700,2026-09-12T02:56:23+00:00,0,83,False,nearest_pdf_time_to_static_stop_time
bart_live_20260911_185819,2026-09-11,weekday,1965284,1965284,N,POWL,POWL,M30-2,19:57:00,7:57 PM,4458,2,71820,2026-09-12T02:58:05+00:00,0,65,False,nearest_pdf_time_to_static_stop_time
bart_live_20260911_185819,2026-09-11,weekday,1965284,1965284,N,MONT,MONT,M20-2,19:59:00,7:59 PM,4458,2,71940,2026-09-12T02:59:41+00:00,0,41,False,nearest_pdf_time_to_static_stop_time
bart_live_20260911_185819,2026-09-11,weekday,1965284,1965284,N,EMBR,EMBR,M16-2,20:00:00,8:00 PM,4458,2,72000,2026-09-12T03:01:23+00:00,0,83,False,nearest_pdf_time_to_static_stop_time
bart_live_20260911_185819,2026-09-11,weekday,1965284,1965284,N,WOAK,WOAK,M10-2,20:07:00,8:07 PM,4458,2,72420,2026-09-12T03:08:29+00:00,0,89,False,nearest_pdf_time_to_static_stop_time
bart_live_20260911_185819,2026-09-11,weekday,1965284,1965284,N,12TH,12TH,K10-3,20:12:00,8:12 PM,4458,2,72720,2026-09-12T03:13:19+00:00,0,79,False,nearest_pdf_time_to_static_stop_time
bart_live_20260911_185819,2026-09-11,weekday,1965284,1965284,N,19TH,19TH,K20-3,20:14:00,8:14 PM,4458,2,72840,2026-09-12T03:15:13+00:00,0,73,False,nearest_pdf_time_to_static_stop_time
bart_live_20260911_185819,2026-09-11,weekday,1965284,1965284,N,MCAR,MCAR,K30-3,20:18:00,8:18 PM,4458,2,73080,2026-09-12T03:18:48+00:00,0,48,False,nearest_pdf_time_to_static_stop_time
bart_live_20260911_185819,2026-09-11,weekday,1965284,1965284,N,ROCK,ROCK,C10-1,20:21:00,8:21 PM,4458,2,73260,2026-09-12T03:21:30+00:00,0,30,False,nearest_pdf_time_to_static_stop_time
bart_live_20260911_185819,2026-09-11,weekday,1965284,1965284,N,ORIN,ORIN,C20-1,20:26:00,8:26 PM,4458,2,73560,2026-09-12T03:26:51+00:00,0,51,False,nearest_pdf_time_to_static_stop_time
bart_live_20260911_185819,2026-09-11,weekday,1965284,1965284,N,LAFY,LAFY,C30-1,20:31:00,8:31 PM,4458,2,73860,2026-09-12T03:31:39+00:00,0,39,False,nearest_pdf_time_to_static_stop_time
bart_live_20260911_185819,2026-09-11,weekday,1965284,1965284,N,WCRK,WCRK,C40-1,20:35:00,8:35 PM,4458,2,74100,2026-09-12T03:36:18+00:00,0,78,False,nearest_pdf_time_to_static_stop_time
bart_live_20260911_185819,2026-09-11,weekday,1965284,1965284,N,PHIL,PHIL,C50-1,20:38:00,8:38 PM,4458,2,74280,2026-09-12T03:39:09+00:00,0,69,False,nearest_pdf_time_to_static_stop_time
bart_live_20260911_185819,2026-09-11,weekday,1965284,1965284,N,CONC,CONC,C60-1,20:43:00,8:43 PM,4458,2,74580,2026-09-12T03:44:23+00:00,0,83,False,nearest_pdf_time_to_static_stop_time
bart_live_20260911_185819,2026-09-11,weekday,1965284,1965284,N,NCON,NCON,C70-1,20:47:00,8:47 PM,4458,2,74820,2026-09-12T03:48:05+00:00,0,65,False,nearest_pdf_time_to_static_stop_time
bart_live_20260911_185819,2026-09-11,weekday,1965284,1965284,N,PITT,PITT,C80-1,20:54:00,8:54 PM,4458,2,75240,2026-09-12T03:54:43+00:00,0,43,False,nearest_pdf_time_to_static_stop_time
bart_live_20260911_185819,2026-09-11,weekday,1965203,1965203,S,EMBR,EMBR,M16-1,19:00:00,7:00 PM,4076,1,68400,2026-09-12T02:01:46+00:00,0,106,False,nearest_pdf_time_to_static_stop_time
bart_live_20260911_185819,2026-09-11,weekday,1965203,1965203,S,MONT,MONT,M20-1,19:02:00,7:02 PM,4076,1,68520,2026-09-12T02:03:17+00:00,0,77,False,nearest_pdf_time_to_static_stop_time
bart_live_20260911_185819,2026-09-11,weekday,1965203,1965203,S,POWL,POWL,M30-1,19:03:00,7:03 PM,4076,1,68580,2026-09-12T02:04:29+00:00,0,89,False,nearest_pdf_time_to_static_stop_time
bart_live_20260911_185819,2026-09-11,weekday,1965203,1965203,S,CIVC,CIVC,M40-1,19:05:00,7:05 PM,4076,1,68700,2026-09-12T02:06:02+00:00,0,62,False,nearest_pdf_time_to_static_stop_time
bart_live_20260911_185819,2026-09-11,weekday,1965203,1965203,S,16TH,16TH,M50-1,19:07:00,7:07 PM,4076,1,68820,2026-09-12T02:08:23+00:00,0,83,False,nearest_pdf_time_to_static_stop_time
bart_live_20260911_185819,2026-09-11,weekday,1965203,1965203,S,24TH,24TH,M60-1,19:09:00,7:09 PM,4076,1,68940,2026-09-12T02:10:23+00:00,0,83,False,nearest_pdf_time_to_static_stop_time
bart_live_20260911_185819,2026-09-11,weekday,1965203,1965203,S,GLEN,GLEN,M70-1,19:12:00,7:12 PM,4076,1,69120,2026-09-12T02:13:11+00:00,0,71,False,nearest_pdf_time_to_static_stop_time
bart_live_20260911_185819,2026-09-11,weekday,1965203,1965203,S,BALB,BALB,M80-1,19:14:00,7:14 PM,4076,1,69240,2026-09-12T02:15:29+00:00,0,89,False,nearest_pdf_time_to_static_stop_time
bart_live_20260911_185819,2026-09-11,weekday,1965203,1965203,S,DALY,DALY,M90-1,19:19:00,7:19 PM,4076,1,69540,2026-09-12T02:19:56+00:00,0,56,False,nearest_pdf_time_to_static_stop_time
bart_live_20260911_185819,2026-09-11,weekday,1965203,1965203,S,COLM,COLM,W10-1,19:23:00,7:23 PM,4076,1,69780,2026-09-12T02:23:50+00:00,0,50,False,nearest_pdf_time_to_static_stop_time
bart_live_20260911_185819,2026-09-11,weekday,1965203,1965203,S,SSAN,SSAN,W20-1,19:26:00,7:26 PM,4076,1,69960,2026-09-12T02:26:50+00:00,0,50,False,nearest_pdf_time_to_static_stop_time
bart_live_20260911_185819,2026-09-11,weekday,1965203,1965203,S,SBRN,SBRN,W30-1,19:29:00,7:29 PM,4076,1,70140,2026-09-12T02:30:02+00:00,0,62,False,nearest_pdf_time_to_static_stop_time
bart_live_20260911_185819,2026-09-11,weekday,1965161,1965161,S,19TH,19TH,K20-2,18:58:00,6:58 PM,4128,1,68280,2026-09-12T01:59:03+00:00,0,63,False,nearest_pdf_time_to_static_stop_time
bart_live_20260911_185819,2026-09-11,weekday,1965161,1965161,S,12TH,12TH,K10-2,19:00:00,7:00 PM,4128,1,68400,2026-09-12T02:01:09+00:00,0,69,False,nearest_pdf_time_to_static_stop_time
bart_live_20260911_185819,2026-09-11,weekday,1965161,1965161,S,WOAK,WOAK,M10-1,19:05:00,7:05 PM,4128,1,68700,2026-09-12T02:05:39+00:00,0,39,False,nearest_pdf_time_to_static_stop_time
bart_live_20260911_185819,2026-09-11,weekday,1965161,1965161,S,EMBR,EMBR,M16-1,19:12:00,7:12 PM,4128,1,69120,2026-09-12T02:12:39+00:00,0,39,False,nearest_pdf_time_to_static_stop_time
bart_live_20260911_185819,2026-09-11,weekday,1965161,1965161,S,MONT,MONT,M20-1,19:13:00,7:13 PM,4128,1,69180,2026-09-12T02:14:15+00:00,0,75,False,nearest_pdf_time_to_static_stop_time
bart_live_20260911_185819,2026-09-11,weekday,1965161,1965161,S,POWL,POWL,M30-1,19:15:00,7:15 PM,4128,1,69300,2026-09-12T02:15:57+00:00,0,57,False,nearest_pdf_time_to_static_stop_time
bart_live_20260911_185819,2026-09-11,weekday,1965161,1965161,S,CIVC,CIVC,M40-1,19:17:00,7:17 PM,4128,1,69420,2026-09-12T02:17:33+00:00,0,33,False,nearest_pdf_time_to_static_stop_time
bart_live_20260911_185819,2026-09-11,weekday,1965161,1965161,S,16TH,16TH,M50-1,19:19:00,7:19 PM,4128,1,69540,2026-09-12T02:19:51+00:00,0,51,False,nearest_pdf_time_to_static_stop_time
bart_live_20260911_185819,2026-09-11,weekday,1965161,1965161,S,24TH,24TH,M60-1,19:21:00,7:21 PM,4128,1,69660,2026-09-12T02:21:51+00:00,0,51,False,nearest_pdf_time_to_static_stop_time
bart_live_20260911_185819,2026-09-11,weekday,1965161,1965161,S,GLEN,GLEN,M70-1,19:24:00,7:24 PM,4128,1,69840,2026-09-12T02:24:39+00:00,0,39,False,nearest_pdf_time_to_static_stop_time
bart_live_20260911_185819,2026-09-11,weekday,1965161,1965161,S,BALB,BALB,M80-1,19:26:00,7:26 PM,4128,1,69960,2026-09-12T02:26:57+00:00,0,57,False,nearest_pdf_time_to_static_stop_time
bart_live_20260911_185819,2026-09-11,weekday,1965161,1965161,S,DALY,DALY,M90-1,19:30:00,7:30 PM,4128,1,70200,2026-09-12T02:31:24+00:00,0,84,False,nearest_pdf_time_to_static_stop_time
bart_live_20260911_185819,2026-09-11,weekday,1965161,1965161,S,COLM,COLM,W10-1,19:34:00,7:34 PM,4128,1,70440,2026-09-12T02:35:18+00:00,0,78,False,nearest_pdf_time_to_static_stop_time
bart_live_20260911_185819,2026-09-11,weekday,1965161,1965161,S,SSAN,SSAN,W20-1,19:37:00,7:37 PM,4128,1,70620,2026-09-12T02:38:18+00:00,0,78,False,nearest_pdf_time_to_static_stop_time
bart_live_20260911_185819,2026-09-11,weekday,1965161,1965161,S,SBRN,SBRN,W30-1,19:41:00,7:41 PM,4128,1,70860,2026-09-12T02:41:30+00:00,0,30,False,nearest_pdf_time_to_static_stop_time
bart_live_20260911_185819,2026-09-11,weekday,1965204,1965204,S,ROCK,ROCK,C10-2,18:59:00,6:59 PM,4180,1,68340,2026-09-12T02:03:06+00:00,0,246,False,nearest_pdf_time_to_static_stop_time
bart_live_20260911_185819,2026-09-11,weekday,1965204,1965204,S,MCAR,MCAR,K30-4,19:03:00,7:03 PM,4180,1,68580,2026-09-12T02:05:43+00:00,0,163,False,nearest_pdf_time_to_static_stop_time
bart_live_20260911_185819,2026-09-11,weekday,1965204,1965204,S,19TH,19TH,K20-2,19:07:00,7:07 PM,4180,1,68820,2026-09-12T02:09:00+00:00,0,120,False,nearest_pdf_time_to_static_stop_time
bart_live_20260911_185819,2026-09-11,weekday,1965204,1965204,S,12TH,12TH,K10-2,19:09:00,7:09 PM,4180,1,68940,2026-09-12T02:10:23+00:00,0,83,False,nearest_pdf_time_to_static_stop_time
bart_live_20260911_185819,2026-09-11,weekday,1965204,1965204,S,WOAK,WOAK,M10-1,19:13:00,7:13 PM,4180,1,69180,2026-09-12T02:15:03+00:00,0,123,False,nearest_pdf_time_to_static_stop_time
bart_live_20260911_185819,2026-09-11,weekday,1965204,1965204,S,EMBR,EMBR,M16-1,19:20:00,7:20 PM,4180,1,69600,2026-09-12T02:21:43+00:00,0,103,False,nearest_pdf_time_to_static_stop_time
bart_live_20260911_185819,2026-09-11,weekday,1965204,1965204,S,MONT,MONT,M20-1,19:22:00,7:22 PM,4180,1,69720,2026-09-12T02:23:19+00:00,0,79,False,nearest_pdf_time_to_static_stop_time
bart_live_20260911_185819,2026-09-11,weekday,1965204,1965204,S,POWL,POWL,M30-1,19:23:00,7:23 PM,4180,1,69780,2026-09-12T02:24:29+00:00,0,89,False,nearest_pdf_time_to_static_stop_time
bart_live_20260911_185819,2026-09-11,weekday,1965204,1965204,S,CIVC,CIVC,M40-1,19:25:00,7:25 PM,4180,1,69900,2026-09-12T02:26:03+00:00,0,63,False,nearest_pdf_time_to_static_stop_time
bart_live_20260911_185819,2026-09-11,weekday,1965204,1965204,S,16TH,16TH,M50-1,19:27:00,7:27 PM,4180,1,70020,2026-09-12T02:28:23+00:00,0,83,False,nearest_pdf_time_to_static_stop_time
bart_live_20260911_185819,2026-09-11,weekday,1965204,1965204,S,24TH,24TH,M60-1,19:29:00,7:29 PM,4180,1,70140,2026-09-12T02:30:23+00:00,0,83,False,nearest_pdf_time_to_static_stop_time
bart_live_20260911_185819,2026-09-11,weekday,1965204,1965204,S,GLEN,GLEN,M70-1,19:32:00,7:32 PM,4180,1,70320,2026-09-12T02:33:11+00:00,0,71,False,nearest_pdf_time_to_static_stop_time
bart_live_20260911_185819,2026-09-11,weekday,1965204,1965204,S,BALB,BALB,M80-1,19:34:00,7:34 PM,4180,1,70440,2026-09-12T02:35:29+00:00,0,89,False,nearest_pdf_time_to_static_stop_time
bart_live_20260911_185819,2026-09-11,weekday,1965204,1965204,S,DALY,DALY,M90-1,19:39:00,7:39 PM,4180,1,70740,2026-09-12T02:39:56+00:00,0,56,False,nearest_pdf_time_to_static_stop_time
bart_live_20260911_185819,2026-09-11,weekday,1965204,1965204,S,COLM,COLM,W10-1,19:43:00,7:43 PM,4180,1,70980,2026-09-12T02:43:50+00:00,0,50,False,nearest_pdf_time_to_static_stop_time
bart_live_20260911_185819,2026-09-11,weekday,1965204,1965204,S,SSAN,SSAN,W20-1,19:46:00,7:46 PM,4180,1,71160,2026-09-12T02:46:50+00:00,0,50,False,nearest_pdf_time_to_static_stop_time
bart_live_20260911_185819,2026-09-11,weekday,1965204,1965204,S,SBRN,SBRN,W30-1,19:49:00,7:49 PM,4180,1,71340,2026-09-12T02:50:02+00:00,0,62,False,nearest_pdf_time_to_static_stop_time
bart_live_20260911_185819,2026-09-11,weekday,1965162,1965162,S,LAFY,LAFY,C30-2,19:00:00,7:00 PM,4232,1,68400,2026-09-12T02:01:37+00:00,0,97,False,nearest_pdf_time_to_static_stop_time
bart_live_20260911_185819,2026-09-11,weekday,1965162,1965162,S,ORIN,ORIN,C20-2,19:05:00,7:05 PM,4232,1,68700,2026-09-12T02:06:05+00:00,0,65,False,nearest_pdf_time_to_static_stop_time
bart_live_20260911_185819,2026-09-11,weekday,1965162,1965162,S,ROCK,ROCK,C10-2,19:11:00,7:11 PM,4232,1,69060,2026-09-12T02:11:50+00:00,0,50,False,nearest_pdf_time_to_static_stop_time
bart_live_20260911_185819,2026-09-11,weekday,1965162,1965162,S,MCAR,MCAR,K30-4,19:14:00,7:14 PM,4232,1,69240,2026-09-12T02:15:16+00:00,0,76,False,nearest_pdf_time_to_static_stop_time
bart_live_20260911_185819,2026-09-11,weekday,1965162,1965162,S,19TH,19TH,K20-2,19:18:00,7:18 PM,4232,1,69480,2026-09-12T02:19:03+00:00,0,63,False,nearest_pdf_time_to_static_stop_time
bart_live_20260911_185819,2026-09-11,weekday,1965162,1965162,S,12TH,12TH,K10-2,19:20:00,7:20 PM,4232,1,69600,2026-09-12T02:21:09+00:00,0,69,False,nearest_pdf_time_to_static_stop_time
bart_live_20260911_185819,2026-09-11,weekday,1965162,1965162,S,WOAK,WOAK,M10-1,19:25:00,7:25 PM,4232,1,69900,2026-09-12T02:25:39+00:00,0,39,False,nearest_pdf_time_to_static_stop_time
bart_live_20260911_185819,2026-09-11,weekday,1965162,1965162,S,EMBR,EMBR,M16-1,19:32:00,7:32 PM,4232,1,70320,2026-09-12T02:32:39+00:00,0,39,False,nearest_pdf_time_to_static_stop_time
bart_live_20260911_185819,2026-09-11,weekday,1965162,1965162,S,MONT,MONT,M20-1,19:33:00,7:33 PM,4232,1,70380,2026-09-12T02:34:15+00:00,0,75,False,nearest_pdf_time_to_static_stop_time
bart_live_20260911_185819,2026-09-11,weekday,1965162,1965162,S,POWL,POWL,M30-1,19:35:00,7:35 PM,4232,1,70500,2026-09-12T02:35:57+00:00,0,57,False,nearest_pdf_time_to_static_stop_time
bart_live_20260911_185819,2026-09-11,weekday,1965162,1965162,S,CIVC,CIVC,M40-1,19:37:00,7:37 PM,4232,1,70620,2026-09-12T02:37:33+00:00,0,33,False,nearest_pdf_time_to_static_stop_time
bart_live_20260911_185819,2026-09-11,weekday,1965162,1965162,S,16TH,16TH,M50-1,19:39:00,7:39 PM,4232,1,70740,2026-09-12T02:39:51+00:00,0,51,False,nearest_pdf_time_to_static_stop_time
bart_live_20260911_185819,2026-09-11,weekday,1965162,1965162,S,24TH,24TH,M60-1,19:41:00,7:41 PM,4232,1,70860,2026-09-12T02:41:51+00:00,0,51,False,nearest_pdf_time_to_static_stop_time
bart_live_20260911_185819,2026-09-11,weekday,1965162,1965162,S,GLEN,GLEN,M70-1,19:44:00,7:44 PM,4232,1,71040,2026-09-12T02:44:39+00:00,0,39,False,nearest_pdf_time_to_static_stop_time
bart_live_20260911_185819,2026-09-11,weekday,1965162,1965162,S,BALB,BALB,M80-1,19:46:00,7:46 PM,4232,1,71160,2026-09-12T02:46:57+00:00,0,57,False,nearest_pdf_time_to_static_stop_time
bart_live_20260911_185819,2026-09-11,weekday,1965162,1965162,S,DALY,DALY,M90-1,19:50:00,7:50 PM,4232,1,71400,2026-09-12T02:51:24+00:00,0,84,False,nearest_pdf_time_to_static_stop_time
bart_live_20260911_185819,2026-09-11,weekday,1965162,1965162,S,COLM,COLM,W10-1,19:54:00,7:54 PM,4232,1,71640,2026-09-12T02:55:18+00:00,0,78,False,nearest_pdf_time_to_static_stop_time
bart_live_20260911_185819,2026-09-11,weekday,1965162,1965162,S,SSAN,SSAN,W20-1,19:57:00,7:57 PM,4232,1,71820,2026-09-12T02:58:18+00:00,0,78,False,nearest_pdf_time_to_static_stop_time
bart_live_20260911_185819,2026-09-11,weekday,1965162,1965162,S,SBRN,SBRN,W30-1,20:01:00,8:01 PM,4232,1,72060,2026-09-12T03:01:30+00:00,0,30,False,nearest_pdf_time_to_static_stop_time
bart_live_20260911_185819,2026-09-11,weekday,1965277,1965277,N,PITT,PITT,C80-1,18:34:00,6:34 PM,3832,2,66840,2026-09-12T02:00:40+00:00,0,1600,False,nearest_pdf_time_to_static_stop_time
bart_live_20260911_185819,2026-09-11,weekday,1965278,1965278,N,PHIL,PHIL,C50-1,18:38:00,6:38 PM,3936,2,67080,2026-09-12T01:58:57+00:00,0,1257,False,nearest_pdf_time_to_static_stop_time
bart_live_20260911_185819,2026-09-11,weekday,1965278,1965278,N,CONC,CONC,C60-1,18:43:00,6:43 PM,3936,2,67380,2026-09-12T02:04:01+00:00,0,1261,False,nearest_pdf_time_to_static_stop_time
bart_live_20260911_185819,2026-09-11,weekday,1965278,1965278,N,NCON,NCON,C70-1,18:47:00,6:47 PM,3936,2,67620,2026-09-12T02:07:26+00:00,0,1226,False,nearest_pdf_time_to_static_stop_time
bart_live_20260911_185819,2026-09-11,weekday,1965278,1965278,N,PITT,PITT,C80-1,18:54:00,6:54 PM,3936,2,68040,2026-09-12T02:13:22+00:00,0,1162,False,nearest_pdf_time_to_static_stop_time
bart_live_20260912_071605,2026-09-12,weekend,2000425,2000425,S,CONC,CONC,C60-2,07:16:00,7:16 AM,178,1,26160,2026-09-12T14:18:01+00:00,0,121,False,nearest_pdf_time_to_static_stop_time
bart_live_20260912_071605,2026-09-12,weekend,2000425,2000425,S,PHIL,PHIL,C50-2,07:21:00,7:21 AM,178,1,26460,2026-09-12T14:22:41+00:00,0,101,False,nearest_pdf_time_to_static_stop_time
bart_live_20260912_071605,2026-09-12,weekend,2000425,2000425,S,WCRK,WCRK,C40-2,07:24:00,7:24 AM,178,1,26640,2026-09-12T14:25:34+00:00,0,94,False,nearest_pdf_time_to_static_stop_time
bart_live_20260912_071605,2026-09-12,weekend,2000425,2000425,S,LAFY,LAFY,C30-2,07:29:00,7:29 AM,178,1,26940,2026-09-12T14:30:13+00:00,0,73,False,nearest_pdf_time_to_static_stop_time
bart_live_20260912_071605,2026-09-12,weekend,2000425,2000425,S,ORIN,ORIN,C20-2,07:34:00,7:34 AM,178,1,27240,2026-09-12T14:34:37+00:00,0,37,False,nearest_pdf_time_to_static_stop_time
bart_live_20260912_071605,2026-09-12,weekend,2000425,2000425,S,ROCK,ROCK,C10-2,07:39:00,7:39 AM,178,1,27540,2026-09-12T14:40:22+00:00,0,82,False,nearest_pdf_time_to_static_stop_time
bart_live_20260912_071605,2026-09-12,weekend,2000425,2000425,S,MCAR,MCAR,K30-4,07:43:00,7:43 AM,178,1,27780,2026-09-12T14:43:42+00:00,0,42,False,nearest_pdf_time_to_static_stop_time
bart_live_20260912_071605,2026-09-12,weekend,2000425,2000425,S,19TH,19TH,K20-2,07:47:00,7:47 AM,178,1,28020,2026-09-12T14:47:35+00:00,0,35,False,nearest_pdf_time_to_static_stop_time
bart_live_20260912_071605,2026-09-12,weekend,2000425,2000425,S,12TH,12TH,K10-2,07:49:00,7:49 AM,178,1,28140,2026-09-12T14:49:41+00:00,0,41,False,nearest_pdf_time_to_static_stop_time
bart_live_20260912_071605,2026-09-12,weekend,2000425,2000425,S,WOAK,WOAK,M10-1,07:53:00,7:53 AM,178,1,28380,2026-09-12T14:54:11+00:00,0,71,False,nearest_pdf_time_to_static_stop_time
bart_live_20260912_071605,2026-09-12,weekend,2000425,2000425,S,EMBR,EMBR,M16-1,08:00:00,8:00 AM,178,1,28800,2026-09-12T15:01:11+00:00,0,71,False,nearest_pdf_time_to_static_stop_time
bart_live_20260912_071605,2026-09-12,weekend,2000425,2000425,S,MONT,MONT,M20-1,08:02:00,8:02 AM,178,1,28920,2026-09-12T15:02:47+00:00,0,47,False,nearest_pdf_time_to_static_stop_time
bart_live_20260912_071605,2026-09-12,weekend,2000425,2000425,S,POWL,POWL,M30-1,08:03:00,8:03 AM,178,1,28980,2026-09-12T15:04:29+00:00,0,89,False,nearest_pdf_time_to_static_stop_time
bart_live_20260912_071605,2026-09-12,weekend,2000425,2000425,S,CIVC,CIVC,M40-1,08:05:00,8:05 AM,178,1,29100,2026-09-12T15:06:05+00:00,0,65,False,nearest_pdf_time_to_static_stop_time
bart_live_20260912_071605,2026-09-12,weekend,2000425,2000425,S,16TH,16TH,M50-1,08:07:00,8:07 AM,178,1,29220,2026-09-12T15:08:23+00:00,0,83,False,nearest_pdf_time_to_static_stop_time
bart_live_20260912_071605,2026-09-12,weekend,2000425,2000425,S,24TH,24TH,M60-1,08:09:00,8:09 AM,178,1,29340,2026-09-12T15:10:23+00:00,0,83,False,nearest_pdf_time_to_static_stop_time
bart_live_20260912_071605,2026-09-12,weekend,2000425,2000425,S,GLEN,GLEN,M70-1,08:12:00,8:12 AM,178,1,29520,2026-09-12T15:13:11+00:00,0,71,False,nearest_pdf_time_to_static_stop_time
bart_live_20260912_071605,2026-09-12,weekend,2000425,2000425,S,BALB,BALB,M80-1,08:14:00,8:14 AM,178,1,29640,2026-09-12T15:15:29+00:00,0,89,False,nearest_pdf_time_to_static_stop_time
bart_live_20260912_071605,2026-09-12,weekend,2000425,2000425,S,DALY,DALY,M90-1,08:19:00,8:19 AM,178,1,29940,2026-09-12T15:19:56+00:00,0,56,False,nearest_pdf_time_to_static_stop_time
bart_live_20260912_071605,2026-09-12,weekend,2000425,2000425,S,COLM,COLM,W10-1,08:23:00,8:23 AM,178,1,30180,2026-09-12T15:23:50+00:00,0,50,False,nearest_pdf_time_to_static_stop_time
bart_live_20260912_071605,2026-09-12,weekend,2000425,2000425,S,SSAN,SSAN,W20-1,08:26:00,8:26 AM,178,1,30360,2026-09-12T15:26:50+00:00,0,50,False,nearest_pdf_time_to_static_stop_time
bart_live_20260912_071605,2026-09-12,weekend,2000425,2000425,S,SBRN,SBRN,W30-1,08:29:00,8:29 AM,178,1,30540,2026-09-12T15:30:02+00:00,0,62,False,nearest_pdf_time_to_static_stop_time
bart_live_20260912_071605,2026-09-12,weekend,2000492,2000492,N,PITT,PITT,C80-1,07:14:00,7:14 AM,24,2,26040,2026-09-12T14:18:49+00:00,0,289,False,nearest_pdf_time_to_static_stop_time
bart_live_20260912_071605,2026-09-12,weekend,2000426,2000426,S,PITT,PITT,C80-2,07:26:00,7:26 AM,232,1,26760,2026-09-12T14:26:39+00:00,0,39,False,nearest_pdf_time_to_static_stop_time
bart_live_20260912_071605,2026-09-12,weekend,2000426,2000426,S,NCON,NCON,C70-2,07:32:00,7:32 AM,232,1,27120,2026-09-12T14:33:02+00:00,0,62,False,nearest_pdf_time_to_static_stop_time
bart_live_20260912_071605,2026-09-12,weekend,2000426,2000426,S,CONC,CONC,C60-2,07:36:00,7:36 AM,232,1,27360,2026-09-12T14:36:57+00:00,0,57,False,nearest_pdf_time_to_static_stop_time
bart_live_20260912_071605,2026-09-12,weekend,2000426,2000426,S,PHIL,PHIL,C50-2,07:41:00,7:41 AM,232,1,27660,2026-09-12T14:42:03+00:00,0,63,False,nearest_pdf_time_to_static_stop_time
bart_live_20260912_071605,2026-09-12,weekend,2000426,2000426,S,WCRK,WCRK,C40-2,07:44:00,7:44 AM,232,1,27840,2026-09-12T14:45:01+00:00,0,61,False,nearest_pdf_time_to_static_stop_time
bart_live_20260912_071605,2026-09-12,weekend,2000426,2000426,S,LAFY,LAFY,C30-2,07:49:00,7:49 AM,232,1,28140,2026-09-12T14:49:42+00:00,0,42,False,nearest_pdf_time_to_static_stop_time
bart_live_20260912_071605,2026-09-12,weekend,2000426,2000426,S,ORIN,ORIN,C20-2,07:54:00,7:54 AM,232,1,28440,2026-09-12T14:54:37+00:00,0,37,False,nearest_pdf_time_to_static_stop_time
bart_live_20260912_071605,2026-09-12,weekend,2000426,2000426,S,ROCK,ROCK,C10-2,07:59:00,7:59 AM,232,1,28740,2026-09-12T15:00:22+00:00,0,82,False,nearest_pdf_time_to_static_stop_time
bart_live_20260912_071605,2026-09-12,weekend,2000426,2000426,S,MCAR,MCAR,K30-4,08:03:00,8:03 AM,232,1,28980,2026-09-12T15:03:48+00:00,0,48,False,nearest_pdf_time_to_static_stop_time
bart_live_20260912_071605,2026-09-12,weekend,2000426,2000426,S,19TH,19TH,K20-2,08:07:00,8:07 AM,232,1,29220,2026-09-12T15:07:35+00:00,0,35,False,nearest_pdf_time_to_static_stop_time
bart_live_20260912_071605,2026-09-12,weekend,2000426,2000426,S,12TH,12TH,K10-2,08:09:00,8:09 AM,232,1,29340,2026-09-12T15:09:41+00:00,0,41,False,nearest_pdf_time_to_static_stop_time
bart_live_20260912_071605,2026-09-12,weekend,2000426,2000426,S,WOAK,WOAK,M10-1,08:13:00,8:13 AM,232,1,29580,2026-09-12T15:14:11+00:00,0,71,False,nearest_pdf_time_to_static_stop_time
bart_live_20260912_071605,2026-09-12,weekend,2000426,2000426,S,EMBR,EMBR,M16-1,08:20:00,8:20 AM,232,1,30000,2026-09-12T15:21:11+00:00,0,71,False,nearest_pdf_time_to_static_stop_time
bart_live_20260912_071605,2026-09-12,weekend,2000426,2000426,S,MONT,MONT,M20-1,08:22:00,8:22 AM,232,1,30120,2026-09-12T15:22:47+00:00,0,47,False,nearest_pdf_time_to_static_stop_time
bart_live_20260912_071605,2026-09-12,weekend,2000426,2000426,S,POWL,POWL,M30-1,08:23:00,8:23 AM,232,1,30180,2026-09-12T15:24:29+00:00,0,89,False,nearest_pdf_time_to_static_stop_time
bart_live_20260912_071605,2026-09-12,weekend,2000426,2000426,S,CIVC,CIVC,M40-1,08:25:00,8:25 AM,232,1,30300,2026-09-12T15:26:05+00:00,0,65,False,nearest_pdf_time_to_static_stop_time
bart_live_20260912_071605,2026-09-12,weekend,2000426,2000426,S,16TH,16TH,M50-1,08:27:00,8:27 AM,232,1,30420,2026-09-12T15:28:23+00:00,0,83,False,nearest_pdf_time_to_static_stop_time
bart_live_20260912_071605,2026-09-12,weekend,2000426,2000426,S,24TH,24TH,M60-1,08:29:00,8:29 AM,232,1,30540,2026-09-12T15:30:23+00:00,0,83,False,nearest_pdf_time_to_static_stop_time
bart_live_20260912_071605,2026-09-12,weekend,2000426,2000426,S,GLEN,GLEN,M70-1,08:32:00,8:32 AM,232,1,30720,2026-09-12T15:33:11+00:00,0,71,False,nearest_pdf_time_to_static_stop_time
bart_live_20260912_071605,2026-09-12,weekend,2000426,2000426,S,BALB,BALB,M80-1,08:34:00,8:34 AM,232,1,30840,2026-09-12T15:35:29+00:00,0,89,False,nearest_pdf_time_to_static_stop_time
bart_live_20260912_071605,2026-09-12,weekend,2000426,2000426,S,DALY,DALY,M90-1,08:39:00,8:39 AM,232,1,31140,2026-09-12T15:39:56+00:00,0,56,False,nearest_pdf_time_to_static_stop_time
bart_live_20260912_071605,2026-09-12,weekend,2000426,2000426,S,COLM,COLM,W10-1,08:43:00,8:43 AM,232,1,31380,2026-09-12T15:43:50+00:00,0,50,False,nearest_pdf_time_to_static_stop_time
bart_live_20260912_071605,2026-09-12,weekend,2000426,2000426,S,SSAN,SSAN,W20-1,08:46:00,8:46 AM,232,1,31560,2026-09-12T15:46:50+00:00,0,50,False,nearest_pdf_time_to_static_stop_time
bart_live_20260912_071605,2026-09-12,weekend,2000426,2000426,S,SBRN,SBRN,W30-1,08:49:00,8:49 AM,232,1,31740,2026-09-12T15:50:02+00:00,0,62,False,nearest_pdf_time_to_static_stop_time
bart_live_20260912_071605,2026-09-12,weekend,2000493,2000493,N,WCRK,WCRK,C40-1,07:15:00,7:15 AM,76,2,26100,2026-09-12T14:16:32+00:00,0,92,False,nearest_pdf_time_to_static_stop_time
bart_live_20260912_071605,2026-09-12,weekend,2000493,2000493,N,PHIL,PHIL,C50-1,07:18:00,7:18 AM,76,2,26280,2026-09-12T14:19:09+00:00,0,69,False,nearest_pdf_time_to_static_stop_time
bart_live_20260912_071605,2026-09-12,weekend,2000493,2000493,N,CONC,CONC,C60-1,07:23:00,7:23 AM,76,2,26580,2026-09-12T14:24:23+00:00,0,83,False,nearest_pdf_time_to_static_stop_time
bart_live_20260912_071605,2026-09-12,weekend,2000493,2000493,N,NCON,NCON,C70-1,07:27:00,7:27 AM,76,2,26820,2026-09-12T14:28:05+00:00,0,65,False,nearest_pdf_time_to_static_stop_time
bart_live_20260912_071605,2026-09-12,weekend,2000493,2000493,N,PITT,PITT,C80-1,07:34:00,7:34 AM,76,2,27240,2026-09-12T14:34:43+00:00,0,43,False,nearest_pdf_time_to_static_stop_time
bart_live_20260912_071605,2026-09-12,weekend,2000427,2000427,S,PITT,PITT,C80-2,07:46:00,7:46 AM,286,1,27960,2026-09-12T14:46:39+00:00,0,39,False,nearest_pdf_time_to_static_stop_time
bart_live_20260912_071605,2026-09-12,weekend,2000427,2000427,S,NCON,NCON,C70-2,07:52:00,7:52 AM,286,1,28320,2026-09-12T14:53:02+00:00,0,62,False,nearest_pdf_time_to_static_stop_time
bart_live_20260912_071605,2026-09-12,weekend,2000427,2000427,S,CONC,CONC,C60-2,07:56:00,7:56 AM,286,1,28560,2026-09-12T14:56:57+00:00,0,57,False,nearest_pdf_time_to_static_stop_time
bart_live_20260912_071605,2026-09-12,weekend,2000427,2000427,S,PHIL,PHIL,C50-2,08:01:00,8:01 AM,286,1,28860,2026-09-12T15:02:03+00:00,0,63,False,nearest_pdf_time_to_static_stop_time
bart_live_20260912_071605,2026-09-12,weekend,2000427,2000427,S,WCRK,WCRK,C40-2,08:04:00,8:04 AM,286,1,29040,2026-09-12T15:05:01+00:00,0,61,False,nearest_pdf_time_to_static_stop_time
bart_live_20260912_071605,2026-09-12,weekend,2000427,2000427,S,LAFY,LAFY,C30-2,08:09:00,8:09 AM,286,1,29340,2026-09-12T15:09:42+00:00,0,42,False,nearest_pdf_time_to_static_stop_time
bart_live_20260912_071605,2026-09-12,weekend,2000427,2000427,S,ORIN,ORIN,C20-2,08:14:00,8:14 AM,286,1,29640,2026-09-12T15:14:37+00:00,0,37,False,nearest_pdf_time_to_static_stop_time
bart_live_20260912_071605,2026-09-12,weekend,2000427,2000427,S,ROCK,ROCK,C10-2,08:19:00,8:19 AM,286,1,29940,2026-09-12T15:20:22+00:00,0,82,False,nearest_pdf_time_to_static_stop_time
bart_live_20260912_071605,2026-09-12,weekend,2000427,2000427,S,MCAR,MCAR,K30-4,08:23:00,8:23 AM,286,1,30180,2026-09-12T15:23:48+00:00,0,48,False,nearest_pdf_time_to_static_stop_time
bart_live_20260912_071605,2026-09-12,weekend,2000427,2000427,S,19TH,19TH,K20-2,08:27:00,8:27 AM,286,1,30420,2026-09-12T15:27:35+00:00,0,35,False,nearest_pdf_time_to_static_stop_time
bart_live_20260912_071605,2026-09-12,weekend,2000427,2000427,S,12TH,12TH,K10-2,08:29:00,8:29 AM,286,1,30540,2026-09-12T15:29:41+00:00,0,41,False,nearest_pdf_time_to_static_stop_time
bart_live_20260912_071605,2026-09-12,weekend,2000427,2000427,S,WOAK,WOAK,M10-1,08:33:00,8:33 AM,286,1,30780,2026-09-12T15:34:11+00:00,0,71,False,nearest_pdf_time_to_static_stop_time
bart_live_20260912_071605,2026-09-12,weekend,2000427,2000427,S,EMBR,EMBR,M16-1,08:40:00,8:40 AM,286,1,31200,2026-09-12T15:41:11+00:00,0,71,False,nearest_pdf_time_to_static_stop_time
bart_live_20260912_071605,2026-09-12,weekend,2000427,2000427,S,MONT,MONT,M20-1,08:42:00,8:42 AM,286,1,31320,2026-09-12T15:42:47+00:00,0,47,False,nearest_pdf_time_to_static_stop_time
bart_live_20260912_071605,2026-09-12,weekend,2000427,2000427,S,POWL,POWL,M30-1,08:43:00,8:43 AM,286,1,31380,2026-09-12T15:44:29+00:00,0,89,False,nearest_pdf_time_to_static_stop_time
bart_live_20260912_071605,2026-09-12,weekend,2000427,2000427,S,CIVC,CIVC,M40-1,08:45:00,8:45 AM,286,1,31500,2026-09-12T15:46:05+00:00,0,65,False,nearest_pdf_time_to_static_stop_time
bart_live_20260912_071605,2026-09-12,weekend,2000427,2000427,S,16TH,16TH,M50-1,08:47:00,8:47 AM,286,1,31620,2026-09-12T15:48:23+00:00,0,83,False,nearest_pdf_time_to_static_stop_time
bart_live_20260912_071605,2026-09-12,weekend,2000427,2000427,S,24TH,24TH,M60-1,08:49:00,8:49 AM,286,1,31740,2026-09-12T15:50:23+00:00,0,83,False,nearest_pdf_time_to_static_stop_time
bart_live_20260912_071605,2026-09-12,weekend,2000427,2000427,S,GLEN,GLEN,M70-1,08:52:00,8:52 AM,286,1,31920,2026-09-12T15:53:11+00:00,0,71,False,nearest_pdf_time_to_static_stop_time
bart_live_20260912_071605,2026-09-12,weekend,2000427,2000427,S,BALB,BALB,M80-1,08:54:00,8:54 AM,286,1,32040,2026-09-12T15:55:29+00:00,0,89,False,nearest_pdf_time_to_static_stop_time
bart_live_20260912_071605,2026-09-12,weekend,2000427,2000427,S,DALY,DALY,M90-1,08:59:00,8:59 AM,286,1,32340,2026-09-12T15:59:56+00:00,0,56,False,nearest_pdf_time_to_static_stop_time
bart_live_20260912_071605,2026-09-12,weekend,2000427,2000427,S,COLM,COLM,W10-1,09:03:00,9:03 AM,286,1,32580,2026-09-12T16:03:50+00:00,0,50,False,nearest_pdf_time_to_static_stop_time
bart_live_20260912_071605,2026-09-12,weekend,2000427,2000427,S,SSAN,SSAN,W20-1,09:06:00,9:06 AM,286,1,32760,2026-09-12T16:06:50+00:00,0,50,False,nearest_pdf_time_to_static_stop_time
bart_live_20260912_071605,2026-09-12,weekend,2000427,2000427,S,SBRN,SBRN,W30-1,09:09:00,9:09 AM,286,1,32940,2026-09-12T16:10:02+00:00,0,62,False,nearest_pdf_time_to_static_stop_time
bart_live_20260912_071605,2026-09-12,weekend,2000494,2000494,N,19TH,19TH,K20-3,07:14:00,7:14 AM,134,2,26040,2026-09-12T14:16:01+00:00,0,121,False,nearest_pdf_time_to_static_stop_time
bart_live_20260912_071605,2026-09-12,weekend,2000494,2000494,N,MCAR,MCAR,K30-3,07:18:00,7:18 AM,134,2,26280,2026-09-12T14:19:07+00:00,0,67,False,nearest_pdf_time_to_static_stop_time
bart_live_20260912_071605,2026-09-12,weekend,2000494,2000494,N,ROCK,ROCK,C10-1,07:21:00,7:21 AM,134,2,26460,2026-09-12T14:21:45+00:00,0,45,False,nearest_pdf_time_to_static_stop_time
bart_live_20260912_071605,2026-09-12,weekend,2000494,2000494,N,ORIN,ORIN,C20-1,07:26:00,7:26 AM,134,2,26760,2026-09-12T14:26:56+00:00,0,56,False,nearest_pdf_time_to_static_stop_time
bart_live_20260912_071605,2026-09-12,weekend,2000494,2000494,N,LAFY,LAFY,C30-1,07:31:00,7:31 AM,134,2,27060,2026-09-12T14:31:40+00:00,0,40,False,nearest_pdf_time_to_static_stop_time
bart_live_20260912_071605,2026-09-12,weekend,2000494,2000494,N,WCRK,WCRK,C40-1,07:35:00,7:35 AM,134,2,27300,2026-09-12T14:36:14+00:00,0,74,False,nearest_pdf_time_to_static_stop_time
bart_live_20260912_071605,2026-09-12,weekend,2000494,2000494,N,PHIL,PHIL,C50-1,07:38:00,7:38 AM,134,2,27480,2026-09-12T14:39:09+00:00,0,69,False,nearest_pdf_time_to_static_stop_time
bart_live_20260912_071605,2026-09-12,weekend,2000494,2000494,N,CONC,CONC,C60-1,07:43:00,7:43 AM,134,2,27780,2026-09-12T14:44:23+00:00,0,83,False,nearest_pdf_time_to_static_stop_time
bart_live_20260912_071605,2026-09-12,weekend,2000494,2000494,N,NCON,NCON,C70-1,07:47:00,7:47 AM,134,2,28020,2026-09-12T14:48:05+00:00,0,65,False,nearest_pdf_time_to_static_stop_time
bart_live_20260912_071605,2026-09-12,weekend,2000494,2000494,N,PITT,PITT,C80-1,07:54:00,7:54 AM,134,2,28440,2026-09-12T14:54:43+00:00,0,43,False,nearest_pdf_time_to_static_stop_time
bart_live_20260912_071605,2026-09-12,weekend,2000495,2000495,N,16TH,16TH,M50-2,07:13:00,7:13 AM,192,2,25980,2026-09-12T14:16:06+00:00,0,186,False,nearest_pdf_time_to_static_stop_time
bart_live_20260912_071605,2026-09-12,weekend,2000495,2000495,N,CIVC,CIVC,M40-2,07:15:00,7:15 AM,192,2,26100,2026-09-12T14:18:03+00:00,0,183,False,nearest_pdf_time_to_static_stop_time
bart_live_20260912_071605,2026-09-12,weekend,2000495,2000495,N,POWL,POWL,M30-2,07:17:00,7:17 AM,192,2,26220,2026-09-12T14:19:33+00:00,0,153,False,nearest_pdf_time_to_static_stop_time
bart_live_20260912_071605,2026-09-12,weekend,2000495,2000495,N,MONT,MONT,M20-2,07:19:00,7:19 AM,192,2,26340,2026-09-12T14:20:58+00:00,0,118,False,nearest_pdf_time_to_static_stop_time
bart_live_20260912_071605,2026-09-12,weekend,2000495,2000495,N,EMBR,EMBR,M16-2,07:20:00,7:20 AM,192,2,26400,2026-09-12T14:22:20+00:00,0,140,False,nearest_pdf_time_to_static_stop_time
bart_live_20260912_071605,2026-09-12,weekend,2000495,2000495,N,WOAK,WOAK,M10-2,07:27:00,7:27 AM,192,2,26820,2026-09-12T14:29:27+00:00,0,147,False,nearest_pdf_time_to_static_stop_time
bart_live_20260912_071605,2026-09-12,weekend,2000495,2000495,N,12TH,12TH,K10-3,07:32:00,7:32 AM,192,2,27120,2026-09-12T14:33:18+00:00,0,78,False,nearest_pdf_time_to_static_stop_time
bart_live_20260912_071605,2026-09-12,weekend,2000495,2000495,N,19TH,19TH,K20-3,07:34:00,7:34 AM,192,2,27240,2026-09-12T14:35:13+00:00,0,73,False,nearest_pdf_time_to_static_stop_time
bart_live_20260912_071605,2026-09-12,weekend,2000495,2000495,N,MCAR,MCAR,K30-3,07:38:00,7:38 AM,192,2,27480,2026-09-12T14:38:48+00:00,0,48,False,nearest_pdf_time_to_static_stop_time
bart_live_20260912_071605,2026-09-12,weekend,2000495,2000495,N,ROCK,ROCK,C10-1,07:41:00,7:41 AM,192,2,27660,2026-09-12T14:41:30+00:00,0,30,False,nearest_pdf_time_to_static_stop_time
bart_live_20260912_071605,2026-09-12,weekend,2000495,2000495,N,ORIN,ORIN,C20-1,07:46:00,7:46 AM,192,2,27960,2026-09-12T14:46:51+00:00,0,51,False,nearest_pdf_time_to_static_stop_time
bart_live_20260912_071605,2026-09-12,weekend,2000495,2000495,N,LAFY,LAFY,C30-1,07:51:00,7:51 AM,192,2,28260,2026-09-12T14:51:39+00:00,0,39,False,nearest_pdf_time_to_static_stop_time
bart_live_20260912_071605,2026-09-12,weekend,2000495,2000495,N,WCRK,WCRK,C40-1,07:55:00,7:55 AM,192,2,28500,2026-09-12T14:56:18+00:00,0,78,False,nearest_pdf_time_to_static_stop_time
bart_live_20260912_071605,2026-09-12,weekend,2000495,2000495,N,PHIL,PHIL,C50-1,07:58:00,7:58 AM,192,2,28680,2026-09-12T14:59:09+00:00,0,69,False,nearest_pdf_time_to_static_stop_time
bart_live_20260912_071605,2026-09-12,weekend,2000495,2000495,N,CONC,CONC,C60-1,08:03:00,8:03 AM,192,2,28980,2026-09-12T15:04:23+00:00,0,83,False,nearest_pdf_time_to_static_stop_time
bart_live_20260912_071605,2026-09-12,weekend,2000495,2000495,N,NCON,NCON,C70-1,08:07:00,8:07 AM,192,2,29220,2026-09-12T15:08:05+00:00,0,65,False,nearest_pdf_time_to_static_stop_time
bart_live_20260912_071605,2026-09-12,weekend,2000495,2000495,N,PITT,PITT,C80-1,08:14:00,8:14 AM,192,2,29640,2026-09-12T15:14:43+00:00,0,43,False,nearest_pdf_time_to_static_stop_time
bart_live_20260912_071605,2026-09-12,weekend,2000496,2000496,N,SSAN,SSAN,W20-2,07:15:00,7:15 AM,250,2,26100,2026-09-12T14:17:08+00:00,0,128,False,nearest_pdf_time_to_static_stop_time
bart_live_20260912_071605,2026-09-12,weekend,2000496,2000496,N,COLM,COLM,W10-2,07:19:00,7:19 AM,250,2,26340,2026-09-12T14:19:46+00:00,0,46,False,nearest_pdf_time_to_static_stop_time
bart_live_20260912_071605,2026-09-12,weekend,2000496,2000496,N,DALY,DALY,M90-2,07:22:00,7:22 AM,250,2,26520,2026-09-12T14:23:25+00:00,0,85,False,nearest_pdf_time_to_static_stop_time
bart_live_20260912_071605,2026-09-12,weekend,2000496,2000496,N,BALB,BALB,M80-2,07:26:00,7:26 AM,250,2,26760,2026-09-12T14:26:53+00:00,0,53,False,nearest_pdf_time_to_static_stop_time
bart_live_20260912_071605,2026-09-12,weekend,2000496,2000496,N,GLEN,GLEN,M70-2,07:28:00,7:28 AM,250,2,26880,2026-09-12T14:29:11+00:00,0,71,False,nearest_pdf_time_to_static_stop_time
bart_live_20260912_071605,2026-09-12,weekend,2000496,2000496,N,24TH,24TH,M60-2,07:31:00,7:31 AM,250,2,27060,2026-09-12T14:31:53+00:00,0,53,False,nearest_pdf_time_to_static_stop_time
bart_live_20260912_071605,2026-09-12,weekend,2000496,2000496,N,16TH,16TH,M50-2,07:33:00,7:33 AM,250,2,27180,2026-09-12T14:33:59+00:00,0,59,False,nearest_pdf_time_to_static_stop_time
bart_live_20260912_071605,2026-09-12,weekend,2000496,2000496,N,CIVC,CIVC,M40-2,07:35:00,7:35 AM,250,2,27300,2026-09-12T14:36:23+00:00,0,83,False,nearest_pdf_time_to_static_stop_time
bart_live_20260912_071605,2026-09-12,weekend,2000496,2000496,N,POWL,POWL,M30-2,07:37:00,7:37 AM,250,2,27420,2026-09-12T14:38:05+00:00,0,65,False,nearest_pdf_time_to_static_stop_time
bart_live_20260912_071605,2026-09-12,weekend,2000496,2000496,N,MONT,MONT,M20-2,07:39:00,7:39 AM,250,2,27540,2026-09-12T14:39:41+00:00,0,41,False,nearest_pdf_time_to_static_stop_time
bart_live_20260912_071605,2026-09-12,weekend,2000496,2000496,N,EMBR,EMBR,M16-2,07:40:00,7:40 AM,250,2,27600,2026-09-12T14:41:23+00:00,0,83,False,nearest_pdf_time_to_static_stop_time
bart_live_20260912_071605,2026-09-12,weekend,2000496,2000496,N,WOAK,WOAK,M10-2,07:47:00,7:47 AM,250,2,28020,2026-09-12T14:48:29+00:00,0,89,False,nearest_pdf_time_to_static_stop_time
bart_live_20260912_071605,2026-09-12,weekend,2000496,2000496,N,12TH,12TH,K10-3,07:52:00,7:52 AM,250,2,28320,2026-09-12T14:53:19+00:00,0,79,False,nearest_pdf_time_to_static_stop_time
bart_live_20260912_071605,2026-09-12,weekend,2000496,2000496,N,19TH,19TH,K20-3,07:54:00,7:54 AM,250,2,28440,2026-09-12T14:55:13+00:00,0,73,False,nearest_pdf_time_to_static_stop_time
bart_live_20260912_071605,2026-09-12,weekend,2000496,2000496,N,MCAR,MCAR,K30-3,07:58:00,7:58 AM,250,2,28680,2026-09-12T14:58:48+00:00,0,48,False,nearest_pdf_time_to_static_stop_time
bart_live_20260912_071605,2026-09-12,weekend,2000496,2000496,N,ROCK,ROCK,C10-1,08:01:00,8:01 AM,250,2,28860,2026-09-12T15:01:30+00:00,0,30,False,nearest_pdf_time_to_static_stop_time
bart_live_20260912_071605,2026-09-12,weekend,2000496,2000496,N,ORIN,ORIN,C20-1,08:06:00,8:06 AM,250,2,29160,2026-09-12T15:06:51+00:00,0,51,False,nearest_pdf_time_to_static_stop_time
bart_live_20260912_071605,2026-09-12,weekend,2000496,2000496,N,LAFY,LAFY,C30-1,08:11:00,8:11 AM,250,2,29460,2026-09-12T15:11:39+00:00,0,39,False,nearest_pdf_time_to_static_stop_time
bart_live_20260912_071605,2026-09-12,weekend,2000496,2000496,N,WCRK,WCRK,C40-1,08:15:00,8:15 AM,250,2,29700,2026-09-12T15:16:18+00:00,0,78,False,nearest_pdf_time_to_static_stop_time
bart_live_20260912_071605,2026-09-12,weekend,2000496,2000496,N,PHIL,PHIL,C50-1,08:18:00,8:18 AM,250,2,29880,2026-09-12T15:19:09+00:00,0,69,False,nearest_pdf_time_to_static_stop_time
bart_live_20260912_071605,2026-09-12,weekend,2000496,2000496,N,CONC,CONC,C60-1,08:23:00,8:23 AM,250,2,30180,2026-09-12T15:24:23+00:00,0,83,False,nearest_pdf_time_to_static_stop_time
bart_live_20260912_071605,2026-09-12,weekend,2000496,2000496,N,NCON,NCON,C70-1,08:27:00,8:27 AM,250,2,30420,2026-09-12T15:28:05+00:00,0,65,False,nearest_pdf_time_to_static_stop_time
bart_live_20260912_071605,2026-09-12,weekend,2000496,2000496,N,PITT,PITT,C80-1,08:34:00,8:34 AM,250,2,30840,2026-09-12T15:34:43+00:00,0,43,False,nearest_pdf_time_to_static_stop_time
bart_live_20260912_071605,2026-09-12,weekend,2000497,2000497,N,SBRN,SBRN,W30-2,07:32:00,7:32 AM,306,2,27120,2026-09-12T14:32:56+00:00,0,56,False,nearest_pdf_time_to_static_stop_time
bart_live_20260912_071605,2026-09-12,weekend,2000497,2000497,N,SSAN,SSAN,W20-2,07:35:00,7:35 AM,306,2,27300,2026-09-12T14:36:08+00:00,0,68,False,nearest_pdf_time_to_static_stop_time
bart_live_20260912_071605,2026-09-12,weekend,2000497,2000497,N,COLM,COLM,W10-2,07:39:00,7:39 AM,306,2,27540,2026-09-12T14:39:32+00:00,0,32,False,nearest_pdf_time_to_static_stop_time
bart_live_20260912_071605,2026-09-12,weekend,2000497,2000497,N,DALY,DALY,M90-2,07:42:00,7:42 AM,306,2,27720,2026-09-12T14:43:11+00:00,0,71,False,nearest_pdf_time_to_static_stop_time
bart_live_20260912_071605,2026-09-12,weekend,2000497,2000497,N,BALB,BALB,M80-2,07:46:00,7:46 AM,306,2,27960,2026-09-12T14:46:53+00:00,0,53,False,nearest_pdf_time_to_static_stop_time
bart_live_20260912_071605,2026-09-12,weekend,2000497,2000497,N,GLEN,GLEN,M70-2,07:48:00,7:48 AM,306,2,28080,2026-09-12T14:49:11+00:00,0,71,False,nearest_pdf_time_to_static_stop_time
bart_live_20260912_071605,2026-09-12,weekend,2000497,2000497,N,24TH,24TH,M60-2,07:51:00,7:51 AM,306,2,28260,2026-09-12T14:51:53+00:00,0,53,False,nearest_pdf_time_to_static_stop_time
bart_live_20260912_071605,2026-09-12,weekend,2000497,2000497,N,16TH,16TH,M50-2,07:53:00,7:53 AM,306,2,28380,2026-09-12T14:53:59+00:00,0,59,False,nearest_pdf_time_to_static_stop_time
bart_live_20260912_071605,2026-09-12,weekend,2000497,2000497,N,CIVC,CIVC,M40-2,07:55:00,7:55 AM,306,2,28500,2026-09-12T14:56:23+00:00,0,83,False,nearest_pdf_time_to_static_stop_time
bart_live_20260912_071605,2026-09-12,weekend,2000497,2000497,N,POWL,POWL,M30-2,07:57:00,7:57 AM,306,2,28620,2026-09-12T14:58:05+00:00,0,65,False,nearest_pdf_time_to_static_stop_time
bart_live_20260912_071605,2026-09-12,weekend,2000497,2000497,N,MONT,MONT,M20-2,07:59:00,7:59 AM,306,2,28740,2026-09-12T14:59:41+00:00,0,41,False,nearest_pdf_time_to_static_stop_time
bart_live_20260912_071605,2026-09-12,weekend,2000497,2000497,N,EMBR,EMBR,M16-2,08:00:00,8:00 AM,306,2,28800,2026-09-12T15:01:23+00:00,0,83,False,nearest_pdf_time_to_static_stop_time
bart_live_20260912_071605,2026-09-12,weekend,2000497,2000497,N,WOAK,WOAK,M10-2,08:07:00,8:07 AM,306,2,29220,2026-09-12T15:08:29+00:00,0,89,False,nearest_pdf_time_to_static_stop_time
bart_live_20260912_071605,2026-09-12,weekend,2000497,2000497,N,12TH,12TH,K10-3,08:12:00,8:12 AM,306,2,29520,2026-09-12T15:13:19+00:00,0,79,False,nearest_pdf_time_to_static_stop_time
bart_live_20260912_071605,2026-09-12,weekend,2000497,2000497,N,19TH,19TH,K20-3,08:14:00,8:14 AM,306,2,29640,2026-09-12T15:15:13+00:00,0,73,False,nearest_pdf_time_to_static_stop_time
bart_live_20260912_071605,2026-09-12,weekend,2000497,2000497,N,MCAR,MCAR,K30-3,08:18:00,8:18 AM,306,2,29880,2026-09-12T15:18:48+00:00,0,48,False,nearest_pdf_time_to_static_stop_time
bart_live_20260912_071605,2026-09-12,weekend,2000497,2000497,N,ROCK,ROCK,C10-1,08:21:00,8:21 AM,306,2,30060,2026-09-12T15:21:30+00:00,0,30,False,nearest_pdf_time_to_static_stop_time
bart_live_20260912_071605,2026-09-12,weekend,2000497,2000497,N,ORIN,ORIN,C20-1,08:26:00,8:26 AM,306,2,30360,2026-09-12T15:26:51+00:00,0,51,False,nearest_pdf_time_to_static_stop_time
bart_live_20260912_071605,2026-09-12,weekend,2000497,2000497,N,LAFY,LAFY,C30-1,08:31:00,8:31 AM,306,2,30660,2026-09-12T15:31:39+00:00,0,39,False,nearest_pdf_time_to_static_stop_time
bart_live_20260912_071605,2026-09-12,weekend,2000497,2000497,N,WCRK,WCRK,C40-1,08:35:00,8:35 AM,306,2,30900,2026-09-12T15:36:18+00:00,0,78,False,nearest_pdf_time_to_static_stop_time
bart_live_20260912_071605,2026-09-12,weekend,2000497,2000497,N,PHIL,PHIL,C50-1,08:38:00,8:38 AM,306,2,31080,2026-09-12T15:39:09+00:00,0,69,False,nearest_pdf_time_to_static_stop_time
bart_live_20260912_071605,2026-09-12,weekend,2000497,2000497,N,CONC,CONC,C60-1,08:43:00,8:43 AM,306,2,31380,2026-09-12T15:44:23+00:00,0,83,False,nearest_pdf_time_to_static_stop_time
bart_live_20260912_071605,2026-09-12,weekend,2000497,2000497,N,NCON,NCON,C70-1,08:47:00,8:47 AM,306,2,31620,2026-09-12T15:48:05+00:00,0,65,False,nearest_pdf_time_to_static_stop_time
bart_live_20260912_071605,2026-09-12,weekend,2000497,2000497,N,PITT,PITT,C80-1,08:54:00,8:54 AM,306,2,32040,2026-09-12T15:54:43+00:00,0,43,False,nearest_pdf_time_to_static_stop_time
bart_live_20260912_071605,2026-09-12,weekend,2000422,2000422,S,BALB,BALB,M80-1,07:14:00,7:14 AM,24,1,26040,2026-09-12T14:15:50+00:00,0,110,False,nearest_pdf_time_to_static_stop_time
bart_live_20260912_071605,2026-09-12,weekend,2000422,2000422,S,DALY,DALY,M90-1,07:19:00,7:19 AM,24,1,26340,2026-09-12T14:19:55+00:00,0,55,False,nearest_pdf_time_to_static_stop_time
bart_live_20260912_071605,2026-09-12,weekend,2000422,2000422,S,COLM,COLM,W10-1,07:23:00,7:23 AM,24,1,26580,2026-09-12T14:23:50+00:00,0,50,False,nearest_pdf_time_to_static_stop_time
bart_live_20260912_071605,2026-09-12,weekend,2000422,2000422,S,SSAN,SSAN,W20-1,07:26:00,7:26 AM,24,1,26760,2026-09-12T14:26:50+00:00,0,50,False,nearest_pdf_time_to_static_stop_time
bart_live_20260912_071605,2026-09-12,weekend,2000422,2000422,S,SBRN,SBRN,W30-1,07:29:00,7:29 AM,24,1,26940,2026-09-12T14:30:02+00:00,0,62,False,nearest_pdf_time_to_static_stop_time
bart_live_20260912_071605,2026-09-12,weekend,2000498,2000498,N,SBRN,SBRN,W30-2,07:52:00,7:52 AM,362,2,28320,2026-09-12T14:52:56+00:00,0,56,False,nearest_pdf_time_to_static_stop_time
bart_live_20260912_071605,2026-09-12,weekend,2000498,2000498,N,SSAN,SSAN,W20-2,07:55:00,7:55 AM,362,2,28500,2026-09-12T14:56:08+00:00,0,68,False,nearest_pdf_time_to_static_stop_time
bart_live_20260912_071605,2026-09-12,weekend,2000498,2000498,N,COLM,COLM,W10-2,07:59:00,7:59 AM,362,2,28740,2026-09-12T14:59:32+00:00,0,32,False,nearest_pdf_time_to_static_stop_time
bart_live_20260912_071605,2026-09-12,weekend,2000498,2000498,N,DALY,DALY,M90-2,08:02:00,8:02 AM,362,2,28920,2026-09-12T15:03:11+00:00,0,71,False,nearest_pdf_time_to_static_stop_time
bart_live_20260912_071605,2026-09-12,weekend,2000498,2000498,N,BALB,BALB,M80-2,08:06:00,8:06 AM,362,2,29160,2026-09-12T15:06:53+00:00,0,53,False,nearest_pdf_time_to_static_stop_time
bart_live_20260912_071605,2026-09-12,weekend,2000498,2000498,N,GLEN,GLEN,M70-2,08:08:00,8:08 AM,362,2,29280,2026-09-12T15:09:11+00:00,0,71,False,nearest_pdf_time_to_static_stop_time
bart_live_20260912_071605,2026-09-12,weekend,2000498,2000498,N,24TH,24TH,M60-2,08:11:00,8:11 AM,362,2,29460,2026-09-12T15:11:53+00:00,0,53,False,nearest_pdf_time_to_static_stop_time
bart_live_20260912_071605,2026-09-12,weekend,2000498,2000498,N,16TH,16TH,M50-2,08:13:00,8:13 AM,362,2,29580,2026-09-12T15:13:59+00:00,0,59,False,nearest_pdf_time_to_static_stop_time
bart_live_20260912_071605,2026-09-12,weekend,2000498,2000498,N,CIVC,CIVC,M40-2,08:15:00,8:15 AM,362,2,29700,2026-09-12T15:16:23+00:00,0,83,False,nearest_pdf_time_to_static_stop_time
bart_live_20260912_071605,2026-09-12,weekend,2000498,2000498,N,POWL,POWL,M30-2,08:17:00,8:17 AM,362,2,29820,2026-09-12T15:18:05+00:00,0,65,False,nearest_pdf_time_to_static_stop_time
bart_live_20260912_071605,2026-09-12,weekend,2000498,2000498,N,MONT,MONT,M20-2,08:19:00,8:19 AM,362,2,29940,2026-09-12T15:19:41+00:00,0,41,False,nearest_pdf_time_to_static_stop_time
bart_live_20260912_071605,2026-09-12,weekend,2000498,2000498,N,EMBR,EMBR,M16-2,08:20:00,8:20 AM,362,2,30000,2026-09-12T15:21:23+00:00,0,83,False,nearest_pdf_time_to_static_stop_time
bart_live_20260912_071605,2026-09-12,weekend,2000498,2000498,N,WOAK,WOAK,M10-2,08:27:00,8:27 AM,362,2,30420,2026-09-12T15:28:29+00:00,0,89,False,nearest_pdf_time_to_static_stop_time
bart_live_20260912_071605,2026-09-12,weekend,2000498,2000498,N,12TH,12TH,K10-3,08:32:00,8:32 AM,362,2,30720,2026-09-12T15:33:19+00:00,0,79,False,nearest_pdf_time_to_static_stop_time
bart_live_20260912_071605,2026-09-12,weekend,2000498,2000498,N,19TH,19TH,K20-3,08:34:00,8:34 AM,362,2,30840,2026-09-12T15:35:13+00:00,0,73,False,nearest_pdf_time_to_static_stop_time
bart_live_20260912_071605,2026-09-12,weekend,2000498,2000498,N,MCAR,MCAR,K30-3,08:38:00,8:38 AM,362,2,31080,2026-09-12T15:38:48+00:00,0,48,False,nearest_pdf_time_to_static_stop_time
bart_live_20260912_071605,2026-09-12,weekend,2000498,2000498,N,ROCK,ROCK,C10-1,08:41:00,8:41 AM,362,2,31260,2026-09-12T15:41:30+00:00,0,30,False,nearest_pdf_time_to_static_stop_time
bart_live_20260912_071605,2026-09-12,weekend,2000498,2000498,N,ORIN,ORIN,C20-1,08:46:00,8:46 AM,362,2,31560,2026-09-12T15:46:51+00:00,0,51,False,nearest_pdf_time_to_static_stop_time
bart_live_20260912_071605,2026-09-12,weekend,2000498,2000498,N,LAFY,LAFY,C30-1,08:51:00,8:51 AM,362,2,31860,2026-09-12T15:51:39+00:00,0,39,False,nearest_pdf_time_to_static_stop_time
bart_live_20260912_071605,2026-09-12,weekend,2000498,2000498,N,WCRK,WCRK,C40-1,08:55:00,8:55 AM,362,2,32100,2026-09-12T15:56:18+00:00,0,78,False,nearest_pdf_time_to_static_stop_time
bart_live_20260912_071605,2026-09-12,weekend,2000498,2000498,N,PHIL,PHIL,C50-1,08:58:00,8:58 AM,362,2,32280,2026-09-12T15:59:09+00:00,0,69,False,nearest_pdf_time_to_static_stop_time
bart_live_20260912_071605,2026-09-12,weekend,2000498,2000498,N,CONC,CONC,C60-1,09:03:00,9:03 AM,362,2,32580,2026-09-12T16:04:23+00:00,0,83,False,nearest_pdf_time_to_static_stop_time
bart_live_20260912_071605,2026-09-12,weekend,2000498,2000498,N,NCON,NCON,C70-1,09:07:00,9:07 AM,362,2,32820,2026-09-12T16:08:05+00:00,0,65,False,nearest_pdf_time_to_static_stop_time
bart_live_20260912_071605,2026-09-12,weekend,2000498,2000498,N,PITT,PITT,C80-1,09:14:00,9:14 AM,362,2,33240,2026-09-12T16:14:43+00:00,0,43,False,nearest_pdf_time_to_static_stop_time
bart_live_20260912_071605,2026-09-12,weekend,2000423,2000423,S,EMBR,EMBR,M16-1,07:20:00,7:20 AM,74,1,26400,2026-09-12T14:21:32+00:00,0,92,False,nearest_pdf_time_to_static_stop_time
bart_live_20260912_071605,2026-09-12,weekend,2000423,2000423,S,MONT,MONT,M20-1,07:22:00,7:22 AM,74,1,26520,2026-09-12T14:22:41+00:00,0,41,False,nearest_pdf_time_to_static_stop_time
bart_live_20260912_071605,2026-09-12,weekend,2000423,2000423,S,POWL,POWL,M30-1,07:23:00,7:23 AM,74,1,26580,2026-09-12T14:24:27+00:00,0,87,False,nearest_pdf_time_to_static_stop_time
bart_live_20260912_071605,2026-09-12,weekend,2000423,2000423,S,CIVC,CIVC,M40-1,07:25:00,7:25 AM,74,1,26700,2026-09-12T14:26:05+00:00,0,65,False,nearest_pdf_time_to_static_stop_time
bart_live_20260912_071605,2026-09-12,weekend,2000423,2000423,S,16TH,16TH,M50-1,07:27:00,7:27 AM,74,1,26820,2026-09-12T14:28:23+00:00,0,83,False,nearest_pdf_time_to_static_stop_time
bart_live_20260912_071605,2026-09-12,weekend,2000423,2000423,S,24TH,24TH,M60-1,07:29:00,7:29 AM,74,1,26940,2026-09-12T14:30:23+00:00,0,83,False,nearest_pdf_time_to_static_stop_time
bart_live_20260912_071605,2026-09-12,weekend,2000423,2000423,S,GLEN,GLEN,M70-1,07:32:00,7:32 AM,74,1,27120,2026-09-12T14:33:11+00:00,0,71,False,nearest_pdf_time_to_static_stop_time
bart_live_20260912_071605,2026-09-12,weekend,2000423,2000423,S,BALB,BALB,M80-1,07:34:00,7:34 AM,74,1,27240,2026-09-12T14:35:29+00:00,0,89,False,nearest_pdf_time_to_static_stop_time
bart_live_20260912_071605,2026-09-12,weekend,2000423,2000423,S,DALY,DALY,M90-1,07:39:00,7:39 AM,74,1,27540,2026-09-12T14:39:56+00:00,0,56,False,nearest_pdf_time_to_static_stop_time
bart_live_20260912_071605,2026-09-12,weekend,2000423,2000423,S,COLM,COLM,W10-1,07:43:00,7:43 AM,74,1,27780,2026-09-12T14:43:50+00:00,0,50,False,nearest_pdf_time_to_static_stop_time
bart_live_20260912_071605,2026-09-12,weekend,2000423,2000423,S,SSAN,SSAN,W20-1,07:46:00,7:46 AM,74,1,27960,2026-09-12T14:46:50+00:00,0,50,False,nearest_pdf_time_to_static_stop_time
bart_live_20260912_071605,2026-09-12,weekend,2000423,2000423,S,SBRN,SBRN,W30-1,07:49:00,7:49 AM,74,1,28140,2026-09-12T14:50:02+00:00,0,62,False,nearest_pdf_time_to_static_stop_time
bart_live_20260912_071605,2026-09-12,weekend,2000424,2000424,S,ROCK,ROCK,C10-2,07:19:00,7:19 AM,124,1,26340,2026-09-12T14:21:01+00:00,0,121,False,nearest_pdf_time_to_static_stop_time
bart_live_20260912_071605,2026-09-12,weekend,2000424,2000424,S,MCAR,MCAR,K30-4,07:23:00,7:23 AM,124,1,26580,2026-09-12T14:24:08+00:00,0,68,False,nearest_pdf_time_to_static_stop_time
bart_live_20260912_071605,2026-09-12,weekend,2000424,2000424,S,19TH,19TH,K20-2,07:27:00,7:27 AM,124,1,26820,2026-09-12T14:27:23+00:00,0,23,False,nearest_pdf_time_to_static_stop_time
bart_live_20260912_071605,2026-09-12,weekend,2000424,2000424,S,12TH,12TH,K10-2,07:29:00,7:29 AM,124,1,26940,2026-09-12T14:29:41+00:00,0,41,False,nearest_pdf_time_to_static_stop_time
bart_live_20260912_071605,2026-09-12,weekend,2000424,2000424,S,WOAK,WOAK,M10-1,07:33:00,7:33 AM,124,1,27180,2026-09-12T14:34:11+00:00,0,71,False,nearest_pdf_time_to_static_stop_time
bart_live_20260912_071605,2026-09-12,weekend,2000424,2000424,S,EMBR,EMBR,M16-1,07:40:00,7:40 AM,124,1,27600,2026-09-12T14:41:11+00:00,0,71,False,nearest_pdf_time_to_static_stop_time
bart_live_20260912_071605,2026-09-12,weekend,2000424,2000424,S,MONT,MONT,M20-1,07:42:00,7:42 AM,124,1,27720,2026-09-12T14:42:47+00:00,0,47,False,nearest_pdf_time_to_static_stop_time
bart_live_20260912_071605,2026-09-12,weekend,2000424,2000424,S,POWL,POWL,M30-1,07:43:00,7:43 AM,124,1,27780,2026-09-12T14:44:29+00:00,0,89,False,nearest_pdf_time_to_static_stop_time
bart_live_20260912_071605,2026-09-12,weekend,2000424,2000424,S,CIVC,CIVC,M40-1,07:45:00,7:45 AM,124,1,27900,2026-09-12T14:46:05+00:00,0,65,False,nearest_pdf_time_to_static_stop_time
bart_live_20260912_071605,2026-09-12,weekend,2000424,2000424,S,16TH,16TH,M50-1,07:47:00,7:47 AM,124,1,28020,2026-09-12T14:48:23+00:00,0,83,False,nearest_pdf_time_to_static_stop_time
bart_live_20260912_071605,2026-09-12,weekend,2000424,2000424,S,24TH,24TH,M60-1,07:49:00,7:49 AM,124,1,28140,2026-09-12T14:50:23+00:00,0,83,False,nearest_pdf_time_to_static_stop_time
bart_live_20260912_071605,2026-09-12,weekend,2000424,2000424,S,GLEN,GLEN,M70-1,07:52:00,7:52 AM,124,1,28320,2026-09-12T14:53:11+00:00,0,71,False,nearest_pdf_time_to_static_stop_time
bart_live_20260912_071605,2026-09-12,weekend,2000424,2000424,S,BALB,BALB,M80-1,07:54:00,7:54 AM,124,1,28440,2026-09-12T14:55:29+00:00,0,89,False,nearest_pdf_time_to_static_stop_time
bart_live_20260912_071605,2026-09-12,weekend,2000424,2000424,S,DALY,DALY,M90-1,07:59:00,7:59 AM,124,1,28740,2026-09-12T14:59:56+00:00,0,56,False,nearest_pdf_time_to_static_stop_time
bart_live_20260912_071605,2026-09-12,weekend,2000424,2000424,S,COLM,COLM,W10-1,08:03:00,8:03 AM,124,1,28980,2026-09-12T15:03:50+00:00,0,50,False,nearest_pdf_time_to_static_stop_time
bart_live_20260912_071605,2026-09-12,weekend,2000424,2000424,S,SSAN,SSAN,W20-1,08:06:00,8:06 AM,124,1,29160,2026-09-12T15:06:50+00:00,0,50,False,nearest_pdf_time_to_static_stop_time
bart_live_20260912_071605,2026-09-12,weekend,2000424,2000424,S,SBRN,SBRN,W30-1,08:09:00,8:09 AM,124,1,29340,2026-09-12T15:10:02+00:00,0,62,False,nearest_pdf_time_to_static_stop_time
bart_live_20260912_192815,2026-09-12,weekend,2000531,2000531,N,WOAK,WOAK,M10-2,19:27:00,7:27 PM,2148,2,70020,2026-09-13T02:29:53+00:00,0,173,False,nearest_pdf_time_to_static_stop_time
bart_live_20260912_192815,2026-09-12,weekend,2000531,2000531,N,12TH,12TH,K10-3,19:32:00,7:32 PM,2148,2,70320,2026-09-13T02:33:51+00:00,0,111,False,nearest_pdf_time_to_static_stop_time
bart_live_20260912_192815,2026-09-12,weekend,2000531,2000531,N,19TH,19TH,K20-3,19:34:00,7:34 PM,2148,2,70440,2026-09-13T02:35:45+00:00,0,105,False,nearest_pdf_time_to_static_stop_time
bart_live_20260912_192815,2026-09-12,weekend,2000531,2000531,N,MCAR,MCAR,K30-3,19:38:00,7:38 PM,2148,2,70680,2026-09-13T02:39:22+00:00,0,82,False,nearest_pdf_time_to_static_stop_time
bart_live_20260912_192815,2026-09-12,weekend,2000531,2000531,N,ROCK,ROCK,C10-1,19:41:00,7:41 PM,2148,2,70860,2026-09-13T02:42:00+00:00,0,60,False,nearest_pdf_time_to_static_stop_time
bart_live_20260912_192815,2026-09-12,weekend,2000531,2000531,N,ORIN,ORIN,C20-1,19:46:00,7:46 PM,2148,2,71160,2026-09-13T02:46:53+00:00,0,53,False,nearest_pdf_time_to_static_stop_time
bart_live_20260912_192815,2026-09-12,weekend,2000531,2000531,N,LAFY,LAFY,C30-1,19:51:00,7:51 PM,2148,2,71460,2026-09-13T02:51:39+00:00,0,39,False,nearest_pdf_time_to_static_stop_time
bart_live_20260912_192815,2026-09-12,weekend,2000531,2000531,N,WCRK,WCRK,C40-1,19:55:00,7:55 PM,2148,2,71700,2026-09-13T02:56:18+00:00,0,78,False,nearest_pdf_time_to_static_stop_time
bart_live_20260912_192815,2026-09-12,weekend,2000531,2000531,N,PHIL,PHIL,C50-1,19:58:00,7:58 PM,2148,2,71880,2026-09-13T02:59:09+00:00,0,69,False,nearest_pdf_time_to_static_stop_time
bart_live_20260912_192815,2026-09-12,weekend,2000531,2000531,N,CONC,CONC,C60-1,20:03:00,8:03 PM,2148,2,72180,2026-09-13T03:04:23+00:00,0,83,False,nearest_pdf_time_to_static_stop_time
bart_live_20260912_192815,2026-09-12,weekend,2000531,2000531,N,NCON,NCON,C70-1,20:07:00,8:07 PM,2148,2,72420,2026-09-13T03:08:05+00:00,0,65,False,nearest_pdf_time_to_static_stop_time
bart_live_20260912_192815,2026-09-12,weekend,2000531,2000531,N,PITT,PITT,C80-1,20:14:00,8:14 PM,2148,2,72840,2026-09-13T03:14:43+00:00,0,43,False,nearest_pdf_time_to_static_stop_time
bart_live_20260912_192815,2026-09-12,weekend,2000532,2000532,N,BALB,BALB,M80-2,19:26:00,7:26 PM,2202,2,69960,2026-09-13T02:28:54+00:00,0,174,False,nearest_pdf_time_to_static_stop_time
bart_live_20260912_192815,2026-09-12,weekend,2000532,2000532,N,GLEN,GLEN,M70-2,19:28:00,7:28 PM,2202,2,70080,2026-09-13T02:31:09+00:00,0,189,False,nearest_pdf_time_to_static_stop_time
bart_live_20260912_192815,2026-09-12,weekend,2000532,2000532,N,24TH,24TH,M60-2,19:31:00,7:31 PM,2202,2,70260,2026-09-13T02:33:50+00:00,0,170,False,nearest_pdf_time_to_static_stop_time
bart_live_20260912_192815,2026-09-12,weekend,2000532,2000532,N,16TH,16TH,M50-2,19:33:00,7:33 PM,2202,2,70380,2026-09-13T02:35:51+00:00,0,171,False,nearest_pdf_time_to_static_stop_time
bart_live_20260912_192815,2026-09-12,weekend,2000532,2000532,N,CIVC,CIVC,M40-2,19:35:00,7:35 PM,2202,2,70500,2026-09-13T02:38:10+00:00,0,190,False,nearest_pdf_time_to_static_stop_time
bart_live_20260912_192815,2026-09-12,weekend,2000532,2000532,N,POWL,POWL,M30-2,19:37:00,7:37 PM,2202,2,70620,2026-09-13T02:39:45+00:00,0,165,False,nearest_pdf_time_to_static_stop_time
bart_live_20260912_192815,2026-09-12,weekend,2000532,2000532,N,MONT,MONT,M20-2,19:39:00,7:39 PM,2202,2,70740,2026-09-13T02:41:20+00:00,0,140,False,nearest_pdf_time_to_static_stop_time
bart_live_20260912_192815,2026-09-12,weekend,2000532,2000532,N,EMBR,EMBR,M16-2,19:40:00,7:40 PM,2202,2,70800,2026-09-13T02:42:51+00:00,0,171,False,nearest_pdf_time_to_static_stop_time
bart_live_20260912_192815,2026-09-12,weekend,2000532,2000532,N,WOAK,WOAK,M10-2,19:47:00,7:47 PM,2202,2,71220,2026-09-13T02:49:37+00:00,0,157,False,nearest_pdf_time_to_static_stop_time
bart_live_20260912_192815,2026-09-12,weekend,2000532,2000532,N,12TH,12TH,K10-3,19:52:00,7:52 PM,2202,2,71520,2026-09-13T02:53:19+00:00,0,79,False,nearest_pdf_time_to_static_stop_time
bart_live_20260912_192815,2026-09-12,weekend,2000532,2000532,N,19TH,19TH,K20-3,19:54:00,7:54 PM,2202,2,71640,2026-09-13T02:55:13+00:00,0,73,False,nearest_pdf_time_to_static_stop_time
bart_live_20260912_192815,2026-09-12,weekend,2000532,2000532,N,MCAR,MCAR,K30-3,19:58:00,7:58 PM,2202,2,71880,2026-09-13T02:58:48+00:00,0,48,False,nearest_pdf_time_to_static_stop_time
bart_live_20260912_192815,2026-09-12,weekend,2000532,2000532,N,ROCK,ROCK,C10-1,20:01:00,8:01 PM,2202,2,72060,2026-09-13T03:01:30+00:00,0,30,False,nearest_pdf_time_to_static_stop_time
bart_live_20260912_192815,2026-09-12,weekend,2000532,2000532,N,ORIN,ORIN,C20-1,20:06:00,8:06 PM,2202,2,72360,2026-09-13T03:06:51+00:00,0,51,False,nearest_pdf_time_to_static_stop_time
bart_live_20260912_192815,2026-09-12,weekend,2000532,2000532,N,LAFY,LAFY,C30-1,20:11:00,8:11 PM,2202,2,72660,2026-09-13T03:11:39+00:00,0,39,False,nearest_pdf_time_to_static_stop_time
bart_live_20260912_192815,2026-09-12,weekend,2000532,2000532,N,WCRK,WCRK,C40-1,20:15:00,8:15 PM,2202,2,72900,2026-09-13T03:16:18+00:00,0,78,False,nearest_pdf_time_to_static_stop_time
bart_live_20260912_192815,2026-09-12,weekend,2000532,2000532,N,PHIL,PHIL,C50-1,20:18:00,8:18 PM,2202,2,73080,2026-09-13T03:19:09+00:00,0,69,False,nearest_pdf_time_to_static_stop_time
bart_live_20260912_192815,2026-09-12,weekend,2000532,2000532,N,CONC,CONC,C60-1,20:23:00,8:23 PM,2202,2,73380,2026-09-13T03:24:23+00:00,0,83,False,nearest_pdf_time_to_static_stop_time
bart_live_20260912_192815,2026-09-12,weekend,2000532,2000532,N,NCON,NCON,C70-1,20:27:00,8:27 PM,2202,2,73620,2026-09-13T03:28:05+00:00,0,65,False,nearest_pdf_time_to_static_stop_time
bart_live_20260912_192815,2026-09-12,weekend,2000532,2000532,N,PITT,PITT,C80-1,20:34:00,8:34 PM,2202,2,74040,2026-09-13T03:34:43+00:00,0,43,False,nearest_pdf_time_to_static_stop_time
bart_live_20260912_192815,2026-09-12,weekend,2000533,2000533,N,SBRN,SBRN,W30-2,19:32:00,7:32 PM,2256,2,70320,2026-09-13T02:32:56+00:00,0,56,False,nearest_pdf_time_to_static_stop_time
bart_live_20260912_192815,2026-09-12,weekend,2000533,2000533,N,SSAN,SSAN,W20-2,19:35:00,7:35 PM,2256,2,70500,2026-09-13T02:36:08+00:00,0,68,False,nearest_pdf_time_to_static_stop_time
bart_live_20260912_192815,2026-09-12,weekend,2000533,2000533,N,COLM,COLM,W10-2,19:39:00,7:39 PM,2256,2,70740,2026-09-13T02:39:32+00:00,0,32,False,nearest_pdf_time_to_static_stop_time
bart_live_20260912_192815,2026-09-12,weekend,2000533,2000533,N,DALY,DALY,M90-2,19:42:00,7:42 PM,2256,2,70920,2026-09-13T02:43:11+00:00,0,71,False,nearest_pdf_time_to_static_stop_time
bart_live_20260912_192815,2026-09-12,weekend,2000533,2000533,N,BALB,BALB,M80-2,19:46:00,7:46 PM,2256,2,71160,2026-09-13T02:46:53+00:00,0,53,False,nearest_pdf_time_to_static_stop_time
bart_live_20260912_192815,2026-09-12,weekend,2000533,2000533,N,GLEN,GLEN,M70-2,19:48:00,7:48 PM,2256,2,71280,2026-09-13T02:49:11+00:00,0,71,False,nearest_pdf_time_to_static_stop_time
bart_live_20260912_192815,2026-09-12,weekend,2000533,2000533,N,24TH,24TH,M60-2,19:51:00,7:51 PM,2256,2,71460,2026-09-13T02:51:53+00:00,0,53,False,nearest_pdf_time_to_static_stop_time
bart_live_20260912_192815,2026-09-12,weekend,2000533,2000533,N,16TH,16TH,M50-2,19:53:00,7:53 PM,2256,2,71580,2026-09-13T02:53:59+00:00,0,59,False,nearest_pdf_time_to_static_stop_time
bart_live_20260912_192815,2026-09-12,weekend,2000533,2000533,N,CIVC,CIVC,M40-2,19:55:00,7:55 PM,2256,2,71700,2026-09-13T02:56:23+00:00,0,83,False,nearest_pdf_time_to_static_stop_time
bart_live_20260912_192815,2026-09-12,weekend,2000533,2000533,N,POWL,POWL,M30-2,19:57:00,7:57 PM,2256,2,71820,2026-09-13T02:58:05+00:00,0,65,False,nearest_pdf_time_to_static_stop_time
bart_live_20260912_192815,2026-09-12,weekend,2000533,2000533,N,MONT,MONT,M20-2,19:59:00,7:59 PM,2256,2,71940,2026-09-13T02:59:41+00:00,0,41,False,nearest_pdf_time_to_static_stop_time
bart_live_20260912_192815,2026-09-12,weekend,2000533,2000533,N,EMBR,EMBR,M16-2,20:00:00,8:00 PM,2256,2,72000,2026-09-13T03:01:23+00:00,0,83,False,nearest_pdf_time_to_static_stop_time
bart_live_20260912_192815,2026-09-12,weekend,2000533,2000533,N,WOAK,WOAK,M10-2,20:07:00,8:07 PM,2256,2,72420,2026-09-13T03:08:29+00:00,0,89,False,nearest_pdf_time_to_static_stop_time
bart_live_20260912_192815,2026-09-12,weekend,2000533,2000533,N,12TH,12TH,K10-3,20:12:00,8:12 PM,2256,2,72720,2026-09-13T03:13:19+00:00,0,79,False,nearest_pdf_time_to_static_stop_time
bart_live_20260912_192815,2026-09-12,weekend,2000533,2000533,N,19TH,19TH,K20-3,20:14:00,8:14 PM,2256,2,72840,2026-09-13T03:15:13+00:00,0,73,False,nearest_pdf_time_to_static_stop_time
bart_live_20260912_192815,2026-09-12,weekend,2000533,2000533,N,MCAR,MCAR,K30-3,20:18:00,8:18 PM,2256,2,73080,2026-09-13T03:18:48+00:00,0,48,False,nearest_pdf_time_to_static_stop_time
bart_live_20260912_192815,2026-09-12,weekend,2000533,2000533,N,ROCK,ROCK,C10-1,20:21:00,8:21 PM,2256,2,73260,2026-09-13T03:21:30+00:00,0,30,False,nearest_pdf_time_to_static_stop_time
bart_live_20260912_192815,2026-09-12,weekend,2000533,2000533,N,ORIN,ORIN,C20-1,20:26:00,8:26 PM,2256,2,73560,2026-09-13T03:26:51+00:00,0,51,False,nearest_pdf_time_to_static_stop_time
bart_live_20260912_192815,2026-09-12,weekend,2000533,2000533,N,LAFY,LAFY,C30-1,20:31:00,8:31 PM,2256,2,73860,2026-09-13T03:31:39+00:00,0,39,False,nearest_pdf_time_to_static_stop_time
bart_live_20260912_192815,2026-09-12,weekend,2000533,2000533,N,WCRK,WCRK,C40-1,20:35:00,8:35 PM,2256,2,74100,2026-09-13T03:36:18+00:00,0,78,False,nearest_pdf_time_to_static_stop_time
bart_live_20260912_192815,2026-09-12,weekend,2000533,2000533,N,PHIL,PHIL,C50-1,20:38:00,8:38 PM,2256,2,74280,2026-09-13T03:39:09+00:00,0,69,False,nearest_pdf_time_to_static_stop_time
bart_live_20260912_192815,2026-09-12,weekend,2000533,2000533,N,CONC,CONC,C60-1,20:43:00,8:43 PM,2256,2,74580,2026-09-13T03:44:23+00:00,0,83,False,nearest_pdf_time_to_static_stop_time
bart_live_20260912_192815,2026-09-12,weekend,2000533,2000533,N,NCON,NCON,C70-1,20:47:00,8:47 PM,2256,2,74820,2026-09-13T03:48:05+00:00,0,65,False,nearest_pdf_time_to_static_stop_time
bart_live_20260912_192815,2026-09-12,weekend,2000533,2000533,N,PITT,PITT,C80-1,20:54:00,8:54 PM,2256,2,75240,2026-09-13T03:54:43+00:00,0,43,False,nearest_pdf_time_to_static_stop_time
bart_live_20260912_192815,2026-09-12,weekend,2000458,2000458,S,SSAN,SSAN,W20-1,19:26:00,7:26 PM,1960,1,69960,2026-09-13T02:27:52+00:00,0,112,False,nearest_pdf_time_to_static_stop_time
bart_live_20260912_192815,2026-09-12,weekend,2000458,2000458,S,SBRN,SBRN,W30-1,19:29:00,7:29 PM,1960,1,70140,2026-09-13T02:30:36+00:00,0,96,False,nearest_pdf_time_to_static_stop_time
bart_live_20260912_192815,2026-09-12,weekend,2000534,2000534,N,SBRN,SBRN,W30-2,19:52:00,7:52 PM,2310,2,71520,2026-09-13T02:52:56+00:00,0,56,False,nearest_pdf_time_to_static_stop_time
bart_live_20260912_192815,2026-09-12,weekend,2000534,2000534,N,SSAN,SSAN,W20-2,19:55:00,7:55 PM,2310,2,71700,2026-09-13T02:56:08+00:00,0,68,False,nearest_pdf_time_to_static_stop_time
bart_live_20260912_192815,2026-09-12,weekend,2000534,2000534,N,COLM,COLM,W10-2,19:59:00,7:59 PM,2310,2,71940,2026-09-13T02:59:32+00:00,0,32,False,nearest_pdf_time_to_static_stop_time
bart_live_20260912_192815,2026-09-12,weekend,2000534,2000534,N,DALY,DALY,M90-2,20:02:00,8:02 PM,2310,2,72120,2026-09-13T03:03:11+00:00,0,71,False,nearest_pdf_time_to_static_stop_time
bart_live_20260912_192815,2026-09-12,weekend,2000534,2000534,N,BALB,BALB,M80-2,20:06:00,8:06 PM,2310,2,72360,2026-09-13T03:06:53+00:00,0,53,False,nearest_pdf_time_to_static_stop_time
bart_live_20260912_192815,2026-09-12,weekend,2000534,2000534,N,GLEN,GLEN,M70-2,20:08:00,8:08 PM,2310,2,72480,2026-09-13T03:09:11+00:00,0,71,False,nearest_pdf_time_to_static_stop_time
bart_live_20260912_192815,2026-09-12,weekend,2000534,2000534,N,24TH,24TH,M60-2,20:11:00,8:11 PM,2310,2,72660,2026-09-13T03:11:53+00:00,0,53,False,nearest_pdf_time_to_static_stop_time
bart_live_20260912_192815,2026-09-12,weekend,2000534,2000534,N,16TH,16TH,M50-2,20:13:00,8:13 PM,2310,2,72780,2026-09-13T03:13:59+00:00,0,59,False,nearest_pdf_time_to_static_stop_time
bart_live_20260912_192815,2026-09-12,weekend,2000534,2000534,N,CIVC,CIVC,M40-2,20:15:00,8:15 PM,2310,2,72900,2026-09-13T03:16:23+00:00,0,83,False,nearest_pdf_time_to_static_stop_time
bart_live_20260912_192815,2026-09-12,weekend,2000534,2000534,N,POWL,POWL,M30-2,20:17:00,8:17 PM,2310,2,73020,2026-09-13T03:18:05+00:00,0,65,False,nearest_pdf_time_to_static_stop_time
bart_live_20260912_192815,2026-09-12,weekend,2000534,2000534,N,MONT,MONT,M20-2,20:19:00,8:19 PM,2310,2,73140,2026-09-13T03:19:41+00:00,0,41,False,nearest_pdf_time_to_static_stop_time
bart_live_20260912_192815,2026-09-12,weekend,2000534,2000534,N,EMBR,EMBR,M16-2,20:20:00,8:20 PM,2310,2,73200,2026-09-13T03:21:23+00:00,0,83,False,nearest_pdf_time_to_static_stop_time
bart_live_20260912_192815,2026-09-12,weekend,2000534,2000534,N,WOAK,WOAK,M10-2,20:27:00,8:27 PM,2310,2,73620,2026-09-13T03:28:29+00:00,0,89,False,nearest_pdf_time_to_static_stop_time
bart_live_20260912_192815,2026-09-12,weekend,2000534,2000534,N,12TH,12TH,K10-3,20:32:00,8:32 PM,2310,2,73920,2026-09-13T03:33:19+00:00,0,79,False,nearest_pdf_time_to_static_stop_time
bart_live_20260912_192815,2026-09-12,weekend,2000534,2000534,N,19TH,19TH,K20-3,20:34:00,8:34 PM,2310,2,74040,2026-09-13T03:35:13+00:00,0,73,False,nearest_pdf_time_to_static_stop_time
bart_live_20260912_192815,2026-09-12,weekend,2000534,2000534,N,MCAR,MCAR,K30-3,20:38:00,8:38 PM,2310,2,74280,2026-09-13T03:38:48+00:00,0,48,False,nearest_pdf_time_to_static_stop_time
bart_live_20260912_192815,2026-09-12,weekend,2000534,2000534,N,ROCK,ROCK,C10-1,20:41:00,8:41 PM,2310,2,74460,2026-09-13T03:41:30+00:00,0,30,False,nearest_pdf_time_to_static_stop_time
bart_live_20260912_192815,2026-09-12,weekend,2000534,2000534,N,ORIN,ORIN,C20-1,20:46:00,8:46 PM,2310,2,74760,2026-09-13T03:46:51+00:00,0,51,False,nearest_pdf_time_to_static_stop_time
bart_live_20260912_192815,2026-09-12,weekend,2000534,2000534,N,LAFY,LAFY,C30-1,20:51:00,8:51 PM,2310,2,75060,2026-09-13T03:51:39+00:00,0,39,False,nearest_pdf_time_to_static_stop_time
bart_live_20260912_192815,2026-09-12,weekend,2000534,2000534,N,WCRK,WCRK,C40-1,20:55:00,8:55 PM,2310,2,75300,2026-09-13T03:56:18+00:00,0,78,False,nearest_pdf_time_to_static_stop_time
bart_live_20260912_192815,2026-09-12,weekend,2000534,2000534,N,PHIL,PHIL,C50-1,20:58:00,8:58 PM,2310,2,75480,2026-09-13T03:59:09+00:00,0,69,False,nearest_pdf_time_to_static_stop_time
bart_live_20260912_192815,2026-09-12,weekend,2000534,2000534,N,CONC,CONC,C60-1,21:03:00,9:03 PM,2310,2,75780,2026-09-13T04:04:23+00:00,0,83,True,nearest_pdf_time_to_static_stop_time
bart_live_20260912_192815,2026-09-12,weekend,2000534,2000534,N,NCON,NCON,C70-1,21:07:00,9:07 PM,2310,2,76020,2026-09-13T04:08:05+00:00,0,65,True,nearest_pdf_time_to_static_stop_time
bart_live_20260912_192815,2026-09-12,weekend,2000534,2000534,N,PITT,PITT,C80-1,21:14:00,9:14 PM,2310,2,76440,2026-09-13T04:14:43+00:00,0,43,True,nearest_pdf_time_to_static_stop_time
bart_live_20260912_192815,2026-09-12,weekend,2000459,2000459,S,16TH,16TH,M50-1,19:27:00,7:27 PM,2014,1,70020,2026-09-13T02:28:44+00:00,0,104,False,nearest_pdf_time_to_static_stop_time
bart_live_20260912_192815,2026-09-12,weekend,2000459,2000459,S,24TH,24TH,M60-1,19:29:00,7:29 PM,2014,1,70140,2026-09-13T02:30:23+00:00,0,83,False,nearest_pdf_time_to_static_stop_time
bart_live_20260912_192815,2026-09-12,weekend,2000459,2000459,S,GLEN,GLEN,M70-1,19:32:00,7:32 PM,2014,1,70320,2026-09-13T02:33:11+00:00,0,71,False,nearest_pdf_time_to_static_stop_time
bart_live_20260912_192815,2026-09-12,weekend,2000459,2000459,S,BALB,BALB,M80-1,19:34:00,7:34 PM,2014,1,70440,2026-09-13T02:35:29+00:00,0,89,False,nearest_pdf_time_to_static_stop_time
bart_live_20260912_192815,2026-09-12,weekend,2000459,2000459,S,DALY,DALY,M90-1,19:39:00,7:39 PM,2014,1,70740,2026-09-13T02:39:56+00:00,0,56,False,nearest_pdf_time_to_static_stop_time
bart_live_20260912_192815,2026-09-12,weekend,2000459,2000459,S,COLM,COLM,W10-1,19:43:00,7:43 PM,2014,1,70980,2026-09-13T02:43:50+00:00,0,50,False,nearest_pdf_time_to_static_stop_time
bart_live_20260912_192815,2026-09-12,weekend,2000459,2000459,S,SSAN,SSAN,W20-1,19:46:00,7:46 PM,2014,1,71160,2026-09-13T02:46:50+00:00,0,50,False,nearest_pdf_time_to_static_stop_time
bart_live_20260912_192815,2026-09-12,weekend,2000459,2000459,S,SBRN,SBRN,W30-1,19:49:00,7:49 PM,2014,1,71340,2026-09-13T02:50:02+00:00,0,62,False,nearest_pdf_time_to_static_stop_time
bart_live_20260912_192815,2026-09-12,weekend,2000535,2000535,N,SBRN,SBRN,W30-2,20:12:00,8:12 PM,2364,2,72720,2026-09-13T03:12:56+00:00,0,56,False,nearest_pdf_time_to_static_stop_time
bart_live_20260912_192815,2026-09-12,weekend,2000535,2000535,N,SSAN,SSAN,W20-2,20:15:00,8:15 PM,2364,2,72900,2026-09-13T03:16:08+00:00,0,68,False,nearest_pdf_time_to_static_stop_time
bart_live_20260912_192815,2026-09-12,weekend,2000535,2000535,N,COLM,COLM,W10-2,20:19:00,8:19 PM,2364,2,73140,2026-09-13T03:19:32+00:00,0,32,False,nearest_pdf_time_to_static_stop_time
bart_live_20260912_192815,2026-09-12,weekend,2000535,2000535,N,DALY,DALY,M90-2,20:22:00,8:22 PM,2364,2,73320,2026-09-13T03:23:11+00:00,0,71,False,nearest_pdf_time_to_static_stop_time
bart_live_20260912_192815,2026-09-12,weekend,2000535,2000535,N,BALB,BALB,M80-2,20:26:00,8:26 PM,2364,2,73560,2026-09-13T03:26:53+00:00,0,53,False,nearest_pdf_time_to_static_stop_time
bart_live_20260912_192815,2026-09-12,weekend,2000535,2000535,N,GLEN,GLEN,M70-2,20:28:00,8:28 PM,2364,2,73680,2026-09-13T03:29:11+00:00,0,71,False,nearest_pdf_time_to_static_stop_time
bart_live_20260912_192815,2026-09-12,weekend,2000535,2000535,N,24TH,24TH,M60-2,20:31:00,8:31 PM,2364,2,73860,2026-09-13T03:31:53+00:00,0,53,False,nearest_pdf_time_to_static_stop_time
bart_live_20260912_192815,2026-09-12,weekend,2000535,2000535,N,16TH,16TH,M50-2,20:33:00,8:33 PM,2364,2,73980,2026-09-13T03:33:59+00:00,0,59,False,nearest_pdf_time_to_static_stop_time
bart_live_20260912_192815,2026-09-12,weekend,2000535,2000535,N,CIVC,CIVC,M40-2,20:35:00,8:35 PM,2364,2,74100,2026-09-13T03:36:23+00:00,0,83,False,nearest_pdf_time_to_static_stop_time
bart_live_20260912_192815,2026-09-12,weekend,2000535,2000535,N,POWL,POWL,M30-2,20:37:00,8:37 PM,2364,2,74220,2026-09-13T03:38:05+00:00,0,65,False,nearest_pdf_time_to_static_stop_time
bart_live_20260912_192815,2026-09-12,weekend,2000535,2000535,N,MONT,MONT,M20-2,20:39:00,8:39 PM,2364,2,74340,2026-09-13T03:39:41+00:00,0,41,False,nearest_pdf_time_to_static_stop_time
bart_live_20260912_192815,2026-09-12,weekend,2000535,2000535,N,EMBR,EMBR,M16-2,20:40:00,8:40 PM,2364,2,74400,2026-09-13T03:41:23+00:00,0,83,False,nearest_pdf_time_to_static_stop_time
bart_live_20260912_192815,2026-09-12,weekend,2000535,2000535,N,WOAK,WOAK,M10-2,20:47:00,8:47 PM,2364,2,74820,2026-09-13T03:48:29+00:00,0,89,False,nearest_pdf_time_to_static_stop_time
bart_live_20260912_192815,2026-09-12,weekend,2000535,2000535,N,12TH,12TH,K10-3,20:52:00,8:52 PM,2364,2,75120,2026-09-13T03:53:19+00:00,0,79,False,nearest_pdf_time_to_static_stop_time
bart_live_20260912_192815,2026-09-12,weekend,2000535,2000535,N,19TH,19TH,K20-3,20:54:00,8:54 PM,2364,2,75240,2026-09-13T03:55:13+00:00,0,73,False,nearest_pdf_time_to_static_stop_time
bart_live_20260912_192815,2026-09-12,weekend,2000535,2000535,N,MCAR,MCAR,K30-3,20:58:00,8:58 PM,2364,2,75480,2026-09-13T03:58:48+00:00,0,48,False,nearest_pdf_time_to_static_stop_time
bart_live_20260912_192815,2026-09-12,weekend,2000535,2000535,N,ROCK,ROCK,C10-1,21:01:00,9:01 PM,2364,2,75660,2026-09-13T04:01:30+00:00,0,30,True,nearest_pdf_time_to_static_stop_time
bart_live_20260912_192815,2026-09-12,weekend,2000535,2000535,N,ORIN,ORIN,C20-1,21:06:00,9:06 PM,2364,2,75960,2026-09-13T04:06:51+00:00,0,51,True,nearest_pdf_time_to_static_stop_time
bart_live_20260912_192815,2026-09-12,weekend,2000535,2000535,N,LAFY,LAFY,C30-1,21:11:00,9:11 PM,2364,2,76260,2026-09-13T04:11:39+00:00,0,39,True,nearest_pdf_time_to_static_stop_time
bart_live_20260912_192815,2026-09-12,weekend,2000535,2000535,N,WCRK,WCRK,C40-1,21:15:00,9:15 PM,2364,2,76500,2026-09-13T04:16:18+00:00,0,78,True,nearest_pdf_time_to_static_stop_time
bart_live_20260912_192815,2026-09-12,weekend,2000535,2000535,N,PHIL,PHIL,C50-1,21:18:00,9:18 PM,2364,2,76680,2026-09-13T04:19:09+00:00,0,69,True,nearest_pdf_time_to_static_stop_time
bart_live_20260912_192815,2026-09-12,weekend,2000535,2000535,N,CONC,CONC,C60-1,21:23:00,9:23 PM,2364,2,76980,2026-09-13T04:24:23+00:00,0,83,True,nearest_pdf_time_to_static_stop_time
bart_live_20260912_192815,2026-09-12,weekend,2000535,2000535,N,NCON,NCON,C70-1,21:27:00,9:27 PM,2364,2,77220,2026-09-13T04:28:05+00:00,0,65,True,nearest_pdf_time_to_static_stop_time
bart_live_20260912_192815,2026-09-12,weekend,2000535,2000535,N,PITT,PITT,C80-1,21:34:00,9:34 PM,2364,2,77640,2026-09-13T04:34:43+00:00,0,43,True,nearest_pdf_time_to_static_stop_time
bart_live_20260912_192815,2026-09-12,weekend,2000418,2000418,S,19TH,19TH,K20-2,19:27:00,7:27 PM,2068,1,70020,2026-09-13T02:30:57+00:00,0,237,False,nearest_pdf_time_to_static_stop_time
bart_live_20260912_192815,2026-09-12,weekend,2000418,2000418,S,12TH,12TH,K10-2,19:29:00,7:29 PM,2068,1,70140,2026-09-13T02:32:29+00:00,0,209,False,nearest_pdf_time_to_static_stop_time
bart_live_20260912_192815,2026-09-12,weekend,2000418,2000418,S,WOAK,WOAK,M10-1,19:33:00,7:33 PM,2068,1,70380,2026-09-13T02:36:50+00:00,0,230,False,nearest_pdf_time_to_static_stop_time
bart_live_20260912_192815,2026-09-12,weekend,2000418,2000418,S,EMBR,EMBR,M16-1,19:40:00,7:40 PM,2068,1,70800,2026-09-13T02:43:28+00:00,0,208,False,nearest_pdf_time_to_static_stop_time
bart_live_20260912_192815,2026-09-12,weekend,2000418,2000418,S,MONT,MONT,M20-1,19:42:00,7:42 PM,2068,1,70920,2026-09-13T02:44:59+00:00,0,179,False,nearest_pdf_time_to_static_stop_time
bart_live_20260912_192815,2026-09-12,weekend,2000418,2000418,S,POWL,POWL,M30-1,19:43:00,7:43 PM,2068,1,70980,2026-09-13T02:46:30+00:00,0,210,False,nearest_pdf_time_to_static_stop_time
bart_live_20260912_192815,2026-09-12,weekend,2000418,2000418,S,CIVC,CIVC,M40-1,19:45:00,7:45 PM,2068,1,71100,2026-09-13T02:47:58+00:00,0,178,False,nearest_pdf_time_to_static_stop_time
bart_live_20260912_192815,2026-09-12,weekend,2000418,2000418,S,16TH,16TH,M50-1,19:47:00,7:47 PM,2068,1,71220,2026-09-13T02:50:10+00:00,0,190,False,nearest_pdf_time_to_static_stop_time
bart_live_20260912_192815,2026-09-12,weekend,2000418,2000418,S,24TH,24TH,M60-1,19:49:00,7:49 PM,2068,1,71340,2026-09-13T02:52:08+00:00,0,188,False,nearest_pdf_time_to_static_stop_time
bart_live_20260912_192815,2026-09-12,weekend,2000418,2000418,S,GLEN,GLEN,M70-1,19:52:00,7:52 PM,2068,1,71520,2026-09-13T02:54:54+00:00,0,174,False,nearest_pdf_time_to_static_stop_time
bart_live_20260912_192815,2026-09-12,weekend,2000418,2000418,S,BALB,BALB,M80-1,19:54:00,7:54 PM,2068,1,71640,2026-09-13T02:57:06+00:00,0,186,False,nearest_pdf_time_to_static_stop_time
bart_live_20260912_192815,2026-09-12,weekend,2000418,2000418,S,DALY,DALY,M90-1,19:59:00,7:59 PM,2068,1,71940,2026-09-13T03:01:03+00:00,0,123,False,nearest_pdf_time_to_static_stop_time
bart_live_20260912_192815,2026-09-12,weekend,2000418,2000418,S,COLM,COLM,W10-1,20:03:00,8:03 PM,2068,1,72180,2026-09-13T03:04:42+00:00,0,102,False,nearest_pdf_time_to_static_stop_time
bart_live_20260912_192815,2026-09-12,weekend,2000418,2000418,S,SSAN,SSAN,W20-1,20:06:00,8:06 PM,2068,1,72360,2026-09-13T03:07:36+00:00,0,96,False,nearest_pdf_time_to_static_stop_time
bart_live_20260912_192815,2026-09-12,weekend,2000418,2000418,S,SBRN,SBRN,W30-1,20:09:00,8:09 PM,2068,1,72540,2026-09-13T03:10:43+00:00,0,103,False,nearest_pdf_time_to_static_stop_time
bart_live_20260912_192815,2026-09-12,weekend,2000419,2000419,S,LAFY,LAFY,C30-2,19:29:00,7:29 PM,2122,1,70140,2026-09-13T02:30:22+00:00,0,82,False,nearest_pdf_time_to_static_stop_time
bart_live_20260912_192815,2026-09-12,weekend,2000419,2000419,S,ORIN,ORIN,C20-2,19:34:00,7:34 PM,2122,1,70440,2026-09-13T02:34:37+00:00,0,37,False,nearest_pdf_time_to_static_stop_time
bart_live_20260912_192815,2026-09-12,weekend,2000419,2000419,S,ROCK,ROCK,C10-2,19:39:00,7:39 PM,2122,1,70740,2026-09-13T02:40:22+00:00,0,82,False,nearest_pdf_time_to_static_stop_time
bart_live_20260912_192815,2026-09-12,weekend,2000419,2000419,S,MCAR,MCAR,K30-4,19:43:00,7:43 PM,2122,1,70980,2026-09-13T02:43:42+00:00,0,42,False,nearest_pdf_time_to_static_stop_time
bart_live_20260912_192815,2026-09-12,weekend,2000419,2000419,S,19TH,19TH,K20-2,19:47:00,7:47 PM,2122,1,71220,2026-09-13T02:47:35+00:00,0,35,False,nearest_pdf_time_to_static_stop_time
bart_live_20260912_192815,2026-09-12,weekend,2000419,2000419,S,12TH,12TH,K10-2,19:49:00,7:49 PM,2122,1,71340,2026-09-13T02:49:41+00:00,0,41,False,nearest_pdf_time_to_static_stop_time
bart_live_20260912_192815,2026-09-12,weekend,2000419,2000419,S,WOAK,WOAK,M10-1,19:53:00,7:53 PM,2122,1,71580,2026-09-13T02:54:11+00:00,0,71,False,nearest_pdf_time_to_static_stop_time
bart_live_20260912_192815,2026-09-12,weekend,2000419,2000419,S,EMBR,EMBR,M16-1,20:00:00,8:00 PM,2122,1,72000,2026-09-13T03:01:11+00:00,0,71,False,nearest_pdf_time_to_static_stop_time
bart_live_20260912_192815,2026-09-12,weekend,2000419,2000419,S,MONT,MONT,M20-1,20:02:00,8:02 PM,2122,1,72120,2026-09-13T03:02:47+00:00,0,47,False,nearest_pdf_time_to_static_stop_time
bart_live_20260912_192815,2026-09-12,weekend,2000419,2000419,S,POWL,POWL,M30-1,20:03:00,8:03 PM,2122,1,72180,2026-09-13T03:04:29+00:00,0,89,False,nearest_pdf_time_to_static_stop_time
bart_live_20260912_192815,2026-09-12,weekend,2000419,2000419,S,CIVC,CIVC,M40-1,20:05:00,8:05 PM,2122,1,72300,2026-09-13T03:06:05+00:00,0,65,False,nearest_pdf_time_to_static_stop_time
bart_live_20260912_192815,2026-09-12,weekend,2000419,2000419,S,16TH,16TH,M50-1,20:07:00,8:07 PM,2122,1,72420,2026-09-13T03:08:23+00:00,0,83,False,nearest_pdf_time_to_static_stop_time
bart_live_20260912_192815,2026-09-12,weekend,2000419,2000419,S,24TH,24TH,M60-1,20:09:00,8:09 PM,2122,1,72540,2026-09-13T03:10:23+00:00,0,83,False,nearest_pdf_time_to_static_stop_time
bart_live_20260912_192815,2026-09-12,weekend,2000419,2000419,S,GLEN,GLEN,M70-1,20:12:00,8:12 PM,2122,1,72720,2026-09-13T03:13:11+00:00,0,71,False,nearest_pdf_time_to_static_stop_time
bart_live_20260912_192815,2026-09-12,weekend,2000419,2000419,S,BALB,BALB,M80-1,20:14:00,8:14 PM,2122,1,72840,2026-09-13T03:15:29+00:00,0,89,False,nearest_pdf_time_to_static_stop_time
bart_live_20260912_192815,2026-09-12,weekend,2000419,2000419,S,DALY,DALY,M90-1,20:19:00,8:19 PM,2122,1,73140,2026-09-13T03:19:56+00:00,0,56,False,nearest_pdf_time_to_static_stop_time
bart_live_20260912_192815,2026-09-12,weekend,2000419,2000419,S,COLM,COLM,W10-1,20:23:00,8:23 PM,2122,1,73380,2026-09-13T03:23:50+00:00,0,50,False,nearest_pdf_time_to_static_stop_time
bart_live_20260912_192815,2026-09-12,weekend,2000419,2000419,S,SSAN,SSAN,W20-1,20:26:00,8:26 PM,2122,1,73560,2026-09-13T03:26:50+00:00,0,50,False,nearest_pdf_time_to_static_stop_time
bart_live_20260912_192815,2026-09-12,weekend,2000419,2000419,S,SBRN,SBRN,W30-1,20:29:00,8:29 PM,2122,1,73740,2026-09-13T03:30:02+00:00,0,62,False,nearest_pdf_time_to_static_stop_time
bart_live_20260912_192815,2026-09-12,weekend,2000460,2000460,S,NCON,NCON,C70-2,19:32:00,7:32 PM,2176,1,70320,2026-09-13T02:34:02+00:00,0,122,False,nearest_pdf_time_to_static_stop_time
bart_live_20260912_192815,2026-09-12,weekend,2000460,2000460,S,CONC,CONC,C60-2,19:36:00,7:36 PM,2176,1,70560,2026-09-13T02:37:30+00:00,0,90,False,nearest_pdf_time_to_static_stop_time
bart_live_20260912_192815,2026-09-12,weekend,2000460,2000460,S,PHIL,PHIL,C50-2,19:41:00,7:41 PM,2176,1,70860,2026-09-13T02:42:35+00:00,0,95,False,nearest_pdf_time_to_static_stop_time
bart_live_20260912_192815,2026-09-12,weekend,2000460,2000460,S,WCRK,WCRK,C40-2,19:44:00,7:44 PM,2176,1,71040,2026-09-13T02:45:33+00:00,0,93,False,nearest_pdf_time_to_static_stop_time
bart_live_20260912_192815,2026-09-12,weekend,2000460,2000460,S,LAFY,LAFY,C30-2,19:49:00,7:49 PM,2176,1,71340,2026-09-13T02:49:42+00:00,0,42,False,nearest_pdf_time_to_static_stop_time
bart_live_20260912_192815,2026-09-12,weekend,2000460,2000460,S,ORIN,ORIN,C20-2,19:54:00,7:54 PM,2176,1,71640,2026-09-13T02:54:37+00:00,0,37,False,nearest_pdf_time_to_static_stop_time
bart_live_20260912_192815,2026-09-12,weekend,2000460,2000460,S,ROCK,ROCK,C10-2,19:59:00,7:59 PM,2176,1,71940,2026-09-13T03:00:22+00:00,0,82,False,nearest_pdf_time_to_static_stop_time
bart_live_20260912_192815,2026-09-12,weekend,2000460,2000460,S,MCAR,MCAR,K30-4,20:03:00,8:03 PM,2176,1,72180,2026-09-13T03:03:48+00:00,0,48,False,nearest_pdf_time_to_static_stop_time
bart_live_20260912_192815,2026-09-12,weekend,2000460,2000460,S,19TH,19TH,K20-2,20:07:00,8:07 PM,2176,1,72420,2026-09-13T03:07:35+00:00,0,35,False,nearest_pdf_time_to_static_stop_time
bart_live_20260912_192815,2026-09-12,weekend,2000460,2000460,S,12TH,12TH,K10-2,20:09:00,8:09 PM,2176,1,72540,2026-09-13T03:09:41+00:00,0,41,False,nearest_pdf_time_to_static_stop_time
bart_live_20260912_192815,2026-09-12,weekend,2000460,2000460,S,WOAK,WOAK,M10-1,20:13:00,8:13 PM,2176,1,72780,2026-09-13T03:14:11+00:00,0,71,False,nearest_pdf_time_to_static_stop_time
bart_live_20260912_192815,2026-09-12,weekend,2000460,2000460,S,EMBR,EMBR,M16-1,20:20:00,8:20 PM,2176,1,73200,2026-09-13T03:21:11+00:00,0,71,False,nearest_pdf_time_to_static_stop_time
bart_live_20260912_192815,2026-09-12,weekend,2000460,2000460,S,MONT,MONT,M20-1,20:22:00,8:22 PM,2176,1,73320,2026-09-13T03:22:47+00:00,0,47,False,nearest_pdf_time_to_static_stop_time
bart_live_20260912_192815,2026-09-12,weekend,2000460,2000460,S,POWL,POWL,M30-1,20:23:00,8:23 PM,2176,1,73380,2026-09-13T03:24:29+00:00,0,89,False,nearest_pdf_time_to_static_stop_time
bart_live_20260912_192815,2026-09-12,weekend,2000460,2000460,S,CIVC,CIVC,M40-1,20:25:00,8:25 PM,2176,1,73500,2026-09-13T03:26:05+00:00,0,65,False,nearest_pdf_time_to_static_stop_time
bart_live_20260912_192815,2026-09-12,weekend,2000460,2000460,S,16TH,16TH,M50-1,20:27:00,8:27 PM,2176,1,73620,2026-09-13T03:28:23+00:00,0,83,False,nearest_pdf_time_to_static_stop_time
bart_live_20260912_192815,2026-09-12,weekend,2000460,2000460,S,24TH,24TH,M60-1,20:29:00,8:29 PM,2176,1,73740,2026-09-13T03:30:23+00:00,0,83,False,nearest_pdf_time_to_static_stop_time
bart_live_20260912_192815,2026-09-12,weekend,2000460,2000460,S,GLEN,GLEN,M70-1,20:32:00,8:32 PM,2176,1,73920,2026-09-13T03:33:11+00:00,0,71,False,nearest_pdf_time_to_static_stop_time
bart_live_20260912_192815,2026-09-12,weekend,2000460,2000460,S,BALB,BALB,M80-1,20:34:00,8:34 PM,2176,1,74040,2026-09-13T03:35:29+00:00,0,89,False,nearest_pdf_time_to_static_stop_time
bart_live_20260912_192815,2026-09-12,weekend,2000460,2000460,S,DALY,DALY,M90-1,20:39:00,8:39 PM,2176,1,74340,2026-09-13T03:39:56+00:00,0,56,False,nearest_pdf_time_to_static_stop_time
bart_live_20260912_192815,2026-09-12,weekend,2000460,2000460,S,COLM,COLM,W10-1,20:43:00,8:43 PM,2176,1,74580,2026-09-13T03:43:50+00:00,0,50,False,nearest_pdf_time_to_static_stop_time
bart_live_20260912_192815,2026-09-12,weekend,2000460,2000460,S,SSAN,SSAN,W20-1,20:46:00,8:46 PM,2176,1,74760,2026-09-13T03:46:50+00:00,0,50,False,nearest_pdf_time_to_static_stop_time
bart_live_20260912_192815,2026-09-12,weekend,2000460,2000460,S,SBRN,SBRN,W30-1,20:49:00,8:49 PM,2176,1,74940,2026-09-13T03:50:02+00:00,0,62,False,nearest_pdf_time_to_static_stop_time
bart_live_20260912_192815,2026-09-12,weekend,2000529,2000529,N,PHIL,PHIL,C50-1,19:18:00,7:18 PM,2040,2,69480,2026-09-13T02:29:04+00:00,0,664,False,nearest_pdf_time_to_static_stop_time
bart_live_20260912_192815,2026-09-12,weekend,2000529,2000529,N,CONC,CONC,C60-1,19:23:00,7:23 PM,2040,2,69780,2026-09-13T02:33:42+00:00,0,642,False,nearest_pdf_time_to_static_stop_time
bart_live_20260912_192815,2026-09-12,weekend,2000529,2000529,N,NCON,NCON,C70-1,19:27:00,7:27 PM,2040,2,70020,2026-09-13T02:37:07+00:00,0,607,False,nearest_pdf_time_to_static_stop_time
bart_live_20260912_192815,2026-09-12,weekend,2000529,2000529,N,PITT,PITT,C80-1,19:34:00,7:34 PM,2040,2,70440,2026-09-13T02:43:03+00:00,0,543,False,nearest_pdf_time_to_static_stop_time
bart_live_20260912_192815,2026-09-12,weekend,2000461,2000461,S,PITT,PITT,C80-2,19:46:00,7:46 PM,2232,1,71160,2026-09-13T02:47:54+00:00,0,114,False,nearest_pdf_time_to_static_stop_time
bart_live_20260912_192815,2026-09-12,weekend,2000461,2000461,S,NCON,NCON,C70-2,19:52:00,7:52 PM,2232,1,71520,2026-09-13T02:53:30+00:00,0,90,False,nearest_pdf_time_to_static_stop_time
bart_live_20260912_192815,2026-09-12,weekend,2000461,2000461,S,CONC,CONC,C60-2,19:56:00,7:56 PM,2232,1,71760,2026-09-13T02:57:08+00:00,0,68,False,nearest_pdf_time_to_static_stop_time
bart_live_20260912_192815,2026-09-12,weekend,2000461,2000461,S,PHIL,PHIL,C50-2,20:01:00,8:01 PM,2232,1,72060,2026-09-13T03:02:08+00:00,0,68,False,nearest_pdf_time_to_static_stop_time
bart_live_20260912_192815,2026-09-12,weekend,2000461,2000461,S,WCRK,WCRK,C40-2,20:04:00,8:04 PM,2232,1,72240,2026-09-13T03:05:01+00:00,0,61,False,nearest_pdf_time_to_static_stop_time
bart_live_20260912_192815,2026-09-12,weekend,2000461,2000461,S,LAFY,LAFY,C30-2,20:09:00,8:09 PM,2232,1,72540,2026-09-13T03:09:42+00:00,0,42,False,nearest_pdf_time_to_static_stop_time
bart_live_20260912_192815,2026-09-12,weekend,2000461,2000461,S,ORIN,ORIN,C20-2,20:14:00,8:14 PM,2232,1,72840,2026-09-13T03:14:37+00:00,0,37,False,nearest_pdf_time_to_static_stop_time
bart_live_20260912_192815,2026-09-12,weekend,2000461,2000461,S,ROCK,ROCK,C10-2,20:19:00,8:19 PM,2232,1,73140,2026-09-13T03:20:22+00:00,0,82,False,nearest_pdf_time_to_static_stop_time
bart_live_20260912_192815,2026-09-12,weekend,2000461,2000461,S,MCAR,MCAR,K30-4,20:23:00,8:23 PM,2232,1,73380,2026-09-13T03:23:48+00:00,0,48,False,nearest_pdf_time_to_static_stop_time
bart_live_20260912_192815,2026-09-12,weekend,2000461,2000461,S,19TH,19TH,K20-2,20:27:00,8:27 PM,2232,1,73620,2026-09-13T03:27:35+00:00,0,35,False,nearest_pdf_time_to_static_stop_time
bart_live_20260912_192815,2026-09-12,weekend,2000461,2000461,S,12TH,12TH,K10-2,20:29:00,8:29 PM,2232,1,73740,2026-09-13T03:29:41+00:00,0,41,False,nearest_pdf_time_to_static_stop_time
bart_live_20260912_192815,2026-09-12,weekend,2000461,2000461,S,WOAK,WOAK,M10-1,20:33:00,8:33 PM,2232,1,73980,2026-09-13T03:34:11+00:00,0,71,False,nearest_pdf_time_to_static_stop_time
bart_live_20260912_192815,2026-09-12,weekend,2000461,2000461,S,EMBR,EMBR,M16-1,20:40:00,8:40 PM,2232,1,74400,2026-09-13T03:41:11+00:00,0,71,False,nearest_pdf_time_to_static_stop_time
bart_live_20260912_192815,2026-09-12,weekend,2000461,2000461,S,MONT,MONT,M20-1,20:42:00,8:42 PM,2232,1,74520,2026-09-13T03:42:47+00:00,0,47,False,nearest_pdf_time_to_static_stop_time
bart_live_20260912_192815,2026-09-12,weekend,2000461,2000461,S,POWL,POWL,M30-1,20:43:00,8:43 PM,2232,1,74580,2026-09-13T03:44:29+00:00,0,89,False,nearest_pdf_time_to_static_stop_time
bart_live_20260912_192815,2026-09-12,weekend,2000461,2000461,S,CIVC,CIVC,M40-1,20:45:00,8:45 PM,2232,1,74700,2026-09-13T03:46:05+00:00,0,65,False,nearest_pdf_time_to_static_stop_time
bart_live_20260912_192815,2026-09-12,weekend,2000461,2000461,S,16TH,16TH,M50-1,20:47:00,8:47 PM,2232,1,74820,2026-09-13T03:48:23+00:00,0,83,False,nearest_pdf_time_to_static_stop_time
bart_live_20260912_192815,2026-09-12,weekend,2000461,2000461,S,24TH,24TH,M60-1,20:49:00,8:49 PM,2232,1,74940,2026-09-13T03:50:23+00:00,0,83,False,nearest_pdf_time_to_static_stop_time
bart_live_20260912_192815,2026-09-12,weekend,2000461,2000461,S,GLEN,GLEN,M70-1,20:52:00,8:52 PM,2232,1,75120,2026-09-13T03:53:11+00:00,0,71,False,nearest_pdf_time_to_static_stop_time
bart_live_20260912_192815,2026-09-12,weekend,2000461,2000461,S,BALB,BALB,M80-1,20:54:00,8:54 PM,2232,1,75240,2026-09-13T03:55:29+00:00,0,89,False,nearest_pdf_time_to_static_stop_time
bart_live_20260912_192815,2026-09-12,weekend,2000461,2000461,S,DALY,DALY,M90-1,20:59:00,8:59 PM,2232,1,75540,2026-09-13T03:59:56+00:00,0,56,False,nearest_pdf_time_to_static_stop_time
bart_live_20260912_192815,2026-09-12,weekend,2000461,2000461,S,COLM,COLM,W10-1,21:03:00,9:03 PM,2232,1,75780,2026-09-13T04:03:50+00:00,0,50,True,nearest_pdf_time_to_static_stop_time
bart_live_20260912_192815,2026-09-12,weekend,2000461,2000461,S,SSAN,SSAN,W20-1,21:06:00,9:06 PM,2232,1,75960,2026-09-13T04:06:50+00:00,0,50,True,nearest_pdf_time_to_static_stop_time
bart_live_20260912_192815,2026-09-12,weekend,2000461,2000461,S,SBRN,SBRN,W30-1,21:09:00,9:09 PM,2232,1,76140,2026-09-13T04:10:02+00:00,0,62,True,nearest_pdf_time_to_static_stop_time
bart_live_20260912_192815,2026-09-12,weekend,2000530,2000530,N,ROCK,ROCK,C10-1,19:21:00,7:21 PM,2094,2,69660,2026-09-13T02:29:03+00:00,0,483,False,nearest_pdf_time_to_static_stop_time
bart_live_20260912_192815,2026-09-12,weekend,2000530,2000530,N,ORIN,ORIN,C20-1,19:26:00,7:26 PM,2094,2,69960,2026-09-13T02:34:02+00:00,0,482,False,nearest_pdf_time_to_static_stop_time
bart_live_20260912_192815,2026-09-12,weekend,2000530,2000530,N,LAFY,LAFY,C30-1,19:31:00,7:31 PM,2094,2,70260,2026-09-13T02:38:47+00:00,0,467,False,nearest_pdf_time_to_static_stop_time
bart_live_20260912_192815,2026-09-12,weekend,2000530,2000530,N,WCRK,WCRK,C40-1,19:35:00,7:35 PM,2094,2,70500,2026-09-13T02:43:10+00:00,0,490,False,nearest_pdf_time_to_static_stop_time
bart_live_20260912_192815,2026-09-12,weekend,2000530,2000530,N,PHIL,PHIL,C50-1,19:38:00,7:38 PM,2094,2,70680,2026-09-13T02:45:56+00:00,0,476,False,nearest_pdf_time_to_static_stop_time
bart_live_20260912_192815,2026-09-12,weekend,2000530,2000530,N,CONC,CONC,C60-1,19:43:00,7:43 PM,2094,2,70980,2026-09-13T02:51:01+00:00,0,481,False,nearest_pdf_time_to_static_stop_time
bart_live_20260912_192815,2026-09-12,weekend,2000530,2000530,N,NCON,NCON,C70-1,19:47:00,7:47 PM,2094,2,71220,2026-09-13T02:54:26+00:00,0,446,False,nearest_pdf_time_to_static_stop_time
bart_live_20260912_192815,2026-09-12,weekend,2000530,2000530,N,PITT,PITT,C80-1,19:54:00,7:54 PM,2094,2,71640,2026-09-13T03:00:22+00:00,0,382,False,nearest_pdf_time_to_static_stop_time
bart_live_20260912_192815,2026-09-12,weekend,2000462,2000462,S,PITT,PITT,C80-2,20:06:00,8:06 PM,2288,1,72360,2026-09-13T03:06:39+00:00,0,39,False,nearest_pdf_time_to_static_stop_time
bart_live_20260912_192815,2026-09-12,weekend,2000462,2000462,S,NCON,NCON,C70-2,20:12:00,8:12 PM,2288,1,72720,2026-09-13T03:13:02+00:00,0,62,False,nearest_pdf_time_to_static_stop_time
bart_live_20260912_192815,2026-09-12,weekend,2000462,2000462,S,CONC,CONC,C60-2,20:16:00,8:16 PM,2288,1,72960,2026-09-13T03:16:57+00:00,0,57,False,nearest_pdf_time_to_static_stop_time
bart_live_20260912_192815,2026-09-12,weekend,2000462,2000462,S,PHIL,PHIL,C50-2,20:21:00,8:21 PM,2288,1,73260,2026-09-13T03:22:03+00:00,0,63,False,nearest_pdf_time_to_static_stop_time
bart_live_20260912_192815,2026-09-12,weekend,2000462,2000462,S,WCRK,WCRK,C40-2,20:24:00,8:24 PM,2288,1,73440,2026-09-13T03:25:01+00:00,0,61,False,nearest_pdf_time_to_static_stop_time
bart_live_20260912_192815,2026-09-12,weekend,2000462,2000462,S,LAFY,LAFY,C30-2,20:29:00,8:29 PM,2288,1,73740,2026-09-13T03:29:42+00:00,0,42,False,nearest_pdf_time_to_static_stop_time
bart_live_20260912_192815,2026-09-12,weekend,2000462,2000462,S,ORIN,ORIN,C20-2,20:34:00,8:34 PM,2288,1,74040,2026-09-13T03:34:37+00:00,0,37,False,nearest_pdf_time_to_static_stop_time
bart_live_20260912_192815,2026-09-12,weekend,2000462,2000462,S,ROCK,ROCK,C10-2,20:39:00,8:39 PM,2288,1,74340,2026-09-13T03:40:22+00:00,0,82,False,nearest_pdf_time_to_static_stop_time
bart_live_20260912_192815,2026-09-12,weekend,2000462,2000462,S,MCAR,MCAR,K30-4,20:43:00,8:43 PM,2288,1,74580,2026-09-13T03:43:48+00:00,0,48,False,nearest_pdf_time_to_static_stop_time
bart_live_20260912_192815,2026-09-12,weekend,2000462,2000462,S,19TH,19TH,K20-2,20:47:00,8:47 PM,2288,1,74820,2026-09-13T03:47:35+00:00,0,35,False,nearest_pdf_time_to_static_stop_time
bart_live_20260912_192815,2026-09-12,weekend,2000462,2000462,S,12TH,12TH,K10-2,20:49:00,8:49 PM,2288,1,74940,2026-09-13T03:49:41+00:00,0,41,False,nearest_pdf_time_to_static_stop_time
bart_live_20260912_192815,2026-09-12,weekend,2000462,2000462,S,WOAK,WOAK,M10-1,20:53:00,8:53 PM,2288,1,75180,2026-09-13T03:54:11+00:00,0,71,False,nearest_pdf_time_to_static_stop_time
bart_live_20260912_192815,2026-09-12,weekend,2000462,2000462,S,EMBR,EMBR,M16-1,21:00:00,9:00 PM,2288,1,75600,2026-09-13T04:01:11+00:00,0,71,True,nearest_pdf_time_to_static_stop_time
bart_live_20260912_192815,2026-09-12,weekend,2000462,2000462,S,MONT,MONT,M20-1,21:02:00,9:02 PM,2288,1,75720,2026-09-13T04:02:47+00:00,0,47,True,nearest_pdf_time_to_static_stop_time
bart_live_20260912_192815,2026-09-12,weekend,2000462,2000462,S,POWL,POWL,M30-1,21:03:00,9:03 PM,2288,1,75780,2026-09-13T04:04:29+00:00,0,89,True,nearest_pdf_time_to_static_stop_time
bart_live_20260912_192815,2026-09-12,weekend,2000462,2000462,S,CIVC,CIVC,M40-1,21:05:00,9:05 PM,2288,1,75900,2026-09-13T04:06:05+00:00,0,65,True,nearest_pdf_time_to_static_stop_time
bart_live_20260912_192815,2026-09-12,weekend,2000462,2000462,S,16TH,16TH,M50-1,21:07:00,9:07 PM,2288,1,76020,2026-09-13T04:08:23+00:00,0,83,True,nearest_pdf_time_to_static_stop_time
bart_live_20260912_192815,2026-09-12,weekend,2000462,2000462,S,24TH,24TH,M60-1,21:09:00,9:09 PM,2288,1,76140,2026-09-13T04:10:23+00:00,0,83,True,nearest_pdf_time_to_static_stop_time
bart_live_20260912_192815,2026-09-12,weekend,2000462,2000462,S,GLEN,GLEN,M70-1,21:12:00,9:12 PM,2288,1,76320,2026-09-13T04:13:11+00:00,0,71,True,nearest_pdf_time_to_static_stop_time
bart_live_20260912_192815,2026-09-12,weekend,2000462,2000462,S,BALB,BALB,M80-1,21:14:00,9:14 PM,2288,1,76440,2026-09-13T04:15:29+00:00,0,89,True,nearest_pdf_time_to_static_stop_time
bart_live_20260912_192815,2026-09-12,weekend,2000462,2000462,S,DALY,DALY,M90-1,21:19:00,9:19 PM,2288,1,76740,2026-09-13T04:19:56+00:00,0,56,True,nearest_pdf_time_to_static_stop_time
bart_live_20260912_192815,2026-09-12,weekend,2000462,2000462,S,COLM,COLM,W10-1,21:23:00,9:23 PM,2288,1,76980,2026-09-13T04:23:50+00:00,0,50,True,nearest_pdf_time_to_static_stop_time
bart_live_20260912_192815,2026-09-12,weekend,2000462,2000462,S,SSAN,SSAN,W20-1,21:26:00,9:26 PM,2288,1,77160,2026-09-13T04:26:50+00:00,0,50,True,nearest_pdf_time_to_static_stop_time
bart_live_20260912_192815,2026-09-12,weekend,2000462,2000462,S,SBRN,SBRN,W30-1,21:29:00,9:29 PM,2288,1,77340,2026-09-13T04:30:02+00:00,0,62,True,nearest_pdf_time_to_static_stop_time
bart_live_20260913_182435,2026-09-13,weekend,2019641,2019641,N,ORIN,ORIN,C20-1,18:26:00,6:26 PM,1932,2,66360,2026-09-14T01:29:24+00:00,0,204,False,nearest_pdf_time_to_static_stop_time
bart_live_20260913_182435,2026-09-13,weekend,2019641,2019641,N,LAFY,LAFY,C30-1,18:31:00,6:31 PM,1932,2,66660,2026-09-14T01:34:05+00:00,0,185,False,nearest_pdf_time_to_static_stop_time
bart_live_20260913_182435,2026-09-13,weekend,2019641,2019641,N,WCRK,WCRK,C40-1,18:35:00,6:35 PM,1932,2,66900,2026-09-14T01:38:26+00:00,0,206,False,nearest_pdf_time_to_static_stop_time
bart_live_20260913_182435,2026-09-13,weekend,2019641,2019641,N,PHIL,PHIL,C50-1,18:38:00,6:38 PM,1932,2,67080,2026-09-14T01:41:13+00:00,0,193,False,nearest_pdf_time_to_static_stop_time
bart_live_20260913_182435,2026-09-13,weekend,2019641,2019641,N,CONC,CONC,C60-1,18:43:00,6:43 PM,1932,2,67380,2026-09-14T01:46:18+00:00,0,198,False,nearest_pdf_time_to_static_stop_time
bart_live_20260913_182435,2026-09-13,weekend,2019641,2019641,N,NCON,NCON,C70-1,18:47:00,6:47 PM,1932,2,67620,2026-09-14T01:49:42+00:00,0,162,False,nearest_pdf_time_to_static_stop_time
bart_live_20260913_182435,2026-09-13,weekend,2019641,2019641,N,PITT,PITT,C80-1,18:54:00,6:54 PM,1932,2,68040,2026-09-14T01:55:16+00:00,0,76,False,nearest_pdf_time_to_static_stop_time
bart_live_20260913_182435,2026-09-13,weekend,2019533,2019533,S,PITT,PITT,C80-2,19:06:00,7:06 PM,2122,1,68760,2026-09-14T02:06:39+00:00,0,39,False,nearest_pdf_time_to_static_stop_time
bart_live_20260913_182435,2026-09-13,weekend,2019533,2019533,S,NCON,NCON,C70-2,19:12:00,7:12 PM,2122,1,69120,2026-09-14T02:13:02+00:00,0,62,False,nearest_pdf_time_to_static_stop_time
bart_live_20260913_182435,2026-09-13,weekend,2019533,2019533,S,CONC,CONC,C60-2,19:16:00,7:16 PM,2122,1,69360,2026-09-14T02:16:57+00:00,0,57,False,nearest_pdf_time_to_static_stop_time
bart_live_20260913_182435,2026-09-13,weekend,2019533,2019533,S,PHIL,PHIL,C50-2,19:21:00,7:21 PM,2122,1,69660,2026-09-14T02:22:03+00:00,0,63,False,nearest_pdf_time_to_static_stop_time
bart_live_20260913_182435,2026-09-13,weekend,2019533,2019533,S,WCRK,WCRK,C40-2,19:24:00,7:24 PM,2122,1,69840,2026-09-14T02:25:01+00:00,0,61,False,nearest_pdf_time_to_static_stop_time
bart_live_20260913_182435,2026-09-13,weekend,2019533,2019533,S,LAFY,LAFY,C30-2,19:29:00,7:29 PM,2122,1,70140,2026-09-14T02:29:42+00:00,0,42,False,nearest_pdf_time_to_static_stop_time
bart_live_20260913_182435,2026-09-13,weekend,2019533,2019533,S,ORIN,ORIN,C20-2,19:34:00,7:34 PM,2122,1,70440,2026-09-14T02:34:37+00:00,0,37,False,nearest_pdf_time_to_static_stop_time
bart_live_20260913_182435,2026-09-13,weekend,2019533,2019533,S,ROCK,ROCK,C10-2,19:39:00,7:39 PM,2122,1,70740,2026-09-14T02:40:22+00:00,0,82,False,nearest_pdf_time_to_static_stop_time
bart_live_20260913_182435,2026-09-13,weekend,2019533,2019533,S,MCAR,MCAR,K30-4,19:43:00,7:43 PM,2122,1,70980,2026-09-14T02:43:48+00:00,0,48,False,nearest_pdf_time_to_static_stop_time
bart_live_20260913_182435,2026-09-13,weekend,2019533,2019533,S,19TH,19TH,K20-2,19:47:00,7:47 PM,2122,1,71220,2026-09-14T02:47:35+00:00,0,35,False,nearest_pdf_time_to_static_stop_time
bart_live_20260913_182435,2026-09-13,weekend,2019533,2019533,S,12TH,12TH,K10-2,19:49:00,7:49 PM,2122,1,71340,2026-09-14T02:49:41+00:00,0,41,False,nearest_pdf_time_to_static_stop_time
bart_live_20260913_182435,2026-09-13,weekend,2019533,2019533,S,WOAK,WOAK,M10-1,19:53:00,7:53 PM,2122,1,71580,2026-09-14T02:54:11+00:00,0,71,False,nearest_pdf_time_to_static_stop_time
bart_live_20260913_182435,2026-09-13,weekend,2019533,2019533,S,EMBR,EMBR,M16-1,20:00:00,8:00 PM,2122,1,72000,2026-09-14T03:01:11+00:00,0,71,False,nearest_pdf_time_to_static_stop_time
bart_live_20260913_182435,2026-09-13,weekend,2019533,2019533,S,MONT,MONT,M20-1,20:02:00,8:02 PM,2122,1,72120,2026-09-14T03:02:47+00:00,0,47,False,nearest_pdf_time_to_static_stop_time
bart_live_20260913_182435,2026-09-13,weekend,2019533,2019533,S,POWL,POWL,M30-1,20:03:00,8:03 PM,2122,1,72180,2026-09-14T03:04:29+00:00,0,89,False,nearest_pdf_time_to_static_stop_time
bart_live_20260913_182435,2026-09-13,weekend,2019533,2019533,S,CIVC,CIVC,M40-1,20:05:00,8:05 PM,2122,1,72300,2026-09-14T03:06:05+00:00,0,65,False,nearest_pdf_time_to_static_stop_time
bart_live_20260913_182435,2026-09-13,weekend,2019533,2019533,S,16TH,16TH,M50-1,20:07:00,8:07 PM,2122,1,72420,2026-09-14T03:08:23+00:00,0,83,False,nearest_pdf_time_to_static_stop_time
bart_live_20260913_182435,2026-09-13,weekend,2019533,2019533,S,24TH,24TH,M60-1,20:09:00,8:09 PM,2122,1,72540,2026-09-14T03:10:23+00:00,0,83,False,nearest_pdf_time_to_static_stop_time
bart_live_20260913_182435,2026-09-13,weekend,2019533,2019533,S,GLEN,GLEN,M70-1,20:12:00,8:12 PM,2122,1,72720,2026-09-14T03:13:11+00:00,0,71,False,nearest_pdf_time_to_static_stop_time
bart_live_20260913_182435,2026-09-13,weekend,2019533,2019533,S,BALB,BALB,M80-1,20:14:00,8:14 PM,2122,1,72840,2026-09-14T03:15:29+00:00,0,89,False,nearest_pdf_time_to_static_stop_time
bart_live_20260913_182435,2026-09-13,weekend,2019533,2019533,S,DALY,DALY,M90-1,20:19:00,8:19 PM,2122,1,73140,2026-09-14T03:19:56+00:00,0,56,False,nearest_pdf_time_to_static_stop_time
bart_live_20260913_182435,2026-09-13,weekend,2019533,2019533,S,COLM,COLM,W10-1,20:23:00,8:23 PM,2122,1,73380,2026-09-14T03:23:50+00:00,0,50,False,nearest_pdf_time_to_static_stop_time
bart_live_20260913_182435,2026-09-13,weekend,2019533,2019533,S,SSAN,SSAN,W20-1,20:26:00,8:26 PM,2122,1,73560,2026-09-14T03:26:50+00:00,0,50,False,nearest_pdf_time_to_static_stop_time
bart_live_20260913_182435,2026-09-13,weekend,2019533,2019533,S,SBRN,SBRN,W30-1,20:29:00,8:29 PM,2122,1,73740,2026-09-14T03:30:02+00:00,0,62,False,nearest_pdf_time_to_static_stop_time
bart_live_20260913_182435,2026-09-13,weekend,2019642,2019642,N,EMBR,EMBR,M16-2,18:20:00,6:20 PM,1986,2,66000,2026-09-14T01:25:06+00:00,0,306,False,nearest_pdf_time_to_static_stop_time
bart_live_20260913_182435,2026-09-13,weekend,2019642,2019642,N,WOAK,WOAK,M10-2,18:27:00,6:27 PM,1986,2,66420,2026-09-14T01:31:48+00:00,0,288,False,nearest_pdf_time_to_static_stop_time
bart_live_20260913_182435,2026-09-13,weekend,2019642,2019642,N,12TH,12TH,K10-3,18:32:00,6:32 PM,1986,2,66720,2026-09-14T01:35:45+00:00,0,225,False,nearest_pdf_time_to_static_stop_time
bart_live_20260913_182435,2026-09-13,weekend,2019642,2019642,N,19TH,19TH,K20-3,18:34:00,6:34 PM,1986,2,66840,2026-09-14T01:37:25+00:00,0,205,False,nearest_pdf_time_to_static_stop_time
bart_live_20260913_182435,2026-09-13,weekend,2019642,2019642,N,MCAR,MCAR,K30-3,18:38:00,6:38 PM,1986,2,67080,2026-09-14T01:40:23+00:00,0,143,False,nearest_pdf_time_to_static_stop_time
bart_live_20260913_182435,2026-09-13,weekend,2019642,2019642,N,ROCK,ROCK,C10-1,18:41:00,6:41 PM,1986,2,67260,2026-09-14T01:43:06+00:00,0,126,False,nearest_pdf_time_to_static_stop_time
bart_live_20260913_182435,2026-09-13,weekend,2019642,2019642,N,ORIN,ORIN,C20-1,18:46:00,6:46 PM,1986,2,67560,2026-09-14T01:48:31+00:00,0,151,False,nearest_pdf_time_to_static_stop_time
bart_live_20260913_182435,2026-09-13,weekend,2019642,2019642,N,LAFY,LAFY,C30-1,18:51:00,6:51 PM,1986,2,67860,2026-09-14T01:53:16+00:00,0,136,False,nearest_pdf_time_to_static_stop_time
bart_live_20260913_182435,2026-09-13,weekend,2019642,2019642,N,WCRK,WCRK,C40-1,18:55:00,6:55 PM,1986,2,68100,2026-09-14T01:57:18+00:00,0,138,False,nearest_pdf_time_to_static_stop_time
bart_live_20260913_182435,2026-09-13,weekend,2019642,2019642,N,PHIL,PHIL,C50-1,18:58:00,6:58 PM,1986,2,68280,2026-09-14T02:00:10+00:00,0,130,False,nearest_pdf_time_to_static_stop_time
bart_live_20260913_182435,2026-09-13,weekend,2019642,2019642,N,CONC,CONC,C60-1,19:03:00,7:03 PM,1986,2,68580,2026-09-14T02:05:30+00:00,0,150,False,nearest_pdf_time_to_static_stop_time
bart_live_20260913_182435,2026-09-13,weekend,2019642,2019642,N,NCON,NCON,C70-1,19:07:00,7:07 PM,1986,2,68820,2026-09-14T02:08:34+00:00,0,94,False,nearest_pdf_time_to_static_stop_time
bart_live_20260913_182435,2026-09-13,weekend,2019642,2019642,N,PITT,PITT,C80-1,19:14:00,7:14 PM,1986,2,69240,2026-09-14T02:14:42+00:00,0,42,False,nearest_pdf_time_to_static_stop_time
bart_live_20260913_182435,2026-09-13,weekend,2019643,2019643,N,DALY,DALY,M90-2,18:22:00,6:22 PM,2040,2,66120,2026-09-14T01:24:38+00:00,0,158,False,nearest_pdf_time_to_static_stop_time
bart_live_20260913_182435,2026-09-13,weekend,2019643,2019643,N,BALB,BALB,M80-2,18:26:00,6:26 PM,2040,2,66360,2026-09-14T01:27:27+00:00,0,87,False,nearest_pdf_time_to_static_stop_time
bart_live_20260913_182435,2026-09-13,weekend,2019643,2019643,N,GLEN,GLEN,M70-2,18:28:00,6:28 PM,2040,2,66480,2026-09-14T01:29:42+00:00,0,102,False,nearest_pdf_time_to_static_stop_time
bart_live_20260913_182435,2026-09-13,weekend,2019643,2019643,N,24TH,24TH,M60-2,18:31:00,6:31 PM,2040,2,66660,2026-09-14T01:32:23+00:00,0,83,False,nearest_pdf_time_to_static_stop_time
bart_live_20260913_182435,2026-09-13,weekend,2019643,2019643,N,16TH,16TH,M50-2,18:33:00,6:33 PM,2040,2,66780,2026-09-14T01:34:29+00:00,0,89,False,nearest_pdf_time_to_static_stop_time
bart_live_20260913_182435,2026-09-13,weekend,2019643,2019643,N,CIVC,CIVC,M40-2,18:35:00,6:35 PM,2040,2,66900,2026-09-14T01:36:56+00:00,0,116,False,nearest_pdf_time_to_static_stop_time
bart_live_20260913_182435,2026-09-13,weekend,2019643,2019643,N,POWL,POWL,M30-2,18:37:00,6:37 PM,2040,2,67020,2026-09-14T01:38:33+00:00,0,93,False,nearest_pdf_time_to_static_stop_time
bart_live_20260913_182435,2026-09-13,weekend,2019643,2019643,N,MONT,MONT,M20-2,18:39:00,6:39 PM,2040,2,67140,2026-09-14T01:40:07+00:00,0,67,False,nearest_pdf_time_to_static_stop_time
bart_live_20260913_182435,2026-09-13,weekend,2019643,2019643,N,EMBR,EMBR,M16-2,18:40:00,6:40 PM,2040,2,67200,2026-09-14T01:41:47+00:00,0,107,False,nearest_pdf_time_to_static_stop_time
bart_live_20260913_182435,2026-09-13,weekend,2019643,2019643,N,WOAK,WOAK,M10-2,18:47:00,6:47 PM,2040,2,67620,2026-09-14T01:48:20+00:00,0,80,False,nearest_pdf_time_to_static_stop_time
bart_live_20260913_182435,2026-09-13,weekend,2019643,2019643,N,12TH,12TH,K10-3,18:52:00,6:52 PM,2040,2,67920,2026-09-14T01:53:19+00:00,0,79,False,nearest_pdf_time_to_static_stop_time
bart_live_20260913_182435,2026-09-13,weekend,2019643,2019643,N,19TH,19TH,K20-3,18:54:00,6:54 PM,2040,2,68040,2026-09-14T01:55:13+00:00,0,73,False,nearest_pdf_time_to_static_stop_time
bart_live_20260913_182435,2026-09-13,weekend,2019643,2019643,N,MCAR,MCAR,K30-3,18:58:00,6:58 PM,2040,2,68280,2026-09-14T01:58:48+00:00,0,48,False,nearest_pdf_time_to_static_stop_time
bart_live_20260913_182435,2026-09-13,weekend,2019643,2019643,N,ROCK,ROCK,C10-1,19:01:00,7:01 PM,2040,2,68460,2026-09-14T02:01:30+00:00,0,30,False,nearest_pdf_time_to_static_stop_time
bart_live_20260913_182435,2026-09-13,weekend,2019643,2019643,N,ORIN,ORIN,C20-1,19:06:00,7:06 PM,2040,2,68760,2026-09-14T02:06:51+00:00,0,51,False,nearest_pdf_time_to_static_stop_time
bart_live_20260913_182435,2026-09-13,weekend,2019643,2019643,N,LAFY,LAFY,C30-1,19:11:00,7:11 PM,2040,2,69060,2026-09-14T02:11:39+00:00,0,39,False,nearest_pdf_time_to_static_stop_time
bart_live_20260913_182435,2026-09-13,weekend,2019643,2019643,N,WCRK,WCRK,C40-1,19:15:00,7:15 PM,2040,2,69300,2026-09-14T02:16:18+00:00,0,78,False,nearest_pdf_time_to_static_stop_time
bart_live_20260913_182435,2026-09-13,weekend,2019643,2019643,N,PHIL,PHIL,C50-1,19:18:00,7:18 PM,2040,2,69480,2026-09-14T02:19:09+00:00,0,69,False,nearest_pdf_time_to_static_stop_time
bart_live_20260913_182435,2026-09-13,weekend,2019643,2019643,N,CONC,CONC,C60-1,19:23:00,7:23 PM,2040,2,69780,2026-09-14T02:24:23+00:00,0,83,False,nearest_pdf_time_to_static_stop_time
bart_live_20260913_182435,2026-09-13,weekend,2019643,2019643,N,NCON,NCON,C70-1,19:27:00,7:27 PM,2040,2,70020,2026-09-14T02:28:05+00:00,0,65,False,nearest_pdf_time_to_static_stop_time
bart_live_20260913_182435,2026-09-13,weekend,2019643,2019643,N,PITT,PITT,C80-1,19:34:00,7:34 PM,2040,2,70440,2026-09-14T02:34:43+00:00,0,43,False,nearest_pdf_time_to_static_stop_time
bart_live_20260913_182435,2026-09-13,weekend,2019644,2019644,N,SBRN,SBRN,W30-2,18:32:00,6:32 PM,2094,2,66720,2026-09-14T01:32:56+00:00,0,56,False,nearest_pdf_time_to_static_stop_time
bart_live_20260913_182435,2026-09-13,weekend,2019644,2019644,N,SSAN,SSAN,W20-2,18:35:00,6:35 PM,2094,2,66900,2026-09-14T01:36:08+00:00,0,68,False,nearest_pdf_time_to_static_stop_time
bart_live_20260913_182435,2026-09-13,weekend,2019644,2019644,N,COLM,COLM,W10-2,18:39:00,6:39 PM,2094,2,67140,2026-09-14T01:39:32+00:00,0,32,False,nearest_pdf_time_to_static_stop_time
bart_live_20260913_182435,2026-09-13,weekend,2019644,2019644,N,DALY,DALY,M90-2,18:42:00,6:42 PM,2094,2,67320,2026-09-14T01:43:11+00:00,0,71,False,nearest_pdf_time_to_static_stop_time
bart_live_20260913_182435,2026-09-13,weekend,2019644,2019644,N,BALB,BALB,M80-2,18:46:00,6:46 PM,2094,2,67560,2026-09-14T01:46:53+00:00,0,53,False,nearest_pdf_time_to_static_stop_time
bart_live_20260913_182435,2026-09-13,weekend,2019644,2019644,N,GLEN,GLEN,M70-2,18:48:00,6:48 PM,2094,2,67680,2026-09-14T01:49:11+00:00,0,71,False,nearest_pdf_time_to_static_stop_time
bart_live_20260913_182435,2026-09-13,weekend,2019644,2019644,N,24TH,24TH,M60-2,18:51:00,6:51 PM,2094,2,67860,2026-09-14T01:51:53+00:00,0,53,False,nearest_pdf_time_to_static_stop_time
bart_live_20260913_182435,2026-09-13,weekend,2019644,2019644,N,16TH,16TH,M50-2,18:53:00,6:53 PM,2094,2,67980,2026-09-14T01:53:59+00:00,0,59,False,nearest_pdf_time_to_static_stop_time
bart_live_20260913_182435,2026-09-13,weekend,2019644,2019644,N,CIVC,CIVC,M40-2,18:55:00,6:55 PM,2094,2,68100,2026-09-14T01:56:23+00:00,0,83,False,nearest_pdf_time_to_static_stop_time
bart_live_20260913_182435,2026-09-13,weekend,2019644,2019644,N,POWL,POWL,M30-2,18:57:00,6:57 PM,2094,2,68220,2026-09-14T01:58:05+00:00,0,65,False,nearest_pdf_time_to_static_stop_time
bart_live_20260913_182435,2026-09-13,weekend,2019644,2019644,N,MONT,MONT,M20-2,18:59:00,6:59 PM,2094,2,68340,2026-09-14T01:59:41+00:00,0,41,False,nearest_pdf_time_to_static_stop_time
bart_live_20260913_182435,2026-09-13,weekend,2019644,2019644,N,EMBR,EMBR,M16-2,19:00:00,7:00 PM,2094,2,68400,2026-09-14T02:01:23+00:00,0,83,False,nearest_pdf_time_to_static_stop_time
bart_live_20260913_182435,2026-09-13,weekend,2019644,2019644,N,WOAK,WOAK,M10-2,19:07:00,7:07 PM,2094,2,68820,2026-09-14T02:08:29+00:00,0,89,False,nearest_pdf_time_to_static_stop_time
bart_live_20260913_182435,2026-09-13,weekend,2019644,2019644,N,12TH,12TH,K10-3,19:12:00,7:12 PM,2094,2,69120,2026-09-14T02:13:19+00:00,0,79,False,nearest_pdf_time_to_static_stop_time
bart_live_20260913_182435,2026-09-13,weekend,2019644,2019644,N,19TH,19TH,K20-3,19:14:00,7:14 PM,2094,2,69240,2026-09-14T02:15:13+00:00,0,73,False,nearest_pdf_time_to_static_stop_time
bart_live_20260913_182435,2026-09-13,weekend,2019644,2019644,N,MCAR,MCAR,K30-3,19:18:00,7:18 PM,2094,2,69480,2026-09-14T02:18:48+00:00,0,48,False,nearest_pdf_time_to_static_stop_time
bart_live_20260913_182435,2026-09-13,weekend,2019644,2019644,N,ROCK,ROCK,C10-1,19:21:00,7:21 PM,2094,2,69660,2026-09-14T02:21:30+00:00,0,30,False,nearest_pdf_time_to_static_stop_time
bart_live_20260913_182435,2026-09-13,weekend,2019644,2019644,N,ORIN,ORIN,C20-1,19:26:00,7:26 PM,2094,2,69960,2026-09-14T02:26:51+00:00,0,51,False,nearest_pdf_time_to_static_stop_time
bart_live_20260913_182435,2026-09-13,weekend,2019644,2019644,N,LAFY,LAFY,C30-1,19:31:00,7:31 PM,2094,2,70260,2026-09-14T02:31:39+00:00,0,39,False,nearest_pdf_time_to_static_stop_time
bart_live_20260913_182435,2026-09-13,weekend,2019644,2019644,N,WCRK,WCRK,C40-1,19:35:00,7:35 PM,2094,2,70500,2026-09-14T02:36:18+00:00,0,78,False,nearest_pdf_time_to_static_stop_time
bart_live_20260913_182435,2026-09-13,weekend,2019644,2019644,N,PHIL,PHIL,C50-1,19:38:00,7:38 PM,2094,2,70680,2026-09-14T02:39:09+00:00,0,69,False,nearest_pdf_time_to_static_stop_time
bart_live_20260913_182435,2026-09-13,weekend,2019644,2019644,N,CONC,CONC,C60-1,19:43:00,7:43 PM,2094,2,70980,2026-09-14T02:44:23+00:00,0,83,False,nearest_pdf_time_to_static_stop_time
bart_live_20260913_182435,2026-09-13,weekend,2019644,2019644,N,NCON,NCON,C70-1,19:47:00,7:47 PM,2094,2,71220,2026-09-14T02:48:05+00:00,0,65,False,nearest_pdf_time_to_static_stop_time
bart_live_20260913_182435,2026-09-13,weekend,2019644,2019644,N,PITT,PITT,C80-1,19:54:00,7:54 PM,2094,2,71640,2026-09-14T02:54:43+00:00,0,43,False,nearest_pdf_time_to_static_stop_time
bart_live_20260913_182435,2026-09-13,weekend,2019569,2019569,S,COLM,COLM,W10-1,18:23:00,6:23 PM,1798,1,66180,2026-09-14T01:24:18+00:00,0,78,False,nearest_pdf_time_to_static_stop_time
bart_live_20260913_182435,2026-09-13,weekend,2019569,2019569,S,SSAN,SSAN,W20-1,18:26:00,6:26 PM,1798,1,66360,2026-09-14T01:27:24+00:00,0,84,False,nearest_pdf_time_to_static_stop_time
bart_live_20260913_182435,2026-09-13,weekend,2019569,2019569,S,SBRN,SBRN,W30-1,18:29:00,6:29 PM,1798,1,66540,2026-09-14T01:30:02+00:00,0,62,False,nearest_pdf_time_to_static_stop_time
bart_live_20260913_182435,2026-09-13,weekend,2019645,2019645,N,SBRN,SBRN,W30-2,18:52:00,6:52 PM,2148,2,67920,2026-09-14T01:52:56+00:00,0,56,False,nearest_pdf_time_to_static_stop_time
bart_live_20260913_182435,2026-09-13,weekend,2019645,2019645,N,SSAN,SSAN,W20-2,18:55:00,6:55 PM,2148,2,68100,2026-09-14T01:56:08+00:00,0,68,False,nearest_pdf_time_to_static_stop_time
bart_live_20260913_182435,2026-09-13,weekend,2019645,2019645,N,COLM,COLM,W10-2,18:59:00,6:59 PM,2148,2,68340,2026-09-14T01:59:32+00:00,0,32,False,nearest_pdf_time_to_static_stop_time
bart_live_20260913_182435,2026-09-13,weekend,2019645,2019645,N,DALY,DALY,M90-2,19:02:00,7:02 PM,2148,2,68520,2026-09-14T02:03:11+00:00,0,71,False,nearest_pdf_time_to_static_stop_time
bart_live_20260913_182435,2026-09-13,weekend,2019645,2019645,N,BALB,BALB,M80-2,19:06:00,7:06 PM,2148,2,68760,2026-09-14T02:06:53+00:00,0,53,False,nearest_pdf_time_to_static_stop_time
bart_live_20260913_182435,2026-09-13,weekend,2019645,2019645,N,GLEN,GLEN,M70-2,19:08:00,7:08 PM,2148,2,68880,2026-09-14T02:09:11+00:00,0,71,False,nearest_pdf_time_to_static_stop_time
bart_live_20260913_182435,2026-09-13,weekend,2019645,2019645,N,24TH,24TH,M60-2,19:11:00,7:11 PM,2148,2,69060,2026-09-14T02:11:53+00:00,0,53,False,nearest_pdf_time_to_static_stop_time
bart_live_20260913_182435,2026-09-13,weekend,2019645,2019645,N,16TH,16TH,M50-2,19:13:00,7:13 PM,2148,2,69180,2026-09-14T02:13:59+00:00,0,59,False,nearest_pdf_time_to_static_stop_time
bart_live_20260913_182435,2026-09-13,weekend,2019645,2019645,N,CIVC,CIVC,M40-2,19:15:00,7:15 PM,2148,2,69300,2026-09-14T02:16:23+00:00,0,83,False,nearest_pdf_time_to_static_stop_time
bart_live_20260913_182435,2026-09-13,weekend,2019645,2019645,N,POWL,POWL,M30-2,19:17:00,7:17 PM,2148,2,69420,2026-09-14T02:18:05+00:00,0,65,False,nearest_pdf_time_to_static_stop_time
bart_live_20260913_182435,2026-09-13,weekend,2019645,2019645,N,MONT,MONT,M20-2,19:19:00,7:19 PM,2148,2,69540,2026-09-14T02:19:41+00:00,0,41,False,nearest_pdf_time_to_static_stop_time
bart_live_20260913_182435,2026-09-13,weekend,2019645,2019645,N,EMBR,EMBR,M16-2,19:20:00,7:20 PM,2148,2,69600,2026-09-14T02:21:23+00:00,0,83,False,nearest_pdf_time_to_static_stop_time
bart_live_20260913_182435,2026-09-13,weekend,2019645,2019645,N,WOAK,WOAK,M10-2,19:27:00,7:27 PM,2148,2,70020,2026-09-14T02:28:29+00:00,0,89,False,nearest_pdf_time_to_static_stop_time
bart_live_20260913_182435,2026-09-13,weekend,2019645,2019645,N,12TH,12TH,K10-3,19:32:00,7:32 PM,2148,2,70320,2026-09-14T02:33:19+00:00,0,79,False,nearest_pdf_time_to_static_stop_time
bart_live_20260913_182435,2026-09-13,weekend,2019645,2019645,N,19TH,19TH,K20-3,19:34:00,7:34 PM,2148,2,70440,2026-09-14T02:35:13+00:00,0,73,False,nearest_pdf_time_to_static_stop_time
bart_live_20260913_182435,2026-09-13,weekend,2019645,2019645,N,MCAR,MCAR,K30-3,19:38:00,7:38 PM,2148,2,70680,2026-09-14T02:38:48+00:00,0,48,False,nearest_pdf_time_to_static_stop_time
bart_live_20260913_182435,2026-09-13,weekend,2019645,2019645,N,ROCK,ROCK,C10-1,19:41:00,7:41 PM,2148,2,70860,2026-09-14T02:41:30+00:00,0,30,False,nearest_pdf_time_to_static_stop_time
bart_live_20260913_182435,2026-09-13,weekend,2019645,2019645,N,ORIN,ORIN,C20-1,19:46:00,7:46 PM,2148,2,71160,2026-09-14T02:46:51+00:00,0,51,False,nearest_pdf_time_to_static_stop_time
bart_live_20260913_182435,2026-09-13,weekend,2019645,2019645,N,LAFY,LAFY,C30-1,19:51:00,7:51 PM,2148,2,71460,2026-09-14T02:51:39+00:00,0,39,False,nearest_pdf_time_to_static_stop_time
bart_live_20260913_182435,2026-09-13,weekend,2019645,2019645,N,WCRK,WCRK,C40-1,19:55:00,7:55 PM,2148,2,71700,2026-09-14T02:56:18+00:00,0,78,False,nearest_pdf_time_to_static_stop_time
bart_live_20260913_182435,2026-09-13,weekend,2019645,2019645,N,PHIL,PHIL,C50-1,19:58:00,7:58 PM,2148,2,71880,2026-09-14T02:59:09+00:00,0,69,False,nearest_pdf_time_to_static_stop_time
bart_live_20260913_182435,2026-09-13,weekend,2019645,2019645,N,CONC,CONC,C60-1,20:03:00,8:03 PM,2148,2,72180,2026-09-14T03:04:23+00:00,0,83,False,nearest_pdf_time_to_static_stop_time
bart_live_20260913_182435,2026-09-13,weekend,2019645,2019645,N,NCON,NCON,C70-1,20:07:00,8:07 PM,2148,2,72420,2026-09-14T03:08:05+00:00,0,65,False,nearest_pdf_time_to_static_stop_time
bart_live_20260913_182435,2026-09-13,weekend,2019645,2019645,N,PITT,PITT,C80-1,20:14:00,8:14 PM,2148,2,72840,2026-09-14T03:14:43+00:00,0,43,False,nearest_pdf_time_to_static_stop_time
bart_live_20260913_182435,2026-09-13,weekend,2019570,2019570,S,POWL,POWL,M30-1,18:23:00,6:23 PM,1852,1,66180,2026-09-14T01:25:00+00:00,0,120,False,nearest_pdf_time_to_static_stop_time
bart_live_20260913_182435,2026-09-13,weekend,2019570,2019570,S,CIVC,CIVC,M40-1,18:25:00,6:25 PM,1852,1,66300,2026-09-14T01:26:02+00:00,0,62,False,nearest_pdf_time_to_static_stop_time
bart_live_20260913_182435,2026-09-13,weekend,2019570,2019570,S,16TH,16TH,M50-1,18:27:00,6:27 PM,1852,1,66420,2026-09-14T01:28:23+00:00,0,83,False,nearest_pdf_time_to_static_stop_time
bart_live_20260913_182435,2026-09-13,weekend,2019570,2019570,S,24TH,24TH,M60-1,18:29:00,6:29 PM,1852,1,66540,2026-09-14T01:30:23+00:00,0,83,False,nearest_pdf_time_to_static_stop_time
bart_live_20260913_182435,2026-09-13,weekend,2019570,2019570,S,GLEN,GLEN,M70-1,18:32:00,6:32 PM,1852,1,66720,2026-09-14T01:33:11+00:00,0,71,False,nearest_pdf_time_to_static_stop_time
bart_live_20260913_182435,2026-09-13,weekend,2019570,2019570,S,BALB,BALB,M80-1,18:34:00,6:34 PM,1852,1,66840,2026-09-14T01:35:29+00:00,0,89,False,nearest_pdf_time_to_static_stop_time
bart_live_20260913_182435,2026-09-13,weekend,2019570,2019570,S,DALY,DALY,M90-1,18:39:00,6:39 PM,1852,1,67140,2026-09-14T01:39:56+00:00,0,56,False,nearest_pdf_time_to_static_stop_time
bart_live_20260913_182435,2026-09-13,weekend,2019570,2019570,S,COLM,COLM,W10-1,18:43:00,6:43 PM,1852,1,67380,2026-09-14T01:43:50+00:00,0,50,False,nearest_pdf_time_to_static_stop_time
bart_live_20260913_182435,2026-09-13,weekend,2019570,2019570,S,SSAN,SSAN,W20-1,18:46:00,6:46 PM,1852,1,67560,2026-09-14T01:46:50+00:00,0,50,False,nearest_pdf_time_to_static_stop_time
bart_live_20260913_182435,2026-09-13,weekend,2019570,2019570,S,SBRN,SBRN,W30-1,18:49:00,6:49 PM,1852,1,67740,2026-09-14T01:50:02+00:00,0,62,False,nearest_pdf_time_to_static_stop_time
bart_live_20260913_182435,2026-09-13,weekend,2019571,2019571,S,MCAR,MCAR,K30-4,18:23:00,6:23 PM,1906,1,66180,2026-09-14T01:24:20+00:00,0,80,False,nearest_pdf_time_to_static_stop_time
bart_live_20260913_182435,2026-09-13,weekend,2019571,2019571,S,19TH,19TH,K20-2,18:27:00,6:27 PM,1906,1,66420,2026-09-14T01:27:42+00:00,0,42,False,nearest_pdf_time_to_static_stop_time
bart_live_20260913_182435,2026-09-13,weekend,2019571,2019571,S,12TH,12TH,K10-2,18:29:00,6:29 PM,1906,1,66540,2026-09-14T01:29:41+00:00,0,41,False,nearest_pdf_time_to_static_stop_time
bart_live_20260913_182435,2026-09-13,weekend,2019571,2019571,S,WOAK,WOAK,M10-1,18:33:00,6:33 PM,1906,1,66780,2026-09-14T01:34:11+00:00,0,71,False,nearest_pdf_time_to_static_stop_time
bart_live_20260913_182435,2026-09-13,weekend,2019571,2019571,S,EMBR,EMBR,M16-1,18:40:00,6:40 PM,1906,1,67200,2026-09-14T01:41:11+00:00,0,71,False,nearest_pdf_time_to_static_stop_time
bart_live_20260913_182435,2026-09-13,weekend,2019571,2019571,S,MONT,MONT,M20-1,18:42:00,6:42 PM,1906,1,67320,2026-09-14T01:42:47+00:00,0,47,False,nearest_pdf_time_to_static_stop_time
bart_live_20260913_182435,2026-09-13,weekend,2019571,2019571,S,POWL,POWL,M30-1,18:43:00,6:43 PM,1906,1,67380,2026-09-14T01:44:29+00:00,0,89,False,nearest_pdf_time_to_static_stop_time
bart_live_20260913_182435,2026-09-13,weekend,2019571,2019571,S,CIVC,CIVC,M40-1,18:45:00,6:45 PM,1906,1,67500,2026-09-14T01:46:05+00:00,0,65,False,nearest_pdf_time_to_static_stop_time
bart_live_20260913_182435,2026-09-13,weekend,2019571,2019571,S,16TH,16TH,M50-1,18:47:00,6:47 PM,1906,1,67620,2026-09-14T01:48:23+00:00,0,83,False,nearest_pdf_time_to_static_stop_time
bart_live_20260913_182435,2026-09-13,weekend,2019571,2019571,S,24TH,24TH,M60-1,18:49:00,6:49 PM,1906,1,67740,2026-09-14T01:50:23+00:00,0,83,False,nearest_pdf_time_to_static_stop_time
bart_live_20260913_182435,2026-09-13,weekend,2019571,2019571,S,GLEN,GLEN,M70-1,18:52:00,6:52 PM,1906,1,67920,2026-09-14T01:53:11+00:00,0,71,False,nearest_pdf_time_to_static_stop_time
bart_live_20260913_182435,2026-09-13,weekend,2019571,2019571,S,BALB,BALB,M80-1,18:54:00,6:54 PM,1906,1,68040,2026-09-14T01:55:29+00:00,0,89,False,nearest_pdf_time_to_static_stop_time
bart_live_20260913_182435,2026-09-13,weekend,2019571,2019571,S,DALY,DALY,M90-1,18:59:00,6:59 PM,1906,1,68340,2026-09-14T01:59:56+00:00,0,56,False,nearest_pdf_time_to_static_stop_time
bart_live_20260913_182435,2026-09-13,weekend,2019571,2019571,S,COLM,COLM,W10-1,19:03:00,7:03 PM,1906,1,68580,2026-09-14T02:03:50+00:00,0,50,False,nearest_pdf_time_to_static_stop_time
bart_live_20260913_182435,2026-09-13,weekend,2019571,2019571,S,SSAN,SSAN,W20-1,19:06:00,7:06 PM,1906,1,68760,2026-09-14T02:06:50+00:00,0,50,False,nearest_pdf_time_to_static_stop_time
bart_live_20260913_182435,2026-09-13,weekend,2019571,2019571,S,SBRN,SBRN,W30-1,19:09:00,7:09 PM,1906,1,68940,2026-09-14T02:10:02+00:00,0,62,False,nearest_pdf_time_to_static_stop_time
bart_live_20260913_182435,2026-09-13,weekend,2019572,2019572,S,WCRK,WCRK,C40-2,18:24:00,6:24 PM,1960,1,66240,2026-09-14T01:25:33+00:00,0,93,False,nearest_pdf_time_to_static_stop_time
bart_live_20260913_182435,2026-09-13,weekend,2019572,2019572,S,LAFY,LAFY,C30-2,18:29:00,6:29 PM,1960,1,66540,2026-09-14T01:29:42+00:00,0,42,False,nearest_pdf_time_to_static_stop_time
bart_live_20260913_182435,2026-09-13,weekend,2019572,2019572,S,ORIN,ORIN,C20-2,18:34:00,6:34 PM,1960,1,66840,2026-09-14T01:34:37+00:00,0,37,False,nearest_pdf_time_to_static_stop_time
bart_live_20260913_182435,2026-09-13,weekend,2019572,2019572,S,ROCK,ROCK,C10-2,18:39:00,6:39 PM,1960,1,67140,2026-09-14T01:40:22+00:00,0,82,False,nearest_pdf_time_to_static_stop_time
bart_live_20260913_182435,2026-09-13,weekend,2019572,2019572,S,MCAR,MCAR,K30-4,18:43:00,6:43 PM,1960,1,67380,2026-09-14T01:43:48+00:00,0,48,False,nearest_pdf_time_to_static_stop_time
bart_live_20260913_182435,2026-09-13,weekend,2019572,2019572,S,19TH,19TH,K20-2,18:47:00,6:47 PM,1960,1,67620,2026-09-14T01:47:35+00:00,0,35,False,nearest_pdf_time_to_static_stop_time
bart_live_20260913_182435,2026-09-13,weekend,2019572,2019572,S,12TH,12TH,K10-2,18:49:00,6:49 PM,1960,1,67740,2026-09-14T01:49:41+00:00,0,41,False,nearest_pdf_time_to_static_stop_time
bart_live_20260913_182435,2026-09-13,weekend,2019572,2019572,S,WOAK,WOAK,M10-1,18:53:00,6:53 PM,1960,1,67980,2026-09-14T01:54:11+00:00,0,71,False,nearest_pdf_time_to_static_stop_time
bart_live_20260913_182435,2026-09-13,weekend,2019572,2019572,S,EMBR,EMBR,M16-1,19:00:00,7:00 PM,1960,1,68400,2026-09-14T02:01:11+00:00,0,71,False,nearest_pdf_time_to_static_stop_time
bart_live_20260913_182435,2026-09-13,weekend,2019572,2019572,S,MONT,MONT,M20-1,19:02:00,7:02 PM,1960,1,68520,2026-09-14T02:02:47+00:00,0,47,False,nearest_pdf_time_to_static_stop_time
bart_live_20260913_182435,2026-09-13,weekend,2019572,2019572,S,POWL,POWL,M30-1,19:03:00,7:03 PM,1960,1,68580,2026-09-14T02:04:29+00:00,0,89,False,nearest_pdf_time_to_static_stop_time
bart_live_20260913_182435,2026-09-13,weekend,2019572,2019572,S,CIVC,CIVC,M40-1,19:05:00,7:05 PM,1960,1,68700,2026-09-14T02:06:05+00:00,0,65,False,nearest_pdf_time_to_static_stop_time
bart_live_20260913_182435,2026-09-13,weekend,2019572,2019572,S,16TH,16TH,M50-1,19:07:00,7:07 PM,1960,1,68820,2026-09-14T02:08:23+00:00,0,83,False,nearest_pdf_time_to_static_stop_time
bart_live_20260913_182435,2026-09-13,weekend,2019572,2019572,S,24TH,24TH,M60-1,19:09:00,7:09 PM,1960,1,68940,2026-09-14T02:10:23+00:00,0,83,False,nearest_pdf_time_to_static_stop_time
bart_live_20260913_182435,2026-09-13,weekend,2019572,2019572,S,GLEN,GLEN,M70-1,19:12:00,7:12 PM,1960,1,69120,2026-09-14T02:13:11+00:00,0,71,False,nearest_pdf_time_to_static_stop_time
bart_live_20260913_182435,2026-09-13,weekend,2019572,2019572,S,BALB,BALB,M80-1,19:14:00,7:14 PM,1960,1,69240,2026-09-14T02:15:29+00:00,0,89,False,nearest_pdf_time_to_static_stop_time
bart_live_20260913_182435,2026-09-13,weekend,2019572,2019572,S,DALY,DALY,M90-1,19:19:00,7:19 PM,1960,1,69540,2026-09-14T02:19:56+00:00,0,56,False,nearest_pdf_time_to_static_stop_time
bart_live_20260913_182435,2026-09-13,weekend,2019572,2019572,S,COLM,COLM,W10-1,19:23:00,7:23 PM,1960,1,69780,2026-09-14T02:23:50+00:00,0,50,False,nearest_pdf_time_to_static_stop_time
bart_live_20260913_182435,2026-09-13,weekend,2019572,2019572,S,SSAN,SSAN,W20-1,19:26:00,7:26 PM,1960,1,69960,2026-09-14T02:26:50+00:00,0,50,False,nearest_pdf_time_to_static_stop_time
bart_live_20260913_182435,2026-09-13,weekend,2019572,2019572,S,SBRN,SBRN,W30-1,19:29:00,7:29 PM,1960,1,70140,2026-09-14T02:30:02+00:00,0,62,False,nearest_pdf_time_to_static_stop_time
bart_live_20260913_182435,2026-09-13,weekend,2019573,2019573,S,PITT,PITT,C80-2,18:26:00,6:26 PM,2014,1,66360,2026-09-14T01:26:39+00:00,0,39,False,nearest_pdf_time_to_static_stop_time
bart_live_20260913_182435,2026-09-13,weekend,2019573,2019573,S,NCON,NCON,C70-2,18:32:00,6:32 PM,2014,1,66720,2026-09-14T01:33:02+00:00,0,62,False,nearest_pdf_time_to_static_stop_time
bart_live_20260913_182435,2026-09-13,weekend,2019573,2019573,S,CONC,CONC,C60-2,18:36:00,6:36 PM,2014,1,66960,2026-09-14T01:36:57+00:00,0,57,False,nearest_pdf_time_to_static_stop_time
bart_live_20260913_182435,2026-09-13,weekend,2019573,2019573,S,PHIL,PHIL,C50-2,18:41:00,6:41 PM,2014,1,67260,2026-09-14T01:42:03+00:00,0,63,False,nearest_pdf_time_to_static_stop_time
bart_live_20260913_182435,2026-09-13,weekend,2019573,2019573,S,WCRK,WCRK,C40-2,18:44:00,6:44 PM,2014,1,67440,2026-09-14T01:45:01+00:00,0,61,False,nearest_pdf_time_to_static_stop_time
bart_live_20260913_182435,2026-09-13,weekend,2019573,2019573,S,LAFY,LAFY,C30-2,18:49:00,6:49 PM,2014,1,67740,2026-09-14T01:49:42+00:00,0,42,False,nearest_pdf_time_to_static_stop_time
bart_live_20260913_182435,2026-09-13,weekend,2019573,2019573,S,ORIN,ORIN,C20-2,18:54:00,6:54 PM,2014,1,68040,2026-09-14T01:54:37+00:00,0,37,False,nearest_pdf_time_to_static_stop_time
bart_live_20260913_182435,2026-09-13,weekend,2019573,2019573,S,ROCK,ROCK,C10-2,18:59:00,6:59 PM,2014,1,68340,2026-09-14T02:00:22+00:00,0,82,False,nearest_pdf_time_to_static_stop_time
bart_live_20260913_182435,2026-09-13,weekend,2019573,2019573,S,MCAR,MCAR,K30-4,19:03:00,7:03 PM,2014,1,68580,2026-09-14T02:03:48+00:00,0,48,False,nearest_pdf_time_to_static_stop_time
bart_live_20260913_182435,2026-09-13,weekend,2019573,2019573,S,19TH,19TH,K20-2,19:07:00,7:07 PM,2014,1,68820,2026-09-14T02:07:35+00:00,0,35,False,nearest_pdf_time_to_static_stop_time
bart_live_20260913_182435,2026-09-13,weekend,2019573,2019573,S,12TH,12TH,K10-2,19:09:00,7:09 PM,2014,1,68940,2026-09-14T02:09:41+00:00,0,41,False,nearest_pdf_time_to_static_stop_time
bart_live_20260913_182435,2026-09-13,weekend,2019573,2019573,S,WOAK,WOAK,M10-1,19:13:00,7:13 PM,2014,1,69180,2026-09-14T02:14:11+00:00,0,71,False,nearest_pdf_time_to_static_stop_time
bart_live_20260913_182435,2026-09-13,weekend,2019573,2019573,S,EMBR,EMBR,M16-1,19:20:00,7:20 PM,2014,1,69600,2026-09-14T02:21:11+00:00,0,71,False,nearest_pdf_time_to_static_stop_time
bart_live_20260913_182435,2026-09-13,weekend,2019573,2019573,S,MONT,MONT,M20-1,19:22:00,7:22 PM,2014,1,69720,2026-09-14T02:22:47+00:00,0,47,False,nearest_pdf_time_to_static_stop_time
bart_live_20260913_182435,2026-09-13,weekend,2019573,2019573,S,POWL,POWL,M30-1,19:23:00,7:23 PM,2014,1,69780,2026-09-14T02:24:29+00:00,0,89,False,nearest_pdf_time_to_static_stop_time
bart_live_20260913_182435,2026-09-13,weekend,2019573,2019573,S,CIVC,CIVC,M40-1,19:25:00,7:25 PM,2014,1,69900,2026-09-14T02:26:05+00:00,0,65,False,nearest_pdf_time_to_static_stop_time
bart_live_20260913_182435,2026-09-13,weekend,2019573,2019573,S,16TH,16TH,M50-1,19:27:00,7:27 PM,2014,1,70020,2026-09-14T02:28:23+00:00,0,83,False,nearest_pdf_time_to_static_stop_time
bart_live_20260913_182435,2026-09-13,weekend,2019573,2019573,S,24TH,24TH,M60-1,19:29:00,7:29 PM,2014,1,70140,2026-09-14T02:30:23+00:00,0,83,False,nearest_pdf_time_to_static_stop_time
bart_live_20260913_182435,2026-09-13,weekend,2019573,2019573,S,GLEN,GLEN,M70-1,19:32:00,7:32 PM,2014,1,70320,2026-09-14T02:33:11+00:00,0,71,False,nearest_pdf_time_to_static_stop_time
bart_live_20260913_182435,2026-09-13,weekend,2019573,2019573,S,BALB,BALB,M80-1,19:34:00,7:34 PM,2014,1,70440,2026-09-14T02:35:29+00:00,0,89,False,nearest_pdf_time_to_static_stop_time
bart_live_20260913_182435,2026-09-13,weekend,2019573,2019573,S,DALY,DALY,M90-1,19:39:00,7:39 PM,2014,1,70740,2026-09-14T02:39:56+00:00,0,56,False,nearest_pdf_time_to_static_stop_time
bart_live_20260913_182435,2026-09-13,weekend,2019573,2019573,S,COLM,COLM,W10-1,19:43:00,7:43 PM,2014,1,70980,2026-09-14T02:43:50+00:00,0,50,False,nearest_pdf_time_to_static_stop_time
bart_live_20260913_182435,2026-09-13,weekend,2019573,2019573,S,SSAN,SSAN,W20-1,19:46:00,7:46 PM,2014,1,71160,2026-09-14T02:46:50+00:00,0,50,False,nearest_pdf_time_to_static_stop_time
bart_live_20260913_182435,2026-09-13,weekend,2019573,2019573,S,SBRN,SBRN,W30-1,19:49:00,7:49 PM,2014,1,71340,2026-09-14T02:50:02+00:00,0,62,False,nearest_pdf_time_to_static_stop_time
bart_live_20260913_182435,2026-09-13,weekend,2019640,2019640,N,CONC,CONC,C60-1,18:23:00,6:23 PM,1878,2,66180,2026-09-14T01:25:01+00:00,0,121,False,nearest_pdf_time_to_static_stop_time
bart_live_20260913_182435,2026-09-13,weekend,2019640,2019640,N,NCON,NCON,C70-1,18:27:00,6:27 PM,1878,2,66420,2026-09-14T01:28:04+00:00,0,64,False,nearest_pdf_time_to_static_stop_time
bart_live_20260913_182435,2026-09-13,weekend,2019640,2019640,N,PITT,PITT,C80-1,18:34:00,6:34 PM,1878,2,66840,2026-09-14T01:34:43+00:00,0,43,False,nearest_pdf_time_to_static_stop_time
bart_live_20260913_182435,2026-09-13,weekend,2019532,2019532,S,PITT,PITT,C80-2,18:46:00,6:46 PM,2068,1,67560,2026-09-14T01:46:39+00:00,0,39,False,nearest_pdf_time_to_static_stop_time
bart_live_20260913_182435,2026-09-13,weekend,2019532,2019532,S,NCON,NCON,C70-2,18:52:00,6:52 PM,2068,1,67920,2026-09-14T01:53:02+00:00,0,62,False,nearest_pdf_time_to_static_stop_time
bart_live_20260913_182435,2026-09-13,weekend,2019532,2019532,S,CONC,CONC,C60-2,18:56:00,6:56 PM,2068,1,68160,2026-09-14T01:56:57+00:00,0,57,False,nearest_pdf_time_to_static_stop_time
bart_live_20260913_182435,2026-09-13,weekend,2019532,2019532,S,PHIL,PHIL,C50-2,19:01:00,7:01 PM,2068,1,68460,2026-09-14T02:02:03+00:00,0,63,False,nearest_pdf_time_to_static_stop_time
bart_live_20260913_182435,2026-09-13,weekend,2019532,2019532,S,WCRK,WCRK,C40-2,19:04:00,7:04 PM,2068,1,68640,2026-09-14T02:05:01+00:00,0,61,False,nearest_pdf_time_to_static_stop_time
bart_live_20260913_182435,2026-09-13,weekend,2019532,2019532,S,LAFY,LAFY,C30-2,19:09:00,7:09 PM,2068,1,68940,2026-09-14T02:09:42+00:00,0,42,False,nearest_pdf_time_to_static_stop_time
bart_live_20260913_182435,2026-09-13,weekend,2019532,2019532,S,ORIN,ORIN,C20-2,19:14:00,7:14 PM,2068,1,69240,2026-09-14T02:14:37+00:00,0,37,False,nearest_pdf_time_to_static_stop_time
bart_live_20260913_182435,2026-09-13,weekend,2019532,2019532,S,ROCK,ROCK,C10-2,19:19:00,7:19 PM,2068,1,69540,2026-09-14T02:20:22+00:00,0,82,False,nearest_pdf_time_to_static_stop_time
bart_live_20260913_182435,2026-09-13,weekend,2019532,2019532,S,MCAR,MCAR,K30-4,19:23:00,7:23 PM,2068,1,69780,2026-09-14T02:23:48+00:00,0,48,False,nearest_pdf_time_to_static_stop_time
bart_live_20260913_182435,2026-09-13,weekend,2019532,2019532,S,19TH,19TH,K20-2,19:27:00,7:27 PM,2068,1,70020,2026-09-14T02:27:35+00:00,0,35,False,nearest_pdf_time_to_static_stop_time
bart_live_20260913_182435,2026-09-13,weekend,2019532,2019532,S,12TH,12TH,K10-2,19:29:00,7:29 PM,2068,1,70140,2026-09-14T02:29:41+00:00,0,41,False,nearest_pdf_time_to_static_stop_time
bart_live_20260913_182435,2026-09-13,weekend,2019532,2019532,S,WOAK,WOAK,M10-1,19:33:00,7:33 PM,2068,1,70380,2026-09-14T02:34:11+00:00,0,71,False,nearest_pdf_time_to_static_stop_time
bart_live_20260913_182435,2026-09-13,weekend,2019532,2019532,S,EMBR,EMBR,M16-1,19:40:00,7:40 PM,2068,1,70800,2026-09-14T02:41:11+00:00,0,71,False,nearest_pdf_time_to_static_stop_time
bart_live_20260913_182435,2026-09-13,weekend,2019532,2019532,S,MONT,MONT,M20-1,19:42:00,7:42 PM,2068,1,70920,2026-09-14T02:42:47+00:00,0,47,False,nearest_pdf_time_to_static_stop_time
bart_live_20260913_182435,2026-09-13,weekend,2019532,2019532,S,POWL,POWL,M30-1,19:43:00,7:43 PM,2068,1,70980,2026-09-14T02:44:29+00:00,0,89,False,nearest_pdf_time_to_static_stop_time
bart_live_20260913_182435,2026-09-13,weekend,2019532,2019532,S,CIVC,CIVC,M40-1,19:45:00,7:45 PM,2068,1,71100,2026-09-14T02:46:05+00:00,0,65,False,nearest_pdf_time_to_static_stop_time
bart_live_20260913_182435,2026-09-13,weekend,2019532,2019532,S,16TH,16TH,M50-1,19:47:00,7:47 PM,2068,1,71220,2026-09-14T02:48:23+00:00,0,83,False,nearest_pdf_time_to_static_stop_time
bart_live_20260913_182435,2026-09-13,weekend,2019532,2019532,S,24TH,24TH,M60-1,19:49:00,7:49 PM,2068,1,71340,2026-09-14T02:50:23+00:00,0,83,False,nearest_pdf_time_to_static_stop_time
bart_live_20260913_182435,2026-09-13,weekend,2019532,2019532,S,GLEN,GLEN,M70-1,19:52:00,7:52 PM,2068,1,71520,2026-09-14T02:53:11+00:00,0,71,False,nearest_pdf_time_to_static_stop_time
bart_live_20260913_182435,2026-09-13,weekend,2019532,2019532,S,BALB,BALB,M80-1,19:54:00,7:54 PM,2068,1,71640,2026-09-14T02:55:29+00:00,0,89,False,nearest_pdf_time_to_static_stop_time
bart_live_20260913_182435,2026-09-13,weekend,2019532,2019532,S,DALY,DALY,M90-1,19:59:00,7:59 PM,2068,1,71940,2026-09-14T02:59:56+00:00,0,56,False,nearest_pdf_time_to_static_stop_time
bart_live_20260913_182435,2026-09-13,weekend,2019532,2019532,S,COLM,COLM,W10-1,20:03:00,8:03 PM,2068,1,72180,2026-09-14T03:03:50+00:00,0,50,False,nearest_pdf_time_to_static_stop_time
bart_live_20260913_182435,2026-09-13,weekend,2019532,2019532,S,SSAN,SSAN,W20-1,20:06:00,8:06 PM,2068,1,72360,2026-09-14T03:06:50+00:00,0,50,False,nearest_pdf_time_to_static_stop_time
bart_live_20260913_182435,2026-09-13,weekend,2019532,2019532,S,SBRN,SBRN,W30-1,20:09:00,8:09 PM,2068,1,72540,2026-09-14T03:10:02+00:00,0,62,False,nearest_pdf_time_to_static_stop_time
bart_live_20260913_201652,2026-09-13,weekend,2019533,2019533,S,DALY,DALY,M90-1,20:19:00,8:19 PM,2122,1,73140,2026-09-14T03:20:57+00:00,0,117,False,nearest_pdf_time_to_static_stop_time
bart_live_20260913_201652,2026-09-13,weekend,2019533,2019533,S,COLM,COLM,W10-1,20:23:00,8:23 PM,2122,1,73380,2026-09-14T03:24:36+00:00,0,96,False,nearest_pdf_time_to_static_stop_time
bart_live_20260913_201652,2026-09-13,weekend,2019533,2019533,S,SSAN,SSAN,W20-1,20:26:00,8:26 PM,2122,1,73560,2026-09-14T03:27:30+00:00,0,90,False,nearest_pdf_time_to_static_stop_time
bart_live_20260913_201652,2026-09-13,weekend,2019533,2019533,S,SBRN,SBRN,W30-1,20:29:00,8:29 PM,2122,1,73740,2026-09-14T03:30:37+00:00,0,97,False,nearest_pdf_time_to_static_stop_time
bart_live_20260913_201652,2026-09-13,weekend,2019651,2019651,N,SBRN,SBRN,W30-2,20:52:00,8:52 PM,2472,2,75120,2026-09-14T03:52:56+00:00,0,56,False,nearest_pdf_time_to_static_stop_time
bart_live_20260913_201652,2026-09-13,weekend,2019651,2019651,N,SSAN,SSAN,W20-2,20:55:00,8:55 PM,2472,2,75300,2026-09-14T03:56:08+00:00,0,68,False,nearest_pdf_time_to_static_stop_time
bart_live_20260913_201652,2026-09-13,weekend,2019651,2019651,N,COLM,COLM,W10-2,20:59:00,8:59 PM,2472,2,75540,2026-09-14T03:59:32+00:00,0,32,False,nearest_pdf_time_to_static_stop_time
bart_live_20260913_201652,2026-09-13,weekend,2019651,2019651,N,DALY,DALY,M90-2,21:02:00,9:02 PM,2472,2,75720,2026-09-14T04:03:11+00:00,0,71,True,nearest_pdf_time_to_static_stop_time
bart_live_20260913_201652,2026-09-13,weekend,2019651,2019651,N,BALB,BALB,M80-2,21:06:00,9:06 PM,2472,2,75960,2026-09-14T04:06:53+00:00,0,53,True,nearest_pdf_time_to_static_stop_time
bart_live_20260913_201652,2026-09-13,weekend,2019651,2019651,N,GLEN,GLEN,M70-2,21:08:00,9:08 PM,2472,2,76080,2026-09-14T04:09:11+00:00,0,71,True,nearest_pdf_time_to_static_stop_time
bart_live_20260913_201652,2026-09-13,weekend,2019651,2019651,N,24TH,24TH,M60-2,21:11:00,9:11 PM,2472,2,76260,2026-09-14T04:11:53+00:00,0,53,True,nearest_pdf_time_to_static_stop_time
bart_live_20260913_201652,2026-09-13,weekend,2019651,2019651,N,16TH,16TH,M50-2,21:13:00,9:13 PM,2472,2,76380,2026-09-14T04:13:59+00:00,0,59,True,nearest_pdf_time_to_static_stop_time
bart_live_20260913_201652,2026-09-13,weekend,2019651,2019651,N,CIVC,CIVC,M40-2,21:15:00,9:15 PM,2472,2,76500,2026-09-14T04:16:23+00:00,0,83,True,nearest_pdf_time_to_static_stop_time
bart_live_20260913_201652,2026-09-13,weekend,2019651,2019651,N,POWL,POWL,M30-2,21:17:00,9:17 PM,2472,2,76620,2026-09-14T04:18:05+00:00,0,65,True,nearest_pdf_time_to_static_stop_time
bart_live_20260913_201652,2026-09-13,weekend,2019651,2019651,N,MONT,MONT,M20-2,21:19:00,9:19 PM,2472,2,76740,2026-09-14T04:19:41+00:00,0,41,True,nearest_pdf_time_to_static_stop_time
bart_live_20260913_201652,2026-09-13,weekend,2019651,2019651,N,EMBR,EMBR,M16-2,21:20:00,9:20 PM,2472,2,76800,2026-09-14T04:21:23+00:00,0,83,True,nearest_pdf_time_to_static_stop_time
bart_live_20260913_201652,2026-09-13,weekend,2019651,2019651,N,WOAK,WOAK,M10-2,21:27:00,9:27 PM,2472,2,77220,2026-09-14T04:28:29+00:00,0,89,True,nearest_pdf_time_to_static_stop_time
bart_live_20260913_201652,2026-09-13,weekend,2019651,2019651,N,12TH,12TH,K10-3,21:32:00,9:32 PM,2472,2,77520,2026-09-14T04:33:19+00:00,0,79,True,nearest_pdf_time_to_static_stop_time
bart_live_20260913_201652,2026-09-13,weekend,2019651,2019651,N,19TH,19TH,K20-3,21:34:00,9:34 PM,2472,2,77640,2026-09-14T04:35:13+00:00,0,73,True,nearest_pdf_time_to_static_stop_time
bart_live_20260913_201652,2026-09-13,weekend,2019651,2019651,N,MCAR,MCAR,K30-3,21:38:00,9:38 PM,2472,2,77880,2026-09-14T04:38:48+00:00,0,48,True,nearest_pdf_time_to_static_stop_time
bart_live_20260913_201652,2026-09-13,weekend,2019651,2019651,N,ROCK,ROCK,C10-1,21:41:00,9:41 PM,2472,2,78060,2026-09-14T04:41:30+00:00,0,30,True,nearest_pdf_time_to_static_stop_time
bart_live_20260913_201652,2026-09-13,weekend,2019651,2019651,N,ORIN,ORIN,C20-1,21:46:00,9:46 PM,2472,2,78360,2026-09-14T04:46:51+00:00,0,51,True,nearest_pdf_time_to_static_stop_time
bart_live_20260913_201652,2026-09-13,weekend,2019651,2019651,N,LAFY,LAFY,C30-1,21:51:00,9:51 PM,2472,2,78660,2026-09-14T04:51:39+00:00,0,39,True,nearest_pdf_time_to_static_stop_time
bart_live_20260913_201652,2026-09-13,weekend,2019651,2019651,N,WCRK,WCRK,C40-1,21:55:00,9:55 PM,2472,2,78900,2026-09-14T04:56:18+00:00,0,78,True,nearest_pdf_time_to_static_stop_time
bart_live_20260913_201652,2026-09-13,weekend,2019651,2019651,N,PHIL,PHIL,C50-1,21:58:00,9:58 PM,2472,2,79080,2026-09-14T04:59:09+00:00,0,69,True,nearest_pdf_time_to_static_stop_time
bart_live_20260913_201652,2026-09-13,weekend,2019651,2019651,N,CONC,CONC,C60-1,22:03:00,10:03 PM,2472,2,79380,2026-09-14T05:04:23+00:00,0,83,True,nearest_pdf_time_to_static_stop_time
bart_live_20260913_201652,2026-09-13,weekend,2019651,2019651,N,NCON,NCON,C70-1,22:07:00,10:07 PM,2472,2,79620,2026-09-14T05:08:05+00:00,0,65,True,nearest_pdf_time_to_static_stop_time
bart_live_20260913_201652,2026-09-13,weekend,2019651,2019651,N,PITT,PITT,C80-1,22:14:00,10:14 PM,2472,2,80040,2026-09-14T05:14:43+00:00,0,43,True,nearest_pdf_time_to_static_stop_time
bart_live_20260913_201652,2026-09-13,weekend,2019574,2019574,S,EMBR,EMBR,M16-1,20:20:00,8:20 PM,2176,1,73200,2026-09-14T03:22:40+00:00,0,160,False,nearest_pdf_time_to_static_stop_time
bart_live_20260913_201652,2026-09-13,weekend,2019574,2019574,S,MONT,MONT,M20-1,20:22:00,8:22 PM,2176,1,73320,2026-09-14T03:23:43+00:00,0,103,False,nearest_pdf_time_to_static_stop_time
bart_live_20260913_201652,2026-09-13,weekend,2019574,2019574,S,POWL,POWL,M30-1,20:23:00,8:23 PM,2176,1,73380,2026-09-14T03:25:34+00:00,0,154,False,nearest_pdf_time_to_static_stop_time
bart_live_20260913_201652,2026-09-13,weekend,2019574,2019574,S,CIVC,CIVC,M40-1,20:25:00,8:25 PM,2176,1,73500,2026-09-14T03:27:04+00:00,0,124,False,nearest_pdf_time_to_static_stop_time
bart_live_20260913_201652,2026-09-13,weekend,2019574,2019574,S,16TH,16TH,M50-1,20:27:00,8:27 PM,2176,1,73620,2026-09-14T03:28:55+00:00,0,115,False,nearest_pdf_time_to_static_stop_time
bart_live_20260913_201652,2026-09-13,weekend,2019574,2019574,S,24TH,24TH,M60-1,20:29:00,8:29 PM,2176,1,73740,2026-09-14T03:30:53+00:00,0,113,False,nearest_pdf_time_to_static_stop_time
bart_live_20260913_201652,2026-09-13,weekend,2019574,2019574,S,GLEN,GLEN,M70-1,20:32:00,8:32 PM,2176,1,73920,2026-09-14T03:33:44+00:00,0,104,False,nearest_pdf_time_to_static_stop_time
bart_live_20260913_201652,2026-09-13,weekend,2019574,2019574,S,BALB,BALB,M80-1,20:34:00,8:34 PM,2176,1,74040,2026-09-14T03:35:59+00:00,0,119,False,nearest_pdf_time_to_static_stop_time
bart_live_20260913_201652,2026-09-13,weekend,2019574,2019574,S,DALY,DALY,M90-1,20:39:00,8:39 PM,2176,1,74340,2026-09-14T03:39:46+00:00,0,46,False,nearest_pdf_time_to_static_stop_time
bart_live_20260913_201652,2026-09-13,weekend,2019574,2019574,S,COLM,COLM,W10-1,20:43:00,8:43 PM,2176,1,74580,2026-09-14T03:43:50+00:00,0,50,False,nearest_pdf_time_to_static_stop_time
bart_live_20260913_201652,2026-09-13,weekend,2019574,2019574,S,SSAN,SSAN,W20-1,20:46:00,8:46 PM,2176,1,74760,2026-09-14T03:46:50+00:00,0,50,False,nearest_pdf_time_to_static_stop_time
bart_live_20260913_201652,2026-09-13,weekend,2019574,2019574,S,SBRN,SBRN,W30-1,20:49:00,8:49 PM,2176,1,74940,2026-09-14T03:50:02+00:00,0,62,False,nearest_pdf_time_to_static_stop_time
bart_live_20260913_201652,2026-09-13,weekend,2019575,2019575,S,ROCK,ROCK,C10-2,20:19:00,8:19 PM,2232,1,73140,2026-09-14T03:20:56+00:00,0,116,False,nearest_pdf_time_to_static_stop_time
bart_live_20260913_201652,2026-09-13,weekend,2019575,2019575,S,MCAR,MCAR,K30-4,20:23:00,8:23 PM,2232,1,73380,2026-09-14T03:23:48+00:00,0,48,False,nearest_pdf_time_to_static_stop_time
bart_live_20260913_201652,2026-09-13,weekend,2019575,2019575,S,19TH,19TH,K20-2,20:27:00,8:27 PM,2232,1,73620,2026-09-14T03:27:18+00:00,0,18,False,nearest_pdf_time_to_static_stop_time
bart_live_20260913_201652,2026-09-13,weekend,2019575,2019575,S,12TH,12TH,K10-2,20:29:00,8:29 PM,2232,1,73740,2026-09-14T03:29:41+00:00,0,41,False,nearest_pdf_time_to_static_stop_time
bart_live_20260913_201652,2026-09-13,weekend,2019575,2019575,S,WOAK,WOAK,M10-1,20:33:00,8:33 PM,2232,1,73980,2026-09-14T03:34:11+00:00,0,71,False,nearest_pdf_time_to_static_stop_time
bart_live_20260913_201652,2026-09-13,weekend,2019575,2019575,S,EMBR,EMBR,M16-1,20:40:00,8:40 PM,2232,1,74400,2026-09-14T03:41:11+00:00,0,71,False,nearest_pdf_time_to_static_stop_time
bart_live_20260913_201652,2026-09-13,weekend,2019575,2019575,S,MONT,MONT,M20-1,20:42:00,8:42 PM,2232,1,74520,2026-09-14T03:42:47+00:00,0,47,False,nearest_pdf_time_to_static_stop_time
bart_live_20260913_201652,2026-09-13,weekend,2019575,2019575,S,POWL,POWL,M30-1,20:43:00,8:43 PM,2232,1,74580,2026-09-14T03:44:29+00:00,0,89,False,nearest_pdf_time_to_static_stop_time
bart_live_20260913_201652,2026-09-13,weekend,2019575,2019575,S,CIVC,CIVC,M40-1,20:45:00,8:45 PM,2232,1,74700,2026-09-14T03:46:05+00:00,0,65,False,nearest_pdf_time_to_static_stop_time
bart_live_20260913_201652,2026-09-13,weekend,2019575,2019575,S,16TH,16TH,M50-1,20:47:00,8:47 PM,2232,1,74820,2026-09-14T03:48:23+00:00,0,83,False,nearest_pdf_time_to_static_stop_time
bart_live_20260913_201652,2026-09-13,weekend,2019575,2019575,S,24TH,24TH,M60-1,20:49:00,8:49 PM,2232,1,74940,2026-09-14T03:50:23+00:00,0,83,False,nearest_pdf_time_to_static_stop_time
bart_live_20260913_201652,2026-09-13,weekend,2019575,2019575,S,GLEN,GLEN,M70-1,20:52:00,8:52 PM,2232,1,75120,2026-09-14T03:53:11+00:00,0,71,False,nearest_pdf_time_to_static_stop_time
bart_live_20260913_201652,2026-09-13,weekend,2019575,2019575,S,BALB,BALB,M80-1,20:54:00,8:54 PM,2232,1,75240,2026-09-14T03:55:29+00:00,0,89,False,nearest_pdf_time_to_static_stop_time
bart_live_20260913_201652,2026-09-13,weekend,2019575,2019575,S,DALY,DALY,M90-1,20:59:00,8:59 PM,2232,1,75540,2026-09-14T03:59:56+00:00,0,56,False,nearest_pdf_time_to_static_stop_time
bart_live_20260913_201652,2026-09-13,weekend,2019575,2019575,S,COLM,COLM,W10-1,21:03:00,9:03 PM,2232,1,75780,2026-09-14T04:03:50+00:00,0,50,True,nearest_pdf_time_to_static_stop_time
bart_live_20260913_201652,2026-09-13,weekend,2019575,2019575,S,SSAN,SSAN,W20-1,21:06:00,9:06 PM,2232,1,75960,2026-09-14T04:06:50+00:00,0,50,True,nearest_pdf_time_to_static_stop_time
bart_live_20260913_201652,2026-09-13,weekend,2019575,2019575,S,SBRN,SBRN,W30-1,21:09:00,9:09 PM,2232,1,76140,2026-09-14T04:10:02+00:00,0,62,True,nearest_pdf_time_to_static_stop_time
bart_live_20260913_201652,2026-09-13,weekend,2019576,2019576,S,CONC,CONC,C60-2,20:16:00,8:16 PM,2288,1,72960,2026-09-14T03:18:24+00:00,0,144,False,nearest_pdf_time_to_static_stop_time
bart_live_20260913_201652,2026-09-13,weekend,2019576,2019576,S,PHIL,PHIL,C50-2,20:21:00,8:21 PM,2288,1,73260,2026-09-14T03:23:09+00:00,0,129,False,nearest_pdf_time_to_static_stop_time
bart_live_20260913_201652,2026-09-13,weekend,2019576,2019576,S,WCRK,WCRK,C40-2,20:24:00,8:24 PM,2288,1,73440,2026-09-14T03:26:02+00:00,0,122,False,nearest_pdf_time_to_static_stop_time
bart_live_20260913_201652,2026-09-13,weekend,2019576,2019576,S,LAFY,LAFY,C30-2,20:29:00,8:29 PM,2288,1,73740,2026-09-14T03:30:16+00:00,0,76,False,nearest_pdf_time_to_static_stop_time
bart_live_20260913_201652,2026-09-13,weekend,2019576,2019576,S,ORIN,ORIN,C20-2,20:34:00,8:34 PM,2288,1,74040,2026-09-14T03:35:09+00:00,0,69,False,nearest_pdf_time_to_static_stop_time
bart_live_20260913_201652,2026-09-13,weekend,2019576,2019576,S,ROCK,ROCK,C10-2,20:39:00,8:39 PM,2288,1,74340,2026-09-14T03:40:55+00:00,0,115,False,nearest_pdf_time_to_static_stop_time
bart_live_20260913_201652,2026-09-13,weekend,2019576,2019576,S,MCAR,MCAR,K30-4,20:43:00,8:43 PM,2288,1,74580,2026-09-14T03:43:48+00:00,0,48,False,nearest_pdf_time_to_static_stop_time
bart_live_20260913_201652,2026-09-13,weekend,2019576,2019576,S,19TH,19TH,K20-2,20:47:00,8:47 PM,2288,1,74820,2026-09-14T03:47:14+00:00,0,14,False,nearest_pdf_time_to_static_stop_time
bart_live_20260913_201652,2026-09-13,weekend,2019576,2019576,S,12TH,12TH,K10-2,20:49:00,8:49 PM,2288,1,74940,2026-09-14T03:49:41+00:00,0,41,False,nearest_pdf_time_to_static_stop_time
bart_live_20260913_201652,2026-09-13,weekend,2019576,2019576,S,WOAK,WOAK,M10-1,20:53:00,8:53 PM,2288,1,75180,2026-09-14T03:54:11+00:00,0,71,False,nearest_pdf_time_to_static_stop_time
bart_live_20260913_201652,2026-09-13,weekend,2019576,2019576,S,EMBR,EMBR,M16-1,21:00:00,9:00 PM,2288,1,75600,2026-09-14T04:01:11+00:00,0,71,True,nearest_pdf_time_to_static_stop_time
bart_live_20260913_201652,2026-09-13,weekend,2019576,2019576,S,MONT,MONT,M20-1,21:02:00,9:02 PM,2288,1,75720,2026-09-14T04:02:47+00:00,0,47,True,nearest_pdf_time_to_static_stop_time
bart_live_20260913_201652,2026-09-13,weekend,2019576,2019576,S,POWL,POWL,M30-1,21:03:00,9:03 PM,2288,1,75780,2026-09-14T04:04:29+00:00,0,89,True,nearest_pdf_time_to_static_stop_time
bart_live_20260913_201652,2026-09-13,weekend,2019576,2019576,S,CIVC,CIVC,M40-1,21:05:00,9:05 PM,2288,1,75900,2026-09-14T04:06:05+00:00,0,65,True,nearest_pdf_time_to_static_stop_time
bart_live_20260913_201652,2026-09-13,weekend,2019576,2019576,S,16TH,16TH,M50-1,21:07:00,9:07 PM,2288,1,76020,2026-09-14T04:08:23+00:00,0,83,True,nearest_pdf_time_to_static_stop_time
bart_live_20260913_201652,2026-09-13,weekend,2019576,2019576,S,24TH,24TH,M60-1,21:09:00,9:09 PM,2288,1,76140,2026-09-14T04:10:23+00:00,0,83,True,nearest_pdf_time_to_static_stop_time
bart_live_20260913_201652,2026-09-13,weekend,2019576,2019576,S,GLEN,GLEN,M70-1,21:12:00,9:12 PM,2288,1,76320,2026-09-14T04:13:11+00:00,0,71,True,nearest_pdf_time_to_static_stop_time
bart_live_20260913_201652,2026-09-13,weekend,2019576,2019576,S,BALB,BALB,M80-1,21:14:00,9:14 PM,2288,1,76440,2026-09-14T04:15:29+00:00,0,89,True,nearest_pdf_time_to_static_stop_time
bart_live_20260913_201652,2026-09-13,weekend,2019576,2019576,S,DALY,DALY,M90-1,21:19:00,9:19 PM,2288,1,76740,2026-09-14T04:19:56+00:00,0,56,True,nearest_pdf_time_to_static_stop_time
bart_live_20260913_201652,2026-09-13,weekend,2019576,2019576,S,COLM,COLM,W10-1,21:23:00,9:23 PM,2288,1,76980,2026-09-14T04:23:50+00:00,0,50,True,nearest_pdf_time_to_static_stop_time
bart_live_20260913_201652,2026-09-13,weekend,2019576,2019576,S,SSAN,SSAN,W20-1,21:26:00,9:26 PM,2288,1,77160,2026-09-14T04:26:50+00:00,0,50,True,nearest_pdf_time_to_static_stop_time
bart_live_20260913_201652,2026-09-13,weekend,2019576,2019576,S,SBRN,SBRN,W30-1,21:29:00,9:29 PM,2288,1,77340,2026-09-14T04:30:02+00:00,0,62,True,nearest_pdf_time_to_static_stop_time
bart_live_20260913_201652,2026-09-13,weekend,2019577,2019577,S,PITT,PITT,C80-2,20:26:00,8:26 PM,2346,1,73560,2026-09-14T03:26:39+00:00,0,39,False,nearest_pdf_time_to_static_stop_time
bart_live_20260913_201652,2026-09-13,weekend,2019577,2019577,S,NCON,NCON,C70-2,20:32:00,8:32 PM,2346,1,73920,2026-09-14T03:33:02+00:00,0,62,False,nearest_pdf_time_to_static_stop_time
bart_live_20260913_201652,2026-09-13,weekend,2019577,2019577,S,CONC,CONC,C60-2,20:36:00,8:36 PM,2346,1,74160,2026-09-14T03:36:57+00:00,0,57,False,nearest_pdf_time_to_static_stop_time
bart_live_20260913_201652,2026-09-13,weekend,2019577,2019577,S,PHIL,PHIL,C50-2,20:41:00,8:41 PM,2346,1,74460,2026-09-14T03:42:03+00:00,0,63,False,nearest_pdf_time_to_static_stop_time
bart_live_20260913_201652,2026-09-13,weekend,2019577,2019577,S,WCRK,WCRK,C40-2,20:44:00,8:44 PM,2346,1,74640,2026-09-14T03:45:01+00:00,0,61,False,nearest_pdf_time_to_static_stop_time
bart_live_20260913_201652,2026-09-13,weekend,2019577,2019577,S,LAFY,LAFY,C30-2,20:49:00,8:49 PM,2346,1,74940,2026-09-14T03:49:42+00:00,0,42,False,nearest_pdf_time_to_static_stop_time
bart_live_20260913_201652,2026-09-13,weekend,2019577,2019577,S,ORIN,ORIN,C20-2,20:54:00,8:54 PM,2346,1,75240,2026-09-14T03:54:37+00:00,0,37,False,nearest_pdf_time_to_static_stop_time
bart_live_20260913_201652,2026-09-13,weekend,2019577,2019577,S,ROCK,ROCK,C10-2,20:59:00,8:59 PM,2346,1,75540,2026-09-14T04:00:22+00:00,0,82,False,nearest_pdf_time_to_static_stop_time
bart_live_20260913_201652,2026-09-13,weekend,2019577,2019577,S,MCAR,MCAR,K30-4,21:03:00,9:03 PM,2346,1,75780,2026-09-14T04:03:48+00:00,0,48,True,nearest_pdf_time_to_static_stop_time
bart_live_20260913_201652,2026-09-13,weekend,2019577,2019577,S,19TH,19TH,K20-2,21:07:00,9:07 PM,2346,1,76020,2026-09-14T04:07:35+00:00,0,35,True,nearest_pdf_time_to_static_stop_time
bart_live_20260913_201652,2026-09-13,weekend,2019577,2019577,S,12TH,12TH,K10-2,21:09:00,9:09 PM,2346,1,76140,2026-09-14T04:09:41+00:00,0,41,True,nearest_pdf_time_to_static_stop_time
bart_live_20260913_201652,2026-09-13,weekend,2019577,2019577,S,WOAK,WOAK,M10-1,21:13:00,9:13 PM,2346,1,76380,2026-09-14T04:14:11+00:00,0,71,True,nearest_pdf_time_to_static_stop_time
bart_live_20260913_201652,2026-09-13,weekend,2019577,2019577,S,EMBR,EMBR,M16-1,21:20:00,9:20 PM,2346,1,76800,2026-09-14T04:21:11+00:00,0,71,True,nearest_pdf_time_to_static_stop_time
bart_live_20260913_201652,2026-09-13,weekend,2019577,2019577,S,MONT,MONT,M20-1,21:22:00,9:22 PM,2346,1,76920,2026-09-14T04:22:47+00:00,0,47,True,nearest_pdf_time_to_static_stop_time
bart_live_20260913_201652,2026-09-13,weekend,2019577,2019577,S,POWL,POWL,M30-1,21:23:00,9:23 PM,2346,1,76980,2026-09-14T04:24:29+00:00,0,89,True,nearest_pdf_time_to_static_stop_time
bart_live_20260913_201652,2026-09-13,weekend,2019577,2019577,S,CIVC,CIVC,M40-1,21:25:00,9:25 PM,2346,1,77100,2026-09-14T04:26:05+00:00,0,65,True,nearest_pdf_time_to_static_stop_time
bart_live_20260913_201652,2026-09-13,weekend,2019577,2019577,S,16TH,16TH,M50-1,21:27:00,9:27 PM,2346,1,77220,2026-09-14T04:28:23+00:00,0,83,True,nearest_pdf_time_to_static_stop_time
bart_live_20260913_201652,2026-09-13,weekend,2019577,2019577,S,24TH,24TH,M60-1,21:29:00,9:29 PM,2346,1,77340,2026-09-14T04:30:23+00:00,0,83,True,nearest_pdf_time_to_static_stop_time
bart_live_20260913_201652,2026-09-13,weekend,2019577,2019577,S,GLEN,GLEN,M70-1,21:32:00,9:32 PM,2346,1,77520,2026-09-14T04:33:11+00:00,0,71,True,nearest_pdf_time_to_static_stop_time
bart_live_20260913_201652,2026-09-13,weekend,2019577,2019577,S,BALB,BALB,M80-1,21:34:00,9:34 PM,2346,1,77640,2026-09-14T04:35:29+00:00,0,89,True,nearest_pdf_time_to_static_stop_time
bart_live_20260913_201652,2026-09-13,weekend,2019577,2019577,S,DALY,DALY,M90-1,21:39:00,9:39 PM,2346,1,77940,2026-09-14T04:39:56+00:00,0,56,True,nearest_pdf_time_to_static_stop_time
bart_live_20260913_201652,2026-09-13,weekend,2019577,2019577,S,COLM,COLM,W10-1,21:43:00,9:43 PM,2346,1,78180,2026-09-14T04:43:50+00:00,0,50,True,nearest_pdf_time_to_static_stop_time
bart_live_20260913_201652,2026-09-13,weekend,2019577,2019577,S,SSAN,SSAN,W20-1,21:46:00,9:46 PM,2346,1,78360,2026-09-14T04:46:50+00:00,0,50,True,nearest_pdf_time_to_static_stop_time
bart_live_20260913_201652,2026-09-13,weekend,2019577,2019577,S,SBRN,SBRN,W30-1,21:49:00,9:49 PM,2346,1,78540,2026-09-14T04:50:02+00:00,0,62,True,nearest_pdf_time_to_static_stop_time
bart_live_20260913_201652,2026-09-13,weekend,2019647,2019647,N,WCRK,WCRK,C40-1,20:15:00,8:15 PM,2202,2,72900,2026-09-14T03:16:46+00:00,0,106,False,nearest_pdf_time_to_static_stop_time
bart_live_20260913_201652,2026-09-13,weekend,2019647,2019647,N,PHIL,PHIL,C50-1,20:18:00,8:18 PM,2202,2,73080,2026-09-14T03:19:09+00:00,0,69,False,nearest_pdf_time_to_static_stop_time
bart_live_20260913_201652,2026-09-13,weekend,2019647,2019647,N,CONC,CONC,C60-1,20:23:00,8:23 PM,2202,2,73380,2026-09-14T03:24:23+00:00,0,83,False,nearest_pdf_time_to_static_stop_time
bart_live_20260913_201652,2026-09-13,weekend,2019647,2019647,N,NCON,NCON,C70-1,20:27:00,8:27 PM,2202,2,73620,2026-09-14T03:28:05+00:00,0,65,False,nearest_pdf_time_to_static_stop_time
bart_live_20260913_201652,2026-09-13,weekend,2019647,2019647,N,PITT,PITT,C80-1,20:34:00,8:34 PM,2202,2,74040,2026-09-14T03:34:43+00:00,0,43,False,nearest_pdf_time_to_static_stop_time
bart_live_20260913_201652,2026-09-13,weekend,2019578,2019578,S,PITT,PITT,C80-2,20:46:00,8:46 PM,2435,1,74760,2026-09-14T03:46:39+00:00,0,39,False,nearest_pdf_time_to_static_stop_time
bart_live_20260913_201652,2026-09-13,weekend,2019578,2019578,S,NCON,NCON,C70-2,20:52:00,8:52 PM,2435,1,75120,2026-09-14T03:53:02+00:00,0,62,False,nearest_pdf_time_to_static_stop_time
bart_live_20260913_201652,2026-09-13,weekend,2019578,2019578,S,CONC,CONC,C60-2,20:56:00,8:56 PM,2435,1,75360,2026-09-14T03:56:57+00:00,0,57,False,nearest_pdf_time_to_static_stop_time
bart_live_20260913_201652,2026-09-13,weekend,2019578,2019578,S,PHIL,PHIL,C50-2,21:01:00,9:01 PM,2435,1,75660,2026-09-14T04:02:03+00:00,0,63,True,nearest_pdf_time_to_static_stop_time
bart_live_20260913_201652,2026-09-13,weekend,2019578,2019578,S,WCRK,WCRK,C40-2,21:04:00,9:04 PM,2435,1,75840,2026-09-14T04:05:01+00:00,0,61,True,nearest_pdf_time_to_static_stop_time
bart_live_20260913_201652,2026-09-13,weekend,2019578,2019578,S,LAFY,LAFY,C30-2,21:09:00,9:09 PM,2435,1,76140,2026-09-14T04:09:42+00:00,0,42,True,nearest_pdf_time_to_static_stop_time
bart_live_20260913_201652,2026-09-13,weekend,2019578,2019578,S,ORIN,ORIN,C20-2,21:14:00,9:14 PM,2435,1,76440,2026-09-14T04:14:37+00:00,0,37,True,nearest_pdf_time_to_static_stop_time
bart_live_20260913_201652,2026-09-13,weekend,2019578,2019578,S,ROCK,ROCK,C10-2,21:19:00,9:19 PM,2435,1,76740,2026-09-14T04:20:22+00:00,0,82,True,nearest_pdf_time_to_static_stop_time
bart_live_20260913_201652,2026-09-13,weekend,2019578,2019578,S,MCAR,MCAR,K30-4,21:23:00,9:23 PM,2435,1,76980,2026-09-14T04:23:48+00:00,0,48,True,nearest_pdf_time_to_static_stop_time
bart_live_20260913_201652,2026-09-13,weekend,2019578,2019578,S,19TH,19TH,K20-2,21:27:00,9:27 PM,2435,1,77220,2026-09-14T04:27:35+00:00,0,35,True,nearest_pdf_time_to_static_stop_time
bart_live_20260913_201652,2026-09-13,weekend,2019578,2019578,S,12TH,12TH,K10-2,21:29:00,9:29 PM,2435,1,77340,2026-09-14T04:29:41+00:00,0,41,True,nearest_pdf_time_to_static_stop_time
bart_live_20260913_201652,2026-09-13,weekend,2019578,2019578,S,WOAK,WOAK,M10-1,21:33:00,9:33 PM,2435,1,77580,2026-09-14T04:34:11+00:00,0,71,True,nearest_pdf_time_to_static_stop_time
bart_live_20260913_201652,2026-09-13,weekend,2019578,2019578,S,EMBR,EMBR,M16-1,21:40:00,9:40 PM,2435,1,78000,2026-09-14T04:41:11+00:00,0,71,True,nearest_pdf_time_to_static_stop_time
bart_live_20260913_201652,2026-09-13,weekend,2019578,2019578,S,MONT,MONT,M20-1,21:42:00,9:42 PM,2435,1,78120,2026-09-14T04:42:47+00:00,0,47,True,nearest_pdf_time_to_static_stop_time
bart_live_20260913_201652,2026-09-13,weekend,2019578,2019578,S,POWL,POWL,M30-1,21:43:00,9:43 PM,2435,1,78180,2026-09-14T04:44:29+00:00,0,89,True,nearest_pdf_time_to_static_stop_time
bart_live_20260913_201652,2026-09-13,weekend,2019578,2019578,S,CIVC,CIVC,M40-1,21:45:00,9:45 PM,2435,1,78300,2026-09-14T04:46:05+00:00,0,65,True,nearest_pdf_time_to_static_stop_time
bart_live_20260913_201652,2026-09-13,weekend,2019578,2019578,S,16TH,16TH,M50-1,21:47:00,9:47 PM,2435,1,78420,2026-09-14T04:48:23+00:00,0,83,True,nearest_pdf_time_to_static_stop_time
bart_live_20260913_201652,2026-09-13,weekend,2019578,2019578,S,24TH,24TH,M60-1,21:49:00,9:49 PM,2435,1,78540,2026-09-14T04:50:23+00:00,0,83,True,nearest_pdf_time_to_static_stop_time
bart_live_20260913_201652,2026-09-13,weekend,2019578,2019578,S,GLEN,GLEN,M70-1,21:52:00,9:52 PM,2435,1,78720,2026-09-14T04:53:11+00:00,0,71,True,nearest_pdf_time_to_static_stop_time
bart_live_20260913_201652,2026-09-13,weekend,2019578,2019578,S,BALB,BALB,M80-1,21:54:00,9:54 PM,2435,1,78840,2026-09-14T04:55:29+00:00,0,89,True,nearest_pdf_time_to_static_stop_time
bart_live_20260913_201652,2026-09-13,weekend,2019578,2019578,S,DALY,DALY,M90-1,21:59:00,9:59 PM,2435,1,79140,2026-09-14T04:59:56+00:00,0,56,True,nearest_pdf_time_to_static_stop_time
bart_live_20260913_201652,2026-09-13,weekend,2019578,2019578,S,COLM,COLM,W10-1,22:03:00,10:03 PM,2435,1,79380,2026-09-14T05:03:50+00:00,0,50,True,nearest_pdf_time_to_static_stop_time
bart_live_20260913_201652,2026-09-13,weekend,2019578,2019578,S,SSAN,SSAN,W20-1,22:06:00,10:06 PM,2435,1,79560,2026-09-14T05:06:50+00:00,0,50,True,nearest_pdf_time_to_static_stop_time
bart_live_20260913_201652,2026-09-13,weekend,2019578,2019578,S,SBRN,SBRN,W30-1,22:09:00,10:09 PM,2435,1,79740,2026-09-14T05:10:02+00:00,0,62,True,nearest_pdf_time_to_static_stop_time
bart_live_20260913_201652,2026-09-13,weekend,2019648,2019648,N,MCAR,MCAR,K30-3,20:18:00,8:18 PM,2256,2,73080,2026-09-14T03:19:04+00:00,0,64,False,nearest_pdf_time_to_static_stop_time
bart_live_20260913_201652,2026-09-13,weekend,2019648,2019648,N,ROCK,ROCK,C10-1,20:21:00,8:21 PM,2256,2,73260,2026-09-14T03:21:30+00:00,0,30,False,nearest_pdf_time_to_static_stop_time
bart_live_20260913_201652,2026-09-13,weekend,2019648,2019648,N,ORIN,ORIN,C20-1,20:26:00,8:26 PM,2256,2,73560,2026-09-14T03:26:51+00:00,0,51,False,nearest_pdf_time_to_static_stop_time
bart_live_20260913_201652,2026-09-13,weekend,2019648,2019648,N,LAFY,LAFY,C30-1,20:31:00,8:31 PM,2256,2,73860,2026-09-14T03:31:39+00:00,0,39,False,nearest_pdf_time_to_static_stop_time
bart_live_20260913_201652,2026-09-13,weekend,2019648,2019648,N,WCRK,WCRK,C40-1,20:35:00,8:35 PM,2256,2,74100,2026-09-14T03:36:18+00:00,0,78,False,nearest_pdf_time_to_static_stop_time
bart_live_20260913_201652,2026-09-13,weekend,2019648,2019648,N,PHIL,PHIL,C50-1,20:38:00,8:38 PM,2256,2,74280,2026-09-14T03:39:09+00:00,0,69,False,nearest_pdf_time_to_static_stop_time
bart_live_20260913_201652,2026-09-13,weekend,2019648,2019648,N,CONC,CONC,C60-1,20:43:00,8:43 PM,2256,2,74580,2026-09-14T03:44:23+00:00,0,83,False,nearest_pdf_time_to_static_stop_time
bart_live_20260913_201652,2026-09-13,weekend,2019648,2019648,N,NCON,NCON,C70-1,20:47:00,8:47 PM,2256,2,74820,2026-09-14T03:48:05+00:00,0,65,False,nearest_pdf_time_to_static_stop_time
bart_live_20260913_201652,2026-09-13,weekend,2019648,2019648,N,PITT,PITT,C80-1,20:54:00,8:54 PM,2256,2,75240,2026-09-14T03:54:43+00:00,0,43,False,nearest_pdf_time_to_static_stop_time
bart_live_20260913_201652,2026-09-13,weekend,2019649,2019649,N,CIVC,CIVC,M40-2,20:15:00,8:15 PM,2310,2,72900,2026-09-14T03:18:38+00:00,0,218,False,nearest_pdf_time_to_static_stop_time
bart_live_20260913_201652,2026-09-13,weekend,2019649,2019649,N,POWL,POWL,M30-2,20:17:00,8:17 PM,2310,2,73020,2026-09-14T03:19:45+00:00,0,165,False,nearest_pdf_time_to_static_stop_time
bart_live_20260913_201652,2026-09-13,weekend,2019649,2019649,N,MONT,MONT,M20-2,20:19:00,8:19 PM,2310,2,73140,2026-09-14T03:21:23+00:00,0,143,False,nearest_pdf_time_to_static_stop_time
bart_live_20260913_201652,2026-09-13,weekend,2019649,2019649,N,EMBR,EMBR,M16-2,20:20:00,8:20 PM,2310,2,73200,2026-09-14T03:23:07+00:00,0,187,False,nearest_pdf_time_to_static_stop_time
bart_live_20260913_201652,2026-09-13,weekend,2019649,2019649,N,WOAK,WOAK,M10-2,20:27:00,8:27 PM,2310,2,73620,2026-09-14T03:29:34+00:00,0,154,False,nearest_pdf_time_to_static_stop_time
bart_live_20260913_201652,2026-09-13,weekend,2019649,2019649,N,12TH,12TH,K10-3,20:32:00,8:32 PM,2310,2,73920,2026-09-14T03:33:45+00:00,0,105,False,nearest_pdf_time_to_static_stop_time
bart_live_20260913_201652,2026-09-13,weekend,2019649,2019649,N,19TH,19TH,K20-3,20:34:00,8:34 PM,2310,2,74040,2026-09-14T03:35:23+00:00,0,83,False,nearest_pdf_time_to_static_stop_time
bart_live_20260913_201652,2026-09-13,weekend,2019649,2019649,N,MCAR,MCAR,K30-3,20:38:00,8:38 PM,2310,2,74280,2026-09-14T03:38:45+00:00,0,45,False,nearest_pdf_time_to_static_stop_time
bart_live_20260913_201652,2026-09-13,weekend,2019649,2019649,N,ROCK,ROCK,C10-1,20:41:00,8:41 PM,2310,2,74460,2026-09-14T03:41:30+00:00,0,30,False,nearest_pdf_time_to_static_stop_time
bart_live_20260913_201652,2026-09-13,weekend,2019649,2019649,N,ORIN,ORIN,C20-1,20:46:00,8:46 PM,2310,2,74760,2026-09-14T03:46:51+00:00,0,51,False,nearest_pdf_time_to_static_stop_time
bart_live_20260913_201652,2026-09-13,weekend,2019649,2019649,N,LAFY,LAFY,C30-1,20:51:00,8:51 PM,2310,2,75060,2026-09-14T03:51:39+00:00,0,39,False,nearest_pdf_time_to_static_stop_time
bart_live_20260913_201652,2026-09-13,weekend,2019649,2019649,N,WCRK,WCRK,C40-1,20:55:00,8:55 PM,2310,2,75300,2026-09-14T03:56:18+00:00,0,78,False,nearest_pdf_time_to_static_stop_time
bart_live_20260913_201652,2026-09-13,weekend,2019649,2019649,N,PHIL,PHIL,C50-1,20:58:00,8:58 PM,2310,2,75480,2026-09-14T03:59:09+00:00,0,69,False,nearest_pdf_time_to_static_stop_time
bart_live_20260913_201652,2026-09-13,weekend,2019649,2019649,N,CONC,CONC,C60-1,21:03:00,9:03 PM,2310,2,75780,2026-09-14T04:04:23+00:00,0,83,True,nearest_pdf_time_to_static_stop_time
bart_live_20260913_201652,2026-09-13,weekend,2019649,2019649,N,NCON,NCON,C70-1,21:07:00,9:07 PM,2310,2,76020,2026-09-14T04:08:05+00:00,0,65,True,nearest_pdf_time_to_static_stop_time
bart_live_20260913_201652,2026-09-13,weekend,2019649,2019649,N,PITT,PITT,C80-1,21:14:00,9:14 PM,2310,2,76440,2026-09-14T04:14:43+00:00,0,43,True,nearest_pdf_time_to_static_stop_time
bart_live_20260913_201652,2026-09-13,weekend,2019646,2019646,N,SSAN,SSAN,W20-2,20:15:00,8:15 PM,2364,2,72900,2026-09-14T03:17:19+00:00,0,139,False,nearest_pdf_time_to_static_stop_time
bart_live_20260913_201652,2026-09-13,weekend,2019646,2019646,N,COLM,COLM,W10-2,20:19:00,8:19 PM,2364,2,73140,2026-09-14T03:20:17+00:00,0,77,False,nearest_pdf_time_to_static_stop_time
bart_live_20260913_201652,2026-09-13,weekend,2019646,2019646,N,DALY,DALY,M90-2,20:22:00,8:22 PM,2364,2,73320,2026-09-14T03:23:27+00:00,0,87,False,nearest_pdf_time_to_static_stop_time
bart_live_20260913_201652,2026-09-13,weekend,2019646,2019646,N,BALB,BALB,M80-2,20:26:00,8:26 PM,2364,2,73560,2026-09-14T03:26:53+00:00,0,53,False,nearest_pdf_time_to_static_stop_time
bart_live_20260913_201652,2026-09-13,weekend,2019646,2019646,N,GLEN,GLEN,M70-2,20:28:00,8:28 PM,2364,2,73680,2026-09-14T03:29:11+00:00,0,71,False,nearest_pdf_time_to_static_stop_time
bart_live_20260913_201652,2026-09-13,weekend,2019646,2019646,N,24TH,24TH,M60-2,20:31:00,8:31 PM,2364,2,73860,2026-09-14T03:31:53+00:00,0,53,False,nearest_pdf_time_to_static_stop_time
bart_live_20260913_201652,2026-09-13,weekend,2019646,2019646,N,16TH,16TH,M50-2,20:33:00,8:33 PM,2364,2,73980,2026-09-14T03:33:59+00:00,0,59,False,nearest_pdf_time_to_static_stop_time
bart_live_20260913_201652,2026-09-13,weekend,2019646,2019646,N,CIVC,CIVC,M40-2,20:35:00,8:35 PM,2364,2,74100,2026-09-14T03:36:23+00:00,0,83,False,nearest_pdf_time_to_static_stop_time
bart_live_20260913_201652,2026-09-13,weekend,2019646,2019646,N,POWL,POWL,M30-2,20:37:00,8:37 PM,2364,2,74220,2026-09-14T03:38:05+00:00,0,65,False,nearest_pdf_time_to_static_stop_time
bart_live_20260913_201652,2026-09-13,weekend,2019646,2019646,N,MONT,MONT,M20-2,20:39:00,8:39 PM,2364,2,74340,2026-09-14T03:39:41+00:00,0,41,False,nearest_pdf_time_to_static_stop_time
bart_live_20260913_201652,2026-09-13,weekend,2019646,2019646,N,EMBR,EMBR,M16-2,20:40:00,8:40 PM,2364,2,74400,2026-09-14T03:41:23+00:00,0,83,False,nearest_pdf_time_to_static_stop_time
bart_live_20260913_201652,2026-09-13,weekend,2019646,2019646,N,WOAK,WOAK,M10-2,20:47:00,8:47 PM,2364,2,74820,2026-09-14T03:48:29+00:00,0,89,False,nearest_pdf_time_to_static_stop_time
bart_live_20260913_201652,2026-09-13,weekend,2019646,2019646,N,12TH,12TH,K10-3,20:52:00,8:52 PM,2364,2,75120,2026-09-14T03:53:19+00:00,0,79,False,nearest_pdf_time_to_static_stop_time
bart_live_20260913_201652,2026-09-13,weekend,2019646,2019646,N,19TH,19TH,K20-3,20:54:00,8:54 PM,2364,2,75240,2026-09-14T03:55:13+00:00,0,73,False,nearest_pdf_time_to_static_stop_time
bart_live_20260913_201652,2026-09-13,weekend,2019646,2019646,N,MCAR,MCAR,K30-3,20:58:00,8:58 PM,2364,2,75480,2026-09-14T03:58:48+00:00,0,48,False,nearest_pdf_time_to_static_stop_time
bart_live_20260913_201652,2026-09-13,weekend,2019646,2019646,N,ROCK,ROCK,C10-1,21:01:00,9:01 PM,2364,2,75660,2026-09-14T04:01:30+00:00,0,30,True,nearest_pdf_time_to_static_stop_time
bart_live_20260913_201652,2026-09-13,weekend,2019646,2019646,N,ORIN,ORIN,C20-1,21:06:00,9:06 PM,2364,2,75960,2026-09-14T04:06:51+00:00,0,51,True,nearest_pdf_time_to_static_stop_time
bart_live_20260913_201652,2026-09-13,weekend,2019646,2019646,N,LAFY,LAFY,C30-1,21:11:00,9:11 PM,2364,2,76260,2026-09-14T04:11:39+00:00,0,39,True,nearest_pdf_time_to_static_stop_time
bart_live_20260913_201652,2026-09-13,weekend,2019646,2019646,N,WCRK,WCRK,C40-1,21:15:00,9:15 PM,2364,2,76500,2026-09-14T04:16:18+00:00,0,78,True,nearest_pdf_time_to_static_stop_time
bart_live_20260913_201652,2026-09-13,weekend,2019646,2019646,N,PHIL,PHIL,C50-1,21:18:00,9:18 PM,2364,2,76680,2026-09-14T04:19:09+00:00,0,69,True,nearest_pdf_time_to_static_stop_time
bart_live_20260913_201652,2026-09-13,weekend,2019646,2019646,N,CONC,CONC,C60-1,21:23:00,9:23 PM,2364,2,76980,2026-09-14T04:24:23+00:00,0,83,True,nearest_pdf_time_to_static_stop_time
bart_live_20260913_201652,2026-09-13,weekend,2019646,2019646,N,NCON,NCON,C70-1,21:27:00,9:27 PM,2364,2,77220,2026-09-14T04:28:05+00:00,0,65,True,nearest_pdf_time_to_static_stop_time
bart_live_20260913_201652,2026-09-13,weekend,2019646,2019646,N,PITT,PITT,C80-1,21:34:00,9:34 PM,2364,2,77640,2026-09-14T04:34:43+00:00,0,43,True,nearest_pdf_time_to_static_stop_time
bart_live_20260913_201652,2026-09-13,weekend,2019650,2019650,N,SBRN,SBRN,W30-2,20:32:00,8:32 PM,2418,2,73920,2026-09-14T03:32:56+00:00,0,56,False,nearest_pdf_time_to_static_stop_time
bart_live_20260913_201652,2026-09-13,weekend,2019650,2019650,N,SSAN,SSAN,W20-2,20:35:00,8:35 PM,2418,2,74100,2026-09-14T03:36:08+00:00,0,68,False,nearest_pdf_time_to_static_stop_time
bart_live_20260913_201652,2026-09-13,weekend,2019650,2019650,N,COLM,COLM,W10-2,20:39:00,8:39 PM,2418,2,74340,2026-09-14T03:39:32+00:00,0,32,False,nearest_pdf_time_to_static_stop_time
bart_live_20260913_201652,2026-09-13,weekend,2019650,2019650,N,DALY,DALY,M90-2,20:42:00,8:42 PM,2418,2,74520,2026-09-14T03:43:11+00:00,0,71,False,nearest_pdf_time_to_static_stop_time
bart_live_20260913_201652,2026-09-13,weekend,2019650,2019650,N,BALB,BALB,M80-2,20:46:00,8:46 PM,2418,2,74760,2026-09-14T03:46:53+00:00,0,53,False,nearest_pdf_time_to_static_stop_time
bart_live_20260913_201652,2026-09-13,weekend,2019650,2019650,N,GLEN,GLEN,M70-2,20:48:00,8:48 PM,2418,2,74880,2026-09-14T03:49:11+00:00,0,71,False,nearest_pdf_time_to_static_stop_time
bart_live_20260913_201652,2026-09-13,weekend,2019650,2019650,N,24TH,24TH,M60-2,20:51:00,8:51 PM,2418,2,75060,2026-09-14T03:51:53+00:00,0,53,False,nearest_pdf_time_to_static_stop_time
bart_live_20260913_201652,2026-09-13,weekend,2019650,2019650,N,16TH,16TH,M50-2,20:53:00,8:53 PM,2418,2,75180,2026-09-14T03:53:59+00:00,0,59,False,nearest_pdf_time_to_static_stop_time
bart_live_20260913_201652,2026-09-13,weekend,2019650,2019650,N,CIVC,CIVC,M40-2,20:55:00,8:55 PM,2418,2,75300,2026-09-14T03:56:23+00:00,0,83,False,nearest_pdf_time_to_static_stop_time
bart_live_20260913_201652,2026-09-13,weekend,2019650,2019650,N,POWL,POWL,M30-2,20:57:00,8:57 PM,2418,2,75420,2026-09-14T03:58:05+00:00,0,65,False,nearest_pdf_time_to_static_stop_time
bart_live_20260913_201652,2026-09-13,weekend,2019650,2019650,N,MONT,MONT,M20-2,20:59:00,8:59 PM,2418,2,75540,2026-09-14T03:59:41+00:00,0,41,False,nearest_pdf_time_to_static_stop_time
bart_live_20260913_201652,2026-09-13,weekend,2019650,2019650,N,EMBR,EMBR,M16-2,21:00:00,9:00 PM,2418,2,75600,2026-09-14T04:01:23+00:00,0,83,True,nearest_pdf_time_to_static_stop_time
bart_live_20260913_201652,2026-09-13,weekend,2019650,2019650,N,WOAK,WOAK,M10-2,21:07:00,9:07 PM,2418,2,76020,2026-09-14T04:08:29+00:00,0,89,True,nearest_pdf_time_to_static_stop_time
bart_live_20260913_201652,2026-09-13,weekend,2019650,2019650,N,12TH,12TH,K10-3,21:12:00,9:12 PM,2418,2,76320,2026-09-14T04:13:19+00:00,0,79,True,nearest_pdf_time_to_static_stop_time
bart_live_20260913_201652,2026-09-13,weekend,2019650,2019650,N,19TH,19TH,K20-3,21:14:00,9:14 PM,2418,2,76440,2026-09-14T04:15:13+00:00,0,73,True,nearest_pdf_time_to_static_stop_time
bart_live_20260913_201652,2026-09-13,weekend,2019650,2019650,N,MCAR,MCAR,K30-3,21:18:00,9:18 PM,2418,2,76680,2026-09-14T04:18:48+00:00,0,48,True,nearest_pdf_time_to_static_stop_time
bart_live_20260913_201652,2026-09-13,weekend,2019650,2019650,N,ROCK,ROCK,C10-1,21:21:00,9:21 PM,2418,2,76860,2026-09-14T04:21:30+00:00,0,30,True,nearest_pdf_time_to_static_stop_time
bart_live_20260913_201652,2026-09-13,weekend,2019650,2019650,N,ORIN,ORIN,C20-1,21:26:00,9:26 PM,2418,2,77160,2026-09-14T04:26:51+00:00,0,51,True,nearest_pdf_time_to_static_stop_time
bart_live_20260913_201652,2026-09-13,weekend,2019650,2019650,N,LAFY,LAFY,C30-1,21:31:00,9:31 PM,2418,2,77460,2026-09-14T04:31:39+00:00,0,39,True,nearest_pdf_time_to_static_stop_time
bart_live_20260913_201652,2026-09-13,weekend,2019650,2019650,N,WCRK,WCRK,C40-1,21:35:00,9:35 PM,2418,2,77700,2026-09-14T04:36:18+00:00,0,78,True,nearest_pdf_time_to_static_stop_time
bart_live_20260913_201652,2026-09-13,weekend,2019650,2019650,N,PHIL,PHIL,C50-1,21:38:00,9:38 PM,2418,2,77880,2026-09-14T04:39:09+00:00,0,69,True,nearest_pdf_time_to_static_stop_time
bart_live_20260913_201652,2026-09-13,weekend,2019650,2019650,N,CONC,CONC,C60-1,21:43:00,9:43 PM,2418,2,78180,2026-09-14T04:44:23+00:00,0,83,True,nearest_pdf_time_to_static_stop_time
bart_live_20260913_201652,2026-09-13,weekend,2019650,2019650,N,NCON,NCON,C70-1,21:47:00,9:47 PM,2418,2,78420,2026-09-14T04:48:05+00:00,0,65,True,nearest_pdf_time_to_static_stop_time
bart_live_20260913_201652,2026-09-13,weekend,2019650,2019650,N,PITT,PITT,C80-1,21:54:00,9:54 PM,2418,2,78840,2026-09-14T04:54:43+00:00,0,43,True,nearest_pdf_time_to_static_stop_time
bart_live_20260913_201652,2026-09-13,weekend,2019663,2019663,N,MLBR,MLBR,W40-3,20:58:00,9:01 PM,2526,2,75660,2026-09-14T03:58:30+00:00,180,-150,True,nearest_pdf_time_to_static_stop_time
bart_live_20260913_201652,2026-09-13,weekend,2019645,2019645,N,PITT,PITT,C80-1,20:14:00,8:14 PM,2148,2,72840,2026-09-14T03:15:17+00:00,0,77,False,nearest_pdf_time_to_static_stop_time
bart_live_terminals_20260911_183436,2026-09-11,weekday,1965277,1965277,N,LAFY,LAFY,C30-1,18:11:00,6:11 PM,3832,2,65460,2026-09-12T01:38:03+00:00,0,1623,False,nearest_pdf_time_to_static_stop_time
bart_live_terminals_20260911_183436,2026-09-11,weekday,1965277,1965277,N,WCRK,WCRK,C40-1,18:15:00,6:15 PM,3832,2,65700,2026-09-12T01:42:10+00:00,0,1630,False,nearest_pdf_time_to_static_stop_time
bart_live_terminals_20260911_183436,2026-09-11,weekday,1965277,1965277,N,PHIL,PHIL,C50-1,18:18:00,6:18 PM,3832,2,65880,2026-09-12T01:44:57+00:00,0,1617,False,nearest_pdf_time_to_static_stop_time
bart_live_terminals_20260911_183436,2026-09-11,weekday,1965277,1965277,N,CONC,CONC,C60-1,18:23:00,6:23 PM,3832,2,66180,2026-09-12T01:50:02+00:00,0,1622,False,nearest_pdf_time_to_static_stop_time
bart_live_terminals_20260911_183436,2026-09-11,weekday,1965277,1965277,N,NCON,NCON,C70-1,18:27:00,6:27 PM,3832,2,66420,2026-09-12T01:53:27+00:00,0,1587,False,nearest_pdf_time_to_static_stop_time
bart_live_terminals_20260911_183436,2026-09-11,weekday,1965277,1965277,N,PITT,PITT,C80-1,18:34:00,6:34 PM,3832,2,66840,2026-09-12T01:59:23+00:00,0,1523,False,nearest_pdf_time_to_static_stop_time
bart_live_terminals_20260911_183436,2026-09-11,weekday,1965118,1965118,S,PITT,PITT,C80-2,18:46:00,6:46 PM,4284,1,67560,2026-09-12T02:03:47+00:00,0,1067,False,nearest_pdf_time_to_static_stop_time
bart_live_terminals_20260911_183436,2026-09-11,weekday,1965118,1965118,S,NCON,NCON,C70-2,18:52:00,6:52 PM,4284,1,67920,2026-09-12T02:09:52+00:00,0,1072,False,nearest_pdf_time_to_static_stop_time
bart_live_terminals_20260911_183436,2026-09-11,weekday,1965118,1965118,S,CONC,CONC,C60-2,18:56:00,6:56 PM,4284,1,68160,2026-09-12T02:13:30+00:00,0,1050,False,nearest_pdf_time_to_static_stop_time
bart_live_terminals_20260911_183436,2026-09-11,weekday,1965118,1965118,S,PHIL,PHIL,C50-2,19:01:00,7:01 PM,4284,1,68460,2026-09-12T02:18:30+00:00,0,1050,False,nearest_pdf_time_to_static_stop_time
bart_live_terminals_20260911_183436,2026-09-11,weekday,1965118,1965118,S,WCRK,WCRK,C40-2,19:04:00,7:04 PM,4284,1,68640,2026-09-12T02:21:23+00:00,0,1043,False,nearest_pdf_time_to_static_stop_time
bart_live_terminals_20260911_183436,2026-09-11,weekday,1965118,1965118,S,LAFY,LAFY,C30-2,19:09:00,7:09 PM,4284,1,68940,2026-09-12T02:25:51+00:00,0,1011,False,nearest_pdf_time_to_static_stop_time
bart_live_terminals_20260911_183436,2026-09-11,weekday,1965118,1965118,S,ORIN,ORIN,C20-2,19:14:00,7:14 PM,4284,1,69240,2026-09-12T02:30:35+00:00,0,995,False,nearest_pdf_time_to_static_stop_time
bart_live_terminals_20260911_183436,2026-09-11,weekday,1965118,1965118,S,ROCK,ROCK,C10-2,19:19:00,7:19 PM,4284,1,69540,2026-09-12T02:36:06+00:00,0,1026,False,nearest_pdf_time_to_static_stop_time
bart_live_terminals_20260911_183436,2026-09-11,weekday,1965118,1965118,S,MCAR,MCAR,K30-4,19:23:00,7:23 PM,4284,1,69780,2026-09-12T02:39:10+00:00,0,970,False,nearest_pdf_time_to_static_stop_time
bart_live_terminals_20260911_183436,2026-09-11,weekday,1965118,1965118,S,19TH,19TH,K20-2,19:27:00,7:27 PM,4284,1,70020,2026-09-12T02:42:22+00:00,0,922,False,nearest_pdf_time_to_static_stop_time
bart_live_terminals_20260911_183436,2026-09-11,weekday,1965118,1965118,S,12TH,12TH,K10-2,19:29:00,7:29 PM,4284,1,70140,2026-09-12T02:43:47+00:00,0,887,False,nearest_pdf_time_to_static_stop_time
bart_live_terminals_20260911_183436,2026-09-11,weekday,1965118,1965118,S,WOAK,WOAK,M10-1,19:33:00,7:33 PM,4284,1,70380,2026-09-12T02:48:02+00:00,0,902,False,nearest_pdf_time_to_static_stop_time
bart_live_terminals_20260911_183436,2026-09-11,weekday,1965118,1965118,S,EMBR,EMBR,M16-1,19:40:00,7:40 PM,4284,1,70800,2026-09-12T02:54:43+00:00,0,883,False,nearest_pdf_time_to_static_stop_time
bart_live_terminals_20260911_183436,2026-09-11,weekday,1965118,1965118,S,MONT,MONT,M20-1,19:42:00,7:42 PM,4284,1,70920,2026-09-12T02:56:09+00:00,0,849,False,nearest_pdf_time_to_static_stop_time
bart_live_terminals_20260911_183436,2026-09-11,weekday,1965118,1965118,S,POWL,POWL,M30-1,19:43:00,7:43 PM,4284,1,70980,2026-09-12T02:57:39+00:00,0,879,False,nearest_pdf_time_to_static_stop_time
bart_live_terminals_20260911_183436,2026-09-11,weekday,1965118,1965118,S,CIVC,CIVC,M40-1,19:45:00,7:45 PM,4284,1,71100,2026-09-12T02:59:08+00:00,0,848,False,nearest_pdf_time_to_static_stop_time
bart_live_terminals_20260911_183436,2026-09-11,weekday,1965118,1965118,S,16TH,16TH,M50-1,19:47:00,7:47 PM,4284,1,71220,2026-09-12T03:01:20+00:00,0,860,False,nearest_pdf_time_to_static_stop_time
bart_live_terminals_20260911_183436,2026-09-11,weekday,1965118,1965118,S,24TH,24TH,M60-1,19:49:00,7:49 PM,4284,1,71340,2026-09-12T03:03:18+00:00,0,858,False,nearest_pdf_time_to_static_stop_time
bart_live_terminals_20260911_183436,2026-09-11,weekday,1965118,1965118,S,GLEN,GLEN,M70-1,19:52:00,7:52 PM,4284,1,71520,2026-09-12T03:06:04+00:00,0,844,False,nearest_pdf_time_to_static_stop_time
bart_live_terminals_20260911_183436,2026-09-11,weekday,1965118,1965118,S,BALB,BALB,M80-1,19:54:00,7:54 PM,4284,1,71640,2026-09-12T03:08:16+00:00,0,856,False,nearest_pdf_time_to_static_stop_time
bart_live_terminals_20260911_183436,2026-09-11,weekday,1965118,1965118,S,DALY,DALY,M90-1,19:59:00,7:59 PM,4284,1,71940,2026-09-12T03:12:22+00:00,0,802,False,nearest_pdf_time_to_static_stop_time
bart_live_terminals_20260911_183436,2026-09-11,weekday,1965118,1965118,S,COLM,COLM,W10-1,20:03:00,8:03 PM,4284,1,72180,2026-09-12T03:16:01+00:00,0,781,False,nearest_pdf_time_to_static_stop_time
bart_live_terminals_20260911_183436,2026-09-11,weekday,1965118,1965118,S,SSAN,SSAN,W20-1,20:06:00,8:06 PM,4284,1,72360,2026-09-12T03:18:55+00:00,0,775,False,nearest_pdf_time_to_static_stop_time
bart_live_terminals_20260911_183436,2026-09-11,weekday,1965118,1965118,S,SBRN,SBRN,W30-1,20:09:00,8:09 PM,4284,1,72540,2026-09-12T03:22:02+00:00,0,782,False,nearest_pdf_time_to_static_stop_time
bart_live_terminals_20260911_183436,2026-09-11,weekday,1965308,1965308,N,ORIN,ORIN,C20-1,18:17:00,6:17 PM,3884,2,65820,2026-09-12T01:36:41+00:00,0,1181,False,nearest_pdf_time_to_static_stop_time
bart_live_terminals_20260911_183436,2026-09-11,weekday,1965308,1965308,N,LAFY,LAFY,C30-1,18:22:00,6:22 PM,3884,2,66120,2026-09-12T01:41:11+00:00,0,1151,False,nearest_pdf_time_to_static_stop_time
bart_live_terminals_20260911_183436,2026-09-11,weekday,1965308,1965308,N,WCRK,WCRK,C40-1,18:27:00,6:27 PM,3884,2,66420,2026-09-12T01:45:33+00:00,0,1113,False,nearest_pdf_time_to_static_stop_time
bart_live_terminals_20260911_183436,2026-09-11,weekday,1965308,1965308,N,PHIL,PHIL,C50-1,18:30:00,6:30 PM,3884,2,66600,2026-09-12T01:48:20+00:00,0,1100,False,nearest_pdf_time_to_static_stop_time
bart_live_terminals_20260911_183436,2026-09-11,weekday,1965308,1965308,N,CONC,CONC,C60-1,18:35:00,6:35 PM,3884,2,66900,2026-09-12T01:53:25+00:00,0,1105,False,nearest_pdf_time_to_static_stop_time
bart_live_terminals_20260911_183436,2026-09-11,weekday,1965308,1965308,N,NCON,NCON,C70-1,18:39:00,6:39 PM,3884,2,67140,2026-09-12T01:56:50+00:00,0,1070,False,nearest_pdf_time_to_static_stop_time
bart_live_terminals_20260911_183436,2026-09-11,weekday,1965205,1965205,S,PITT,PITT,C80-2,18:57:00,6:57 PM,4336,1,68220,2026-09-12T02:05:46+00:00,0,526,False,nearest_pdf_time_to_static_stop_time
bart_live_terminals_20260911_183436,2026-09-11,weekday,1965205,1965205,S,NCON,NCON,C70-2,19:04:00,7:04 PM,4336,1,68640,2026-09-12T02:12:15+00:00,0,495,False,nearest_pdf_time_to_static_stop_time
bart_live_terminals_20260911_183436,2026-09-11,weekday,1965205,1965205,S,CONC,CONC,C60-2,19:07:00,7:07 PM,4336,1,68820,2026-09-12T02:15:53+00:00,0,533,False,nearest_pdf_time_to_static_stop_time
bart_live_terminals_20260911_183436,2026-09-11,weekday,1965205,1965205,S,PHIL,PHIL,C50-2,19:13:00,7:13 PM,4336,1,69180,2026-09-12T02:20:53+00:00,0,473,False,nearest_pdf_time_to_static_stop_time
bart_live_terminals_20260911_183436,2026-09-11,weekday,1965205,1965205,S,WCRK,WCRK,C40-2,19:15:00,7:15 PM,4336,1,69300,2026-09-12T02:23:46+00:00,0,526,False,nearest_pdf_time_to_static_stop_time
bart_live_terminals_20260911_183436,2026-09-11,weekday,1965205,1965205,S,LAFY,LAFY,C30-2,19:20:00,7:20 PM,4336,1,69600,2026-09-12T02:28:14+00:00,0,494,False,nearest_pdf_time_to_static_stop_time
bart_live_terminals_20260911_183436,2026-09-11,weekday,1965205,1965205,S,ORIN,ORIN,C20-2,19:25:00,7:25 PM,4336,1,69900,2026-09-12T02:32:58+00:00,0,478,False,nearest_pdf_time_to_static_stop_time
bart_live_terminals_20260911_183436,2026-09-11,weekday,1965205,1965205,S,ROCK,ROCK,C10-2,19:31:00,7:31 PM,4336,1,70260,2026-09-12T02:38:29+00:00,0,449,False,nearest_pdf_time_to_static_stop_time
bart_live_terminals_20260911_183436,2026-09-11,weekday,1965205,1965205,S,MCAR,MCAR,K30-4,19:34:00,7:34 PM,4336,1,70440,2026-09-12T02:41:33+00:00,0,453,False,nearest_pdf_time_to_static_stop_time
bart_live_terminals_20260911_183436,2026-09-11,weekday,1965205,1965205,S,19TH,19TH,K20-2,19:38:00,7:38 PM,4336,1,70680,2026-09-12T02:44:45+00:00,0,405,False,nearest_pdf_time_to_static_stop_time
bart_live_terminals_20260911_183436,2026-09-11,weekday,1965205,1965205,S,12TH,12TH,K10-2,19:40:00,7:40 PM,4336,1,70800,2026-09-12T02:46:10+00:00,0,370,False,nearest_pdf_time_to_static_stop_time
bart_live_terminals_20260911_183436,2026-09-11,weekday,1965205,1965205,S,WOAK,WOAK,M10-1,19:45:00,7:45 PM,4336,1,71100,2026-09-12T02:50:25+00:00,0,325,False,nearest_pdf_time_to_static_stop_time
bart_live_terminals_20260911_183436,2026-09-11,weekday,1965205,1965205,S,EMBR,EMBR,M16-1,19:52:00,7:52 PM,4336,1,71520,2026-09-12T02:57:05+00:00,0,305,False,nearest_pdf_time_to_static_stop_time
bart_live_terminals_20260911_183436,2026-09-11,weekday,1965205,1965205,S,MONT,MONT,M20-1,19:53:00,7:53 PM,4336,1,71580,2026-09-12T02:58:30+00:00,0,330,False,nearest_pdf_time_to_static_stop_time
bart_live_terminals_20260911_183436,2026-09-11,weekday,1965205,1965205,S,POWL,POWL,M30-1,19:55:00,7:55 PM,4336,1,71700,2026-09-12T03:00:03+00:00,0,303,False,nearest_pdf_time_to_static_stop_time
bart_live_terminals_20260911_183436,2026-09-11,weekday,1965205,1965205,S,CIVC,CIVC,M40-1,19:57:00,7:57 PM,4336,1,71820,2026-09-12T03:01:32+00:00,0,272,False,nearest_pdf_time_to_static_stop_time
bart_live_terminals_20260911_183436,2026-09-11,weekday,1965205,1965205,S,16TH,16TH,M50-1,19:59:00,7:59 PM,4336,1,71940,2026-09-12T03:03:44+00:00,0,284,False,nearest_pdf_time_to_static_stop_time
bart_live_terminals_20260911_183436,2026-09-11,weekday,1965205,1965205,S,24TH,24TH,M60-1,20:01:00,8:01 PM,4336,1,72060,2026-09-12T03:05:42+00:00,0,282,False,nearest_pdf_time_to_static_stop_time
bart_live_terminals_20260911_183436,2026-09-11,weekday,1965205,1965205,S,GLEN,GLEN,M70-1,20:04:00,8:04 PM,4336,1,72240,2026-09-12T03:08:28+00:00,0,268,False,nearest_pdf_time_to_static_stop_time
bart_live_terminals_20260911_183436,2026-09-11,weekday,1965205,1965205,S,BALB,BALB,M80-1,20:06:00,8:06 PM,4336,1,72360,2026-09-12T03:10:40+00:00,0,280,False,nearest_pdf_time_to_static_stop_time
bart_live_terminals_20260911_183436,2026-09-11,weekday,1965205,1965205,S,DALY,DALY,M90-1,20:10:00,8:10 PM,4336,1,72600,2026-09-12T03:14:46+00:00,0,286,False,nearest_pdf_time_to_static_stop_time
bart_live_terminals_20260911_183436,2026-09-11,weekday,1965205,1965205,S,COLM,COLM,W10-1,20:14:00,8:14 PM,4336,1,72840,2026-09-12T03:18:25+00:00,0,265,False,nearest_pdf_time_to_static_stop_time
bart_live_terminals_20260911_183436,2026-09-11,weekday,1965205,1965205,S,SSAN,SSAN,W20-1,20:17:00,8:17 PM,4336,1,73020,2026-09-12T03:21:19+00:00,0,259,False,nearest_pdf_time_to_static_stop_time
bart_live_terminals_20260911_183436,2026-09-11,weekday,1965205,1965205,S,SBRN,SBRN,W30-1,20:21:00,8:21 PM,4336,1,73260,2026-09-12T03:24:26+00:00,0,206,False,nearest_pdf_time_to_static_stop_time
bart_live_terminals_20260911_183436,2026-09-11,weekday,1965278,1965278,N,19TH,19TH,K20-3,18:14:00,6:14 PM,3936,2,65640,2026-09-12T01:33:34+00:00,0,1174,False,nearest_pdf_time_to_static_stop_time
bart_live_terminals_20260911_183436,2026-09-11,weekday,1965278,1965278,N,MCAR,MCAR,K30-3,18:18:00,6:18 PM,3936,2,65880,2026-09-12T01:38:04+00:00,0,1204,False,nearest_pdf_time_to_static_stop_time
bart_live_terminals_20260911_183436,2026-09-11,weekday,1965278,1965278,N,ROCK,ROCK,C10-1,18:21:00,6:21 PM,3936,2,66060,2026-09-12T01:40:42+00:00,0,1182,False,nearest_pdf_time_to_static_stop_time
bart_live_terminals_20260911_183436,2026-09-11,weekday,1965278,1965278,N,ORIN,ORIN,C20-1,18:26:00,6:26 PM,3936,2,66360,2026-09-12T01:45:53+00:00,0,1193,False,nearest_pdf_time_to_static_stop_time
bart_live_terminals_20260911_183436,2026-09-11,weekday,1965278,1965278,N,LAFY,LAFY,C30-1,18:31:00,6:31 PM,3936,2,66660,2026-09-12T01:50:38+00:00,0,1178,False,nearest_pdf_time_to_static_stop_time
bart_live_terminals_20260911_183436,2026-09-11,weekday,1965278,1965278,N,WCRK,WCRK,C40-1,18:35:00,6:35 PM,3936,2,66900,2026-09-12T01:55:01+00:00,0,1201,False,nearest_pdf_time_to_static_stop_time
bart_live_terminals_20260911_183436,2026-09-11,weekday,1965278,1965278,N,PHIL,PHIL,C50-1,18:38:00,6:38 PM,3936,2,67080,2026-09-12T01:57:48+00:00,0,1188,False,nearest_pdf_time_to_static_stop_time
bart_live_terminals_20260911_183436,2026-09-11,weekday,1965278,1965278,N,CONC,CONC,C60-1,18:43:00,6:43 PM,3936,2,67380,2026-09-12T02:02:53+00:00,0,1193,False,nearest_pdf_time_to_static_stop_time
bart_live_terminals_20260911_183436,2026-09-11,weekday,1965278,1965278,N,NCON,NCON,C70-1,18:47:00,6:47 PM,3936,2,67620,2026-09-12T02:06:18+00:00,0,1158,False,nearest_pdf_time_to_static_stop_time
bart_live_terminals_20260911_183436,2026-09-11,weekday,1965278,1965278,N,PITT,PITT,C80-1,18:54:00,6:54 PM,3936,2,68040,2026-09-12T02:12:14+00:00,0,1094,False,nearest_pdf_time_to_static_stop_time
bart_live_terminals_20260911_183436,2026-09-11,weekday,1965119,1965119,S,PITT,PITT,C80-2,19:06:00,7:06 PM,4388,1,68760,2026-09-12T02:16:40+00:00,0,640,False,nearest_pdf_time_to_static_stop_time
bart_live_terminals_20260911_183436,2026-09-11,weekday,1965119,1965119,S,NCON,NCON,C70-2,19:12:00,7:12 PM,4388,1,69120,2026-09-12T02:22:45+00:00,0,645,False,nearest_pdf_time_to_static_stop_time
bart_live_terminals_20260911_183436,2026-09-11,weekday,1965119,1965119,S,CONC,CONC,C60-2,19:16:00,7:16 PM,4388,1,69360,2026-09-12T02:26:23+00:00,0,623,False,nearest_pdf_time_to_static_stop_time
bart_live_terminals_20260911_183436,2026-09-11,weekday,1965119,1965119,S,PHIL,PHIL,C50-2,19:21:00,7:21 PM,4388,1,69660,2026-09-12T02:31:23+00:00,0,623,False,nearest_pdf_time_to_static_stop_time
bart_live_terminals_20260911_183436,2026-09-11,weekday,1965119,1965119,S,WCRK,WCRK,C40-2,19:24:00,7:24 PM,4388,1,69840,2026-09-12T02:34:16+00:00,0,616,False,nearest_pdf_time_to_static_stop_time
bart_live_terminals_20260911_183436,2026-09-11,weekday,1965119,1965119,S,LAFY,LAFY,C30-2,19:29:00,7:29 PM,4388,1,70140,2026-09-12T02:38:44+00:00,0,584,False,nearest_pdf_time_to_static_stop_time
bart_live_terminals_20260911_183436,2026-09-11,weekday,1965119,1965119,S,ORIN,ORIN,C20-2,19:34:00,7:34 PM,4388,1,70440,2026-09-12T02:43:28+00:00,0,568,False,nearest_pdf_time_to_static_stop_time
bart_live_terminals_20260911_183436,2026-09-11,weekday,1965119,1965119,S,ROCK,ROCK,C10-2,19:39:00,7:39 PM,4388,1,70740,2026-09-12T02:48:59+00:00,0,599,False,nearest_pdf_time_to_static_stop_time
bart_live_terminals_20260911_183436,2026-09-11,weekday,1965119,1965119,S,MCAR,MCAR,K30-4,19:43:00,7:43 PM,4388,1,70980,2026-09-12T02:52:02+00:00,0,542,False,nearest_pdf_time_to_static_stop_time
bart_live_terminals_20260911_183436,2026-09-11,weekday,1965119,1965119,S,19TH,19TH,K20-2,19:47:00,7:47 PM,4388,1,71220,2026-09-12T02:55:15+00:00,0,495,False,nearest_pdf_time_to_static_stop_time
bart_live_terminals_20260911_183436,2026-09-11,weekday,1965119,1965119,S,12TH,12TH,K10-2,19:49:00,7:49 PM,4388,1,71340,2026-09-12T02:56:40+00:00,0,460,False,nearest_pdf_time_to_static_stop_time
bart_live_terminals_20260911_183436,2026-09-11,weekday,1965119,1965119,S,WOAK,WOAK,M10-1,19:53:00,7:53 PM,4388,1,71580,2026-09-12T03:00:55+00:00,0,475,False,nearest_pdf_time_to_static_stop_time
bart_live_terminals_20260911_183436,2026-09-11,weekday,1965119,1965119,S,EMBR,EMBR,M16-1,20:00:00,8:00 PM,4388,1,72000,2026-09-12T03:07:36+00:00,0,456,False,nearest_pdf_time_to_static_stop_time
bart_live_terminals_20260911_183436,2026-09-11,weekday,1965119,1965119,S,MONT,MONT,M20-1,20:02:00,8:02 PM,4388,1,72120,2026-09-12T03:09:05+00:00,0,425,False,nearest_pdf_time_to_static_stop_time
bart_live_terminals_20260911_183436,2026-09-11,weekday,1965119,1965119,S,POWL,POWL,M30-1,20:03:00,8:03 PM,4388,1,72180,2026-09-12T03:10:38+00:00,0,458,False,nearest_pdf_time_to_static_stop_time
bart_live_terminals_20260911_183436,2026-09-11,weekday,1965119,1965119,S,CIVC,CIVC,M40-1,20:05:00,8:05 PM,4388,1,72300,2026-09-12T03:12:07+00:00,0,427,False,nearest_pdf_time_to_static_stop_time
bart_live_terminals_20260911_183436,2026-09-11,weekday,1965119,1965119,S,16TH,16TH,M50-1,20:07:00,8:07 PM,4388,1,72420,2026-09-12T03:14:19+00:00,0,439,False,nearest_pdf_time_to_static_stop_time
bart_live_terminals_20260911_183436,2026-09-11,weekday,1965119,1965119,S,24TH,24TH,M60-1,20:09:00,8:09 PM,4388,1,72540,2026-09-12T03:16:17+00:00,0,437,False,nearest_pdf_time_to_static_stop_time
bart_live_terminals_20260911_183436,2026-09-11,weekday,1965119,1965119,S,GLEN,GLEN,M70-1,20:12:00,8:12 PM,4388,1,72720,2026-09-12T03:19:03+00:00,0,423,False,nearest_pdf_time_to_static_stop_time
bart_live_terminals_20260911_183436,2026-09-11,weekday,1965119,1965119,S,BALB,BALB,M80-1,20:14:00,8:14 PM,4388,1,72840,2026-09-12T03:21:15+00:00,0,435,False,nearest_pdf_time_to_static_stop_time
bart_live_terminals_20260911_183436,2026-09-11,weekday,1965119,1965119,S,DALY,DALY,M90-1,20:19:00,8:19 PM,4388,1,73140,2026-09-12T03:25:21+00:00,0,381,False,nearest_pdf_time_to_static_stop_time
bart_live_terminals_20260911_183436,2026-09-11,weekday,1965119,1965119,S,COLM,COLM,W10-1,20:23:00,8:23 PM,4388,1,73380,2026-09-12T03:29:00+00:00,0,360,False,nearest_pdf_time_to_static_stop_time
bart_live_terminals_20260911_183436,2026-09-11,weekday,1965119,1965119,S,SSAN,SSAN,W20-1,20:26:00,8:26 PM,4388,1,73560,2026-09-12T03:31:54+00:00,0,354,False,nearest_pdf_time_to_static_stop_time
bart_live_terminals_20260911_183436,2026-09-11,weekday,1965119,1965119,S,SBRN,SBRN,W30-1,20:29:00,8:29 PM,4388,1,73740,2026-09-12T03:35:01+00:00,0,361,False,nearest_pdf_time_to_static_stop_time
bart_live_terminals_20260911_183436,2026-09-11,weekday,1965309,1965309,N,12TH,12TH,K10-3,18:24:00,6:24 PM,3988,2,66240,2026-09-12T01:38:53+00:00,0,893,False,nearest_pdf_time_to_static_stop_time
bart_live_terminals_20260911_183436,2026-09-11,weekday,1965309,1965309,N,19TH,19TH,K20-3,18:26:00,6:26 PM,3988,2,66360,2026-09-12T01:40:10+00:00,0,850,False,nearest_pdf_time_to_static_stop_time
bart_live_terminals_20260911_183436,2026-09-11,weekday,1965309,1965309,N,MCAR,MCAR,K30-3,18:29:00,6:29 PM,3988,2,66540,2026-09-12T01:43:32+00:00,0,872,False,nearest_pdf_time_to_static_stop_time
bart_live_terminals_20260911_183436,2026-09-11,weekday,1965309,1965309,N,ROCK,ROCK,C10-1,18:32:00,6:32 PM,3988,2,66720,2026-09-12T01:46:10+00:00,0,850,False,nearest_pdf_time_to_static_stop_time
bart_live_terminals_20260911_183436,2026-09-11,weekday,1965309,1965309,N,ORIN,ORIN,C20-1,18:37:00,6:37 PM,3988,2,67020,2026-09-12T01:51:21+00:00,0,861,False,nearest_pdf_time_to_static_stop_time
bart_live_terminals_20260911_183436,2026-09-11,weekday,1965309,1965309,N,LAFY,LAFY,C30-1,18:42:00,6:42 PM,3988,2,67320,2026-09-12T01:56:06+00:00,0,846,False,nearest_pdf_time_to_static_stop_time
bart_live_terminals_20260911_183436,2026-09-11,weekday,1965309,1965309,N,WCRK,WCRK,C40-1,18:47:00,6:47 PM,3988,2,67620,2026-09-12T02:00:28+00:00,0,808,False,nearest_pdf_time_to_static_stop_time
bart_live_terminals_20260911_183436,2026-09-11,weekday,1965309,1965309,N,PHIL,PHIL,C50-1,18:50:00,6:50 PM,3988,2,67800,2026-09-12T02:03:15+00:00,0,795,False,nearest_pdf_time_to_static_stop_time
bart_live_terminals_20260911_183436,2026-09-11,weekday,1965309,1965309,N,CONC,CONC,C60-1,18:55:00,6:55 PM,3988,2,68100,2026-09-12T02:08:20+00:00,0,800,False,nearest_pdf_time_to_static_stop_time
bart_live_terminals_20260911_183436,2026-09-11,weekday,1965309,1965309,N,NCON,NCON,C70-1,18:59:00,6:59 PM,3988,2,68340,2026-09-12T02:11:45+00:00,0,765,False,nearest_pdf_time_to_static_stop_time
bart_live_terminals_20260911_183436,2026-09-11,weekday,1965279,1965279,N,MONT,MONT,M20-2,18:19:00,6:19 PM,4040,2,65940,2026-09-12T01:34:38+00:00,0,938,False,nearest_pdf_time_to_static_stop_time
bart_live_terminals_20260911_183436,2026-09-11,weekday,1965279,1965279,N,EMBR,EMBR,M16-2,18:20:00,6:20 PM,4040,2,66000,2026-09-12T01:36:16+00:00,0,976,False,nearest_pdf_time_to_static_stop_time
bart_live_terminals_20260911_183436,2026-09-11,weekday,1965279,1965279,N,WOAK,WOAK,M10-2,18:27:00,6:27 PM,4040,2,66420,2026-09-12T01:43:12+00:00,0,972,False,nearest_pdf_time_to_static_stop_time
bart_live_terminals_20260911_183436,2026-09-11,weekday,1965279,1965279,N,12TH,12TH,K10-3,18:32:00,6:32 PM,4040,2,66720,2026-09-12T01:47:10+00:00,0,910,False,nearest_pdf_time_to_static_stop_time
bart_live_terminals_20260911_183436,2026-09-11,weekday,1965279,1965279,N,19TH,19TH,K20-3,18:34:00,6:34 PM,4040,2,66840,2026-09-12T01:48:42+00:00,0,882,False,nearest_pdf_time_to_static_stop_time
bart_live_terminals_20260911_183436,2026-09-11,weekday,1965279,1965279,N,MCAR,MCAR,K30-3,18:38:00,6:38 PM,4040,2,67080,2026-09-12T01:52:00+00:00,0,840,False,nearest_pdf_time_to_static_stop_time
bart_live_terminals_20260911_183436,2026-09-11,weekday,1965279,1965279,N,ROCK,ROCK,C10-1,18:41:00,6:41 PM,4040,2,67260,2026-09-12T01:54:38+00:00,0,818,False,nearest_pdf_time_to_static_stop_time
bart_live_terminals_20260911_183436,2026-09-11,weekday,1965279,1965279,N,ORIN,ORIN,C20-1,18:46:00,6:46 PM,4040,2,67560,2026-09-12T01:59:49+00:00,0,829,False,nearest_pdf_time_to_static_stop_time
bart_live_terminals_20260911_183436,2026-09-11,weekday,1965279,1965279,N,LAFY,LAFY,C30-1,18:51:00,6:51 PM,4040,2,67860,2026-09-12T02:04:34+00:00,0,814,False,nearest_pdf_time_to_static_stop_time
bart_live_terminals_20260911_183436,2026-09-11,weekday,1965279,1965279,N,WCRK,WCRK,C40-1,18:55:00,6:55 PM,4040,2,68100,2026-09-12T02:08:57+00:00,0,837,False,nearest_pdf_time_to_static_stop_time
bart_live_terminals_20260911_183436,2026-09-11,weekday,1965279,1965279,N,PHIL,PHIL,C50-1,18:58:00,6:58 PM,4040,2,68280,2026-09-12T02:11:44+00:00,0,824,False,nearest_pdf_time_to_static_stop_time
bart_live_terminals_20260911_183436,2026-09-11,weekday,1965279,1965279,N,CONC,CONC,C60-1,19:03:00,7:03 PM,4040,2,68580,2026-09-12T02:16:49+00:00,0,829,False,nearest_pdf_time_to_static_stop_time
bart_live_terminals_20260911_183436,2026-09-11,weekday,1965279,1965279,N,NCON,NCON,C70-1,19:07:00,7:07 PM,4040,2,68820,2026-09-12T02:20:14+00:00,0,794,False,nearest_pdf_time_to_static_stop_time
bart_live_terminals_20260911_183436,2026-09-11,weekday,1965279,1965279,N,PITT,PITT,C80-1,19:14:00,7:14 PM,4040,2,69240,2026-09-12T02:26:10+00:00,0,730,False,nearest_pdf_time_to_static_stop_time
bart_live_terminals_20260911_183436,2026-09-11,weekday,1965299,1965299,N,CIVC,CIVC,M40-2,18:27:00,6:27 PM,4092,2,66420,2026-09-12T01:36:28+00:00,0,568,False,nearest_pdf_time_to_static_stop_time
bart_live_terminals_20260911_183436,2026-09-11,weekday,1965299,1965299,N,POWL,POWL,M30-2,18:29:00,6:29 PM,4092,2,66540,2026-09-12T01:38:01+00:00,0,541,False,nearest_pdf_time_to_static_stop_time
bart_live_terminals_20260911_183436,2026-09-11,weekday,1965299,1965299,N,MONT,MONT,M20-2,18:30:00,6:30 PM,4092,2,66600,2026-09-12T01:39:31+00:00,0,571,False,nearest_pdf_time_to_static_stop_time
bart_live_terminals_20260911_183436,2026-09-11,weekday,1965299,1965299,N,EMBR,EMBR,M16-2,18:32:00,6:32 PM,4092,2,66720,2026-09-12T01:41:02+00:00,0,542,False,nearest_pdf_time_to_static_stop_time
bart_live_terminals_20260911_183436,2026-09-11,weekday,1965299,1965299,N,WOAK,WOAK,M10-2,18:39:00,6:39 PM,4092,2,67140,2026-09-12T01:47:51+00:00,0,531,False,nearest_pdf_time_to_static_stop_time
bart_live_terminals_20260911_183436,2026-09-11,weekday,1965299,1965299,N,12TH,12TH,K10-3,18:44:00,6:44 PM,4092,2,67440,2026-09-12T01:51:51+00:00,0,471,False,nearest_pdf_time_to_static_stop_time
bart_live_terminals_20260911_183436,2026-09-11,weekday,1965299,1965299,N,19TH,19TH,K20-3,18:46:00,6:46 PM,4092,2,67560,2026-09-12T01:53:21+00:00,0,441,False,nearest_pdf_time_to_static_stop_time
bart_live_terminals_20260911_183436,2026-09-11,weekday,1965299,1965299,N,MCAR,MCAR,K30-3,18:49:00,6:49 PM,4092,2,67740,2026-09-12T01:56:43+00:00,0,463,False,nearest_pdf_time_to_static_stop_time
bart_live_terminals_20260911_183436,2026-09-11,weekday,1965299,1965299,N,ROCK,ROCK,C10-1,18:52:00,6:52 PM,4092,2,67920,2026-09-12T01:59:21+00:00,0,441,False,nearest_pdf_time_to_static_stop_time
bart_live_terminals_20260911_183436,2026-09-11,weekday,1965299,1965299,N,ORIN,ORIN,C20-1,18:57:00,6:57 PM,4092,2,68220,2026-09-12T02:04:32+00:00,0,452,False,nearest_pdf_time_to_static_stop_time
bart_live_terminals_20260911_183436,2026-09-11,weekday,1965299,1965299,N,LAFY,LAFY,C30-1,19:02:00,7:02 PM,4092,2,68520,2026-09-12T02:09:17+00:00,0,437,False,nearest_pdf_time_to_static_stop_time
bart_live_terminals_20260911_183436,2026-09-11,weekday,1965299,1965299,N,WCRK,WCRK,C40-1,19:07:00,7:07 PM,4092,2,68820,2026-09-12T02:13:40+00:00,0,400,False,nearest_pdf_time_to_static_stop_time
bart_live_terminals_20260911_183436,2026-09-11,weekday,1965299,1965299,N,PHIL,PHIL,C50-1,19:10:00,7:10 PM,4092,2,69000,2026-09-12T02:16:27+00:00,0,387,False,nearest_pdf_time_to_static_stop_time
bart_live_terminals_20260911_183436,2026-09-11,weekday,1965299,1965299,N,CONC,CONC,C60-1,19:15:00,7:15 PM,4092,2,69300,2026-09-12T02:21:32+00:00,0,392,False,nearest_pdf_time_to_static_stop_time
bart_live_terminals_20260911_183436,2026-09-11,weekday,1965299,1965299,N,NCON,NCON,C70-1,19:19:00,7:19 PM,4092,2,69540,2026-09-12T02:24:57+00:00,0,357,False,nearest_pdf_time_to_static_stop_time
bart_live_terminals_20260911_183436,2026-09-11,weekday,1965280,1965280,N,DALY,DALY,M90-2,18:22:00,6:22 PM,4144,2,66120,2026-09-12T01:34:12+00:00,0,732,False,nearest_pdf_time_to_static_stop_time
bart_live_terminals_20260911_183436,2026-09-11,weekday,1965280,1965280,N,BALB,BALB,M80-2,18:26:00,6:26 PM,4144,2,66360,2026-09-12T01:37:28+00:00,0,688,False,nearest_pdf_time_to_static_stop_time
bart_live_terminals_20260911_183436,2026-09-11,weekday,1965280,1965280,N,GLEN,GLEN,M70-2,18:28:00,6:28 PM,4144,2,66480,2026-09-12T01:39:43+00:00,0,703,False,nearest_pdf_time_to_static_stop_time
bart_live_terminals_20260911_183436,2026-09-11,weekday,1965280,1965280,N,24TH,24TH,M60-2,18:31:00,6:31 PM,4144,2,66660,2026-09-12T01:42:24+00:00,0,684,False,nearest_pdf_time_to_static_stop_time
bart_live_terminals_20260911_183436,2026-09-11,weekday,1965280,1965280,N,16TH,16TH,M50-2,18:33:00,6:33 PM,4144,2,66780,2026-09-12T01:44:21+00:00,0,681,False,nearest_pdf_time_to_static_stop_time
bart_live_terminals_20260911_183436,2026-09-11,weekday,1965280,1965280,N,CIVC,CIVC,M40-2,18:35:00,6:35 PM,4144,2,66900,2026-09-12T01:46:51+00:00,0,711,False,nearest_pdf_time_to_static_stop_time
bart_live_terminals_20260911_183436,2026-09-11,weekday,1965280,1965280,N,POWL,POWL,M30-2,18:37:00,6:37 PM,4144,2,67020,2026-09-12T01:48:22+00:00,0,682,False,nearest_pdf_time_to_static_stop_time
bart_live_terminals_20260911_183436,2026-09-11,weekday,1965280,1965280,N,MONT,MONT,M20-2,18:39:00,6:39 PM,4144,2,67140,2026-09-12T01:49:52+00:00,0,652,False,nearest_pdf_time_to_static_stop_time
bart_live_terminals_20260911_183436,2026-09-11,weekday,1965280,1965280,N,EMBR,EMBR,M16-2,18:40:00,6:40 PM,4144,2,67200,2026-09-12T01:51:27+00:00,0,687,False,nearest_pdf_time_to_static_stop_time
bart_live_terminals_20260911_183436,2026-09-11,weekday,1965280,1965280,N,WOAK,WOAK,M10-2,18:47:00,6:47 PM,4144,2,67620,2026-09-12T01:58:16+00:00,0,676,False,nearest_pdf_time_to_static_stop_time
bart_live_terminals_20260911_183436,2026-09-11,weekday,1965280,1965280,N,12TH,12TH,K10-3,18:52:00,6:52 PM,4144,2,67920,2026-09-12T02:02:15+00:00,0,615,False,nearest_pdf_time_to_static_stop_time
bart_live_terminals_20260911_183436,2026-09-11,weekday,1965280,1965280,N,19TH,19TH,K20-3,18:54:00,6:54 PM,4144,2,68040,2026-09-12T02:03:46+00:00,0,586,False,nearest_pdf_time_to_static_stop_time
bart_live_terminals_20260911_183436,2026-09-11,weekday,1965280,1965280,N,MCAR,MCAR,K30-3,18:58:00,6:58 PM,4144,2,68280,2026-09-12T02:07:08+00:00,0,548,False,nearest_pdf_time_to_static_stop_time
bart_live_terminals_20260911_183436,2026-09-11,weekday,1965280,1965280,N,ROCK,ROCK,C10-1,19:01:00,7:01 PM,4144,2,68460,2026-09-12T02:09:46+00:00,0,526,False,nearest_pdf_time_to_static_stop_time
bart_live_terminals_20260911_183436,2026-09-11,weekday,1965280,1965280,N,ORIN,ORIN,C20-1,19:06:00,7:06 PM,4144,2,68760,2026-09-12T02:14:57+00:00,0,537,False,nearest_pdf_time_to_static_stop_time
bart_live_terminals_20260911_183436,2026-09-11,weekday,1965280,1965280,N,LAFY,LAFY,C30-1,19:11:00,7:11 PM,4144,2,69060,2026-09-12T02:19:42+00:00,0,522,False,nearest_pdf_time_to_static_stop_time
bart_live_terminals_20260911_183436,2026-09-11,weekday,1965280,1965280,N,WCRK,WCRK,C40-1,19:15:00,7:15 PM,4144,2,69300,2026-09-12T02:24:05+00:00,0,545,False,nearest_pdf_time_to_static_stop_time
bart_live_terminals_20260911_183436,2026-09-11,weekday,1965280,1965280,N,PHIL,PHIL,C50-1,19:18:00,7:18 PM,4144,2,69480,2026-09-12T02:26:52+00:00,0,532,False,nearest_pdf_time_to_static_stop_time
bart_live_terminals_20260911_183436,2026-09-11,weekday,1965280,1965280,N,CONC,CONC,C60-1,19:23:00,7:23 PM,4144,2,69780,2026-09-12T02:31:57+00:00,0,537,False,nearest_pdf_time_to_static_stop_time
bart_live_terminals_20260911_183436,2026-09-11,weekday,1965280,1965280,N,NCON,NCON,C70-1,19:27:00,7:27 PM,4144,2,70020,2026-09-12T02:35:22+00:00,0,502,False,nearest_pdf_time_to_static_stop_time
bart_live_terminals_20260911_183436,2026-09-11,weekday,1965280,1965280,N,PITT,PITT,C80-1,19:34:00,7:34 PM,4144,2,70440,2026-09-12T02:41:18+00:00,0,438,False,nearest_pdf_time_to_static_stop_time
bart_live_terminals_20260911_183436,2026-09-11,weekday,1965300,1965300,N,SSAN,SSAN,W20-2,18:27:00,6:27 PM,4196,2,66420,2026-09-12T01:36:03+00:00,0,543,False,nearest_pdf_time_to_static_stop_time
bart_live_terminals_20260911_183436,2026-09-11,weekday,1965300,1965300,N,COLM,COLM,W10-2,18:30:00,6:30 PM,4196,2,66600,2026-09-12T01:39:06+00:00,0,546,False,nearest_pdf_time_to_static_stop_time
bart_live_terminals_20260911_183436,2026-09-11,weekday,1965300,1965300,N,DALY,DALY,M90-2,18:34:00,6:34 PM,4196,2,66840,2026-09-12T01:42:35+00:00,0,515,False,nearest_pdf_time_to_static_stop_time
bart_live_terminals_20260911_183436,2026-09-11,weekday,1965300,1965300,N,BALB,BALB,M80-2,18:37:00,6:37 PM,4196,2,67020,2026-09-12T01:46:16+00:00,0,556,False,nearest_pdf_time_to_static_stop_time
bart_live_terminals_20260911_183436,2026-09-11,weekday,1965300,1965300,N,GLEN,GLEN,M70-2,18:40:00,6:40 PM,4196,2,67200,2026-09-12T01:48:31+00:00,0,511,False,nearest_pdf_time_to_static_stop_time
bart_live_terminals_20260911_183436,2026-09-11,weekday,1965300,1965300,N,24TH,24TH,M60-2,18:42:00,6:42 PM,4196,2,67320,2026-09-12T01:51:12+00:00,0,552,False,nearest_pdf_time_to_static_stop_time
bart_live_terminals_20260911_183436,2026-09-11,weekday,1965300,1965300,N,16TH,16TH,M50-2,18:45:00,6:45 PM,4196,2,67500,2026-09-12T01:53:09+00:00,0,489,False,nearest_pdf_time_to_static_stop_time
bart_live_terminals_20260911_183436,2026-09-11,weekday,1965300,1965300,N,CIVC,CIVC,M40-2,18:47:00,6:47 PM,4196,2,67620,2026-09-12T01:55:28+00:00,0,508,False,nearest_pdf_time_to_static_stop_time
bart_live_terminals_20260911_183436,2026-09-11,weekday,1965300,1965300,N,POWL,POWL,M30-2,18:49:00,6:49 PM,4196,2,67740,2026-09-12T01:57:07+00:00,0,487,False,nearest_pdf_time_to_static_stop_time
bart_live_terminals_20260911_183436,2026-09-11,weekday,1965300,1965300,N,MONT,MONT,M20-2,18:50:00,6:50 PM,4196,2,67800,2026-09-12T01:58:37+00:00,0,517,False,nearest_pdf_time_to_static_stop_time
bart_live_terminals_20260911_183436,2026-09-11,weekday,1965300,1965300,N,EMBR,EMBR,M16-2,18:52:00,6:52 PM,4196,2,67920,2026-09-12T02:00:03+00:00,0,483,False,nearest_pdf_time_to_static_stop_time
bart_live_terminals_20260911_183436,2026-09-11,weekday,1965300,1965300,N,WOAK,WOAK,M10-2,18:59:00,6:59 PM,4196,2,68340,2026-09-12T02:06:51+00:00,0,471,False,nearest_pdf_time_to_static_stop_time
bart_live_terminals_20260911_183436,2026-09-11,weekday,1965300,1965300,N,12TH,12TH,K10-3,19:04:00,7:04 PM,4196,2,68640,2026-09-12T02:10:51+00:00,0,411,False,nearest_pdf_time_to_static_stop_time
bart_live_terminals_20260911_183436,2026-09-11,weekday,1965300,1965300,N,19TH,19TH,K20-3,19:06:00,7:06 PM,4196,2,68760,2026-09-12T02:12:22+00:00,0,382,False,nearest_pdf_time_to_static_stop_time
bart_live_terminals_20260911_183436,2026-09-11,weekday,1965300,1965300,N,MCAR,MCAR,K30-3,19:09:00,7:09 PM,4196,2,68940,2026-09-12T02:15:44+00:00,0,404,False,nearest_pdf_time_to_static_stop_time
bart_live_terminals_20260911_183436,2026-09-11,weekday,1965300,1965300,N,ROCK,ROCK,C10-1,19:12:00,7:12 PM,4196,2,69120,2026-09-12T02:18:22+00:00,0,382,False,nearest_pdf_time_to_static_stop_time
bart_live_terminals_20260911_183436,2026-09-11,weekday,1965300,1965300,N,ORIN,ORIN,C20-1,19:17:00,7:17 PM,4196,2,69420,2026-09-12T02:23:33+00:00,0,393,False,nearest_pdf_time_to_static_stop_time
bart_live_terminals_20260911_183436,2026-09-11,weekday,1965300,1965300,N,LAFY,LAFY,C30-1,19:22:00,7:22 PM,4196,2,69720,2026-09-12T02:28:18+00:00,0,378,False,nearest_pdf_time_to_static_stop_time
bart_live_terminals_20260911_183436,2026-09-11,weekday,1965300,1965300,N,WCRK,WCRK,C40-1,19:27:00,7:27 PM,4196,2,70020,2026-09-12T02:32:40+00:00,0,340,False,nearest_pdf_time_to_static_stop_time
bart_live_terminals_20260911_183436,2026-09-11,weekday,1965300,1965300,N,PHIL,PHIL,C50-1,19:30:00,7:30 PM,4196,2,70200,2026-09-12T02:35:27+00:00,0,327,False,nearest_pdf_time_to_static_stop_time
bart_live_terminals_20260911_183436,2026-09-11,weekday,1965300,1965300,N,CONC,CONC,C60-1,19:35:00,7:35 PM,4196,2,70500,2026-09-12T02:40:32+00:00,0,332,False,nearest_pdf_time_to_static_stop_time
bart_live_terminals_20260911_183436,2026-09-11,weekday,1965300,1965300,N,NCON,NCON,C70-1,19:39:00,7:39 PM,4196,2,70740,2026-09-12T02:43:57+00:00,0,297,False,nearest_pdf_time_to_static_stop_time
bart_live_terminals_20260911_183436,2026-09-11,weekday,1965281,1965281,N,SBRN,SBRN,W30-2,18:32:00,6:32 PM,4248,2,66720,2026-09-12T01:37:48+00:00,0,348,False,nearest_pdf_time_to_static_stop_time
bart_live_terminals_20260911_183436,2026-09-11,weekday,1965281,1965281,N,SSAN,SSAN,W20-2,18:35:00,6:35 PM,4248,2,66900,2026-09-12T01:40:53+00:00,0,353,False,nearest_pdf_time_to_static_stop_time
bart_live_terminals_20260911_183436,2026-09-11,weekday,1965281,1965281,N,COLM,COLM,W10-2,18:39:00,6:39 PM,4248,2,67140,2026-09-12T01:44:05+00:00,0,305,False,nearest_pdf_time_to_static_stop_time
bart_live_terminals_20260911_183436,2026-09-11,weekday,1965281,1965281,N,DALY,DALY,M90-2,18:42:00,6:42 PM,4248,2,67320,2026-09-12T01:47:34+00:00,0,334,False,nearest_pdf_time_to_static_stop_time
bart_live_terminals_20260911_183436,2026-09-11,weekday,1965281,1965281,N,BALB,BALB,M80-2,18:46:00,6:46 PM,4248,2,67560,2026-09-12T01:50:50+00:00,0,290,False,nearest_pdf_time_to_static_stop_time
bart_live_terminals_20260911_183436,2026-09-11,weekday,1965281,1965281,N,GLEN,GLEN,M70-2,18:48:00,6:48 PM,4248,2,67680,2026-09-12T01:53:05+00:00,0,305,False,nearest_pdf_time_to_static_stop_time
bart_live_terminals_20260911_183436,2026-09-11,weekday,1965281,1965281,N,24TH,24TH,M60-2,18:51:00,6:51 PM,4248,2,67860,2026-09-12T01:55:46+00:00,0,286,False,nearest_pdf_time_to_static_stop_time
bart_live_terminals_20260911_183436,2026-09-11,weekday,1965281,1965281,N,16TH,16TH,M50-2,18:53:00,6:53 PM,4248,2,67980,2026-09-12T01:57:43+00:00,0,283,False,nearest_pdf_time_to_static_stop_time
bart_live_terminals_20260911_183436,2026-09-11,weekday,1965281,1965281,N,CIVC,CIVC,M40-2,18:55:00,6:55 PM,4248,2,68100,2026-09-12T02:00:02+00:00,0,302,False,nearest_pdf_time_to_static_stop_time
bart_live_terminals_20260911_183436,2026-09-11,weekday,1965281,1965281,N,POWL,POWL,M30-2,18:57:00,6:57 PM,4248,2,68220,2026-09-12T02:01:41+00:00,0,281,False,nearest_pdf_time_to_static_stop_time
bart_live_terminals_20260911_183436,2026-09-11,weekday,1965281,1965281,N,MONT,MONT,M20-2,18:59:00,6:59 PM,4248,2,68340,2026-09-12T02:03:10+00:00,0,250,False,nearest_pdf_time_to_static_stop_time
bart_live_terminals_20260911_183436,2026-09-11,weekday,1965281,1965281,N,EMBR,EMBR,M16-2,19:00:00,7:00 PM,4248,2,68400,2026-09-12T02:04:37+00:00,0,277,False,nearest_pdf_time_to_static_stop_time
bart_live_terminals_20260911_183436,2026-09-11,weekday,1965281,1965281,N,WOAK,WOAK,M10-2,19:07:00,7:07 PM,4248,2,68820,2026-09-12T02:11:25+00:00,0,265,False,nearest_pdf_time_to_static_stop_time
bart_live_terminals_20260911_183436,2026-09-11,weekday,1965281,1965281,N,12TH,12TH,K10-3,19:12:00,7:12 PM,4248,2,69120,2026-09-12T02:15:24+00:00,0,204,False,nearest_pdf_time_to_static_stop_time
bart_live_terminals_20260911_183436,2026-09-11,weekday,1965281,1965281,N,19TH,19TH,K20-3,19:14:00,7:14 PM,4248,2,69240,2026-09-12T02:16:55+00:00,0,175,False,nearest_pdf_time_to_static_stop_time
bart_live_terminals_20260911_183436,2026-09-11,weekday,1965281,1965281,N,MCAR,MCAR,K30-3,19:18:00,7:18 PM,4248,2,69480,2026-09-12T02:20:17+00:00,0,137,False,nearest_pdf_time_to_static_stop_time
bart_live_terminals_20260911_183436,2026-09-11,weekday,1965281,1965281,N,ROCK,ROCK,C10-1,19:21:00,7:21 PM,4248,2,69660,2026-09-12T02:22:55+00:00,0,115,False,nearest_pdf_time_to_static_stop_time
bart_live_terminals_20260911_183436,2026-09-11,weekday,1965281,1965281,N,ORIN,ORIN,C20-1,19:26:00,7:26 PM,4248,2,69960,2026-09-12T02:28:06+00:00,0,126,False,nearest_pdf_time_to_static_stop_time
bart_live_terminals_20260911_183436,2026-09-11,weekday,1965281,1965281,N,LAFY,LAFY,C30-1,19:31:00,7:31 PM,4248,2,70260,2026-09-12T02:32:51+00:00,0,111,False,nearest_pdf_time_to_static_stop_time
bart_live_terminals_20260911_183436,2026-09-11,weekday,1965281,1965281,N,WCRK,WCRK,C40-1,19:35:00,7:35 PM,4248,2,70500,2026-09-12T02:37:14+00:00,0,134,False,nearest_pdf_time_to_static_stop_time
bart_live_terminals_20260911_183436,2026-09-11,weekday,1965281,1965281,N,PHIL,PHIL,C50-1,19:38:00,7:38 PM,4248,2,70680,2026-09-12T02:40:01+00:00,0,121,False,nearest_pdf_time_to_static_stop_time
bart_live_terminals_20260911_183436,2026-09-11,weekday,1965281,1965281,N,CONC,CONC,C60-1,19:43:00,7:43 PM,4248,2,70980,2026-09-12T02:45:06+00:00,0,126,False,nearest_pdf_time_to_static_stop_time
bart_live_terminals_20260911_183436,2026-09-11,weekday,1965281,1965281,N,NCON,NCON,C70-1,19:47:00,7:47 PM,4248,2,71220,2026-09-12T02:48:31+00:00,0,91,False,nearest_pdf_time_to_static_stop_time
bart_live_terminals_20260911_183436,2026-09-11,weekday,1965281,1965281,N,PITT,PITT,C80-1,19:54:00,7:54 PM,4248,2,71640,2026-09-12T02:54:43+00:00,0,43,False,nearest_pdf_time_to_static_stop_time
bart_live_terminals_20260911_183436,2026-09-11,weekday,1965200,1965200,S,SBRN,SBRN,W30-1,18:29:00,6:29 PM,3764,1,66540,2026-09-12T01:36:24+00:00,0,444,False,nearest_pdf_time_to_static_stop_time
bart_live_terminals_20260911_183436,2026-09-11,weekday,1965341,1965341,N,SBRN,SBRN,W30-2,18:44:00,6:44 PM,4300,2,67440,2026-09-12T01:44:32+00:00,0,32,False,nearest_pdf_time_to_static_stop_time
bart_live_terminals_20260911_183436,2026-09-11,weekday,1965341,1965341,N,SSAN,SSAN,W20-2,18:47:00,6:47 PM,4300,2,67620,2026-09-12T01:47:44+00:00,0,44,False,nearest_pdf_time_to_static_stop_time
bart_live_terminals_20260911_183436,2026-09-11,weekday,1965341,1965341,N,COLM,COLM,W10-2,18:50:00,6:50 PM,4300,2,67800,2026-09-12T01:51:08+00:00,0,68,False,nearest_pdf_time_to_static_stop_time
bart_live_terminals_20260911_183436,2026-09-11,weekday,1965341,1965341,N,DALY,DALY,M90-2,18:54:00,6:54 PM,4300,2,68040,2026-09-12T01:54:47+00:00,0,47,False,nearest_pdf_time_to_static_stop_time
bart_live_terminals_20260911_183436,2026-09-11,weekday,1965341,1965341,N,BALB,BALB,M80-2,18:57:00,6:57 PM,4300,2,68220,2026-09-12T01:58:29+00:00,0,89,False,nearest_pdf_time_to_static_stop_time
bart_live_terminals_20260911_183436,2026-09-11,weekday,1965341,1965341,N,GLEN,GLEN,M70-2,19:00:00,7:00 PM,4300,2,68400,2026-09-12T02:00:47+00:00,0,47,False,nearest_pdf_time_to_static_stop_time
bart_live_terminals_20260911_183436,2026-09-11,weekday,1965341,1965341,N,24TH,24TH,M60-2,19:02:00,7:02 PM,4300,2,68520,2026-09-12T02:03:29+00:00,0,89,False,nearest_pdf_time_to_static_stop_time
bart_live_terminals_20260911_183436,2026-09-11,weekday,1965341,1965341,N,16TH,16TH,M50-2,19:05:00,7:05 PM,4300,2,68700,2026-09-12T02:05:35+00:00,0,35,False,nearest_pdf_time_to_static_stop_time
bart_live_terminals_20260911_183436,2026-09-11,weekday,1965341,1965341,N,CIVC,CIVC,M40-2,19:07:00,7:07 PM,4300,2,68820,2026-09-12T02:07:59+00:00,0,59,False,nearest_pdf_time_to_static_stop_time
bart_live_terminals_20260911_183436,2026-09-11,weekday,1965341,1965341,N,POWL,POWL,M30-2,19:09:00,7:09 PM,4300,2,68940,2026-09-12T02:09:41+00:00,0,41,False,nearest_pdf_time_to_static_stop_time
bart_live_terminals_20260911_183436,2026-09-11,weekday,1965341,1965341,N,MONT,MONT,M20-2,19:10:00,7:10 PM,4300,2,69000,2026-09-12T02:11:17+00:00,0,77,False,nearest_pdf_time_to_static_stop_time
bart_live_terminals_20260911_183436,2026-09-11,weekday,1965341,1965341,N,EMBR,EMBR,M16-2,19:12:00,7:12 PM,4300,2,69120,2026-09-12T02:12:59+00:00,0,59,False,nearest_pdf_time_to_static_stop_time
bart_live_terminals_20260911_183436,2026-09-11,weekday,1965341,1965341,N,WOAK,WOAK,M10-2,19:19:00,7:19 PM,4300,2,69540,2026-09-12T02:20:05+00:00,0,65,False,nearest_pdf_time_to_static_stop_time
bart_live_terminals_20260911_183436,2026-09-11,weekday,1965341,1965341,N,12TH,12TH,K10-3,19:24:00,7:24 PM,4300,2,69840,2026-09-12T02:24:55+00:00,0,55,False,nearest_pdf_time_to_static_stop_time
bart_live_terminals_20260911_183436,2026-09-11,weekday,1965341,1965341,N,19TH,19TH,K20-3,19:26:00,7:26 PM,4300,2,69960,2026-09-12T02:26:49+00:00,0,49,False,nearest_pdf_time_to_static_stop_time
bart_live_terminals_20260911_183436,2026-09-11,weekday,1965341,1965341,N,MCAR,MCAR,K30-3,19:29:00,7:29 PM,4300,2,70140,2026-09-12T02:30:24+00:00,0,84,False,nearest_pdf_time_to_static_stop_time
bart_live_terminals_20260911_183436,2026-09-11,weekday,1965341,1965341,N,ROCK,ROCK,C10-1,19:32:00,7:32 PM,4300,2,70320,2026-09-12T02:33:06+00:00,0,66,False,nearest_pdf_time_to_static_stop_time
bart_live_terminals_20260911_183436,2026-09-11,weekday,1965341,1965341,N,ORIN,ORIN,C20-1,19:37:00,7:37 PM,4300,2,70620,2026-09-12T02:38:27+00:00,0,87,False,nearest_pdf_time_to_static_stop_time
bart_live_terminals_20260911_183436,2026-09-11,weekday,1965341,1965341,N,LAFY,LAFY,C30-1,19:42:00,7:42 PM,4300,2,70920,2026-09-12T02:43:15+00:00,0,75,False,nearest_pdf_time_to_static_stop_time
bart_live_terminals_20260911_183436,2026-09-11,weekday,1965341,1965341,N,WCRK,WCRK,C40-1,19:47:00,7:47 PM,4300,2,71220,2026-09-12T02:47:54+00:00,0,54,False,nearest_pdf_time_to_static_stop_time
bart_live_terminals_20260911_183436,2026-09-11,weekday,1965341,1965341,N,PHIL,PHIL,C50-1,19:50:00,7:50 PM,4300,2,71400,2026-09-12T02:50:45+00:00,0,45,False,nearest_pdf_time_to_static_stop_time
bart_live_terminals_20260911_183436,2026-09-11,weekday,1965341,1965341,N,CONC,CONC,C60-1,19:55:00,7:55 PM,4300,2,71700,2026-09-12T02:55:59+00:00,0,59,False,nearest_pdf_time_to_static_stop_time
bart_live_terminals_20260911_183436,2026-09-11,weekday,1965341,1965341,N,NCON,NCON,C70-1,19:59:00,7:59 PM,4300,2,71940,2026-09-12T02:59:41+00:00,0,41,False,nearest_pdf_time_to_static_stop_time
bart_live_terminals_20260911_183436,2026-09-11,weekday,1965158,1965158,S,COLM,COLM,W10-1,18:34:00,6:34 PM,3816,1,66840,2026-09-12T01:37:28+00:00,0,208,False,nearest_pdf_time_to_static_stop_time
bart_live_terminals_20260911_183436,2026-09-11,weekday,1965158,1965158,S,SSAN,SSAN,W20-1,18:37:00,6:37 PM,3816,1,67020,2026-09-12T01:40:01+00:00,0,181,False,nearest_pdf_time_to_static_stop_time
bart_live_terminals_20260911_183436,2026-09-11,weekday,1965158,1965158,S,SBRN,SBRN,W30-1,18:41:00,6:41 PM,3816,1,67260,2026-09-12T01:43:08+00:00,0,128,False,nearest_pdf_time_to_static_stop_time
bart_live_terminals_20260911_183436,2026-09-11,weekday,1965282,1965282,N,SBRN,SBRN,W30-2,18:52:00,6:52 PM,4352,2,67920,2026-09-12T01:52:56+00:00,0,56,False,nearest_pdf_time_to_static_stop_time
bart_live_terminals_20260911_183436,2026-09-11,weekday,1965282,1965282,N,SSAN,SSAN,W20-2,18:55:00,6:55 PM,4352,2,68100,2026-09-12T01:56:08+00:00,0,68,False,nearest_pdf_time_to_static_stop_time
bart_live_terminals_20260911_183436,2026-09-11,weekday,1965282,1965282,N,COLM,COLM,W10-2,18:59:00,6:59 PM,4352,2,68340,2026-09-12T01:59:32+00:00,0,32,False,nearest_pdf_time_to_static_stop_time
bart_live_terminals_20260911_183436,2026-09-11,weekday,1965282,1965282,N,DALY,DALY,M90-2,19:02:00,7:02 PM,4352,2,68520,2026-09-12T02:03:11+00:00,0,71,False,nearest_pdf_time_to_static_stop_time
bart_live_terminals_20260911_183436,2026-09-11,weekday,1965282,1965282,N,BALB,BALB,M80-2,19:06:00,7:06 PM,4352,2,68760,2026-09-12T02:06:53+00:00,0,53,False,nearest_pdf_time_to_static_stop_time
bart_live_terminals_20260911_183436,2026-09-11,weekday,1965282,1965282,N,GLEN,GLEN,M70-2,19:08:00,7:08 PM,4352,2,68880,2026-09-12T02:09:11+00:00,0,71,False,nearest_pdf_time_to_static_stop_time
bart_live_terminals_20260911_183436,2026-09-11,weekday,1965282,1965282,N,24TH,24TH,M60-2,19:11:00,7:11 PM,4352,2,69060,2026-09-12T02:11:53+00:00,0,53,False,nearest_pdf_time_to_static_stop_time
bart_live_terminals_20260911_183436,2026-09-11,weekday,1965282,1965282,N,16TH,16TH,M50-2,19:13:00,7:13 PM,4352,2,69180,2026-09-12T02:13:59+00:00,0,59,False,nearest_pdf_time_to_static_stop_time
bart_live_terminals_20260911_183436,2026-09-11,weekday,1965282,1965282,N,CIVC,CIVC,M40-2,19:15:00,7:15 PM,4352,2,69300,2026-09-12T02:16:23+00:00,0,83,False,nearest_pdf_time_to_static_stop_time
bart_live_terminals_20260911_183436,2026-09-11,weekday,1965282,1965282,N,POWL,POWL,M30-2,19:17:00,7:17 PM,4352,2,69420,2026-09-12T02:18:05+00:00,0,65,False,nearest_pdf_time_to_static_stop_time
bart_live_terminals_20260911_183436,2026-09-11,weekday,1965282,1965282,N,MONT,MONT,M20-2,19:19:00,7:19 PM,4352,2,69540,2026-09-12T02:19:41+00:00,0,41,False,nearest_pdf_time_to_static_stop_time
bart_live_terminals_20260911_183436,2026-09-11,weekday,1965282,1965282,N,EMBR,EMBR,M16-2,19:20:00,7:20 PM,4352,2,69600,2026-09-12T02:21:23+00:00,0,83,False,nearest_pdf_time_to_static_stop_time
bart_live_terminals_20260911_183436,2026-09-11,weekday,1965282,1965282,N,WOAK,WOAK,M10-2,19:27:00,7:27 PM,4352,2,70020,2026-09-12T02:28:29+00:00,0,89,False,nearest_pdf_time_to_static_stop_time
bart_live_terminals_20260911_183436,2026-09-11,weekday,1965282,1965282,N,12TH,12TH,K10-3,19:32:00,7:32 PM,4352,2,70320,2026-09-12T02:33:19+00:00,0,79,False,nearest_pdf_time_to_static_stop_time
bart_live_terminals_20260911_183436,2026-09-11,weekday,1965282,1965282,N,19TH,19TH,K20-3,19:34:00,7:34 PM,4352,2,70440,2026-09-12T02:35:13+00:00,0,73,False,nearest_pdf_time_to_static_stop_time
bart_live_terminals_20260911_183436,2026-09-11,weekday,1965282,1965282,N,MCAR,MCAR,K30-3,19:38:00,7:38 PM,4352,2,70680,2026-09-12T02:38:48+00:00,0,48,False,nearest_pdf_time_to_static_stop_time
bart_live_terminals_20260911_183436,2026-09-11,weekday,1965282,1965282,N,ROCK,ROCK,C10-1,19:41:00,7:41 PM,4352,2,70860,2026-09-12T02:41:30+00:00,0,30,False,nearest_pdf_time_to_static_stop_time
bart_live_terminals_20260911_183436,2026-09-11,weekday,1965282,1965282,N,ORIN,ORIN,C20-1,19:46:00,7:46 PM,4352,2,71160,2026-09-12T02:46:51+00:00,0,51,False,nearest_pdf_time_to_static_stop_time
bart_live_terminals_20260911_183436,2026-09-11,weekday,1965282,1965282,N,LAFY,LAFY,C30-1,19:51:00,7:51 PM,4352,2,71460,2026-09-12T02:51:39+00:00,0,39,False,nearest_pdf_time_to_static_stop_time
bart_live_terminals_20260911_183436,2026-09-11,weekday,1965282,1965282,N,WCRK,WCRK,C40-1,19:55:00,7:55 PM,4352,2,71700,2026-09-12T02:56:18+00:00,0,78,False,nearest_pdf_time_to_static_stop_time
bart_live_terminals_20260911_183436,2026-09-11,weekday,1965282,1965282,N,PHIL,PHIL,C50-1,19:58:00,7:58 PM,4352,2,71880,2026-09-12T02:59:09+00:00,0,69,False,nearest_pdf_time_to_static_stop_time
bart_live_terminals_20260911_183436,2026-09-11,weekday,1965282,1965282,N,CONC,CONC,C60-1,20:03:00,8:03 PM,4352,2,72180,2026-09-12T03:04:23+00:00,0,83,False,nearest_pdf_time_to_static_stop_time
bart_live_terminals_20260911_183436,2026-09-11,weekday,1965282,1965282,N,NCON,NCON,C70-1,20:07:00,8:07 PM,4352,2,72420,2026-09-12T03:08:05+00:00,0,65,False,nearest_pdf_time_to_static_stop_time
bart_live_terminals_20260911_183436,2026-09-11,weekday,1965282,1965282,N,PITT,PITT,C80-1,20:14:00,8:14 PM,4352,2,72840,2026-09-12T03:14:43+00:00,0,43,False,nearest_pdf_time_to_static_stop_time
bart_live_terminals_20260911_183436,2026-09-11,weekday,1965201,1965201,S,GLEN,GLEN,M70-1,18:32:00,6:32 PM,3868,1,66720,2026-09-12T01:34:57+00:00,0,177,False,nearest_pdf_time_to_static_stop_time
bart_live_terminals_20260911_183436,2026-09-11,weekday,1965201,1965201,S,BALB,BALB,M80-1,18:34:00,6:34 PM,3868,1,66840,2026-09-12T01:36:45+00:00,0,165,False,nearest_pdf_time_to_static_stop_time
bart_live_terminals_20260911_183436,2026-09-11,weekday,1965201,1965201,S,DALY,DALY,M90-1,18:39:00,6:39 PM,3868,1,67140,2026-09-12T01:40:51+00:00,0,111,False,nearest_pdf_time_to_static_stop_time
bart_live_terminals_20260911_183436,2026-09-11,weekday,1965201,1965201,S,COLM,COLM,W10-1,18:43:00,6:43 PM,3868,1,67380,2026-09-12T01:44:30+00:00,0,90,False,nearest_pdf_time_to_static_stop_time
bart_live_terminals_20260911_183436,2026-09-11,weekday,1965201,1965201,S,SSAN,SSAN,W20-1,18:46:00,6:46 PM,3868,1,67560,2026-09-12T01:47:24+00:00,0,84,False,nearest_pdf_time_to_static_stop_time
bart_live_terminals_20260911_183436,2026-09-11,weekday,1965201,1965201,S,SBRN,SBRN,W30-1,18:49:00,6:49 PM,3868,1,67740,2026-09-12T01:50:31+00:00,0,91,False,nearest_pdf_time_to_static_stop_time
bart_live_terminals_20260911_183436,2026-09-11,weekday,1965159,1965159,S,MONT,MONT,M20-1,18:33:00,6:33 PM,3920,1,66780,2026-09-12T01:35:05+00:00,0,125,False,nearest_pdf_time_to_static_stop_time
bart_live_terminals_20260911_183436,2026-09-11,weekday,1965159,1965159,S,POWL,POWL,M30-1,18:35:00,6:35 PM,3920,1,66900,2026-09-12T01:36:31+00:00,0,91,False,nearest_pdf_time_to_static_stop_time
bart_live_terminals_20260911_183436,2026-09-11,weekday,1965159,1965159,S,CIVC,CIVC,M40-1,18:37:00,6:37 PM,3920,1,67020,2026-09-12T01:38:00+00:00,0,60,False,nearest_pdf_time_to_static_stop_time
bart_live_terminals_20260911_183436,2026-09-11,weekday,1965159,1965159,S,16TH,16TH,M50-1,18:39:00,6:39 PM,3920,1,67140,2026-09-12T01:39:51+00:00,0,51,False,nearest_pdf_time_to_static_stop_time
bart_live_terminals_20260911_183436,2026-09-11,weekday,1965159,1965159,S,24TH,24TH,M60-1,18:41:00,6:41 PM,3920,1,67260,2026-09-12T01:41:51+00:00,0,51,False,nearest_pdf_time_to_static_stop_time
bart_live_terminals_20260911_183436,2026-09-11,weekday,1965159,1965159,S,GLEN,GLEN,M70-1,18:44:00,6:44 PM,3920,1,67440,2026-09-12T01:44:39+00:00,0,39,False,nearest_pdf_time_to_static_stop_time
bart_live_terminals_20260911_183436,2026-09-11,weekday,1965159,1965159,S,BALB,BALB,M80-1,18:46:00,6:46 PM,3920,1,67560,2026-09-12T01:46:57+00:00,0,57,False,nearest_pdf_time_to_static_stop_time
bart_live_terminals_20260911_183436,2026-09-11,weekday,1965159,1965159,S,DALY,DALY,M90-1,18:50:00,6:50 PM,3920,1,67800,2026-09-12T01:51:24+00:00,0,84,False,nearest_pdf_time_to_static_stop_time
bart_live_terminals_20260911_183436,2026-09-11,weekday,1965159,1965159,S,COLM,COLM,W10-1,18:54:00,6:54 PM,3920,1,68040,2026-09-12T01:55:18+00:00,0,78,False,nearest_pdf_time_to_static_stop_time
bart_live_terminals_20260911_183436,2026-09-11,weekday,1965159,1965159,S,SSAN,SSAN,W20-1,18:57:00,6:57 PM,3920,1,68220,2026-09-12T01:58:18+00:00,0,78,False,nearest_pdf_time_to_static_stop_time
bart_live_terminals_20260911_183436,2026-09-11,weekday,1965159,1965159,S,SBRN,SBRN,W30-1,19:01:00,7:01 PM,3920,1,68460,2026-09-12T02:01:30+00:00,0,30,False,nearest_pdf_time_to_static_stop_time
bart_live_terminals_20260911_183436,2026-09-11,weekday,1965283,1965283,N,SBRN,SBRN,W30-2,19:12:00,7:12 PM,4404,2,69120,2026-09-12T02:12:56+00:00,0,56,False,nearest_pdf_time_to_static_stop_time
bart_live_terminals_20260911_183436,2026-09-11,weekday,1965283,1965283,N,SSAN,SSAN,W20-2,19:15:00,7:15 PM,4404,2,69300,2026-09-12T02:16:08+00:00,0,68,False,nearest_pdf_time_to_static_stop_time
bart_live_terminals_20260911_183436,2026-09-11,weekday,1965283,1965283,N,COLM,COLM,W10-2,19:19:00,7:19 PM,4404,2,69540,2026-09-12T02:19:32+00:00,0,32,False,nearest_pdf_time_to_static_stop_time
bart_live_terminals_20260911_183436,2026-09-11,weekday,1965283,1965283,N,DALY,DALY,M90-2,19:22:00,7:22 PM,4404,2,69720,2026-09-12T02:23:11+00:00,0,71,False,nearest_pdf_time_to_static_stop_time
bart_live_terminals_20260911_183436,2026-09-11,weekday,1965283,1965283,N,BALB,BALB,M80-2,19:26:00,7:26 PM,4404,2,69960,2026-09-12T02:26:53+00:00,0,53,False,nearest_pdf_time_to_static_stop_time
bart_live_terminals_20260911_183436,2026-09-11,weekday,1965283,1965283,N,GLEN,GLEN,M70-2,19:28:00,7:28 PM,4404,2,70080,2026-09-12T02:29:11+00:00,0,71,False,nearest_pdf_time_to_static_stop_time
bart_live_terminals_20260911_183436,2026-09-11,weekday,1965283,1965283,N,24TH,24TH,M60-2,19:31:00,7:31 PM,4404,2,70260,2026-09-12T02:31:53+00:00,0,53,False,nearest_pdf_time_to_static_stop_time
bart_live_terminals_20260911_183436,2026-09-11,weekday,1965283,1965283,N,16TH,16TH,M50-2,19:33:00,7:33 PM,4404,2,70380,2026-09-12T02:33:59+00:00,0,59,False,nearest_pdf_time_to_static_stop_time
bart_live_terminals_20260911_183436,2026-09-11,weekday,1965283,1965283,N,CIVC,CIVC,M40-2,19:35:00,7:35 PM,4404,2,70500,2026-09-12T02:36:23+00:00,0,83,False,nearest_pdf_time_to_static_stop_time
bart_live_terminals_20260911_183436,2026-09-11,weekday,1965283,1965283,N,POWL,POWL,M30-2,19:37:00,7:37 PM,4404,2,70620,2026-09-12T02:38:05+00:00,0,65,False,nearest_pdf_time_to_static_stop_time
bart_live_terminals_20260911_183436,2026-09-11,weekday,1965283,1965283,N,MONT,MONT,M20-2,19:39:00,7:39 PM,4404,2,70740,2026-09-12T02:39:41+00:00,0,41,False,nearest_pdf_time_to_static_stop_time
bart_live_terminals_20260911_183436,2026-09-11,weekday,1965283,1965283,N,EMBR,EMBR,M16-2,19:40:00,7:40 PM,4404,2,70800,2026-09-12T02:41:23+00:00,0,83,False,nearest_pdf_time_to_static_stop_time
bart_live_terminals_20260911_183436,2026-09-11,weekday,1965283,1965283,N,WOAK,WOAK,M10-2,19:47:00,7:47 PM,4404,2,71220,2026-09-12T02:48:29+00:00,0,89,False,nearest_pdf_time_to_static_stop_time
bart_live_terminals_20260911_183436,2026-09-11,weekday,1965283,1965283,N,12TH,12TH,K10-3,19:52:00,7:52 PM,4404,2,71520,2026-09-12T02:53:19+00:00,0,79,False,nearest_pdf_time_to_static_stop_time
bart_live_terminals_20260911_183436,2026-09-11,weekday,1965283,1965283,N,19TH,19TH,K20-3,19:54:00,7:54 PM,4404,2,71640,2026-09-12T02:55:13+00:00,0,73,False,nearest_pdf_time_to_static_stop_time
bart_live_terminals_20260911_183436,2026-09-11,weekday,1965283,1965283,N,MCAR,MCAR,K30-3,19:58:00,7:58 PM,4404,2,71880,2026-09-12T02:58:48+00:00,0,48,False,nearest_pdf_time_to_static_stop_time
bart_live_terminals_20260911_183436,2026-09-11,weekday,1965283,1965283,N,ROCK,ROCK,C10-1,20:01:00,8:01 PM,4404,2,72060,2026-09-12T03:01:30+00:00,0,30,False,nearest_pdf_time_to_static_stop_time
bart_live_terminals_20260911_183436,2026-09-11,weekday,1965283,1965283,N,ORIN,ORIN,C20-1,20:06:00,8:06 PM,4404,2,72360,2026-09-12T03:06:51+00:00,0,51,False,nearest_pdf_time_to_static_stop_time
bart_live_terminals_20260911_183436,2026-09-11,weekday,1965283,1965283,N,LAFY,LAFY,C30-1,20:11:00,8:11 PM,4404,2,72660,2026-09-12T03:11:39+00:00,0,39,False,nearest_pdf_time_to_static_stop_time
bart_live_terminals_20260911_183436,2026-09-11,weekday,1965283,1965283,N,WCRK,WCRK,C40-1,20:15:00,8:15 PM,4404,2,72900,2026-09-12T03:16:18+00:00,0,78,False,nearest_pdf_time_to_static_stop_time
bart_live_terminals_20260911_183436,2026-09-11,weekday,1965283,1965283,N,PHIL,PHIL,C50-1,20:18:00,8:18 PM,4404,2,73080,2026-09-12T03:19:09+00:00,0,69,False,nearest_pdf_time_to_static_stop_time
bart_live_terminals_20260911_183436,2026-09-11,weekday,1965283,1965283,N,CONC,CONC,C60-1,20:23:00,8:23 PM,4404,2,73380,2026-09-12T03:24:23+00:00,0,83,False,nearest_pdf_time_to_static_stop_time
bart_live_terminals_20260911_183436,2026-09-11,weekday,1965283,1965283,N,NCON,NCON,C70-1,20:27:00,8:27 PM,4404,2,73620,2026-09-12T03:28:05+00:00,0,65,False,nearest_pdf_time_to_static_stop_time
bart_live_terminals_20260911_183436,2026-09-11,weekday,1965283,1965283,N,PITT,PITT,C80-1,20:34:00,8:34 PM,4404,2,74040,2026-09-12T03:34:43+00:00,0,43,False,nearest_pdf_time_to_static_stop_time
bart_live_terminals_20260911_183436,2026-09-11,weekday,1965202,1965202,S,EMBR,EMBR,M16-1,18:40:00,6:40 PM,3972,1,67200,2026-09-12T01:41:04+00:00,0,64,False,nearest_pdf_time_to_static_stop_time
bart_live_terminals_20260911_183436,2026-09-11,weekday,1965202,1965202,S,MONT,MONT,M20-1,18:42:00,6:42 PM,3972,1,67320,2026-09-12T01:42:44+00:00,0,44,False,nearest_pdf_time_to_static_stop_time
bart_live_terminals_20260911_183436,2026-09-11,weekday,1965202,1965202,S,POWL,POWL,M30-1,18:43:00,6:43 PM,3972,1,67380,2026-09-12T01:44:29+00:00,0,89,False,nearest_pdf_time_to_static_stop_time
bart_live_terminals_20260911_183436,2026-09-11,weekday,1965202,1965202,S,CIVC,CIVC,M40-1,18:45:00,6:45 PM,3972,1,67500,2026-09-12T01:46:05+00:00,0,65,False,nearest_pdf_time_to_static_stop_time
bart_live_terminals_20260911_183436,2026-09-11,weekday,1965202,1965202,S,16TH,16TH,M50-1,18:47:00,6:47 PM,3972,1,67620,2026-09-12T01:48:23+00:00,0,83,False,nearest_pdf_time_to_static_stop_time
bart_live_terminals_20260911_183436,2026-09-11,weekday,1965202,1965202,S,24TH,24TH,M60-1,18:49:00,6:49 PM,3972,1,67740,2026-09-12T01:50:23+00:00,0,83,False,nearest_pdf_time_to_static_stop_time
bart_live_terminals_20260911_183436,2026-09-11,weekday,1965202,1965202,S,GLEN,GLEN,M70-1,18:52:00,6:52 PM,3972,1,67920,2026-09-12T01:53:11+00:00,0,71,False,nearest_pdf_time_to_static_stop_time
bart_live_terminals_20260911_183436,2026-09-11,weekday,1965202,1965202,S,BALB,BALB,M80-1,18:54:00,6:54 PM,3972,1,68040,2026-09-12T01:55:29+00:00,0,89,False,nearest_pdf_time_to_static_stop_time
bart_live_terminals_20260911_183436,2026-09-11,weekday,1965202,1965202,S,DALY,DALY,M90-1,18:59:00,6:59 PM,3972,1,68340,2026-09-12T01:59:56+00:00,0,56,False,nearest_pdf_time_to_static_stop_time
bart_live_terminals_20260911_183436,2026-09-11,weekday,1965202,1965202,S,COLM,COLM,W10-1,19:03:00,7:03 PM,3972,1,68580,2026-09-12T02:03:50+00:00,0,50,False,nearest_pdf_time_to_static_stop_time
bart_live_terminals_20260911_183436,2026-09-11,weekday,1965202,1965202,S,SSAN,SSAN,W20-1,19:06:00,7:06 PM,3972,1,68760,2026-09-12T02:06:50+00:00,0,50,False,nearest_pdf_time_to_static_stop_time
bart_live_terminals_20260911_183436,2026-09-11,weekday,1965202,1965202,S,SBRN,SBRN,W30-1,19:09:00,7:09 PM,3972,1,68940,2026-09-12T02:10:02+00:00,0,62,False,nearest_pdf_time_to_static_stop_time
bart_live_terminals_20260911_183436,2026-09-11,weekday,1965160,1965160,S,MCAR,MCAR,K30-4,18:34:00,6:34 PM,4024,1,66840,2026-09-12T01:35:54+00:00,0,114,False,nearest_pdf_time_to_static_stop_time
bart_live_terminals_20260911_183436,2026-09-11,weekday,1965160,1965160,S,19TH,19TH,K20-2,18:38:00,6:38 PM,4024,1,67080,2026-09-12T01:38:37+00:00,0,37,False,nearest_pdf_time_to_static_stop_time
bart_live_terminals_20260911_183436,2026-09-11,weekday,1965160,1965160,S,12TH,12TH,K10-2,18:40:00,6:40 PM,4024,1,67200,2026-09-12T01:41:09+00:00,0,69,False,nearest_pdf_time_to_static_stop_time
bart_live_terminals_20260911_183436,2026-09-11,weekday,1965160,1965160,S,WOAK,WOAK,M10-1,18:45:00,6:45 PM,4024,1,67500,2026-09-12T01:45:39+00:00,0,39,False,nearest_pdf_time_to_static_stop_time
bart_live_terminals_20260911_183436,2026-09-11,weekday,1965160,1965160,S,EMBR,EMBR,M16-1,18:52:00,6:52 PM,4024,1,67920,2026-09-12T01:52:39+00:00,0,39,False,nearest_pdf_time_to_static_stop_time
bart_live_terminals_20260911_183436,2026-09-11,weekday,1965160,1965160,S,MONT,MONT,M20-1,18:53:00,6:53 PM,4024,1,67980,2026-09-12T01:54:15+00:00,0,75,False,nearest_pdf_time_to_static_stop_time
bart_live_terminals_20260911_183436,2026-09-11,weekday,1965160,1965160,S,POWL,POWL,M30-1,18:55:00,6:55 PM,4024,1,68100,2026-09-12T01:55:57+00:00,0,57,False,nearest_pdf_time_to_static_stop_time
bart_live_terminals_20260911_183436,2026-09-11,weekday,1965160,1965160,S,CIVC,CIVC,M40-1,18:57:00,6:57 PM,4024,1,68220,2026-09-12T01:57:33+00:00,0,33,False,nearest_pdf_time_to_static_stop_time
bart_live_terminals_20260911_183436,2026-09-11,weekday,1965160,1965160,S,16TH,16TH,M50-1,18:59:00,6:59 PM,4024,1,68340,2026-09-12T01:59:51+00:00,0,51,False,nearest_pdf_time_to_static_stop_time
bart_live_terminals_20260911_183436,2026-09-11,weekday,1965160,1965160,S,24TH,24TH,M60-1,19:01:00,7:01 PM,4024,1,68460,2026-09-12T02:01:51+00:00,0,51,False,nearest_pdf_time_to_static_stop_time
bart_live_terminals_20260911_183436,2026-09-11,weekday,1965160,1965160,S,GLEN,GLEN,M70-1,19:04:00,7:04 PM,4024,1,68640,2026-09-12T02:04:39+00:00,0,39,False,nearest_pdf_time_to_static_stop_time
bart_live_terminals_20260911_183436,2026-09-11,weekday,1965160,1965160,S,BALB,BALB,M80-1,19:06:00,7:06 PM,4024,1,68760,2026-09-12T02:06:57+00:00,0,57,False,nearest_pdf_time_to_static_stop_time
bart_live_terminals_20260911_183436,2026-09-11,weekday,1965160,1965160,S,DALY,DALY,M90-1,19:10:00,7:10 PM,4024,1,69000,2026-09-12T02:11:24+00:00,0,84,False,nearest_pdf_time_to_static_stop_time
bart_live_terminals_20260911_183436,2026-09-11,weekday,1965160,1965160,S,COLM,COLM,W10-1,19:14:00,7:14 PM,4024,1,69240,2026-09-12T02:15:18+00:00,0,78,False,nearest_pdf_time_to_static_stop_time
bart_live_terminals_20260911_183436,2026-09-11,weekday,1965160,1965160,S,SSAN,SSAN,W20-1,19:17:00,7:17 PM,4024,1,69420,2026-09-12T02:18:18+00:00,0,78,False,nearest_pdf_time_to_static_stop_time
bart_live_terminals_20260911_183436,2026-09-11,weekday,1965160,1965160,S,SBRN,SBRN,W30-1,19:21:00,7:21 PM,4024,1,69660,2026-09-12T02:21:30+00:00,0,30,False,nearest_pdf_time_to_static_stop_time
bart_live_terminals_20260911_183436,2026-09-11,weekday,1965203,1965203,S,ORIN,ORIN,C20-2,18:34:00,6:34 PM,4076,1,66840,2026-09-12T01:35:16+00:00,0,76,False,nearest_pdf_time_to_static_stop_time
bart_live_terminals_20260911_183436,2026-09-11,weekday,1965203,1965203,S,ROCK,ROCK,C10-2,18:39:00,6:39 PM,4076,1,67140,2026-09-12T01:40:22+00:00,0,82,False,nearest_pdf_time_to_static_stop_time
bart_live_terminals_20260911_183436,2026-09-11,weekday,1965203,1965203,S,MCAR,MCAR,K30-4,18:43:00,6:43 PM,4076,1,67380,2026-09-12T01:43:34+00:00,0,34,False,nearest_pdf_time_to_static_stop_time
bart_live_terminals_20260911_183436,2026-09-11,weekday,1965203,1965203,S,19TH,19TH,K20-2,18:47:00,6:47 PM,4076,1,67620,2026-09-12T01:47:35+00:00,0,35,False,nearest_pdf_time_to_static_stop_time
bart_live_terminals_20260911_183436,2026-09-11,weekday,1965203,1965203,S,12TH,12TH,K10-2,18:49:00,6:49 PM,4076,1,67740,2026-09-12T01:49:41+00:00,0,41,False,nearest_pdf_time_to_static_stop_time
bart_live_terminals_20260911_183436,2026-09-11,weekday,1965203,1965203,S,WOAK,WOAK,M10-1,18:53:00,6:53 PM,4076,1,67980,2026-09-12T01:54:11+00:00,0,71,False,nearest_pdf_time_to_static_stop_time
bart_live_terminals_20260911_183436,2026-09-11,weekday,1965203,1965203,S,EMBR,EMBR,M16-1,19:00:00,7:00 PM,4076,1,68400,2026-09-12T02:01:11+00:00,0,71,False,nearest_pdf_time_to_static_stop_time
bart_live_terminals_20260911_183436,2026-09-11,weekday,1965203,1965203,S,MONT,MONT,M20-1,19:02:00,7:02 PM,4076,1,68520,2026-09-12T02:02:47+00:00,0,47,False,nearest_pdf_time_to_static_stop_time
bart_live_terminals_20260911_183436,2026-09-11,weekday,1965203,1965203,S,POWL,POWL,M30-1,19:03:00,7:03 PM,4076,1,68580,2026-09-12T02:04:29+00:00,0,89,False,nearest_pdf_time_to_static_stop_time
bart_live_terminals_20260911_183436,2026-09-11,weekday,1965203,1965203,S,CIVC,CIVC,M40-1,19:05:00,7:05 PM,4076,1,68700,2026-09-12T02:06:05+00:00,0,65,False,nearest_pdf_time_to_static_stop_time
bart_live_terminals_20260911_183436,2026-09-11,weekday,1965203,1965203,S,16TH,16TH,M50-1,19:07:00,7:07 PM,4076,1,68820,2026-09-12T02:08:23+00:00,0,83,False,nearest_pdf_time_to_static_stop_time
bart_live_terminals_20260911_183436,2026-09-11,weekday,1965203,1965203,S,24TH,24TH,M60-1,19:09:00,7:09 PM,4076,1,68940,2026-09-12T02:10:23+00:00,0,83,False,nearest_pdf_time_to_static_stop_time
bart_live_terminals_20260911_183436,2026-09-11,weekday,1965203,1965203,S,GLEN,GLEN,M70-1,19:12:00,7:12 PM,4076,1,69120,2026-09-12T02:13:11+00:00,0,71,False,nearest_pdf_time_to_static_stop_time
bart_live_terminals_20260911_183436,2026-09-11,weekday,1965203,1965203,S,BALB,BALB,M80-1,19:14:00,7:14 PM,4076,1,69240,2026-09-12T02:15:29+00:00,0,89,False,nearest_pdf_time_to_static_stop_time
bart_live_terminals_20260911_183436,2026-09-11,weekday,1965203,1965203,S,DALY,DALY,M90-1,19:19:00,7:19 PM,4076,1,69540,2026-09-12T02:19:56+00:00,0,56,False,nearest_pdf_time_to_static_stop_time
bart_live_terminals_20260911_183436,2026-09-11,weekday,1965203,1965203,S,COLM,COLM,W10-1,19:23:00,7:23 PM,4076,1,69780,2026-09-12T02:23:50+00:00,0,50,False,nearest_pdf_time_to_static_stop_time
bart_live_terminals_20260911_183436,2026-09-11,weekday,1965203,1965203,S,SSAN,SSAN,W20-1,19:26:00,7:26 PM,4076,1,69960,2026-09-12T02:26:50+00:00,0,50,False,nearest_pdf_time_to_static_stop_time
bart_live_terminals_20260911_183436,2026-09-11,weekday,1965203,1965203,S,SBRN,SBRN,W30-1,19:29:00,7:29 PM,4076,1,70140,2026-09-12T02:30:02+00:00,0,62,False,nearest_pdf_time_to_static_stop_time
bart_live_terminals_20260911_183436,2026-09-11,weekday,1965161,1965161,S,WCRK,WCRK,C40-2,18:35:00,6:35 PM,4128,1,66900,2026-09-12T01:36:27+00:00,0,87,False,nearest_pdf_time_to_static_stop_time
bart_live_terminals_20260911_183436,2026-09-11,weekday,1965161,1965161,S,LAFY,LAFY,C30-2,18:40:00,6:40 PM,4128,1,67200,2026-09-12T01:41:10+00:00,0,70,False,nearest_pdf_time_to_static_stop_time
bart_live_terminals_20260911_183436,2026-09-11,weekday,1965161,1965161,S,ORIN,ORIN,C20-2,18:45:00,6:45 PM,4128,1,67500,2026-09-12T01:46:05+00:00,0,65,False,nearest_pdf_time_to_static_stop_time
bart_live_terminals_20260911_183436,2026-09-11,weekday,1965161,1965161,S,ROCK,ROCK,C10-2,18:51:00,6:51 PM,4128,1,67860,2026-09-12T01:51:50+00:00,0,50,False,nearest_pdf_time_to_static_stop_time
bart_live_terminals_20260911_183436,2026-09-11,weekday,1965161,1965161,S,MCAR,MCAR,K30-4,18:54:00,6:54 PM,4128,1,68040,2026-09-12T01:55:16+00:00,0,76,False,nearest_pdf_time_to_static_stop_time
bart_live_terminals_20260911_183436,2026-09-11,weekday,1965161,1965161,S,19TH,19TH,K20-2,18:58:00,6:58 PM,4128,1,68280,2026-09-12T01:59:03+00:00,0,63,False,nearest_pdf_time_to_static_stop_time
bart_live_terminals_20260911_183436,2026-09-11,weekday,1965161,1965161,S,12TH,12TH,K10-2,19:00:00,7:00 PM,4128,1,68400,2026-09-12T02:01:09+00:00,0,69,False,nearest_pdf_time_to_static_stop_time
bart_live_terminals_20260911_183436,2026-09-11,weekday,1965161,1965161,S,WOAK,WOAK,M10-1,19:05:00,7:05 PM,4128,1,68700,2026-09-12T02:05:39+00:00,0,39,False,nearest_pdf_time_to_static_stop_time
bart_live_terminals_20260911_183436,2026-09-11,weekday,1965161,1965161,S,EMBR,EMBR,M16-1,19:12:00,7:12 PM,4128,1,69120,2026-09-12T02:12:39+00:00,0,39,False,nearest_pdf_time_to_static_stop_time
bart_live_terminals_20260911_183436,2026-09-11,weekday,1965161,1965161,S,MONT,MONT,M20-1,19:13:00,7:13 PM,4128,1,69180,2026-09-12T02:14:15+00:00,0,75,False,nearest_pdf_time_to_static_stop_time
bart_live_terminals_20260911_183436,2026-09-11,weekday,1965161,1965161,S,POWL,POWL,M30-1,19:15:00,7:15 PM,4128,1,69300,2026-09-12T02:15:57+00:00,0,57,False,nearest_pdf_time_to_static_stop_time
bart_live_terminals_20260911_183436,2026-09-11,weekday,1965161,1965161,S,CIVC,CIVC,M40-1,19:17:00,7:17 PM,4128,1,69420,2026-09-12T02:17:33+00:00,0,33,False,nearest_pdf_time_to_static_stop_time
bart_live_terminals_20260911_183436,2026-09-11,weekday,1965161,1965161,S,16TH,16TH,M50-1,19:19:00,7:19 PM,4128,1,69540,2026-09-12T02:19:51+00:00,0,51,False,nearest_pdf_time_to_static_stop_time
bart_live_terminals_20260911_183436,2026-09-11,weekday,1965161,1965161,S,24TH,24TH,M60-1,19:21:00,7:21 PM,4128,1,69660,2026-09-12T02:21:51+00:00,0,51,False,nearest_pdf_time_to_static_stop_time
bart_live_terminals_20260911_183436,2026-09-11,weekday,1965161,1965161,S,GLEN,GLEN,M70-1,19:24:00,7:24 PM,4128,1,69840,2026-09-12T02:24:39+00:00,0,39,False,nearest_pdf_time_to_static_stop_time
bart_live_terminals_20260911_183436,2026-09-11,weekday,1965161,1965161,S,BALB,BALB,M80-1,19:26:00,7:26 PM,4128,1,69960,2026-09-12T02:26:57+00:00,0,57,False,nearest_pdf_time_to_static_stop_time
bart_live_terminals_20260911_183436,2026-09-11,weekday,1965161,1965161,S,DALY,DALY,M90-1,19:30:00,7:30 PM,4128,1,70200,2026-09-12T02:31:24+00:00,0,84,False,nearest_pdf_time_to_static_stop_time
bart_live_terminals_20260911_183436,2026-09-11,weekday,1965161,1965161,S,COLM,COLM,W10-1,19:34:00,7:34 PM,4128,1,70440,2026-09-12T02:35:18+00:00,0,78,False,nearest_pdf_time_to_static_stop_time
bart_live_terminals_20260911_183436,2026-09-11,weekday,1965161,1965161,S,SSAN,SSAN,W20-1,19:37:00,7:37 PM,4128,1,70620,2026-09-12T02:38:18+00:00,0,78,False,nearest_pdf_time_to_static_stop_time
bart_live_terminals_20260911_183436,2026-09-11,weekday,1965161,1965161,S,SBRN,SBRN,W30-1,19:41:00,7:41 PM,4128,1,70860,2026-09-12T02:41:30+00:00,0,30,False,nearest_pdf_time_to_static_stop_time
bart_live_terminals_20260911_183436,2026-09-11,weekday,1965204,1965204,S,NCON,NCON,C70-2,18:32:00,6:32 PM,4180,1,66720,2026-09-12T01:36:03+00:00,0,243,False,nearest_pdf_time_to_static_stop_time
bart_live_terminals_20260911_183436,2026-09-11,weekday,1965204,1965204,S,CONC,CONC,C60-2,18:36:00,6:36 PM,4180,1,66960,2026-09-12T01:39:30+00:00,0,210,False,nearest_pdf_time_to_static_stop_time
bart_live_terminals_20260911_183436,2026-09-11,weekday,1965204,1965204,S,PHIL,PHIL,C50-2,18:41:00,6:41 PM,4180,1,67260,2026-09-12T01:44:30+00:00,0,210,False,nearest_pdf_time_to_static_stop_time
bart_live_terminals_20260911_183436,2026-09-11,weekday,1965204,1965204,S,WCRK,WCRK,C40-2,18:44:00,6:44 PM,4180,1,67440,2026-09-12T01:47:23+00:00,0,203,False,nearest_pdf_time_to_static_stop_time
bart_live_terminals_20260911_183436,2026-09-11,weekday,1965204,1965204,S,LAFY,LAFY,C30-2,18:49:00,6:49 PM,4180,1,67740,2026-09-12T01:51:51+00:00,0,171,False,nearest_pdf_time_to_static_stop_time
bart_live_terminals_20260911_183436,2026-09-11,weekday,1965204,1965204,S,ORIN,ORIN,C20-2,18:54:00,6:54 PM,4180,1,68040,2026-09-12T01:56:35+00:00,0,155,False,nearest_pdf_time_to_static_stop_time
bart_live_terminals_20260911_183436,2026-09-11,weekday,1965204,1965204,S,ROCK,ROCK,C10-2,18:59:00,6:59 PM,4180,1,68340,2026-09-12T02:02:06+00:00,0,186,False,nearest_pdf_time_to_static_stop_time
bart_live_terminals_20260911_183436,2026-09-11,weekday,1965204,1965204,S,MCAR,MCAR,K30-4,19:03:00,7:03 PM,4180,1,68580,2026-09-12T02:05:10+00:00,0,130,False,nearest_pdf_time_to_static_stop_time
bart_live_terminals_20260911_183436,2026-09-11,weekday,1965204,1965204,S,19TH,19TH,K20-2,19:07:00,7:07 PM,4180,1,68820,2026-09-12T02:08:22+00:00,0,82,False,nearest_pdf_time_to_static_stop_time
bart_live_terminals_20260911_183436,2026-09-11,weekday,1965204,1965204,S,12TH,12TH,K10-2,19:09:00,7:09 PM,4180,1,68940,2026-09-12T02:09:52+00:00,0,52,False,nearest_pdf_time_to_static_stop_time
bart_live_terminals_20260911_183436,2026-09-11,weekday,1965204,1965204,S,WOAK,WOAK,M10-1,19:13:00,7:13 PM,4180,1,69180,2026-09-12T02:14:01+00:00,0,61,False,nearest_pdf_time_to_static_stop_time
bart_live_terminals_20260911_183436,2026-09-11,weekday,1965204,1965204,S,EMBR,EMBR,M16-1,19:20:00,7:20 PM,4180,1,69600,2026-09-12T02:21:11+00:00,0,71,False,nearest_pdf_time_to_static_stop_time
bart_live_terminals_20260911_183436,2026-09-11,weekday,1965204,1965204,S,MONT,MONT,M20-1,19:22:00,7:22 PM,4180,1,69720,2026-09-12T02:22:47+00:00,0,47,False,nearest_pdf_time_to_static_stop_time
bart_live_terminals_20260911_183436,2026-09-11,weekday,1965204,1965204,S,POWL,POWL,M30-1,19:23:00,7:23 PM,4180,1,69780,2026-09-12T02:24:29+00:00,0,89,False,nearest_pdf_time_to_static_stop_time
bart_live_terminals_20260911_183436,2026-09-11,weekday,1965204,1965204,S,CIVC,CIVC,M40-1,19:25:00,7:25 PM,4180,1,69900,2026-09-12T02:26:05+00:00,0,65,False,nearest_pdf_time_to_static_stop_time
bart_live_terminals_20260911_183436,2026-09-11,weekday,1965204,1965204,S,16TH,16TH,M50-1,19:27:00,7:27 PM,4180,1,70020,2026-09-12T02:28:23+00:00,0,83,False,nearest_pdf_time_to_static_stop_time
bart_live_terminals_20260911_183436,2026-09-11,weekday,1965204,1965204,S,24TH,24TH,M60-1,19:29:00,7:29 PM,4180,1,70140,2026-09-12T02:30:23+00:00,0,83,False,nearest_pdf_time_to_static_stop_time
bart_live_terminals_20260911_183436,2026-09-11,weekday,1965204,1965204,S,GLEN,GLEN,M70-1,19:32:00,7:32 PM,4180,1,70320,2026-09-12T02:33:11+00:00,0,71,False,nearest_pdf_time_to_static_stop_time
bart_live_terminals_20260911_183436,2026-09-11,weekday,1965204,1965204,S,BALB,BALB,M80-1,19:34:00,7:34 PM,4180,1,70440,2026-09-12T02:35:29+00:00,0,89,False,nearest_pdf_time_to_static_stop_time
bart_live_terminals_20260911_183436,2026-09-11,weekday,1965204,1965204,S,DALY,DALY,M90-1,19:39:00,7:39 PM,4180,1,70740,2026-09-12T02:39:56+00:00,0,56,False,nearest_pdf_time_to_static_stop_time
bart_live_terminals_20260911_183436,2026-09-11,weekday,1965204,1965204,S,COLM,COLM,W10-1,19:43:00,7:43 PM,4180,1,70980,2026-09-12T02:43:50+00:00,0,50,False,nearest_pdf_time_to_static_stop_time
bart_live_terminals_20260911_183436,2026-09-11,weekday,1965204,1965204,S,SSAN,SSAN,W20-1,19:46:00,7:46 PM,4180,1,71160,2026-09-12T02:46:50+00:00,0,50,False,nearest_pdf_time_to_static_stop_time
bart_live_terminals_20260911_183436,2026-09-11,weekday,1965204,1965204,S,SBRN,SBRN,W30-1,19:49:00,7:49 PM,4180,1,71340,2026-09-12T02:50:02+00:00,0,62,False,nearest_pdf_time_to_static_stop_time
bart_live_terminals_20260911_183436,2026-09-11,weekday,1965162,1965162,S,PITT,PITT,C80-2,18:37:00,6:37 PM,4232,1,67020,2026-09-12T01:38:06+00:00,0,66,False,nearest_pdf_time_to_static_stop_time
bart_live_terminals_20260911_183436,2026-09-11,weekday,1965162,1965162,S,NCON,NCON,C70-2,18:44:00,6:44 PM,4232,1,67440,2026-09-12T01:44:30+00:00,0,30,False,nearest_pdf_time_to_static_stop_time
bart_live_terminals_20260911_183436,2026-09-11,weekday,1965162,1965162,S,CONC,CONC,C60-2,18:47:00,6:47 PM,4232,1,67620,2026-09-12T01:48:25+00:00,0,85,False,nearest_pdf_time_to_static_stop_time
bart_live_terminals_20260911_183436,2026-09-11,weekday,1965162,1965162,S,PHIL,PHIL,C50-2,18:53:00,6:53 PM,4232,1,67980,2026-09-12T01:53:31+00:00,0,31,False,nearest_pdf_time_to_static_stop_time
bart_live_terminals_20260911_183436,2026-09-11,weekday,1965162,1965162,S,WCRK,WCRK,C40-2,18:55:00,6:55 PM,4232,1,68100,2026-09-12T01:56:29+00:00,0,89,False,nearest_pdf_time_to_static_stop_time
bart_live_terminals_20260911_183436,2026-09-11,weekday,1965162,1965162,S,LAFY,LAFY,C30-2,19:00:00,7:00 PM,4232,1,68400,2026-09-12T02:01:10+00:00,0,70,False,nearest_pdf_time_to_static_stop_time
bart_live_terminals_20260911_183436,2026-09-11,weekday,1965162,1965162,S,ORIN,ORIN,C20-2,19:05:00,7:05 PM,4232,1,68700,2026-09-12T02:06:05+00:00,0,65,False,nearest_pdf_time_to_static_stop_time
bart_live_terminals_20260911_183436,2026-09-11,weekday,1965162,1965162,S,ROCK,ROCK,C10-2,19:11:00,7:11 PM,4232,1,69060,2026-09-12T02:11:50+00:00,0,50,False,nearest_pdf_time_to_static_stop_time
bart_live_terminals_20260911_183436,2026-09-11,weekday,1965162,1965162,S,MCAR,MCAR,K30-4,19:14:00,7:14 PM,4232,1,69240,2026-09-12T02:15:16+00:00,0,76,False,nearest_pdf_time_to_static_stop_time
bart_live_terminals_20260911_183436,2026-09-11,weekday,1965162,1965162,S,19TH,19TH,K20-2,19:18:00,7:18 PM,4232,1,69480,2026-09-12T02:19:03+00:00,0,63,False,nearest_pdf_time_to_static_stop_time
bart_live_terminals_20260911_183436,2026-09-11,weekday,1965162,1965162,S,12TH,12TH,K10-2,19:20:00,7:20 PM,4232,1,69600,2026-09-12T02:21:09+00:00,0,69,False,nearest_pdf_time_to_static_stop_time
bart_live_terminals_20260911_183436,2026-09-11,weekday,1965162,1965162,S,WOAK,WOAK,M10-1,19:25:00,7:25 PM,4232,1,69900,2026-09-12T02:25:39+00:00,0,39,False,nearest_pdf_time_to_static_stop_time
bart_live_terminals_20260911_183436,2026-09-11,weekday,1965162,1965162,S,EMBR,EMBR,M16-1,19:32:00,7:32 PM,4232,1,70320,2026-09-12T02:32:39+00:00,0,39,False,nearest_pdf_time_to_static_stop_time
bart_live_terminals_20260911_183436,2026-09-11,weekday,1965162,1965162,S,MONT,MONT,M20-1,19:33:00,7:33 PM,4232,1,70380,2026-09-12T02:34:15+00:00,0,75,False,nearest_pdf_time_to_static_stop_time
bart_live_terminals_20260911_183436,2026-09-11,weekday,1965162,1965162,S,POWL,POWL,M30-1,19:35:00,7:35 PM,4232,1,70500,2026-09-12T02:35:57+00:00,0,57,False,nearest_pdf_time_to_static_stop_time
bart_live_terminals_20260911_183436,2026-09-11,weekday,1965162,1965162,S,CIVC,CIVC,M40-1,19:37:00,7:37 PM,4232,1,70620,2026-09-12T02:37:33+00:00,0,33,False,nearest_pdf_time_to_static_stop_time
bart_live_terminals_20260911_183436,2026-09-11,weekday,1965162,1965162,S,16TH,16TH,M50-1,19:39:00,7:39 PM,4232,1,70740,2026-09-12T02:39:51+00:00,0,51,False,nearest_pdf_time_to_static_stop_time
bart_live_terminals_20260911_183436,2026-09-11,weekday,1965162,1965162,S,24TH,24TH,M60-1,19:41:00,7:41 PM,4232,1,70860,2026-09-12T02:41:51+00:00,0,51,False,nearest_pdf_time_to_static_stop_time
bart_live_terminals_20260911_183436,2026-09-11,weekday,1965162,1965162,S,GLEN,GLEN,M70-1,19:44:00,7:44 PM,4232,1,71040,2026-09-12T02:44:39+00:00,0,39,False,nearest_pdf_time_to_static_stop_time
bart_live_terminals_20260911_183436,2026-09-11,weekday,1965162,1965162,S,BALB,BALB,M80-1,19:46:00,7:46 PM,4232,1,71160,2026-09-12T02:46:57+00:00,0,57,False,nearest_pdf_time_to_static_stop_time
bart_live_terminals_20260911_183436,2026-09-11,weekday,1965162,1965162,S,DALY,DALY,M90-1,19:50:00,7:50 PM,4232,1,71400,2026-09-12T02:51:24+00:00,0,84,False,nearest_pdf_time_to_static_stop_time
bart_live_terminals_20260911_183436,2026-09-11,weekday,1965162,1965162,S,COLM,COLM,W10-1,19:54:00,7:54 PM,4232,1,71640,2026-09-12T02:55:18+00:00,0,78,False,nearest_pdf_time_to_static_stop_time
bart_live_terminals_20260911_183436,2026-09-11,weekday,1965162,1965162,S,SSAN,SSAN,W20-1,19:57:00,7:57 PM,4232,1,71820,2026-09-12T02:58:18+00:00,0,78,False,nearest_pdf_time_to_static_stop_time
bart_live_terminals_20260911_183436,2026-09-11,weekday,1965162,1965162,S,SBRN,SBRN,W30-1,20:01:00,8:01 PM,4232,1,72060,2026-09-12T03:01:30+00:00,0,30,False,nearest_pdf_time_to_static_stop_time
