service_kind,page,direction,row_id,origin_station,first_time_seconds,late_night,times
weekday,1,S,1,PITT,17820,False,"{""PITT"":""4:57 AM"",""NCON"":""5:04 AM"",""CONC"":""5:07 AM"",""PHIL"":""5:13 AM"",""WCRK"":""5:15 AM"",""LAFY"":""5:20 AM"",""ORIN"":""5:25 AM"",""ROCK"":""5:31 AM"",""MCAR"":""5:34 AM"",""19TH"":""5:38 AM"",""12TH"":""5:40 AM"",""WOAK"":""5:45 AM"",""EMBR"":""5:52 AM"",""MONT"":""5:53 AM"",""POWL"":""5:55 AM"",""CIVC"":""5:57 AM"",""16TH"":""5:59 AM"",""24TH"":""6:01 AM"",""GLEN"":""6:04 AM"",""BALB"":""6:06 AM"",""DALY"":""6:10 AM"",""COLM"":""6:14 AM"",""SSAN"":""6:17 AM"",""SBRN"":""6:21 AM"",""SFIA_ARR"":""6:25 AM""}"
weekday,1,S,26,ANTC,17400,False,"{""ANTC"":""4:50 AM"",""PCTR"":""4:58 AM"",""PITT"":""5:06 AM"",""NCON"":""5:12 AM"",""CONC"":""5:16 AM"",""PHIL"":""5:21 AM"",""WCRK"":""5:24 AM"",""LAFY"":""5:29 AM"",""ORIN"":""5:34 AM"",""ROCK"":""5:39 AM"",""MCAR"":""5:43 AM"",""19TH"":""5:47 AM"",""12TH"":""5:49 AM"",""WOAK"":""5:53 AM"",""EMBR"":""6:00 AM"",""MONT"":""6:02 AM"",""POWL"":""6:03 AM"",""CIVC"":""6:05 AM"",""16TH"":""6:07 AM"",""24TH"":""6:09 AM"",""GLEN"":""6:12 AM"",""BALB"":""6:14 AM"",""DALY"":""6:19 AM"",""COLM"":""6:23 AM"",""SSAN"":""6:26 AM"",""SBRN"":""6:29 AM"",""SFIA_ARR"":""6:34 AM""}"
weekday,1,S,53,CONC,17220,False,"{""CONC"":""4:47 AM"",""PHIL"":""4:53 AM"",""WCRK"":""4:55 AM"",""LAFY"":""5:00 AM"",""ORIN"":""5:05 AM"",""ROCK"":""5:11 AM"",""MCAR"":""5:14 AM"",""19TH"":""5:18 AM"",""12TH"":""5:20 AM"",""WOAK"":""5:25 AM"",""EMBR"":""5:32 AM"",""MONT"":""5:33 AM"",""POWL"":""5:35 AM"",""CIVC"":""5:37 AM"",""16TH"":""5:39 AM"",""24TH"":""5:41 AM"",""GLEN"":""5:44 AM"",""BALB"":""5:46 AM"",""DALY"":""5:50 AM"",""COLM"":""5:54 AM"",""SSAN"":""5:57 AM"",""SBRN"":""6:01 AM"",""SFIA_ARR"":""6:05 AM""}"
weekday,1,S,76,PITT,19020,False,"{""PITT"":""5:17 AM"",""NCON"":""5:24 AM"",""CONC"":""5:27 AM"",""PHIL"":""5:33 AM"",""WCRK"":""5:35 AM"",""LAFY"":""5:40 AM"",""ORIN"":""5:45 AM"",""ROCK"":""5:51 AM"",""MCAR"":""5:54 AM"",""19TH"":""5:58 AM"",""12TH"":""6:00 AM"",""WOAK"":""6:05 AM"",""EMBR"":""6:12 AM"",""MONT"":""6:13 AM"",""POWL"":""6:15 AM"",""CIVC"":""6:17 AM"",""16TH"":""6:19 AM"",""24TH"":""6:21 AM"",""GLEN"":""6:24 AM"",""BALB"":""6:26 AM"",""DALY"":""6:30 AM"",""COLM"":""6:34 AM"",""SSAN"":""6:37 AM"",""SBRN"":""6:41 AM"",""SFIA_ARR"":""6:45 AM""}"
weekday,1,S,101,CONC,17760,False,"{""CONC"":""4:56 AM"",""PHIL"":""5:01 AM"",""WCRK"":""5:04 AM"",""LAFY"":""5:09 AM"",""ORIN"":""5:14 AM"",""ROCK"":""5:19 AM"",""MCAR"":""5:23 AM"",""19TH"":""5:27 AM"",""12TH"":""5:29 AM"",""WOAK"":""5:33 AM"",""EMBR"":""5:40 AM"",""MONT"":""5:42 AM"",""POWL"":""5:43 AM"",""CIVC"":""5:45 AM"",""16TH"":""5:47 AM"",""24TH"":""5:49 AM"",""GLEN"":""5:52 AM"",""BALB"":""5:54 AM"",""DALY"":""5:59 AM"",""COLM"":""6:03 AM"",""SSAN"":""6:06 AM"",""SBRN"":""6:09 AM"",""SFIA_ARR"":""6:14 AM""}"
weekday,1,S,124,ANTC,18600,False,"{""ANTC"":""5:10 AM"",""PCTR"":""5:18 AM"",""PITT"":""5:26 AM"",""NCON"":""5:32 AM"",""CONC"":""5:36 AM"",""PHIL"":""5:41 AM"",""WCRK"":""5:44 AM"",""LAFY"":""5:49 AM"",""ORIN"":""5:54 AM"",""ROCK"":""5:59 AM"",""MCAR"":""6:03 AM"",""19TH"":""6:07 AM"",""12TH"":""6:09 AM"",""WOAK"":""6:13 AM"",""EMBR"":""6:20 AM"",""MONT"":""6:22 AM"",""POWL"":""6:23 AM"",""CIVC"":""6:25 AM"",""16TH"":""6:27 AM"",""24TH"":""6:29 AM"",""GLEN"":""6:32 AM"",""BALB"":""6:34 AM"",""DALY"":""6:39 AM"",""COLM"":""6:43 AM"",""SSAN"":""6:46 AM"",""SBRN"":""6:49 AM"",""SFIA_ARR"":""6:54 AM""}"
weekday,1,S,151,PITT,17820,False,"{""PITT"":""4:57 AM"",""NCON"":""5:04 AM"",""CONC"":""5:07 AM"",""PHIL"":""5:13 AM"",""WCRK"":""5:15 AM"",""LAFY"":""5:20 AM"",""ORIN"":""5:25 AM"",""ROCK"":""5:31 AM"",""MCAR"":""5:34 AM"",""19TH"":""5:38 AM"",""12TH"":""5:40 AM"",""WOAK"":""5:45 AM"",""EMBR"":""5:52 AM"",""MONT"":""5:53 AM"",""POWL"":""5:55 AM"",""CIVC"":""5:57 AM"",""16TH"":""5:59 AM"",""24TH"":""6:01 AM"",""GLEN"":""6:04 AM"",""BALB"":""6:06 AM"",""DALY"":""6:10 AM"",""COLM"":""6:14 AM"",""SSAN"":""6:17 AM"",""SBRN"":""6:21 AM"",""SFIA_ARR"":""6:25 AM""}"
weekday,1,S,176,PITT,20220,False,"{""PITT"":""5:37 AM"",""NCON"":""5:44 AM"",""CONC"":""5:47 AM"",""PHIL"":""5:53 AM"",""WCRK"":""5:55 AM"",""LAFY"":""6:00 AM"",""ORIN"":""6:05 AM"",""ROCK"":""6:11 AM"",""MCAR"":""6:14 AM"",""19TH"":""6:18 AM"",""12TH"":""6:20 AM"",""WOAK"":""6:25 AM"",""EMBR"":""6:32 AM"",""MONT"":""6:33 AM"",""POWL"":""6:35 AM"",""CIVC"":""6:37 AM"",""16TH"":""6:39 AM"",""24TH"":""6:41 AM"",""GLEN"":""6:44 AM"",""BALB"":""6:46 AM"",""DALY"":""6:50 AM"",""COLM"":""6:54 AM"",""SSAN"":""6:57 AM"",""SBRN"":""7:01 AM"",""SFIA_ARR"":""7:05 AM""}"
weekday,1,S,201,ANTC,17400,False,"{""ANTC"":""4:50 AM"",""PCTR"":""4:58 AM"",""PITT"":""5:06 AM"",""NCON"":""5:12 AM"",""CONC"":""5:16 AM"",""PHIL"":""5:21 AM"",""WCRK"":""5:24 AM"",""LAFY"":""5:29 AM"",""ORIN"":""5:34 AM"",""ROCK"":""5:39 AM"",""MCAR"":""5:43 AM"",""19TH"":""5:47 AM"",""12TH"":""5:49 AM"",""WOAK"":""5:53 AM"",""EMBR"":""6:00 AM"",""MONT"":""6:02 AM"",""POWL"":""6:03 AM"",""CIVC"":""6:05 AM"",""16TH"":""6:07 AM"",""24TH"":""6:09 AM"",""GLEN"":""6:12 AM"",""BALB"":""6:14 AM"",""DALY"":""6:19 AM"",""COLM"":""6:23 AM"",""SSAN"":""6:26 AM"",""SBRN"":""6:29 AM"",""SFIA_ARR"":""6:34 AM""}"
weekday,1,S,228,ANTC,19800,False,"{""ANTC"":""5:30 AM"",""PCTR"":""5:38 AM"",""PITT"":""5:46 AM"",""NCON"":""5:52 AM"",""CONC"":""5:56 AM"",""PHIL"":""6:01 AM"",""WCRK"":""6:04 AM"",""LAFY"":""6:09 AM"",""ORIN"":""6:14 AM"",""ROCK"":""6:19 AM"",""MCAR"":""6:23 AM"",""19TH"":""6:27 AM"",""12TH"":""6:29 AM"",""WOAK"":""6:33 AM"",""EMBR"":""6:40 AM"",""MONT"":""6:42 AM"",""POWL"":""6:43 AM"",""CIVC"":""6:45 AM"",""16TH"":""6:47 AM"",""24TH"":""6:49 AM"",""GLEN"":""6:52 AM"",""BALB"":""6:54 AM"",""DALY"":""6:59 AM"",""COLM"":""7:03 AM"",""SSAN"":""7:06 AM"",""SBRN"":""7:09 AM"",""SFIA_ARR"":""7:14 AM""}"
weekday,1,S,255,PITT,19020,False,"{""PITT"":""5:17 AM"",""NCON"":""5:24 AM"",""CONC"":""5:27 AM"",""PHIL"":""5:33 AM"",""WCRK"":""5:35 AM"",""LAFY"":""5:40 AM"",""ORIN"":""5:45 AM"",""ROCK"":""5:51 AM"",""MCAR"":""5:54 AM"",""19TH"":""5:58 AM"",""12TH"":""6:00 AM"",""WOAK"":""6:05 AM"",""EMBR"":""6:12 AM"",""MONT"":""6:13 AM"",""POWL"":""6:15 AM"",""CIVC"":""6:17 AM"",""16TH"":""6:19 AM"",""24TH"":""6:21 AM"",""GLEN"":""6:24 AM"",""BALB"":""6:26 AM"",""DALY"":""6:30 AM"",""COLM"":""6:34 AM"",""SSAN"":""6:37 AM"",""SBRN"":""6:41 AM"",""SFIA_ARR"":""6:45 AM""}"
weekday,1,S,280,PITT,21420,False,"{""PITT"":""5:57 AM"",""NCON"":""6:04 AM"",""CONC"":""6:07 AM"",""PHIL"":""6:13 AM"",""WCRK"":""6:15 AM"",""LAFY"":""6:20 AM"",""ORIN"":""6:25 AM"",""ROCK"":""6:31 AM"",""MCAR"":""6:34 AM"",""19TH"":""6:38 AM"",""12TH"":""6:40 AM"",""WOAK"":""6:45 AM"",""EMBR"":""6:52 AM"",""MONT"":""6:53 AM"",""POWL"":""6:55 AM"",""CIVC"":""6:57 AM"",""16TH"":""6:59 AM"",""24TH"":""7:01 AM"",""GLEN"":""7:04 AM"",""BALB"":""7:06 AM"",""DALY"":""7:10 AM"",""COLM"":""7:14 AM"",""SSAN"":""7:17 AM"",""SBRN"":""7:21 AM"",""SFIA_ARR"":""7:25 AM""}"
weekday,1,S,305,ANTC,18600,False,"{""ANTC"":""5:10 AM"",""PCTR"":""5:18 AM"",""PITT"":""5:26 AM"",""NCON"":""5:32 AM"",""CONC"":""5:36 AM"",""PHIL"":""5:41 AM"",""WCRK"":""5:44 AM"",""LAFY"":""5:49 AM"",""ORIN"":""5:54 AM"",""ROCK"":""5:59 AM"",""MCAR"":""6:03 AM"",""19TH"":""6:07 AM"",""12TH"":""6:09 AM"",""WOAK"":""6:13 AM"",""EMBR"":""6:20 AM"",""MONT"":""6:22 AM"",""POWL"":""6:23 AM"",""CIVC"":""6:25 AM"",""16TH"":""6:27 AM"",""24TH"":""6:29 AM"",""GLEN"":""6:32 AM"",""BALB"":""6:34 AM"",""DALY"":""6:39 AM"",""COLM"":""6:43 AM"",""SSAN"":""6:46 AM"",""SBRN"":""6:49 AM"",""SFIA_ARR"":""6:54 AM""}"
weekday,1,S,332,ANTC,20820,False,"{""ANTC"":""5:47 AM"",""PCTR"":""5:54 AM"",""PITT"":""6:06 AM"",""NCON"":""6:12 AM"",""CONC"":""6:16 AM"",""PHIL"":""6:21 AM"",""WCRK"":""6:24 AM"",""LAFY"":""6:29 AM"",""ORIN"":""6:34 AM"",""ROCK"":""6:39 AM"",""MCAR"":""6:43 AM"",""19TH"":""6:47 AM"",""12TH"":""6:49 AM"",""WOAK"":""6:53 AM"",""EMBR"":""7:00 AM"",""MONT"":""7:02 AM"",""POWL"":""7:03 AM"",""CIVC"":""7:05 AM"",""16TH"":""7:07 AM"",""24TH"":""7:09 AM"",""GLEN"":""7:12 AM"",""BALB"":""7:14 AM"",""DALY"":""7:19 AM"",""COLM"":""7:23 AM"",""SSAN"":""7:26 AM"",""SBRN"":""7:29 AM"",""SFIA_ARR"":""7:34 AM""}"
weekday,1,S,359,PITT,20220,False,"{""PITT"":""5:37 AM"",""NCON"":""5:44 AM"",""CONC"":""5:47 AM"",""PHIL"":""5:53 AM"",""WCRK"":""5:55 AM"",""LAFY"":""6:00 AM"",""ORIN"":""6:05 AM"",""ROCK"":""6:11 AM"",""MCAR"":""6:14 AM"",""19TH"":""6:18 AM"",""12TH"":""6:20 AM"",""WOAK"":""6:25 AM"",""EMBR"":""6:32 AM"",""MONT"":""6:33 AM"",""POWL"":""6:35 AM"",""CIVC"":""6:37 AM"",""16TH"":""6:39 AM"",""24TH"":""6:41 AM"",""GLEN"":""6:44 AM"",""BALB"":""6:46 AM"",""DALY"":""6:50 AM"",""COLM"":""6:54 AM"",""SSAN"":""6:57 AM"",""SBRN"":""7:01 AM"",""SFIA_ARR"":""7:05 AM""}"
weekday,1,S,384,PITT,22620,False,"{""PITT"":""6:17 AM"",""NCON"":""6:24 AM"",""CONC"":""6:27 AM"",""PHIL"":""6:33 AM"",""WCRK"":""6:35 AM"",""LAFY"":""6:40 AM"",""ORIN"":""6:45 AM"",""ROCK"":""6:51 AM"",""MCAR"":""6:54 AM"",""19TH"":""6:58 AM"",""12TH"":""7:00 AM"",""WOAK"":""7:05 AM"",""EMBR"":""7:12 AM"",""MONT"":""7:13 AM"",""POWL"":""7:15 AM"",""CIVC"":""7:17 AM"",""16TH"":""7:19 AM"",""24TH"":""7:21 AM"",""GLEN"":""7:24 AM"",""BALB"":""7:26 AM"",""DALY"":""7:30 AM"",""COLM"":""7:34 AM"",""SSAN"":""7:37 AM"",""SBRN"":""7:41 AM"",""SFIA_ARR"":""7:45 AM""}"
weekday,1,S,409,ANTC,19800,False,"{""ANTC"":""5:30 AM"",""PCTR"":""5:38 AM"",""PITT"":""5:46 AM"",""NCON"":""5:52 AM"",""CONC"":""5:56 AM"",""PHIL"":""6:01 AM"",""WCRK"":""6:04 AM"",""LAFY"":""6:09 AM"",""ORIN"":""6:14 AM"",""ROCK"":""6:19 AM"",""MCAR"":""6:23 AM"",""19TH"":""6:27 AM"",""12TH"":""6:29 AM"",""WOAK"":""6:33 AM"",""EMBR"":""6:40 AM"",""MONT"":""6:42 AM"",""POWL"":""6:43 AM"",""CIVC"":""6:45 AM"",""16TH"":""6:47 AM"",""24TH"":""6:49 AM"",""GLEN"":""6:52 AM"",""BALB"":""6:54 AM"",""DALY"":""6:59 AM"",""COLM"":""7:03 AM"",""SSAN"":""7:06 AM"",""SBRN"":""7:09 AM"",""SFIA_ARR"":""7:14 AM""}"
weekday,1,S,436,ANTC,22020,False,"{""ANTC"":""6:07 AM"",""PCTR"":""6:14 AM"",""PITT"":""6:26 AM"",""NCON"":""6:32 AM"",""CONC"":""6:36 AM"",""PHIL"":""6:41 AM"",""WCRK"":""6:44 AM"",""LAFY"":""6:49 AM"",""ORIN"":""6:54 AM"",""ROCK"":""6:59 AM"",""MCAR"":""7:03 AM"",""19TH"":""7:07 AM"",""12TH"":""7:09 AM"",""WOAK"":""7:13 AM"",""EMBR"":""7:20 AM"",""MONT"":""7:22 AM"",""POWL"":""7:23 AM"",""CIVC"":""7:25 AM"",""16TH"":""7:27 AM"",""24TH"":""7:29 AM"",""GLEN"":""7:32 AM"",""BALB"":""7:34 AM"",""DALY"":""7:39 AM"",""COLM"":""7:43 AM"",""SSAN"":""7:46 AM"",""SBRN"":""7:49 AM"",""SFIA_ARR"":""7:54 AM""}"
weekday,1,S,463,PITT,21420,False,"{""PITT"":""5:57 AM"",""NCON"":""6:04 AM"",""CONC"":""6:07 AM"",""PHIL"":""6:13 AM"",""WCRK"":""6:15 AM"",""LAFY"":""6:20 AM"",""ORIN"":""6:25 AM"",""ROCK"":""6:31 AM"",""MCAR"":""6:34 AM"",""19TH"":""6:38 AM"",""12TH"":""6:40 AM"",""WOAK"":""6:45 AM"",""EMBR"":""6:52 AM"",""MONT"":""6:53 AM"",""POWL"":""6:55 AM"",""CIVC"":""6:57 AM"",""16TH"":""6:59 AM"",""24TH"":""7:01 AM"",""GLEN"":""7:04 AM"",""BALB"":""7:06 AM"",""DALY"":""7:10 AM"",""COLM"":""7:14 AM"",""SSAN"":""7:17 AM"",""SBRN"":""7:21 AM"",""SFIA_ARR"":""7:25 AM""}"
weekday,1,S,488,PITT,23820,False,"{""PITT"":""6:37 AM"",""NCON"":""6:44 AM"",""CONC"":""6:47 AM"",""PHIL"":""6:53 AM"",""WCRK"":""6:55 AM"",""LAFY"":""7:00 AM"",""ORIN"":""7:05 AM"",""ROCK"":""7:11 AM"",""MCAR"":""7:14 AM"",""19TH"":""7:18 AM"",""12TH"":""7:20 AM"",""WOAK"":""7:25 AM"",""EMBR"":""7:32 AM"",""MONT"":""7:33 AM"",""POWL"":""7:35 AM"",""CIVC"":""7:37 AM"",""16TH"":""7:39 AM"",""24TH"":""7:41 AM"",""GLEN"":""7:44 AM"",""BALB"":""7:46 AM"",""DALY"":""7:50 AM"",""COLM"":""7:54 AM"",""SSAN"":""7:57 AM"",""SBRN"":""8:01 AM"",""SFIA_ARR"":""8:05 AM""}"
weekday,1,S,513,ANTC,20820,False,"{""ANTC"":""5:47 AM"",""PCTR"":""5:54 AM"",""PITT"":""6:06 AM"",""NCON"":""6:12 AM"",""CONC"":""6:16 AM"",""PHIL"":""6:21 AM"",""WCRK"":""6:24 AM"",""LAFY"":""6:29 AM"",""ORIN"":""6:34 AM"",""ROCK"":""6:39 AM"",""MCAR"":""6:43 AM"",""19TH"":""6:47 AM"",""12TH"":""6:49 AM"",""WOAK"":""6:53 AM"",""EMBR"":""7:00 AM"",""MONT"":""7:02 AM"",""POWL"":""7:03 AM"",""CIVC"":""7:05 AM"",""16TH"":""7:07 AM"",""24TH"":""7:09 AM"",""GLEN"":""7:12 AM"",""BALB"":""7:14 AM"",""DALY"":""7:19 AM"",""COLM"":""7:23 AM"",""SSAN"":""7:26 AM"",""SBRN"":""7:29 AM"",""SFIA_ARR"":""7:34 AM""}"
weekday,1,S,540,ANTC,23220,False,"{""ANTC"":""6:27 AM"",""PCTR"":""6:34 AM"",""PITT"":""6:46 AM"",""NCON"":""6:52 AM"",""CONC"":""6:56 AM"",""PHIL"":""7:01 AM"",""WCRK"":""7:04 AM"",""LAFY"":""7:09 AM"",""ORIN"":""7:14 AM"",""ROCK"":""7:19 AM"",""MCAR"":""7:23 AM"",""19TH"":""7:27 AM"",""12TH"":""7:29 AM"",""WOAK"":""7:33 AM"",""EMBR"":""7:40 AM"",""MONT"":""7:42 AM"",""POWL"":""7:43 AM"",""CIVC"":""7:45 AM"",""16TH"":""7:47 AM"",""24TH"":""7:49 AM"",""GLEN"":""7:52 AM"",""BALB"":""7:54 AM"",""DALY"":""7:59 AM"",""COLM"":""8:03 AM"",""SSAN"":""8:06 AM"",""SBRN"":""8:09 AM"",""SFIA_ARR"":""8:14 AM""}"
weekday,1,S,567,PITT,22620,False,"{""PITT"":""6:17 AM"",""NCON"":""6:24 AM"",""CONC"":""6:27 AM"",""PHIL"":""6:33 AM"",""WCRK"":""6:35 AM"",""LAFY"":""6:40 AM"",""ORIN"":""6:45 AM"",""ROCK"":""6:51 AM"",""MCAR"":""6:54 AM"",""19TH"":""6:58 AM"",""12TH"":""7:00 AM"",""WOAK"":""7:05 AM"",""EMBR"":""7:12 AM"",""MONT"":""7:13 AM"",""POWL"":""7:15 AM"",""CIVC"":""7:17 AM"",""16TH"":""7:19 AM"",""24TH"":""7:21 AM"",""GLEN"":""7:24 AM"",""BALB"":""7:26 AM"",""DALY"":""7:30 AM"",""COLM"":""7:34 AM"",""SSAN"":""7:37 AM"",""SBRN"":""7:41 AM"",""SFIA_ARR"":""7:45 AM""}"
weekday,1,S,592,PITT,25020,False,"{""PITT"":""6:57 AM"",""NCON"":""7:04 AM"",""CONC"":""7:07 AM"",""PHIL"":""7:13 AM"",""WCRK"":""7:15 AM"",""LAFY"":""7:20 AM"",""ORIN"":""7:25 AM"",""ROCK"":""7:31 AM"",""MCAR"":""7:34 AM"",""19TH"":""7:38 AM"",""12TH"":""7:40 AM"",""WOAK"":""7:45 AM"",""EMBR"":""7:52 AM"",""MONT"":""7:53 AM"",""POWL"":""7:55 AM"",""CIVC"":""7:57 AM"",""16TH"":""7:59 AM"",""24TH"":""8:01 AM"",""GLEN"":""8:04 AM"",""BALB"":""8:06 AM"",""DALY"":""8:10 AM"",""COLM"":""8:14 AM"",""SSAN"":""8:17 AM"",""SBRN"":""8:21 AM"",""SFIA_ARR"":""8:25 AM""}"
weekday,1,S,617,ANTC,22020,False,"{""ANTC"":""6:07 AM"",""PCTR"":""6:14 AM"",""PITT"":""6:26 AM"",""NCON"":""6:32 AM"",""CONC"":""6:36 AM"",""PHIL"":""6:41 AM"",""WCRK"":""6:44 AM"",""LAFY"":""6:49 AM"",""ORIN"":""6:54 AM"",""ROCK"":""6:59 AM"",""MCAR"":""7:03 AM"",""19TH"":""7:07 AM"",""12TH"":""7:09 AM"",""WOAK"":""7:13 AM"",""EMBR"":""7:20 AM"",""MONT"":""7:22 AM"",""POWL"":""7:23 AM"",""CIVC"":""7:25 AM"",""16TH"":""7:27 AM"",""24TH"":""7:29 AM"",""GLEN"":""7:32 AM"",""BALB"":""7:34 AM"",""DALY"":""7:39 AM"",""COLM"":""7:43 AM"",""SSAN"":""7:46 AM"",""SBRN"":""7:49 AM"",""SFIA_ARR"":""7:54 AM""}"
weekday,1,S,644,ANTC,24420,False,"{""ANTC"":""6:47 AM"",""PCTR"":""6:54 AM"",""PITT"":""7:06 AM"",""NCON"":""7:12 AM"",""CONC"":""7:16 AM"",""PHIL"":""7:21 AM"",""WCRK"":""7:24 AM"",""LAFY"":""7:29 AM"",""ORIN"":""7:34 AM"",""ROCK"":""7:39 AM"",""MCAR"":""7:43 AM"",""19TH"":""7:47 AM"",""12TH"":""7:49 AM"",""WOAK"":""7:53 AM"",""EMBR"":""8:00 AM"",""MONT"":""8:02 AM"",""POWL"":""8:03 AM"",""CIVC"":""8:05 AM"",""16TH"":""8:07 AM"",""24TH"":""8:09 AM"",""GLEN"":""8:12 AM"",""BALB"":""8:14 AM"",""DALY"":""8:19 AM"",""COLM"":""8:23 AM"",""SSAN"":""8:26 AM"",""SBRN"":""8:29 AM"",""SFIA_ARR"":""8:34 AM""}"
weekday,1,S,671,PITT,23820,False,"{""PITT"":""6:37 AM"",""NCON"":""6:44 AM"",""CONC"":""6:47 AM"",""PHIL"":""6:53 AM"",""WCRK"":""6:55 AM"",""LAFY"":""7:00 AM"",""ORIN"":""7:05 AM"",""ROCK"":""7:11 AM"",""MCAR"":""7:14 AM"",""19TH"":""7:18 AM"",""12TH"":""7:20 AM"",""WOAK"":""7:25 AM"",""EMBR"":""7:32 AM"",""MONT"":""7:33 AM"",""POWL"":""7:35 AM"",""CIVC"":""7:37 AM"",""16TH"":""7:39 AM"",""24TH"":""7:41 AM"",""GLEN"":""7:44 AM"",""BALB"":""7:46 AM"",""DALY"":""7:50 AM"",""COLM"":""7:54 AM"",""SSAN"":""7:57 AM"",""SBRN"":""8:01 AM"",""SFIA_ARR"":""8:05 AM""}"
weekday,1,S,696,PITT,26220,False,"{""PITT"":""7:17 AM"",""NCON"":""7:24 AM"",""CONC"":""7:27 AM"",""PHIL"":""7:33 AM"",""WCRK"":""7:35 AM"",""LAFY"":""7:40 AM"",""ORIN"":""7:45 AM"",""ROCK"":""7:51 AM"",""MCAR"":""7:54 AM"",""19TH"":""7:58 AM"",""12TH"":""8:00 AM"",""WOAK"":""8:05 AM"",""EMBR"":""8:12 AM"",""MONT"":""8:13 AM"",""POWL"":""8:15 AM"",""CIVC"":""8:17 AM"",""16TH"":""8:19 AM"",""24TH"":""8:21 AM"",""GLEN"":""8:24 AM"",""BALB"":""8:26 AM"",""DALY"":""8:30 AM"",""COLM"":""8:34 AM"",""SSAN"":""8:37 AM"",""SBRN"":""8:41 AM"",""SFIA_ARR"":""8:45 AM""}"
weekday,1,S,721,ANTC,23220,False,"{""ANTC"":""6:27 AM"",""PCTR"":""6:34 AM"",""PITT"":""6:46 AM"",""NCON"":""6:52 AM"",""CONC"":""6:56 AM"",""PHIL"":""7:01 AM"",""WCRK"":""7:04 AM"",""LAFY"":""7:09 AM"",""ORIN"":""7:14 AM"",""ROCK"":""7:19 AM"",""MCAR"":""7:23 AM"",""19TH"":""7:27 AM"",""12TH"":""7:29 AM"",""WOAK"":""7:33 AM"",""EMBR"":""7:40 AM"",""MONT"":""7:42 AM"",""POWL"":""7:43 AM"",""CIVC"":""7:45 AM"",""16TH"":""7:47 AM"",""24TH"":""7:49 AM"",""GLEN"":""7:52 AM"",""BALB"":""7:54 AM"",""DALY"":""7:59 AM"",""COLM"":""8:03 AM"",""SSAN"":""8:06 AM"",""SBRN"":""8:09 AM"",""SFIA_ARR"":""8:14 AM""}"
weekday,1,S,748,ANTC,25620,False,"{""ANTC"":""7:07 AM"",""PCTR"":""7:14 AM"",""PITT"":""7:26 AM"",""NCON"":""7:32 AM"",""CONC"":""7:36 AM"",""PHIL"":""7:41 AM"",""WCRK"":""7:44 AM"",""LAFY"":""7:49 AM"",""ORIN"":""7:54 AM"",""ROCK"":""7:59 AM"",""MCAR"":""8:03 AM"",""19TH"":""8:07 AM"",""12TH"":""8:09 AM"",""WOAK"":""8:13 AM"",""EMBR"":""8:20 AM"",""MONT"":""8:22 AM"",""POWL"":""8:23 AM"",""CIVC"":""8:25 AM"",""16TH"":""8:27 AM"",""24TH"":""8:29 AM"",""GLEN"":""8:32 AM"",""BALB"":""8:34 AM"",""DALY"":""8:39 AM"",""COLM"":""8:43 AM"",""SSAN"":""8:46 AM"",""SBRN"":""8:49 AM"",""SFIA_ARR"":""8:54 AM""}"
weekday,1,S,775,PITT,25020,False,"{""PITT"":""6:57 AM"",""NCON"":""7:04 AM"",""CONC"":""7:07 AM"",""PHIL"":""7:13 AM"",""WCRK"":""7:15 AM"",""LAFY"":""7:20 AM"",""ORIN"":""7:25 AM"",""ROCK"":""7:31 AM"",""MCAR"":""7:34 AM"",""19TH"":""7:38 AM"",""12TH"":""7:40 AM"",""WOAK"":""7:45 AM"",""EMBR"":""7:52 AM"",""MONT"":""7:53 AM"",""POWL"":""7:55 AM"",""CIVC"":""7:57 AM"",""16TH"":""7:59 AM"",""24TH"":""8:01 AM"",""GLEN"":""8:04 AM"",""BALB"":""8:06 AM"",""DALY"":""8:10 AM"",""COLM"":""8:14 AM"",""SSAN"":""8:17 AM"",""SBRN"":""8:21 AM"",""SFIA_ARR"":""8:25 AM""}"
weekday,1,S,800,PITT,27420,False,"{""PITT"":""7:37 AM"",""NCON"":""7:44 AM"",""CONC"":""7:47 AM"",""PHIL"":""7:53 AM"",""WCRK"":""7:55 AM"",""LAFY"":""8:00 AM"",""ORIN"":""8:05 AM"",""ROCK"":""8:11 AM"",""MCAR"":""8:14 AM"",""19TH"":""8:18 AM"",""12TH"":""8:20 AM"",""WOAK"":""8:25 AM"",""EMBR"":""8:32 AM"",""MONT"":""8:33 AM"",""POWL"":""8:35 AM"",""CIVC"":""8:37 AM"",""16TH"":""8:39 AM"",""24TH"":""8:41 AM"",""GLEN"":""8:44 AM"",""BALB"":""8:46 AM"",""DALY"":""8:50 AM"",""COLM"":""8:54 AM"",""SSAN"":""8:57 AM"",""SBRN"":""9:01 AM"",""SFIA_ARR"":""9:05 AM""}"
weekday,1,S,825,ANTC,24420,False,"{""ANTC"":""6:47 AM"",""PCTR"":""6:54 AM"",""PITT"":""7:06 AM"",""NCON"":""7:12 AM"",""CONC"":""7:16 AM"",""PHIL"":""7:21 AM"",""WCRK"":""7:24 AM"",""LAFY"":""7:29 AM"",""ORIN"":""7:34 AM"",""ROCK"":""7:39 AM"",""MCAR"":""7:43 AM"",""19TH"":""7:47 AM"",""12TH"":""7:49 AM"",""WOAK"":""7:53 AM"",""EMBR"":""8:00 AM"",""MONT"":""8:02 AM"",""POWL"":""8:03 AM"",""CIVC"":""8:05 AM"",""16TH"":""8:07 AM"",""24TH"":""8:09 AM"",""GLEN"":""8:12 AM"",""BALB"":""8:14 AM"",""DALY"":""8:19 AM"",""COLM"":""8:23 AM"",""SSAN"":""8:26 AM"",""SBRN"":""8:29 AM"",""SFIA_ARR"":""8:34 AM""}"
weekday,1,S,852,ANTC,26820,False,"{""ANTC"":""7:27 AM"",""PCTR"":""7:34 AM"",""PITT"":""7:46 AM"",""NCON"":""7:52 AM"",""CONC"":""7:56 AM"",""PHIL"":""8:01 AM"",""WCRK"":""8:04 AM"",""LAFY"":""8:09 AM"",""ORIN"":""8:14 AM"",""ROCK"":""8:19 AM"",""MCAR"":""8:23 AM"",""19TH"":""8:27 AM"",""12TH"":""8:29 AM"",""WOAK"":""8:33 AM"",""EMBR"":""8:40 AM"",""MONT"":""8:42 AM"",""POWL"":""8:43 AM"",""CIVC"":""8:45 AM"",""16TH"":""8:47 AM"",""24TH"":""8:49 AM"",""GLEN"":""8:52 AM"",""BALB"":""8:54 AM"",""DALY"":""8:59 AM"",""COLM"":""9:03 AM"",""SSAN"":""9:06 AM"",""SBRN"":""9:09 AM"",""SFIA_ARR"":""9:14 AM""}"
weekday,1,S,879,PITT,26220,False,"{""PITT"":""7:17 AM"",""NCON"":""7:24 AM"",""CONC"":""7:27 AM"",""PHIL"":""7:33 AM"",""WCRK"":""7:35 AM"",""LAFY"":""7:40 AM"",""ORIN"":""7:45 AM"",""ROCK"":""7:51 AM"",""MCAR"":""7:54 AM"",""19TH"":""7:58 AM"",""12TH"":""8:00 AM"",""WOAK"":""8:05 AM"",""EMBR"":""8:12 AM"",""MONT"":""8:13 AM"",""POWL"":""8:15 AM"",""CIVC"":""8:17 AM"",""16TH"":""8:19 AM"",""24TH"":""8:21 AM"",""GLEN"":""8:24 AM"",""BALB"":""8:26 AM"",""DALY"":""8:30 AM"",""COLM"":""8:34 AM"",""SSAN"":""8:37 AM"",""SBRN"":""8:41 AM"",""SFIA_ARR"":""8:45 AM""}"
weekday,1,S,904,PITT,28620,False,"{""PITT"":""7:57 AM"",""NCON"":""8:04 AM"",""CONC"":""8:07 AM"",""PHIL"":""8:13 AM"",""WCRK"":""8:15 AM"",""LAFY"":""8:20 AM"",""ORIN"":""8:25 AM"",""ROCK"":""8:31 AM"",""MCAR"":""8:34 AM"",""19TH"":""8:38 AM"",""12TH"":""8:40 AM"",""WOAK"":""8:45 AM"",""EMBR"":""8:52 AM"",""MONT"":""8:53 AM"",""POWL"":""8:55 AM"",""CIVC"":""8:57 AM"",""16TH"":""8:59 AM"",""24TH"":""9:01 AM"",""GLEN"":""9:04 AM"",""BALB"":""9:06 AM"",""DALY"":""9:10 AM"",""COLM"":""9:14 AM"",""SSAN"":""9:17 AM"",""SBRN"":""9:21 AM"",""SFIA_ARR"":""9:25 AM""}"
weekday,1,S,929,ANTC,25620,False,"{""ANTC"":""7:07 AM"",""PCTR"":""7:14 AM"",""PITT"":""7:26 AM"",""NCON"":""7:32 AM"",""CONC"":""7:36 AM"",""PHIL"":""7:41 AM"",""WCRK"":""7:44 AM"",""LAFY"":""7:49 AM"",""ORIN"":""7:54 AM"",""ROCK"":""7:59 AM"",""MCAR"":""8:03 AM"",""19TH"":""8:07 AM"",""12TH"":""8:09 AM"",""WOAK"":""8:13 AM"",""EMBR"":""8:20 AM"",""MONT"":""8:22 AM"",""POWL"":""8:23 AM"",""CIVC"":""8:25 AM"",""16TH"":""8:27 AM"",""24TH"":""8:29 AM"",""GLEN"":""8:32 AM"",""BALB"":""8:34 AM"",""DALY"":""8:39 AM"",""COLM"":""8:43 AM"",""SSAN"":""8:46 AM"",""SBRN"":""8:49 AM"",""SFIA_ARR"":""8:54 AM""}"
weekday,1,S,956,ANTC,28020,False,"{""ANTC"":""7:47 AM"",""PCTR"":""7:54 AM"",""PITT"":""8:06 AM"",""NCON"":""8:12 AM"",""CONC"":""8:16 AM"",""PHIL"":""8:21 AM"",""WCRK"":""8:24 AM"",""LAFY"":""8:29 AM"",""ORIN"":""8:34 AM"",""ROCK"":""8:39 AM"",""MCAR"":""8:43 AM"",""19TH"":""8:47 AM"",""12TH"":""8:49 AM"",""WOAK"":""8:53 AM"",""EMBR"":""9:00 AM"",""MONT"":""9:02 AM"",""POWL"":""9:03 AM"",""CIVC"":""9:05 AM"",""16TH"":""9:07 AM"",""24TH"":""9:09 AM"",""GLEN"":""9:12 AM"",""BALB"":""9:14 AM"",""DALY"":""9:19 AM"",""COLM"":""9:23 AM"",""SSAN"":""9:26 AM"",""SBRN"":""9:29 AM"",""SFIA_ARR"":""9:34 AM""}"
weekday,1,S,983,PITT,27420,False,"{""PITT"":""7:37 AM"",""NCON"":""7:44 AM"",""CONC"":""7:47 AM"",""PHIL"":""7:53 AM"",""WCRK"":""7:55 AM"",""LAFY"":""8:00 AM"",""ORIN"":""8:05 AM"",""ROCK"":""8:11 AM"",""MCAR"":""8:14 AM"",""19TH"":""8:18 AM"",""12TH"":""8:20 AM"",""WOAK"":""8:25 AM"",""EMBR"":""8:32 AM"",""MONT"":""8:33 AM"",""POWL"":""8:35 AM"",""CIVC"":""8:37 AM"",""16TH"":""8:39 AM"",""24TH"":""8:41 AM"",""GLEN"":""8:44 AM"",""BALB"":""8:46 AM"",""DALY"":""8:50 AM"",""COLM"":""8:54 AM"",""SSAN"":""8:57 AM"",""SBRN"":""9:01 AM"",""SFIA_ARR"":""9:05 AM""}"
weekday,1,S,1008,PITT,29820,False,"{""PITT"":""8:17 AM"",""NCON"":""8:24 AM"",""CONC"":""8:27 AM"",""PHIL"":""8:33 AM"",""WCRK"":""8:35 AM"",""LAFY"":""8:40 AM"",""ORIN"":""8:45 AM"",""ROCK"":""8:51 AM"",""MCAR"":""8:54 AM"",""19TH"":""8:58 AM"",""12TH"":""9:00 AM"",""WOAK"":""9:05 AM"",""EMBR"":""9:12 AM"",""MONT"":""9:13 AM"",""POWL"":""9:15 AM"",""CIVC"":""9:17 AM"",""16TH"":""9:19 AM"",""24TH"":""9:21 AM"",""GLEN"":""9:24 AM"",""BALB"":""9:26 AM"",""DALY"":""9:30 AM"",""COLM"":""9:34 AM"",""SSAN"":""9:37 AM"",""SBRN"":""9:41 AM"",""SFIA_ARR"":""9:45 AM""}"
weekday,1,S,1033,ANTC,26820,False,"{""ANTC"":""7:27 AM"",""PCTR"":""7:34 AM"",""PITT"":""7:46 AM"",""NCON"":""7:52 AM"",""CONC"":""7:56 AM"",""PHIL"":""8:01 AM"",""WCRK"":""8:04 AM"",""LAFY"":""8:09 AM"",""ORIN"":""8:14 AM"",""ROCK"":""8:19 AM"",""MCAR"":""8:23 AM"",""19TH"":""8:27 AM"",""12TH"":""8:29 AM"",""WOAK"":""8:33 AM"",""EMBR"":""8:40 AM"",""MONT"":""8:42 AM"",""POWL"":""8:43 AM"",""CIVC"":""8:45 AM"",""16TH"":""8:47 AM"",""24TH"":""8:49 AM"",""GLEN"":""8:52 AM"",""BALB"":""8:54 AM"",""DALY"":""8:59 AM"",""COLM"":""9:03 AM"",""SSAN"":""9:06 AM"",""SBRN"":""9:09 AM"",""SFIA_ARR"":""9:14 AM""}"
weekday,1,S,1060,ANTC,29220,False,"{""ANTC"":""8:07 AM"",""PCTR"":""8:14 AM"",""PITT"":""8:26 AM"",""NCON"":""8:32 AM"",""CONC"":""8:36 AM"",""PHIL"":""8:41 AM"",""WCRK"":""8:44 AM"",""LAFY"":""8:49 AM"",""ORIN"":""8:54 AM"",""ROCK"":""8:59 AM"",""MCAR"":""9:03 AM"",""19TH"":""9:07 AM"",""12TH"":""9:09 AM"",""WOAK"":""9:13 AM"",""EMBR"":""9:20 AM"",""MONT"":""9:22 AM"",""POWL"":""9:23 AM"",""CIVC"":""9:25 AM"",""16TH"":""9:27 AM"",""24TH"":""9:29 AM"",""GLEN"":""9:32 AM"",""BALB"":""9:34 AM"",""DALY"":""9:39 AM"",""COLM"":""9:43 AM"",""SSAN"":""9:46 AM"",""SBRN"":""9:49 AM"",""SFIA_ARR"":""9:54 AM""}"
weekday,1,S,1087,PITT,28620,False,"{""PITT"":""7:57 AM"",""NCON"":""8:04 AM"",""CONC"":""8:07 AM"",""PHIL"":""8:13 AM"",""WCRK"":""8:15 AM"",""LAFY"":""8:20 AM"",""ORIN"":""8:25 AM"",""ROCK"":""8:31 AM"",""MCAR"":""8:34 AM"",""19TH"":""8:38 AM"",""12TH"":""8:40 AM"",""WOAK"":""8:45 AM"",""EMBR"":""8:52 AM"",""MONT"":""8:53 AM"",""POWL"":""8:55 AM"",""CIVC"":""8:57 AM"",""16TH"":""8:59 AM"",""24TH"":""9:01 AM"",""GLEN"":""9:04 AM"",""BALB"":""9:06 AM"",""DALY"":""9:10 AM"",""COLM"":""9:14 AM"",""SSAN"":""9:17 AM"",""SBRN"":""9:21 AM"",""SFIA_ARR"":""9:25 AM""}"
weekday,1,S,1112,PITT,31020,False,"{""PITT"":""8:37 AM"",""NCON"":""8:44 AM"",""CONC"":""8:47 AM"",""PHIL"":""8:53 AM"",""WCRK"":""8:55 AM"",""LAFY"":""9:00 AM"",""ORIN"":""9:05 AM"",""ROCK"":""9:11 AM"",""MCAR"":""9:14 AM"",""19TH"":""9:18 AM"",""12TH"":""9:20 AM"",""WOAK"":""9:25 AM"",""EMBR"":""9:32 AM"",""MONT"":""9:33 AM"",""POWL"":""9:35 AM"",""CIVC"":""9:37 AM"",""16TH"":""9:39 AM"",""24TH"":""9:41 AM"",""GLEN"":""9:44 AM"",""BALB"":""9:46 AM"",""DALY"":""9:50 AM"",""COLM"":""9:54 AM"",""SSAN"":""9:57 AM"",""SBRN"":""10:01 AM"",""SFIA_ARR"":""10:05 AM""}"
weekday,1,S,1137,ANTC,28020,False,"{""ANTC"":""7:47 AM"",""PCTR"":""7:54 AM"",""PITT"":""8:06 AM"",""NCON"":""8:12 AM"",""CONC"":""8:16 AM"",""PHIL"":""8:21 AM"",""WCRK"":""8:24 AM"",""LAFY"":""8:29 AM"",""ORIN"":""8:34 AM"",""ROCK"":""8:39 AM"",""MCAR"":""8:43 AM"",""19TH"":""8:47 AM"",""12TH"":""8:49 AM"",""WOAK"":""8:53 AM"",""EMBR"":""9:00 AM"",""MONT"":""9:02 AM"",""POWL"":""9:03 AM"",""CIVC"":""9:05 AM"",""16TH"":""9:07 AM"",""24TH"":""9:09 AM"",""GLEN"":""9:12 AM"",""BALB"":""9:14 AM"",""DALY"":""9:19 AM"",""COLM"":""9:23 AM"",""SSAN"":""9:26 AM"",""SBRN"":""9:29 AM"",""SFIA_ARR"":""9:34 AM""}"
weekday,1,S,1164,ANTC,30420,False,"{""ANTC"":""8:27 AM"",""PCTR"":""8:34 AM"",""PITT"":""8:46 AM"",""NCON"":""8:52 AM"",""CONC"":""8:56 AM"",""PHIL"":""9:01 AM"",""WCRK"":""9:04 AM"",""LAFY"":""9:09 AM"",""ORIN"":""9:14 AM"",""ROCK"":""9:19 AM"",""MCAR"":""9:23 AM"",""19TH"":""9:27 AM"",""12TH"":""9:29 AM"",""WOAK"":""9:33 AM"",""EMBR"":""9:40 AM"",""MONT"":""9:42 AM"",""POWL"":""9:43 AM"",""CIVC"":""9:45 AM"",""16TH"":""9:47 AM"",""24TH"":""9:49 AM"",""GLEN"":""9:52 AM"",""BALB"":""9:54 AM"",""DALY"":""9:59 AM"",""COLM"":""10:03 AM"",""SSAN"":""10:06 AM"",""SBRN"":""10:09 AM"",""SFIA_ARR"":""10:14 AM""}"
weekday,1,S,1191,PITT,29820,False,"{""PITT"":""8:17 AM"",""NCON"":""8:24 AM"",""CONC"":""8:27 AM"",""PHIL"":""8:33 AM"",""WCRK"":""8:35 AM"",""LAFY"":""8:40 AM"",""ORIN"":""8:45 AM"",""ROCK"":""8:51 AM"",""MCAR"":""8:54 AM"",""19TH"":""8:58 AM"",""12TH"":""9:00 AM"",""WOAK"":""9:05 AM"",""EMBR"":""9:12 AM"",""MONT"":""9:13 AM"",""POWL"":""9:15 AM"",""CIVC"":""9:17 AM"",""16TH"":""9:19 AM"",""24TH"":""9:21 AM"",""GLEN"":""9:24 AM"",""BALB"":""9:26 AM"",""DALY"":""9:30 AM"",""COLM"":""9:34 AM"",""SSAN"":""9:37 AM"",""SBRN"":""9:41 AM"",""SFIA_ARR"":""9:45 AM""}"
weekday,1,S,1216,PITT,32220,False,"{""PITT"":""8:57 AM"",""NCON"":""9:04 AM"",""CONC"":""9:07 AM"",""PHIL"":""9:13 AM"",""WCRK"":""9:15 AM"",""LAFY"":""9:20 AM"",""ORIN"":""9:25 AM"",""ROCK"":""9:31 AM"",""MCAR"":""9:34 AM"",""19TH"":""9:38 AM"",""12TH"":""9:40 AM"",""WOAK"":""9:45 AM"",""EMBR"":""9:52 AM"",""MONT"":""9:53 AM"",""POWL"":""9:55 AM"",""CIVC"":""9:57 AM"",""16TH"":""9:59 AM"",""24TH"":""10:01 AM"",""GLEN"":""10:04 AM"",""BALB"":""10:06 AM"",""DALY"":""10:10 AM"",""COLM"":""10:14 AM"",""SSAN"":""10:17 AM"",""SBRN"":""10:21 AM"",""SFIA_ARR"":""10:25 AM""}"
weekday,1,S,1241,ANTC,29220,False,"{""ANTC"":""8:07 AM"",""PCTR"":""8:14 AM"",""PITT"":""8:26 AM"",""NCON"":""8:32 AM"",""CONC"":""8:36 AM"",""PHIL"":""8:41 AM"",""WCRK"":""8:44 AM"",""LAFY"":""8:49 AM"",""ORIN"":""8:54 AM"",""ROCK"":""8:59 AM"",""MCAR"":""9:03 AM"",""19TH"":""9:07 AM"",""12TH"":""9:09 AM"",""WOAK"":""9:13 AM"",""EMBR"":""9:20 AM"",""MONT"":""9:22 AM"",""POWL"":""9:23 AM"",""CIVC"":""9:25 AM"",""16TH"":""9:27 AM"",""24TH"":""9:29 AM"",""GLEN"":""9:32 AM"",""BALB"":""9:34 AM"",""DALY"":""9:39 AM"",""COLM"":""9:43 AM"",""SSAN"":""9:46 AM"",""SBRN"":""9:49 AM"",""SFIA_ARR"":""9:54 AM""}"
weekday,1,S,1268,ANTC,31620,False,"{""ANTC"":""8:47 AM"",""PCTR"":""8:54 AM"",""PITT"":""9:06 AM"",""NCON"":""9:12 AM"",""CONC"":""9:16 AM"",""PHIL"":""9:21 AM"",""WCRK"":""9:24 AM"",""LAFY"":""9:29 AM"",""ORIN"":""9:34 AM"",""ROCK"":""9:39 AM"",""MCAR"":""9:43 AM"",""19TH"":""9:47 AM"",""12TH"":""9:49 AM"",""WOAK"":""9:53 AM"",""EMBR"":""10:00 AM"",""MONT"":""10:02 AM"",""POWL"":""10:03 AM"",""CIVC"":""10:05 AM"",""16TH"":""10:07 AM"",""24TH"":""10:09 AM"",""GLEN"":""10:12 AM"",""BALB"":""10:14 AM"",""DALY"":""10:19 AM"",""COLM"":""10:23 AM"",""SSAN"":""10:26 AM"",""SBRN"":""10:29 AM"",""SFIA_ARR"":""10:34 AM""}"
weekday,1,S,1295,PITT,31020,False,"{""PITT"":""8:37 AM"",""NCON"":""8:44 AM"",""CONC"":""8:47 AM"",""PHIL"":""8:53 AM"",""WCRK"":""8:55 AM"",""LAFY"":""9:00 AM"",""ORIN"":""9:05 AM"",""ROCK"":""9:11 AM"",""MCAR"":""9:14 AM"",""19TH"":""9:18 AM"",""12TH"":""9:20 AM"",""WOAK"":""9:25 AM"",""EMBR"":""9:32 AM"",""MONT"":""9:33 AM"",""POWL"":""9:35 AM"",""CIVC"":""9:37 AM"",""16TH"":""9:39 AM"",""24TH"":""9:41 AM"",""GLEN"":""9:44 AM"",""BALB"":""9:46 AM"",""DALY"":""9:50 AM"",""COLM"":""9:54 AM"",""SSAN"":""9:57 AM"",""SBRN"":""10:01 AM"",""SFIA_ARR"":""10:05 AM""}"
weekday,1,S,1320,PITT,33420,False,"{""PITT"":""9:17 AM"",""NCON"":""9:24 AM"",""CONC"":""9:27 AM"",""PHIL"":""9:33 AM"",""WCRK"":""9:35 AM"",""LAFY"":""9:40 AM"",""ORIN"":""9:45 AM"",""ROCK"":""9:51 AM"",""MCAR"":""9:54 AM"",""19TH"":""9:58 AM"",""12TH"":""10:00 AM"",""WOAK"":""10:05 AM"",""EMBR"":""10:12 AM"",""MONT"":""10:13 AM"",""POWL"":""10:15 AM"",""CIVC"":""10:17 AM"",""16TH"":""10:19 AM"",""24TH"":""10:21 AM"",""GLEN"":""10:24 AM"",""BALB"":""10:26 AM"",""DALY"":""10:30 AM"",""COLM"":""10:34 AM"",""SSAN"":""10:37 AM"",""SBRN"":""10:41 AM"",""SFIA_ARR"":""10:45 AM""}"
weekday,1,S,1345,ANTC,30420,False,"{""ANTC"":""8:27 AM"",""PCTR"":""8:34 AM"",""PITT"":""8:46 AM"",""NCON"":""8:52 AM"",""CONC"":""8:56 AM"",""PHIL"":""9:01 AM"",""WCRK"":""9:04 AM"",""LAFY"":""9:09 AM"",""ORIN"":""9:14 AM"",""ROCK"":""9:19 AM"",""MCAR"":""9:23 AM"",""19TH"":""9:27 AM"",""12TH"":""9:29 AM"",""WOAK"":""9:33 AM"",""EMBR"":""9:40 AM"",""MONT"":""9:42 AM"",""POWL"":""9:43 AM"",""CIVC"":""9:45 AM"",""16TH"":""9:47 AM"",""24TH"":""9:49 AM"",""GLEN"":""9:52 AM"",""BALB"":""9:54 AM"",""DALY"":""9:59 AM"",""COLM"":""10:03 AM"",""SSAN"":""10:06 AM"",""SBRN"":""10:09 AM"",""SFIA_ARR"":""10:14 AM""}"
weekday,1,S,1372,ANTC,32820,False,"{""ANTC"":""9:07 AM"",""PCTR"":""9:14 AM"",""PITT"":""9:26 AM"",""NCON"":""9:32 AM"",""CONC"":""9:36 AM"",""PHIL"":""9:41 AM"",""WCRK"":""9:44 AM"",""LAFY"":""9:49 AM"",""ORIN"":""9:54 AM"",""ROCK"":""9:59 AM"",""MCAR"":""10:03 AM"",""19TH"":""10:07 AM"",""12TH"":""10:09 AM"",""WOAK"":""10:13 AM"",""EMBR"":""10:20 AM"",""MONT"":""10:22 AM"",""POWL"":""10:23 AM"",""CIVC"":""10:25 AM"",""16TH"":""10:27 AM"",""24TH"":""10:29 AM"",""GLEN"":""10:32 AM"",""BALB"":""10:34 AM"",""DALY"":""10:39 AM"",""COLM"":""10:43 AM"",""SSAN"":""10:46 AM"",""SBRN"":""10:49 AM"",""SFIA_ARR"":""10:54 AM""}"
weekday,1,S,1399,PITT,32220,False,"{""PITT"":""8:57 AM"",""NCON"":""9:04 AM"",""CONC"":""9:07 AM"",""PHIL"":""9:13 AM"",""WCRK"":""9:15 AM"",""LAFY"":""9:20 AM"",""ORIN"":""9:25 AM"",""ROCK"":""9:31 AM"",""MCAR"":""9:34 AM"",""19TH"":""9:38 AM"",""12TH"":""9:40 AM"",""WOAK"":""9:45 AM"",""EMBR"":""9:52 AM"",""MONT"":""9:53 AM"",""POWL"":""9:55 AM"",""CIVC"":""9:57 AM"",""16TH"":""9:59 AM"",""24TH"":""10:01 AM"",""GLEN"":""10:04 AM"",""BALB"":""10:06 AM"",""DALY"":""10:10 AM"",""COLM"":""10:14 AM"",""SSAN"":""10:17 AM"",""SBRN"":""10:21 AM"",""SFIA_ARR"":""10:25 AM""}"
weekday,1,S,1424,PITT,34620,False,"{""PITT"":""9:37 AM"",""NCON"":""9:44 AM"",""CONC"":""9:47 AM"",""PHIL"":""9:53 AM"",""WCRK"":""9:55 AM"",""LAFY"":""10:00 AM"",""ORIN"":""10:05 AM"",""ROCK"":""10:11 AM"",""MCAR"":""10:14 AM"",""19TH"":""10:18 AM"",""12TH"":""10:20 AM"",""WOAK"":""10:25 AM"",""EMBR"":""10:32 AM"",""MONT"":""10:33 AM"",""POWL"":""10:35 AM"",""CIVC"":""10:37 AM"",""16TH"":""10:39 AM"",""24TH"":""10:41 AM"",""GLEN"":""10:44 AM"",""BALB"":""10:46 AM"",""DALY"":""10:50 AM"",""COLM"":""10:54 AM"",""SSAN"":""10:57 AM"",""SBRN"":""11:01 AM"",""SFIA_ARR"":""11:05 AM""}"
weekday,1,S,1449,ANTC,31620,False,"{""ANTC"":""8:47 AM"",""PCTR"":""8:54 AM"",""PITT"":""9:06 AM"",""NCON"":""9:12 AM"",""CONC"":""9:16 AM"",""PHIL"":""9:21 AM"",""WCRK"":""9:24 AM"",""LAFY"":""9:29 AM"",""ORIN"":""9:34 AM"",""ROCK"":""9:39 AM"",""MCAR"":""9:43 AM"",""19TH"":""9:47 AM"",""12TH"":""9:49 AM"",""WOAK"":""9:53 AM"",""EMBR"":""10:00 AM"",""MONT"":""10:02 AM"",""POWL"":""10:03 AM"",""CIVC"":""10:05 AM"",""16TH"":""10:07 AM"",""24TH"":""10:09 AM"",""GLEN"":""10:12 AM"",""BALB"":""10:14 AM"",""DALY"":""10:19 AM"",""COLM"":""10:23 AM"",""SSAN"":""10:26 AM"",""SBRN"":""10:29 AM"",""SFIA_ARR"":""10:34 AM""}"
weekday,1,S,1476,ANTC,34020,False,"{""ANTC"":""9:27 AM"",""PCTR"":""9:34 AM"",""PITT"":""9:46 AM"",""NCON"":""9:52 AM"",""CONC"":""9:56 AM"",""PHIL"":""10:01 AM"",""WCRK"":""10:04 AM"",""LAFY"":""10:09 AM"",""ORIN"":""10:14 AM"",""ROCK"":""10:19 AM"",""MCAR"":""10:23 AM"",""19TH"":""10:27 AM"",""12TH"":""10:29 AM"",""WOAK"":""10:33 AM"",""EMBR"":""10:40 AM"",""MONT"":""10:42 AM"",""POWL"":""10:43 AM"",""CIVC"":""10:45 AM"",""16TH"":""10:47 AM"",""24TH"":""10:49 AM"",""GLEN"":""10:52 AM"",""BALB"":""10:54 AM"",""DALY"":""10:59 AM"",""COLM"":""11:03 AM"",""SSAN"":""11:06 AM"",""SBRN"":""11:09 AM"",""SFIA_ARR"":""11:14 AM""}"
weekday,1,S,1503,PITT,33420,False,"{""PITT"":""9:17 AM"",""NCON"":""9:24 AM"",""CONC"":""9:27 AM"",""PHIL"":""9:33 AM"",""WCRK"":""9:35 AM"",""LAFY"":""9:40 AM"",""ORIN"":""9:45 AM"",""ROCK"":""9:51 AM"",""MCAR"":""9:54 AM"",""19TH"":""9:58 AM"",""12TH"":""10:00 AM"",""WOAK"":""10:05 AM"",""EMBR"":""10:12 AM"",""MONT"":""10:13 AM"",""POWL"":""10:15 AM"",""CIVC"":""10:17 AM"",""16TH"":""10:19 AM"",""24TH"":""10:21 AM"",""GLEN"":""10:24 AM"",""BALB"":""10:26 AM"",""DALY"":""10:30 AM"",""COLM"":""10:34 AM"",""SSAN"":""10:37 AM"",""SBRN"":""10:41 AM"",""SFIA_ARR"":""10:45 AM""}"
weekday,1,S,1528,PITT,35820,False,"{""PITT"":""9:57 AM"",""NCON"":""10:04 AM"",""CONC"":""10:07 AM"",""PHIL"":""10:13 AM"",""WCRK"":""10:15 AM"",""LAFY"":""10:20 AM"",""ORIN"":""10:25 AM"",""ROCK"":""10:31 AM"",""MCAR"":""10:34 AM"",""19TH"":""10:38 AM"",""12TH"":""10:40 AM"",""WOAK"":""10:45 AM"",""EMBR"":""10:52 AM"",""MONT"":""10:53 AM"",""POWL"":""10:55 AM"",""CIVC"":""10:57 AM"",""16TH"":""10:59 AM"",""24TH"":""11:01 AM"",""GLEN"":""11:04 AM"",""BALB"":""11:06 AM"",""DALY"":""11:10 AM"",""COLM"":""11:14 AM"",""SSAN"":""11:17 AM"",""SBRN"":""11:21 AM"",""SFIA_ARR"":""11:25 AM""}"
weekday,1,S,1553,ANTC,32820,False,"{""ANTC"":""9:07 AM"",""PCTR"":""9:14 AM"",""PITT"":""9:26 AM"",""NCON"":""9:32 AM"",""CONC"":""9:36 AM"",""PHIL"":""9:41 AM"",""WCRK"":""9:44 AM"",""LAFY"":""9:49 AM"",""ORIN"":""9:54 AM"",""ROCK"":""9:59 AM"",""MCAR"":""10:03 AM"",""19TH"":""10:07 AM"",""12TH"":""10:09 AM"",""WOAK"":""10:13 AM"",""EMBR"":""10:20 AM"",""MONT"":""10:22 AM"",""POWL"":""10:23 AM"",""CIVC"":""10:25 AM"",""16TH"":""10:27 AM"",""24TH"":""10:29 AM"",""GLEN"":""10:32 AM"",""BALB"":""10:34 AM"",""DALY"":""10:39 AM"",""COLM"":""10:43 AM"",""SSAN"":""10:46 AM"",""SBRN"":""10:49 AM"",""SFIA_ARR"":""10:54 AM""}"
weekday,1,S,1580,ANTC,35220,False,"{""ANTC"":""9:47 AM"",""PCTR"":""9:54 AM"",""PITT"":""10:06 AM"",""NCON"":""10:12 AM"",""CONC"":""10:16 AM"",""PHIL"":""10:21 AM"",""WCRK"":""10:24 AM"",""LAFY"":""10:29 AM"",""ORIN"":""10:34 AM"",""ROCK"":""10:39 AM"",""MCAR"":""10:43 AM"",""19TH"":""10:47 AM"",""12TH"":""10:49 AM"",""WOAK"":""10:53 AM"",""EMBR"":""11:00 AM"",""MONT"":""11:02 AM"",""POWL"":""11:03 AM"",""CIVC"":""11:05 AM"",""16TH"":""11:07 AM"",""24TH"":""11:09 AM"",""GLEN"":""11:12 AM"",""BALB"":""11:14 AM"",""DALY"":""11:19 AM"",""COLM"":""11:23 AM"",""SSAN"":""11:26 AM"",""SBRN"":""11:29 AM"",""SFIA_ARR"":""11:34 AM""}"
weekday,1,S,1607,PITT,34620,False,"{""PITT"":""9:37 AM"",""NCON"":""9:44 AM"",""CONC"":""9:47 AM"",""PHIL"":""9:53 AM"",""WCRK"":""9:55 AM"",""LAFY"":""10:00 AM"",""ORIN"":""10:05 AM"",""ROCK"":""10:11 AM"",""MCAR"":""10:14 AM"",""19TH"":""10:18 AM"",""12TH"":""10:20 AM"",""WOAK"":""10:25 AM"",""EMBR"":""10:32 AM"",""MONT"":""10:33 AM"",""POWL"":""10:35 AM"",""CIVC"":""10:37 AM"",""16TH"":""10:39 AM"",""24TH"":""10:41 AM"",""GLEN"":""10:44 AM"",""BALB"":""10:46 AM"",""DALY"":""10:50 AM"",""COLM"":""10:54 AM"",""SSAN"":""10:57 AM"",""SBRN"":""11:01 AM"",""SFIA_ARR"":""11:05 AM""}"
weekday,1,S,1632,PITT,37020,False,"{""PITT"":""10:17 AM"",""NCON"":""10:24 AM"",""CONC"":""10:27 AM"",""PHIL"":""10:33 AM"",""WCRK"":""10:35 AM"",""LAFY"":""10:40 AM"",""ORIN"":""10:45 AM"",""ROCK"":""10:51 AM"",""MCAR"":""10:54 AM"",""19TH"":""10:58 AM"",""12TH"":""11:00 AM"",""WOAK"":""11:05 AM"",""EMBR"":""11:12 AM"",""MONT"":""11:13 AM"",""POWL"":""11:15 AM"",""CIVC"":""11:17 AM"",""16TH"":""11:19 AM"",""24TH"":""11:21 AM"",""GLEN"":""11:24 AM"",""BALB"":""11:26 AM"",""DALY"":""11:30 AM"",""COLM"":""11:34 AM"",""SSAN"":""11:37 AM"",""SBRN"":""11:41 AM"",""SFIA_ARR"":""11:45 AM""}"
weekday,1,S,1657,ANTC,34020,False,"{""ANTC"":""9:27 AM"",""PCTR"":""9:34 AM"",""PITT"":""9:46 AM"",""NCON"":""9:52 AM"",""CONC"":""9:56 AM"",""PHIL"":""10:01 AM"",""WCRK"":""10:04 AM"",""LAFY"":""10:09 AM"",""ORIN"":""10:14 AM"",""ROCK"":""10:19 AM"",""MCAR"":""10:23 AM"",""19TH"":""10:27 AM"",""12TH"":""10:29 AM"",""WOAK"":""10:33 AM"",""EMBR"":""10:40 AM"",""MONT"":""10:42 AM"",""POWL"":""10:43 AM"",""CIVC"":""10:45 AM"",""16TH"":""10:47 AM"",""24TH"":""10:49 AM"",""GLEN"":""10:52 AM"",""BALB"":""10:54 AM"",""DALY"":""10:59 AM"",""COLM"":""11:03 AM"",""SSAN"":""11:06 AM"",""SBRN"":""11:09 AM"",""SFIA_ARR"":""11:14 AM""}"
weekday,1,S,1684,ANTC,36420,False,"{""ANTC"":""10:07 AM"",""PCTR"":""10:14 AM"",""PITT"":""10:26 AM"",""NCON"":""10:32 AM"",""CONC"":""10:36 AM"",""PHIL"":""10:41 AM"",""WCRK"":""10:44 AM"",""LAFY"":""10:49 AM"",""ORIN"":""10:54 AM"",""ROCK"":""10:59 AM"",""MCAR"":""11:03 AM"",""19TH"":""11:07 AM"",""12TH"":""11:09 AM"",""WOAK"":""11:13 AM"",""EMBR"":""11:20 AM"",""MONT"":""11:22 AM"",""POWL"":""11:23 AM"",""CIVC"":""11:25 AM"",""16TH"":""11:27 AM"",""24TH"":""11:29 AM"",""GLEN"":""11:32 AM"",""BALB"":""11:34 AM"",""DALY"":""11:39 AM"",""COLM"":""11:43 AM"",""SSAN"":""11:46 AM"",""SBRN"":""11:49 AM"",""SFIA_ARR"":""11:54 AM""}"
weekday,1,S,1711,PITT,35820,False,"{""PITT"":""9:57 AM"",""NCON"":""10:04 AM"",""CONC"":""10:07 AM"",""PHIL"":""10:13 AM"",""WCRK"":""10:15 AM"",""LAFY"":""10:20 AM"",""ORIN"":""10:25 AM"",""ROCK"":""10:31 AM"",""MCAR"":""10:34 AM"",""19TH"":""10:38 AM"",""12TH"":""10:40 AM"",""WOAK"":""10:45 AM"",""EMBR"":""10:52 AM"",""MONT"":""10:53 AM"",""POWL"":""10:55 AM"",""CIVC"":""10:57 AM"",""16TH"":""10:59 AM"",""24TH"":""11:01 AM"",""GLEN"":""11:04 AM"",""BALB"":""11:06 AM"",""DALY"":""11:10 AM"",""COLM"":""11:14 AM"",""SSAN"":""11:17 AM"",""SBRN"":""11:21 AM"",""SFIA_ARR"":""11:25 AM""}"
weekday,1,S,1736,PITT,38220,False,"{""PITT"":""10:37 AM"",""NCON"":""10:44 AM"",""CONC"":""10:47 AM"",""PHIL"":""10:53 AM"",""WCRK"":""10:55 AM"",""LAFY"":""11:00 AM"",""ORIN"":""11:05 AM"",""ROCK"":""11:11 AM"",""MCAR"":""11:14 AM"",""19TH"":""11:18 AM"",""12TH"":""11:20 AM"",""WOAK"":""11:25 AM"",""EMBR"":""11:32 AM"",""MONT"":""11:33 AM"",""POWL"":""11:35 AM"",""CIVC"":""11:37 AM"",""16TH"":""11:39 AM"",""24TH"":""11:41 AM"",""GLEN"":""11:44 AM"",""BALB"":""11:46 AM"",""DALY"":""11:50 AM"",""COLM"":""11:54 AM"",""SSAN"":""11:57 AM"",""SBRN"":""12:01 PM"",""SFIA_ARR"":""12:05 PM""}"
weekday,1,S,1761,ANTC,35220,False,"{""ANTC"":""9:47 AM"",""PCTR"":""9:54 AM"",""PITT"":""10:06 AM"",""NCON"":""10:12 AM"",""CONC"":""10:16 AM"",""PHIL"":""10:21 AM"",""WCRK"":""10:24 AM"",""LAFY"":""10:29 AM"",""ORIN"":""10:34 AM"",""ROCK"":""10:39 AM"",""MCAR"":""10:43 AM"",""19TH"":""10:47 AM"",""12TH"":""10:49 AM"",""WOAK"":""10:53 AM"",""EMBR"":""11:00 AM"",""MONT"":""11:02 AM"",""POWL"":""11:03 AM"",""CIVC"":""11:05 AM"",""16TH"":""11:07 AM"",""24TH"":""11:09 AM"",""GLEN"":""11:12 AM"",""BALB"":""11:14 AM"",""DALY"":""11:19 AM"",""COLM"":""11:23 AM"",""SSAN"":""11:26 AM"",""SBRN"":""11:29 AM"",""SFIA_ARR"":""11:34 AM""}"
weekday,1,S,1788,ANTC,37620,False,"{""ANTC"":""10:27 AM"",""PCTR"":""10:34 AM"",""PITT"":""10:46 AM"",""NCON"":""10:52 AM"",""CONC"":""10:56 AM"",""PHIL"":""11:01 AM"",""WCRK"":""11:04 AM"",""LAFY"":""11:09 AM"",""ORIN"":""11:14 AM"",""ROCK"":""11:19 AM"",""MCAR"":""11:23 AM"",""19TH"":""11:27 AM"",""12TH"":""11:29 AM"",""WOAK"":""11:33 AM"",""EMBR"":""11:40 AM"",""MONT"":""11:42 AM"",""POWL"":""11:43 AM"",""CIVC"":""11:45 AM"",""16TH"":""11:47 AM"",""24TH"":""11:49 AM"",""GLEN"":""11:52 AM"",""BALB"":""11:54 AM"",""DALY"":""11:59 AM"",""COLM"":""12:03 PM"",""SSAN"":""12:06 PM"",""SBRN"":""12:09 PM"",""SFIA_ARR"":""12:14 PM""}"
weekday,1,S,1815,PITT,37020,False,"{""PITT"":""10:17 AM"",""NCON"":""10:24 AM"",""CONC"":""10:27 AM"",""PHIL"":""10:33 AM"",""WCRK"":""10:35 AM"",""LAFY"":""10:40 AM"",""ORIN"":""10:45 AM"",""ROCK"":""10:51 AM"",""MCAR"":""10:54 AM"",""19TH"":""10:58 AM"",""12TH"":""11:00 AM"",""WOAK"":""11:05 AM"",""EMBR"":""11:12 AM"",""MONT"":""11:13 AM"",""POWL"":""11:15 AM"",""CIVC"":""11:17 AM"",""16TH"":""11:19 AM"",""24TH"":""11:21 AM"",""GLEN"":""11:24 AM"",""BALB"":""11:26 AM"",""DALY"":""11:30 AM"",""COLM"":""11:34 AM"",""SSAN"":""11:37 AM"",""SBRN"":""11:41 AM"",""SFIA_ARR"":""11:45 AM""}"
weekday,1,S,1840,PITT,39420,False,"{""PITT"":""10:57 AM"",""NCON"":""11:04 AM"",""CONC"":""11:07 AM"",""PHIL"":""11:13 AM"",""WCRK"":""11:15 AM"",""LAFY"":""11:20 AM"",""ORIN"":""11:25 AM"",""ROCK"":""11:31 AM"",""MCAR"":""11:34 AM"",""19TH"":""11:38 AM"",""12TH"":""11:40 AM"",""WOAK"":""11:45 AM"",""EMBR"":""11:52 AM"",""MONT"":""11:53 AM"",""POWL"":""11:55 AM"",""CIVC"":""11:57 AM"",""16TH"":""11:59 AM"",""24TH"":""12:01 PM"",""GLEN"":""12:04 PM"",""BALB"":""12:06 PM"",""DALY"":""12:10 PM"",""COLM"":""12:14 PM"",""SSAN"":""12:17 PM"",""SBRN"":""12:21 PM"",""SFIA_ARR"":""12:25 PM""}"
weekday,1,S,1865,ANTC,36420,False,"{""ANTC"":""10:07 AM"",""PCTR"":""10:14 AM"",""PITT"":""10:26 AM"",""NCON"":""10:32 AM"",""CONC"":""10:36 AM"",""PHIL"":""10:41 AM"",""WCRK"":""10:44 AM"",""LAFY"":""10:49 AM"",""ORIN"":""10:54 AM"",""ROCK"":""10:59 AM"",""MCAR"":""11:03 AM"",""19TH"":""11:07 AM"",""12TH"":""11:09 AM"",""WOAK"":""11:13 AM"",""EMBR"":""11:20 AM"",""MONT"":""11:22 AM"",""POWL"":""11:23 AM"",""CIVC"":""11:25 AM"",""16TH"":""11:27 AM"",""24TH"":""11:29 AM"",""GLEN"":""11:32 AM"",""BALB"":""11:34 AM"",""DALY"":""11:39 AM"",""COLM"":""11:43 AM"",""SSAN"":""11:46 AM"",""SBRN"":""11:49 AM"",""SFIA_ARR"":""11:54 AM""}"
weekday,1,S,1892,ANTC,38820,False,"{""ANTC"":""10:47 AM"",""PCTR"":""10:54 AM"",""PITT"":""11:06 AM"",""NCON"":""11:12 AM"",""CONC"":""11:16 AM"",""PHIL"":""11:21 AM"",""WCRK"":""11:24 AM"",""LAFY"":""11:29 AM"",""ORIN"":""11:34 AM"",""ROCK"":""11:39 AM"",""MCAR"":""11:43 AM"",""19TH"":""11:47 AM"",""12TH"":""11:49 AM"",""WOAK"":""11:53 AM"",""EMBR"":""12:00 PM"",""MONT"":""12:02 PM"",""POWL"":""12:03 PM"",""CIVC"":""12:05 PM"",""16TH"":""12:07 PM"",""24TH"":""12:09 PM"",""GLEN"":""12:12 PM"",""BALB"":""12:14 PM"",""DALY"":""12:19 PM"",""COLM"":""12:23 PM"",""SSAN"":""12:26 PM"",""SBRN"":""12:29 PM"",""SFIA_ARR"":""12:34 PM""}"
weekday,1,S,1919,PITT,38220,False,"{""PITT"":""10:37 AM"",""NCON"":""10:44 AM"",""CONC"":""10:47 AM"",""PHIL"":""10:53 AM"",""WCRK"":""10:55 AM"",""LAFY"":""11:00 AM"",""ORIN"":""11:05 AM"",""ROCK"":""11:11 AM"",""MCAR"":""11:14 AM"",""19TH"":""11:18 AM"",""12TH"":""11:20 AM"",""WOAK"":""11:25 AM"",""EMBR"":""11:32 AM"",""MONT"":""11:33 AM"",""POWL"":""11:35 AM"",""CIVC"":""11:37 AM"",""16TH"":""11:39 AM"",""24TH"":""11:41 AM"",""GLEN"":""11:44 AM"",""BALB"":""11:46 AM"",""DALY"":""11:50 AM"",""COLM"":""11:54 AM"",""SSAN"":""11:57 AM"",""SBRN"":""12:01 PM"",""SFIA_ARR"":""12:05 PM""}"
weekday,1,S,1944,PITT,40620,False,"{""PITT"":""11:17 AM"",""NCON"":""11:24 AM"",""CONC"":""11:27 AM"",""PHIL"":""11:33 AM"",""WCRK"":""11:35 AM"",""LAFY"":""11:40 AM"",""ORIN"":""11:45 AM"",""ROCK"":""11:51 AM"",""MCAR"":""11:54 AM"",""19TH"":""11:58 AM"",""12TH"":""12:00 PM"",""WOAK"":""12:05 PM"",""EMBR"":""12:12 PM"",""MONT"":""12:13 PM"",""POWL"":""12:15 PM"",""CIVC"":""12:17 PM"",""16TH"":""12:19 PM"",""24TH"":""12:21 PM"",""GLEN"":""12:24 PM"",""BALB"":""12:26 PM"",""DALY"":""12:30 PM"",""COLM"":""12:34 PM"",""SSAN"":""12:37 PM"",""SBRN"":""12:41 PM"",""SFIA_ARR"":""12:45 PM""}"
weekday,1,S,1969,ANTC,37620,False,"{""ANTC"":""10:27 AM"",""PCTR"":""10:34 AM"",""PITT"":""10:46 AM"",""NCON"":""10:52 AM"",""CONC"":""10:56 AM"",""PHIL"":""11:01 AM"",""WCRK"":""11:04 AM"",""LAFY"":""11:09 AM"",""ORIN"":""11:14 AM"",""ROCK"":""11:19 AM"",""MCAR"":""11:23 AM"",""19TH"":""11:27 AM"",""12TH"":""11:29 AM"",""WOAK"":""11:33 AM"",""EMBR"":""11:40 AM"",""MONT"":""11:42 AM"",""POWL"":""11:43 AM"",""CIVC"":""11:45 AM"",""16TH"":""11:47 AM"",""24TH"":""11:49 AM"",""GLEN"":""11:52 AM"",""BALB"":""11:54 AM"",""DALY"":""11:59 AM"",""COLM"":""12:03 PM"",""SSAN"":""12:06 PM"",""SBRN"":""12:09 PM"",""SFIA_ARR"":""12:14 PM""}"
weekday,1,S,1996,ANTC,40020,False,"{""ANTC"":""11:07 AM"",""PCTR"":""11:14 AM"",""PITT"":""11:26 AM"",""NCON"":""11:32 AM"",""CONC"":""11:36 AM"",""PHIL"":""11:41 AM"",""WCRK"":""11:44 AM"",""LAFY"":""11:49 AM"",""ORIN"":""11:54 AM"",""ROCK"":""11:59 AM"",""MCAR"":""12:03 PM"",""19TH"":""12:07 PM"",""12TH"":""12:09 PM"",""WOAK"":""12:13 PM"",""EMBR"":""12:20 PM"",""MONT"":""12:22 PM"",""POWL"":""12:23 PM"",""CIVC"":""12:25 PM"",""16TH"":""12:27 PM"",""24TH"":""12:29 PM"",""GLEN"":""12:32 PM"",""BALB"":""12:34 PM"",""DALY"":""12:39 PM"",""COLM"":""12:43 PM"",""SSAN"":""12:46 PM"",""SBRN"":""12:49 PM"",""SFIA_ARR"":""12:54 PM""}"
weekday,1,S,2023,PITT,39420,False,"{""PITT"":""10:57 AM"",""NCON"":""11:04 AM"",""CONC"":""11:07 AM"",""PHIL"":""11:13 AM"",""WCRK"":""11:15 AM"",""LAFY"":""11:20 AM"",""ORIN"":""11:25 AM"",""ROCK"":""11:31 AM"",""MCAR"":""11:34 AM"",""19TH"":""11:38 AM"",""12TH"":""11:40 AM"",""WOAK"":""11:45 AM"",""EMBR"":""11:52 AM"",""MONT"":""11:53 AM"",""POWL"":""11:55 AM"",""CIVC"":""11:57 AM"",""16TH"":""11:59 AM"",""24TH"":""12:01 PM"",""GLEN"":""12:04 PM"",""BALB"":""12:06 PM"",""DALY"":""12:10 PM"",""COLM"":""12:14 PM"",""SSAN"":""12:17 PM"",""SBRN"":""12:21 PM"",""SFIA_ARR"":""12:25 PM""}"
weekday,1,S,2048,PITT,41820,False,"{""PITT"":""11:37 AM"",""NCON"":""11:44 AM"",""CONC"":""11:47 AM"",""PHIL"":""11:53 AM"",""WCRK"":""11:55 AM"",""LAFY"":""12:00 PM"",""ORIN"":""12:05 PM"",""ROCK"":""12:11 PM"",""MCAR"":""12:14 PM"",""19TH"":""12:18 PM"",""12TH"":""12:20 PM"",""WOAK"":""12:25 PM"",""EMBR"":""12:32 PM"",""MONT"":""12:33 PM"",""POWL"":""12:35 PM"",""CIVC"":""12:37 PM"",""16TH"":""12:39 PM"",""24TH"":""12:41 PM"",""GLEN"":""12:44 PM"",""BALB"":""12:46 PM"",""DALY"":""12:50 PM"",""COLM"":""12:54 PM"",""SSAN"":""12:57 PM"",""SBRN"":""1:01 PM"",""SFIA_ARR"":""1:05 PM""}"
weekday,1,S,2073,ANTC,38820,False,"{""ANTC"":""10:47 AM"",""PCTR"":""10:54 AM"",""PITT"":""11:06 AM"",""NCON"":""11:12 AM"",""CONC"":""11:16 AM"",""PHIL"":""11:21 AM"",""WCRK"":""11:24 AM"",""LAFY"":""11:29 AM"",""ORIN"":""11:34 AM"",""ROCK"":""11:39 AM"",""MCAR"":""11:43 AM"",""19TH"":""11:47 AM"",""12TH"":""11:49 AM"",""WOAK"":""11:53 AM"",""EMBR"":""12:00 PM"",""MONT"":""12:02 PM"",""POWL"":""12:03 PM"",""CIVC"":""12:05 PM"",""16TH"":""12:07 PM"",""24TH"":""12:09 PM"",""GLEN"":""12:12 PM"",""BALB"":""12:14 PM"",""DALY"":""12:19 PM"",""COLM"":""12:23 PM"",""SSAN"":""12:26 PM"",""SBRN"":""12:29 PM"",""SFIA_ARR"":""12:34 PM""}"
weekday,1,S,2100,ANTC,41220,False,"{""ANTC"":""11:27 AM"",""PCTR"":""11:34 AM"",""PITT"":""11:46 AM"",""NCON"":""11:52 AM"",""CONC"":""11:56 AM"",""PHIL"":""12:01 PM"",""WCRK"":""12:04 PM"",""LAFY"":""12:09 PM"",""ORIN"":""12:14 PM"",""ROCK"":""12:19 PM"",""MCAR"":""12:23 PM"",""19TH"":""12:27 PM"",""12TH"":""12:29 PM"",""WOAK"":""12:33 PM"",""EMBR"":""12:40 PM"",""MONT"":""12:42 PM"",""POWL"":""12:43 PM"",""CIVC"":""12:45 PM"",""16TH"":""12:47 PM"",""24TH"":""12:49 PM"",""GLEN"":""12:52 PM"",""BALB"":""12:54 PM"",""DALY"":""12:59 PM"",""COLM"":""1:03 PM"",""SSAN"":""1:06 PM"",""SBRN"":""1:09 PM"",""SFIA_ARR"":""1:14 PM""}"
weekday,1,S,2127,PITT,40620,False,"{""PITT"":""11:17 AM"",""NCON"":""11:24 AM"",""CONC"":""11:27 AM"",""PHIL"":""11:33 AM"",""WCRK"":""11:35 AM"",""LAFY"":""11:40 AM"",""ORIN"":""11:45 AM"",""ROCK"":""11:51 AM"",""MCAR"":""11:54 AM"",""19TH"":""11:58 AM"",""12TH"":""12:00 PM"",""WOAK"":""12:05 PM"",""EMBR"":""12:12 PM"",""MONT"":""12:13 PM"",""POWL"":""12:15 PM"",""CIVC"":""12:17 PM"",""16TH"":""12:19 PM"",""24TH"":""12:21 PM"",""GLEN"":""12:24 PM"",""BALB"":""12:26 PM"",""DALY"":""12:30 PM"",""COLM"":""12:34 PM"",""SSAN"":""12:37 PM"",""SBRN"":""12:41 PM"",""SFIA_ARR"":""12:45 PM""}"
weekday,1,S,2152,PITT,43020,False,"{""PITT"":""11:57 AM"",""NCON"":""12:04 PM"",""CONC"":""12:07 PM"",""PHIL"":""12:13 PM"",""WCRK"":""12:15 PM"",""LAFY"":""12:20 PM"",""ORIN"":""12:25 PM"",""ROCK"":""12:31 PM"",""MCAR"":""12:34 PM"",""19TH"":""12:38 PM"",""12TH"":""12:40 PM"",""WOAK"":""12:45 PM"",""EMBR"":""12:52 PM"",""MONT"":""12:53 PM"",""POWL"":""12:55 PM"",""CIVC"":""12:57 PM"",""16TH"":""12:59 PM"",""24TH"":""1:01 PM"",""GLEN"":""1:04 PM"",""BALB"":""1:06 PM"",""DALY"":""1:10 PM"",""COLM"":""1:14 PM"",""SSAN"":""1:17 PM"",""SBRN"":""1:21 PM"",""SFIA_ARR"":""1:25 PM""}"
weekday,1,S,2177,ANTC,40020,False,"{""ANTC"":""11:07 AM"",""PCTR"":""11:14 AM"",""PITT"":""11:26 AM"",""NCON"":""11:32 AM"",""CONC"":""11:36 AM"",""PHIL"":""11:41 AM"",""WCRK"":""11:44 AM"",""LAFY"":""11:49 AM"",""ORIN"":""11:54 AM"",""ROCK"":""11:59 AM"",""MCAR"":""12:03 PM"",""19TH"":""12:07 PM"",""12TH"":""12:09 PM"",""WOAK"":""12:13 PM"",""EMBR"":""12:20 PM"",""MONT"":""12:22 PM"",""POWL"":""12:23 PM"",""CIVC"":""12:25 PM"",""16TH"":""12:27 PM"",""24TH"":""12:29 PM"",""GLEN"":""12:32 PM"",""BALB"":""12:34 PM"",""DALY"":""12:39 PM"",""COLM"":""12:43 PM"",""SSAN"":""12:46 PM"",""SBRN"":""12:49 PM"",""SFIA_ARR"":""12:54 PM""}"
weekday,1,S,2204,ANTC,42420,False,"{""ANTC"":""11:47 AM"",""PCTR"":""11:54 AM"",""PITT"":""12:06 PM"",""NCON"":""12:12 PM"",""CONC"":""12:16 PM"",""PHIL"":""12:21 PM"",""WCRK"":""12:24 PM"",""LAFY"":""12:29 PM"",""ORIN"":""12:34 PM"",""ROCK"":""12:39 PM"",""MCAR"":""12:43 PM"",""19TH"":""12:47 PM"",""12TH"":""12:49 PM"",""WOAK"":""12:53 PM"",""EMBR"":""1:00 PM"",""MONT"":""1:02 PM"",""POWL"":""1:03 PM"",""CIVC"":""1:05 PM"",""16TH"":""1:07 PM"",""24TH"":""1:09 PM"",""GLEN"":""1:12 PM"",""BALB"":""1:14 PM"",""DALY"":""1:19 PM"",""COLM"":""1:23 PM"",""SSAN"":""1:26 PM"",""SBRN"":""1:29 PM"",""SFIA_ARR"":""1:34 PM""}"
weekday,1,S,2231,PITT,41820,False,"{""PITT"":""11:37 AM"",""NCON"":""11:44 AM"",""CONC"":""11:47 AM"",""PHIL"":""11:53 AM"",""WCRK"":""11:55 AM"",""LAFY"":""12:00 PM"",""ORIN"":""12:05 PM"",""ROCK"":""12:11 PM"",""MCAR"":""12:14 PM"",""19TH"":""12:18 PM"",""12TH"":""12:20 PM"",""WOAK"":""12:25 PM"",""EMBR"":""12:32 PM"",""MONT"":""12:33 PM"",""POWL"":""12:35 PM"",""CIVC"":""12:37 PM"",""16TH"":""12:39 PM"",""24TH"":""12:41 PM"",""GLEN"":""12:44 PM"",""BALB"":""12:46 PM"",""DALY"":""12:50 PM"",""COLM"":""12:54 PM"",""SSAN"":""12:57 PM"",""SBRN"":""1:01 PM"",""SFIA_ARR"":""1:05 PM""}"
weekday,1,S,2256,PITT,44220,False,"{""PITT"":""12:17 PM"",""NCON"":""12:24 PM"",""CONC"":""12:27 PM"",""PHIL"":""12:33 PM"",""WCRK"":""12:35 PM"",""LAFY"":""12:40 PM"",""ORIN"":""12:45 PM"",""ROCK"":""12:51 PM"",""MCAR"":""12:54 PM"",""19TH"":""12:58 PM"",""12TH"":""1:00 PM"",""WOAK"":""1:05 PM"",""EMBR"":""1:12 PM"",""MONT"":""1:13 PM"",""POWL"":""1:15 PM"",""CIVC"":""1:17 PM"",""16TH"":""1:19 PM"",""24TH"":""1:21 PM"",""GLEN"":""1:24 PM"",""BALB"":""1:26 PM"",""DALY"":""1:30 PM"",""COLM"":""1:34 PM"",""SSAN"":""1:37 PM"",""SBRN"":""1:41 PM"",""SFIA_ARR"":""1:45 PM""}"
weekday,1,S,2281,ANTC,41220,False,"{""ANTC"":""11:27 AM"",""PCTR"":""11:34 AM"",""PITT"":""11:46 AM"",""NCON"":""11:52 AM"",""CONC"":""11:56 AM"",""PHIL"":""12:01 PM"",""WCRK"":""12:04 PM"",""LAFY"":""12:09 PM"",""ORIN"":""12:14 PM"",""ROCK"":""12:19 PM"",""MCAR"":""12:23 PM"",""19TH"":""12:27 PM"",""12TH"":""12:29 PM"",""WOAK"":""12:33 PM"",""EMBR"":""12:40 PM"",""MONT"":""12:42 PM"",""POWL"":""12:43 PM"",""CIVC"":""12:45 PM"",""16TH"":""12:47 PM"",""24TH"":""12:49 PM"",""GLEN"":""12:52 PM"",""BALB"":""12:54 PM"",""DALY"":""12:59 PM"",""COLM"":""1:03 PM"",""SSAN"":""1:06 PM"",""SBRN"":""1:09 PM"",""SFIA_ARR"":""1:14 PM""}"
weekday,1,S,2308,ANTC,43620,False,"{""ANTC"":""12:07 PM"",""PCTR"":""12:14 PM"",""PITT"":""12:26 PM"",""NCON"":""12:32 PM"",""CONC"":""12:36 PM"",""PHIL"":""12:41 PM"",""WCRK"":""12:44 PM"",""LAFY"":""12:49 PM"",""ORIN"":""12:54 PM"",""ROCK"":""12:59 PM"",""MCAR"":""1:03 PM"",""19TH"":""1:07 PM"",""12TH"":""1:09 PM"",""WOAK"":""1:13 PM"",""EMBR"":""1:20 PM"",""MONT"":""1:22 PM"",""POWL"":""1:23 PM"",""CIVC"":""1:25 PM"",""16TH"":""1:27 PM"",""24TH"":""1:29 PM"",""GLEN"":""1:32 PM"",""BALB"":""1:34 PM"",""DALY"":""1:39 PM"",""COLM"":""1:43 PM"",""SSAN"":""1:46 PM"",""SBRN"":""1:49 PM"",""SFIA_ARR"":""1:54 PM""}"
weekday,1,S,2335,PITT,43020,False,"{""PITT"":""11:57 AM"",""NCON"":""12:04 PM"",""CONC"":""12:07 PM"",""PHIL"":""12:13 PM"",""WCRK"":""12:15 PM"",""LAFY"":""12:20 PM"",""ORIN"":""12:25 PM"",""ROCK"":""12:31 PM"",""MCAR"":""12:34 PM"",""19TH"":""12:38 PM"",""12TH"":""12:40 PM"",""WOAK"":""12:45 PM"",""EMBR"":""12:52 PM"",""MONT"":""12:53 PM"",""POWL"":""12:55 PM"",""CIVC"":""12:57 PM"",""16TH"":""12:59 PM"",""24TH"":""1:01 PM"",""GLEN"":""1:04 PM"",""BALB"":""1:06 PM"",""DALY"":""1:10 PM"",""COLM"":""1:14 PM"",""SSAN"":""1:17 PM"",""SBRN"":""1:21 PM"",""SFIA_ARR"":""1:25 PM""}"
weekday,1,S,2360,PITT,45420,False,"{""PITT"":""12:37 PM"",""NCON"":""12:44 PM"",""CONC"":""12:47 PM"",""PHIL"":""12:53 PM"",""WCRK"":""12:55 PM"",""LAFY"":""1:00 PM"",""ORIN"":""1:05 PM"",""ROCK"":""1:11 PM"",""MCAR"":""1:14 PM"",""19TH"":""1:18 PM"",""12TH"":""1:20 PM"",""WOAK"":""1:25 PM"",""EMBR"":""1:32 PM"",""MONT"":""1:33 PM"",""POWL"":""1:35 PM"",""CIVC"":""1:37 PM"",""16TH"":""1:39 PM"",""24TH"":""1:41 PM"",""GLEN"":""1:44 PM"",""BALB"":""1:46 PM"",""DALY"":""1:50 PM"",""COLM"":""1:54 PM"",""SSAN"":""1:57 PM"",""SBRN"":""2:01 PM"",""SFIA_ARR"":""2:05 PM""}"
weekday,1,S,2385,ANTC,42420,False,"{""ANTC"":""11:47 AM"",""PCTR"":""11:54 AM"",""PITT"":""12:06 PM"",""NCON"":""12:12 PM"",""CONC"":""12:16 PM"",""PHIL"":""12:21 PM"",""WCRK"":""12:24 PM"",""LAFY"":""12:29 PM"",""ORIN"":""12:34 PM"",""ROCK"":""12:39 PM"",""MCAR"":""12:43 PM"",""19TH"":""12:47 PM"",""12TH"":""12:49 PM"",""WOAK"":""12:53 PM"",""EMBR"":""1:00 PM"",""MONT"":""1:02 PM"",""POWL"":""1:03 PM"",""CIVC"":""1:05 PM"",""16TH"":""1:07 PM"",""24TH"":""1:09 PM"",""GLEN"":""1:12 PM"",""BALB"":""1:14 PM"",""DALY"":""1:19 PM"",""COLM"":""1:23 PM"",""SSAN"":""1:26 PM"",""SBRN"":""1:29 PM"",""SFIA_ARR"":""1:34 PM""}"
weekday,1,S,2412,ANTC,44820,False,"{""ANTC"":""12:27 PM"",""PCTR"":""12:34 PM"",""PITT"":""12:46 PM"",""NCON"":""12:52 PM"",""CONC"":""12:56 PM"",""PHIL"":""1:01 PM"",""WCRK"":""1:04 PM"",""LAFY"":""1:09 PM"",""ORIN"":""1:14 PM"",""ROCK"":""1:19 PM"",""MCAR"":""1:23 PM"",""19TH"":""1:27 PM"",""12TH"":""1:29 PM"",""WOAK"":""1:33 PM"",""EMBR"":""1:40 PM"",""MONT"":""1:42 PM"",""POWL"":""1:43 PM"",""CIVC"":""1:45 PM"",""16TH"":""1:47 PM"",""24TH"":""1:49 PM"",""GLEN"":""1:52 PM"",""BALB"":""1:54 PM"",""DALY"":""1:59 PM"",""COLM"":""2:03 PM"",""SSAN"":""2:06 PM"",""SBRN"":""2:09 PM"",""SFIA_ARR"":""2:14 PM""}"
weekday,1,S,2439,PITT,44220,False,"{""PITT"":""12:17 PM"",""NCON"":""12:24 PM"",""CONC"":""12:27 PM"",""PHIL"":""12:33 PM"",""WCRK"":""12:35 PM"",""LAFY"":""12:40 PM"",""ORIN"":""12:45 PM"",""ROCK"":""12:51 PM"",""MCAR"":""12:54 PM"",""19TH"":""12:58 PM"",""12TH"":""1:00 PM"",""WOAK"":""1:05 PM"",""EMBR"":""1:12 PM"",""MONT"":""1:13 PM"",""POWL"":""1:15 PM"",""CIVC"":""1:17 PM"",""16TH"":""1:19 PM"",""24TH"":""1:21 PM"",""GLEN"":""1:24 PM"",""BALB"":""1:26 PM"",""DALY"":""1:30 PM"",""COLM"":""1:34 PM"",""SSAN"":""1:37 PM"",""SBRN"":""1:41 PM"",""SFIA_ARR"":""1:45 PM""}"
weekday,1,S,2464,PITT,46620,False,"{""PITT"":""12:57 PM"",""NCON"":""1:04 PM"",""CONC"":""1:07 PM"",""PHIL"":""1:13 PM"",""WCRK"":""1:15 PM"",""LAFY"":""1:20 PM"",""ORIN"":""1:25 PM"",""ROCK"":""1:31 PM"",""MCAR"":""1:34 PM"",""19TH"":""1:38 PM"",""12TH"":""1:40 PM"",""WOAK"":""1:45 PM"",""EMBR"":""1:52 PM"",""MONT"":""1:53 PM"",""POWL"":""1:55 PM"",""CIVC"":""1:57 PM"",""16TH"":""1:59 PM"",""24TH"":""2:01 PM"",""GLEN"":""2:04 PM"",""BALB"":""2:06 PM"",""DALY"":""2:10 PM"",""COLM"":""2:14 PM"",""SSAN"":""2:17 PM"",""SBRN"":""2:21 PM"",""SFIA_ARR"":""2:25 PM""}"
weekday,1,S,2489,ANTC,43620,False,"{""ANTC"":""12:07 PM"",""PCTR"":""12:14 PM"",""PITT"":""12:26 PM"",""NCON"":""12:32 PM"",""CONC"":""12:36 PM"",""PHIL"":""12:41 PM"",""WCRK"":""12:44 PM"",""LAFY"":""12:49 PM"",""ORIN"":""12:54 PM"",""ROCK"":""12:59 PM"",""MCAR"":""1:03 PM"",""19TH"":""1:07 PM"",""12TH"":""1:09 PM"",""WOAK"":""1:13 PM"",""EMBR"":""1:20 PM"",""MONT"":""1:22 PM"",""POWL"":""1:23 PM"",""CIVC"":""1:25 PM"",""16TH"":""1:27 PM"",""24TH"":""1:29 PM"",""GLEN"":""1:32 PM"",""BALB"":""1:34 PM"",""DALY"":""1:39 PM"",""COLM"":""1:43 PM"",""SSAN"":""1:46 PM"",""SBRN"":""1:49 PM"",""SFIA_ARR"":""1:54 PM""}"
weekday,1,S,2516,ANTC,46020,False,"{""ANTC"":""12:47 PM"",""PCTR"":""12:54 PM"",""PITT"":""1:06 PM"",""NCON"":""1:12 PM"",""CONC"":""1:16 PM"",""PHIL"":""1:21 PM"",""WCRK"":""1:24 PM"",""LAFY"":""1:29 PM"",""ORIN"":""1:34 PM"",""ROCK"":""1:39 PM"",""MCAR"":""1:43 PM"",""19TH"":""1:47 PM"",""12TH"":""1:49 PM"",""WOAK"":""1:53 PM"",""EMBR"":""2:00 PM"",""MONT"":""2:02 PM"",""POWL"":""2:03 PM"",""CIVC"":""2:05 PM"",""16TH"":""2:07 PM"",""24TH"":""2:09 PM"",""GLEN"":""2:12 PM"",""BALB"":""2:14 PM"",""DALY"":""2:19 PM"",""COLM"":""2:23 PM"",""SSAN"":""2:26 PM"",""SBRN"":""2:29 PM"",""SFIA_ARR"":""2:34 PM""}"
weekday,1,S,2543,PITT,45420,False,"{""PITT"":""12:37 PM"",""NCON"":""12:44 PM"",""CONC"":""12:47 PM"",""PHIL"":""12:53 PM"",""WCRK"":""12:55 PM"",""LAFY"":""1:00 PM"",""ORIN"":""1:05 PM"",""ROCK"":""1:11 PM"",""MCAR"":""1:14 PM"",""19TH"":""1:18 PM"",""12TH"":""1:20 PM"",""WOAK"":""1:25 PM"",""EMBR"":""1:32 PM"",""MONT"":""1:33 PM"",""POWL"":""1:35 PM"",""CIVC"":""1:37 PM"",""16TH"":""1:39 PM"",""24TH"":""1:41 PM"",""GLEN"":""1:44 PM"",""BALB"":""1:46 PM"",""DALY"":""1:50 PM"",""COLM"":""1:54 PM"",""SSAN"":""1:57 PM"",""SBRN"":""2:01 PM"",""SFIA_ARR"":""2:05 PM""}"
weekday,1,S,2568,PITT,47820,False,"{""PITT"":""1:17 PM"",""NCON"":""1:24 PM"",""CONC"":""1:27 PM"",""PHIL"":""1:33 PM"",""WCRK"":""1:35 PM"",""LAFY"":""1:40 PM"",""ORIN"":""1:45 PM"",""ROCK"":""1:51 PM"",""MCAR"":""1:54 PM"",""19TH"":""1:58 PM"",""12TH"":""2:00 PM"",""WOAK"":""2:05 PM"",""EMBR"":""2:12 PM"",""MONT"":""2:13 PM"",""POWL"":""2:15 PM"",""CIVC"":""2:17 PM"",""16TH"":""2:19 PM"",""24TH"":""2:21 PM"",""GLEN"":""2:24 PM"",""BALB"":""2:26 PM"",""DALY"":""2:30 PM"",""COLM"":""2:34 PM"",""SSAN"":""2:37 PM"",""SBRN"":""2:41 PM"",""SFIA_ARR"":""2:45 PM""}"
weekday,1,S,2593,ANTC,44820,False,"{""ANTC"":""12:27 PM"",""PCTR"":""12:34 PM"",""PITT"":""12:46 PM"",""NCON"":""12:52 PM"",""CONC"":""12:56 PM"",""PHIL"":""1:01 PM"",""WCRK"":""1:04 PM"",""LAFY"":""1:09 PM"",""ORIN"":""1:14 PM"",""ROCK"":""1:19 PM"",""MCAR"":""1:23 PM"",""19TH"":""1:27 PM"",""12TH"":""1:29 PM"",""WOAK"":""1:33 PM"",""EMBR"":""1:40 PM"",""MONT"":""1:42 PM"",""POWL"":""1:43 PM"",""CIVC"":""1:45 PM"",""16TH"":""1:47 PM"",""24TH"":""1:49 PM"",""GLEN"":""1:52 PM"",""BALB"":""1:54 PM"",""DALY"":""1:59 PM"",""COLM"":""2:03 PM"",""SSAN"":""2:06 PM"",""SBRN"":""2:09 PM"",""SFIA_ARR"":""2:14 PM""}"
weekday,1,S,2620,ANTC,47220,False,"{""ANTC"":""1:07 PM"",""PCTR"":""1:14 PM"",""PITT"":""1:26 PM"",""NCON"":""1:32 PM"",""CONC"":""1:36 PM"",""PHIL"":""1:41 PM"",""WCRK"":""1:44 PM"",""LAFY"":""1:49 PM"",""ORIN"":""1:54 PM"",""ROCK"":""1:59 PM"",""MCAR"":""2:03 PM"",""19TH"":""2:07 PM"",""12TH"":""2:09 PM"",""WOAK"":""2:13 PM"",""EMBR"":""2:20 PM"",""MONT"":""2:22 PM"",""POWL"":""2:23 PM"",""CIVC"":""2:25 PM"",""16TH"":""2:27 PM"",""24TH"":""2:29 PM"",""GLEN"":""2:32 PM"",""BALB"":""2:34 PM"",""DALY"":""2:39 PM"",""COLM"":""2:43 PM"",""SSAN"":""2:46 PM"",""SBRN"":""2:49 PM"",""SFIA_ARR"":""2:54 PM""}"
weekday,1,S,2647,PITT,46620,False,"{""PITT"":""12:57 PM"",""NCON"":""1:04 PM"",""CONC"":""1:07 PM"",""PHIL"":""1:13 PM"",""WCRK"":""1:15 PM"",""LAFY"":""1:20 PM"",""ORIN"":""1:25 PM"",""ROCK"":""1:31 PM"",""MCAR"":""1:34 PM"",""19TH"":""1:38 PM"",""12TH"":""1:40 PM"",""WOAK"":""1:45 PM"",""EMBR"":""1:52 PM"",""MONT"":""1:53 PM"",""POWL"":""1:55 PM"",""CIVC"":""1:57 PM"",""16TH"":""1:59 PM"",""24TH"":""2:01 PM"",""GLEN"":""2:04 PM"",""BALB"":""2:06 PM"",""DALY"":""2:10 PM"",""COLM"":""2:14 PM"",""SSAN"":""2:17 PM"",""SBRN"":""2:21 PM"",""SFIA_ARR"":""2:25 PM""}"
weekday,1,S,2672,PITT,49020,False,"{""PITT"":""1:37 PM"",""NCON"":""1:44 PM"",""CONC"":""1:47 PM"",""PHIL"":""1:53 PM"",""WCRK"":""1:55 PM"",""LAFY"":""2:00 PM"",""ORIN"":""2:05 PM"",""ROCK"":""2:11 PM"",""MCAR"":""2:14 PM"",""19TH"":""2:18 PM"",""12TH"":""2:20 PM"",""WOAK"":""2:25 PM"",""EMBR"":""2:32 PM"",""MONT"":""2:33 PM"",""POWL"":""2:35 PM"",""CIVC"":""2:37 PM"",""16TH"":""2:39 PM"",""24TH"":""2:41 PM"",""GLEN"":""2:44 PM"",""BALB"":""2:46 PM"",""DALY"":""2:50 PM"",""COLM"":""2:54 PM"",""SSAN"":""2:57 PM"",""SBRN"":""3:01 PM"",""SFIA_ARR"":""3:05 PM""}"
weekday,1,S,2697,ANTC,46020,False,"{""ANTC"":""12:47 PM"",""PCTR"":""12:54 PM"",""PITT"":""1:06 PM"",""NCON"":""1:12 PM"",""CONC"":""1:16 PM"",""PHIL"":""1:21 PM"",""WCRK"":""1:24 PM"",""LAFY"":""1:29 PM"",""ORIN"":""1:34 PM"",""ROCK"":""1:39 PM"",""MCAR"":""1:43 PM"",""19TH"":""1:47 PM"",""12TH"":""1:49 PM"",""WOAK"":""1:53 PM"",""EMBR"":""2:00 PM"",""MONT"":""2:02 PM"",""POWL"":""2:03 PM"",""CIVC"":""2:05 PM"",""16TH"":""2:07 PM"",""24TH"":""2:09 PM"",""GLEN"":""2:12 PM"",""BALB"":""2:14 PM"",""DALY"":""2:19 PM"",""COLM"":""2:23 PM"",""SSAN"":""2:26 PM"",""SBRN"":""2:29 PM"",""SFIA_ARR"":""2:34 PM""}"
weekday,1,S,2724,ANTC,48420,False,"{""ANTC"":""1:27 PM"",""PCTR"":""1:34 PM"",""PITT"":""1:46 PM"",""NCON"":""1:52 PM"",""CONC"":""1:56 PM"",""PHIL"":""2:01 PM"",""WCRK"":""2:04 PM"",""LAFY"":""2:09 PM"",""ORIN"":""2:14 PM"",""ROCK"":""2:19 PM"",""MCAR"":""2:23 PM"",""19TH"":""2:27 PM"",""12TH"":""2:29 PM"",""WOAK"":""2:33 PM"",""EMBR"":""2:40 PM"",""MONT"":""2:42 PM"",""POWL"":""2:43 PM"",""CIVC"":""2:45 PM"",""16TH"":""2:47 PM"",""24TH"":""2:49 PM"",""GLEN"":""2:52 PM"",""BALB"":""2:54 PM"",""DALY"":""2:59 PM"",""COLM"":""3:03 PM"",""SSAN"":""3:06 PM"",""SBRN"":""3:09 PM"",""SFIA_ARR"":""3:14 PM""}"
weekday,1,S,2751,PITT,47820,False,"{""PITT"":""1:17 PM"",""NCON"":""1:24 PM"",""CONC"":""1:27 PM"",""PHIL"":""1:33 PM"",""WCRK"":""1:35 PM"",""LAFY"":""1:40 PM"",""ORIN"":""1:45 PM"",""ROCK"":""1:51 PM"",""MCAR"":""1:54 PM"",""19TH"":""1:58 PM"",""12TH"":""2:00 PM"",""WOAK"":""2:05 PM"",""EMBR"":""2:12 PM"",""MONT"":""2:13 PM"",""POWL"":""2:15 PM"",""CIVC"":""2:17 PM"",""16TH"":""2:19 PM"",""24TH"":""2:21 PM"",""GLEN"":""2:24 PM"",""BALB"":""2:26 PM"",""DALY"":""2:30 PM"",""COLM"":""2:34 PM"",""SSAN"":""2:37 PM"",""SBRN"":""2:41 PM"",""SFIA_ARR"":""2:45 PM""}"
weekday,1,S,2776,PITT,50220,False,"{""PITT"":""1:57 PM"",""NCON"":""2:04 PM"",""CONC"":""2:07 PM"",""PHIL"":""2:13 PM"",""WCRK"":""2:15 PM"",""LAFY"":""2:20 PM"",""ORIN"":""2:25 PM"",""ROCK"":""2:31 PM"",""MCAR"":""2:34 PM"",""19TH"":""2:38 PM"",""12TH"":""2:40 PM"",""WOAK"":""2:45 PM"",""EMBR"":""2:52 PM"",""MONT"":""2:53 PM"",""POWL"":""2:55 PM"",""CIVC"":""2:57 PM"",""16TH"":""2:59 PM"",""24TH"":""3:01 PM"",""GLEN"":""3:04 PM"",""BALB"":""3:06 PM"",""DALY"":""3:10 PM"",""COLM"":""3:14 PM"",""SSAN"":""3:17 PM"",""SBRN"":""3:21 PM"",""SFIA_ARR"":""3:25 PM""}"
weekday,1,S,2801,ANTC,47220,False,"{""ANTC"":""1:07 PM"",""PCTR"":""1:14 PM"",""PITT"":""1:26 PM"",""NCON"":""1:32 PM"",""CONC"":""1:36 PM"",""PHIL"":""1:41 PM"",""WCRK"":""1:44 PM"",""LAFY"":""1:49 PM"",""ORIN"":""1:54 PM"",""ROCK"":""1:59 PM"",""MCAR"":""2:03 PM"",""19TH"":""2:07 PM"",""12TH"":""2:09 PM"",""WOAK"":""2:13 PM"",""EMBR"":""2:20 PM"",""MONT"":""2:22 PM"",""POWL"":""2:23 PM"",""CIVC"":""2:25 PM"",""16TH"":""2:27 PM"",""24TH"":""2:29 PM"",""GLEN"":""2:32 PM"",""BALB"":""2:34 PM"",""DALY"":""2:39 PM"",""COLM"":""2:43 PM"",""SSAN"":""2:46 PM"",""SBRN"":""2:49 PM"",""SFIA_ARR"":""2:54 PM""}"
weekday,1,S,2828,ANTC,49620,False,"{""ANTC"":""1:47 PM"",""PCTR"":""1:54 PM"",""PITT"":""2:06 PM"",""NCON"":""2:12 PM"",""CONC"":""2:16 PM"",""PHIL"":""2:21 PM"",""WCRK"":""2:24 PM"",""LAFY"":""2:29 PM"",""ORIN"":""2:34 PM"",""ROCK"":""2:39 PM"",""MCAR"":""2:43 PM"",""19TH"":""2:47 PM"",""12TH"":""2:49 PM"",""WOAK"":""2:53 PM"",""EMBR"":""3:00 PM"",""MONT"":""3:02 PM"",""POWL"":""3:03 PM"",""CIVC"":""3:05 PM"",""16TH"":""3:07 PM"",""24TH"":""3:09 PM"",""GLEN"":""3:12 PM"",""BALB"":""3:14 PM"",""DALY"":""3:19 PM"",""COLM"":""3:23 PM"",""SSAN"":""3:26 PM"",""SBRN"":""3:29 PM"",""SFIA_ARR"":""3:34 PM""}"
weekday,1,S,2855,PITT,49020,False,"{""PITT"":""1:37 PM"",""NCON"":""1:44 PM"",""CONC"":""1:47 PM"",""PHIL"":""1:53 PM"",""WCRK"":""1:55 PM"",""LAFY"":""2:00 PM"",""ORIN"":""2:05 PM"",""ROCK"":""2:11 PM"",""MCAR"":""2:14 PM"",""19TH"":""2:18 PM"",""12TH"":""2:20 PM"",""WOAK"":""2:25 PM"",""EMBR"":""2:32 PM"",""MONT"":""2:33 PM"",""POWL"":""2:35 PM"",""CIVC"":""2:37 PM"",""16TH"":""2:39 PM"",""24TH"":""2:41 PM"",""GLEN"":""2:44 PM"",""BALB"":""2:46 PM"",""DALY"":""2:50 PM"",""COLM"":""2:54 PM"",""SSAN"":""2:57 PM"",""SBRN"":""3:01 PM"",""SFIA_ARR"":""3:05 PM""}"
weekday,1,S,2880,PITT,51420,False,"{""PITT"":""2:17 PM"",""NCON"":""2:24 PM"",""CONC"":""2:27 PM"",""PHIL"":""2:33 PM"",""WCRK"":""2:35 PM"",""LAFY"":""2:40 PM"",""ORIN"":""2:45 PM"",""ROCK"":""2:51 PM"",""MCAR"":""2:54 PM"",""19TH"":""2:58 PM"",""12TH"":""3:00 PM"",""WOAK"":""3:05 PM"",""EMBR"":""3:12 PM"",""MONT"":""3:13 PM"",""POWL"":""3:15 PM"",""CIVC"":""3:17 PM"",""16TH"":""3:19 PM"",""24TH"":""3:21 PM"",""GLEN"":""3:24 PM"",""BALB"":""3:26 PM"",""DALY"":""3:30 PM"",""COLM"":""3:34 PM"",""SSAN"":""3:37 PM"",""SBRN"":""3:41 PM"",""SFIA_ARR"":""3:45 PM""}"
weekday,1,S,2905,ANTC,48420,False,"{""ANTC"":""1:27 PM"",""PCTR"":""1:34 PM"",""PITT"":""1:46 PM"",""NCON"":""1:52 PM"",""CONC"":""1:56 PM"",""PHIL"":""2:01 PM"",""WCRK"":""2:04 PM"",""LAFY"":""2:09 PM"",""ORIN"":""2:14 PM"",""ROCK"":""2:19 PM"",""MCAR"":""2:23 PM"",""19TH"":""2:27 PM"",""12TH"":""2:29 PM"",""WOAK"":""2:33 PM"",""EMBR"":""2:40 PM"",""MONT"":""2:42 PM"",""POWL"":""2:43 PM"",""CIVC"":""2:45 PM"",""16TH"":""2:47 PM"",""24TH"":""2:49 PM"",""GLEN"":""2:52 PM"",""BALB"":""2:54 PM"",""DALY"":""2:59 PM"",""COLM"":""3:03 PM"",""SSAN"":""3:06 PM"",""SBRN"":""3:09 PM"",""SFIA_ARR"":""3:14 PM""}"
weekday,1,S,2932,ANTC,50820,False,"{""ANTC"":""2:07 PM"",""PCTR"":""2:14 PM"",""PITT"":""2:26 PM"",""NCON"":""2:32 PM"",""CONC"":""2:36 PM"",""PHIL"":""2:41 PM"",""WCRK"":""2:44 PM"",""LAFY"":""2:49 PM"",""ORIN"":""2:54 PM"",""ROCK"":""2:59 PM"",""MCAR"":""3:03 PM"",""19TH"":""3:07 PM"",""12TH"":""3:09 PM"",""WOAK"":""3:13 PM"",""EMBR"":""3:20 PM"",""MONT"":""3:22 PM"",""POWL"":""3:23 PM"",""CIVC"":""3:25 PM"",""16TH"":""3:27 PM"",""24TH"":""3:29 PM"",""GLEN"":""3:32 PM"",""BALB"":""3:34 PM"",""DALY"":""3:39 PM"",""COLM"":""3:43 PM"",""SSAN"":""3:46 PM"",""SBRN"":""3:49 PM"",""SFIA_ARR"":""3:54 PM""}"
weekday,1,S,2959,PITT,50220,False,"{""PITT"":""1:57 PM"",""NCON"":""2:04 PM"",""CONC"":""2:07 PM"",""PHIL"":""2:13 PM"",""WCRK"":""2:15 PM"",""LAFY"":""2:20 PM"",""ORIN"":""2:25 PM"",""ROCK"":""2:31 PM"",""MCAR"":""2:34 PM"",""19TH"":""2:38 PM"",""12TH"":""2:40 PM"",""WOAK"":""2:45 PM"",""EMBR"":""2:52 PM"",""MONT"":""2:53 PM"",""POWL"":""2:55 PM"",""CIVC"":""2:57 PM"",""16TH"":""2:59 PM"",""24TH"":""3:01 PM"",""GLEN"":""3:04 PM"",""BALB"":""3:06 PM"",""DALY"":""3:10 PM"",""COLM"":""3:14 PM"",""SSAN"":""3:17 PM"",""SBRN"":""3:21 PM"",""SFIA_ARR"":""3:25 PM""}"
weekday,1,S,2984,PITT,52620,False,"{""PITT"":""2:37 PM"",""NCON"":""2:44 PM"",""CONC"":""2:47 PM"",""PHIL"":""2:53 PM"",""WCRK"":""2:55 PM"",""LAFY"":""3:00 PM"",""ORIN"":""3:05 PM"",""ROCK"":""3:11 PM"",""MCAR"":""3:14 PM"",""19TH"":""3:18 PM"",""12TH"":""3:20 PM"",""WOAK"":""3:25 PM"",""EMBR"":""3:32 PM"",""MONT"":""3:33 PM"",""POWL"":""3:35 PM"",""CIVC"":""3:37 PM"",""16TH"":""3:39 PM"",""24TH"":""3:41 PM"",""GLEN"":""3:44 PM"",""BALB"":""3:46 PM"",""DALY"":""3:50 PM"",""COLM"":""3:54 PM"",""SSAN"":""3:57 PM"",""SBRN"":""4:01 PM"",""SFIA_ARR"":""4:05 PM""}"
weekday,1,S,3009,ANTC,49620,False,"{""ANTC"":""1:47 PM"",""PCTR"":""1:54 PM"",""PITT"":""2:06 PM"",""NCON"":""2:12 PM"",""CONC"":""2:16 PM"",""PHIL"":""2:21 PM"",""WCRK"":""2:24 PM"",""LAFY"":""2:29 PM"",""ORIN"":""2:34 PM"",""ROCK"":""2:39 PM"",""MCAR"":""2:43 PM"",""19TH"":""2:47 PM"",""12TH"":""2:49 PM"",""WOAK"":""2:53 PM"",""EMBR"":""3:00 PM"",""MONT"":""3:02 PM"",""POWL"":""3:03 PM"",""CIVC"":""3:05 PM"",""16TH"":""3:07 PM"",""24TH"":""3:09 PM"",""GLEN"":""3:12 PM"",""BALB"":""3:14 PM"",""DALY"":""3:19 PM"",""COLM"":""3:23 PM"",""SSAN"":""3:26 PM"",""SBRN"":""3:29 PM"",""SFIA_ARR"":""3:34 PM""}"
weekday,1,S,3036,ANTC,52020,False,"{""ANTC"":""2:27 PM"",""PCTR"":""2:34 PM"",""PITT"":""2:46 PM"",""NCON"":""2:52 PM"",""CONC"":""2:56 PM"",""PHIL"":""3:01 PM"",""WCRK"":""3:04 PM"",""LAFY"":""3:09 PM"",""ORIN"":""3:14 PM"",""ROCK"":""3:19 PM"",""MCAR"":""3:23 PM"",""19TH"":""3:27 PM"",""12TH"":""3:29 PM"",""WOAK"":""3:33 PM"",""EMBR"":""3:40 PM"",""MONT"":""3:42 PM"",""POWL"":""3:43 PM"",""CIVC"":""3:45 PM"",""16TH"":""3:47 PM"",""24TH"":""3:49 PM"",""GLEN"":""3:52 PM"",""BALB"":""3:54 PM"",""DALY"":""3:59 PM"",""COLM"":""4:03 PM"",""SSAN"":""4:06 PM"",""SBRN"":""4:09 PM"",""SFIA_ARR"":""4:14 PM""}"
weekday,1,S,3063,PITT,51420,False,"{""PITT"":""2:17 PM"",""NCON"":""2:24 PM"",""CONC"":""2:27 PM"",""PHIL"":""2:33 PM"",""WCRK"":""2:35 PM"",""LAFY"":""2:40 PM"",""ORIN"":""2:45 PM"",""ROCK"":""2:51 PM"",""MCAR"":""2:54 PM"",""19TH"":""2:58 PM"",""12TH"":""3:00 PM"",""WOAK"":""3:05 PM"",""EMBR"":""3:12 PM"",""MONT"":""3:13 PM"",""POWL"":""3:15 PM"",""CIVC"":""3:17 PM"",""16TH"":""3:19 PM"",""24TH"":""3:21 PM"",""GLEN"":""3:24 PM"",""BALB"":""3:26 PM"",""DALY"":""3:30 PM"",""COLM"":""3:34 PM"",""SSAN"":""3:37 PM"",""SBRN"":""3:41 PM"",""SFIA_ARR"":""3:45 PM""}"
weekday,1,S,3088,PITT,53820,False,"{""PITT"":""2:57 PM"",""NCON"":""3:04 PM"",""CONC"":""3:07 PM"",""PHIL"":""3:13 PM"",""WCRK"":""3:15 PM"",""LAFY"":""3:20 PM"",""ORIN"":""3:25 PM"",""ROCK"":""3:31 PM"",""MCAR"":""3:34 PM"",""19TH"":""3:38 PM"",""12TH"":""3:40 PM"",""WOAK"":""3:45 PM"",""EMBR"":""3:52 PM"",""MONT"":""3:53 PM"",""POWL"":""3:55 PM"",""CIVC"":""3:57 PM"",""16TH"":""3:59 PM"",""24TH"":""4:01 PM"",""GLEN"":""4:04 PM"",""BALB"":""4:06 PM"",""DALY"":""4:10 PM"",""COLM"":""4:14 PM"",""SSAN"":""4:17 PM"",""SBRN"":""4:21 PM"",""SFIA_ARR"":""4:25 PM""}"
weekday,1,S,3113,ANTC,50820,False,"{""ANTC"":""2:07 PM"",""PCTR"":""2:14 PM"",""PITT"":""2:26 PM"",""NCON"":""2:32 PM"",""CONC"":""2:36 PM"",""PHIL"":""2:41 PM"",""WCRK"":""2:44 PM"",""LAFY"":""2:49 PM"",""ORIN"":""2:54 PM"",""ROCK"":""2:59 PM"",""MCAR"":""3:03 PM"",""19TH"":""3:07 PM"",""12TH"":""3:09 PM"",""WOAK"":""3:13 PM"",""EMBR"":""3:20 PM"",""MONT"":""3:22 PM"",""POWL"":""3:23 PM"",""CIVC"":""3:25 PM"",""16TH"":""3:27 PM"",""24TH"":""3:29 PM"",""GLEN"":""3:32 PM"",""BALB"":""3:34 PM"",""DALY"":""3:39 PM"",""COLM"":""3:43 PM"",""SSAN"":""3:46 PM"",""SBRN"":""3:49 PM"",""SFIA_ARR"":""3:54 PM""}"
weekday,1,S,3140,ANTC,53220,False,"{""ANTC"":""2:47 PM"",""PCTR"":""2:54 PM"",""PITT"":""3:06 PM"",""NCON"":""3:12 PM"",""CONC"":""3:16 PM"",""PHIL"":""3:21 PM"",""WCRK"":""3:24 PM"",""LAFY"":""3:29 PM"",""ORIN"":""3:34 PM"",""ROCK"":""3:39 PM"",""MCAR"":""3:43 PM"",""19TH"":""3:47 PM"",""12TH"":""3:49 PM"",""WOAK"":""3:53 PM"",""EMBR"":""4:00 PM"",""MONT"":""4:02 PM"",""POWL"":""4:03 PM"",""CIVC"":""4:05 PM"",""16TH"":""4:07 PM"",""24TH"":""4:09 PM"",""GLEN"":""4:12 PM"",""BALB"":""4:14 PM"",""DALY"":""4:19 PM"",""COLM"":""4:23 PM"",""SSAN"":""4:26 PM"",""SBRN"":""4:29 PM"",""SFIA_ARR"":""4:34 PM""}"
weekday,1,S,3167,PITT,52620,False,"{""PITT"":""2:37 PM"",""NCON"":""2:44 PM"",""CONC"":""2:47 PM"",""PHIL"":""2:53 PM"",""WCRK"":""2:55 PM"",""LAFY"":""3:00 PM"",""ORIN"":""3:05 PM"",""ROCK"":""3:11 PM"",""MCAR"":""3:14 PM"",""19TH"":""3:18 PM"",""12TH"":""3:20 PM"",""WOAK"":""3:25 PM"",""EMBR"":""3:32 PM"",""MONT"":""3:33 PM"",""POWL"":""3:35 PM"",""CIVC"":""3:37 PM"",""16TH"":""3:39 PM"",""24TH"":""3:41 PM"",""GLEN"":""3:44 PM"",""BALB"":""3:46 PM"",""DALY"":""3:50 PM"",""COLM"":""3:54 PM"",""SSAN"":""3:57 PM"",""SBRN"":""4:01 PM"",""SFIA_ARR"":""4:05 PM""}"
weekday,1,S,3192,PITT,55020,False,"{""PITT"":""3:17 PM"",""NCON"":""3:24 PM"",""CONC"":""3:27 PM"",""PHIL"":""3:33 PM"",""WCRK"":""3:35 PM"",""LAFY"":""3:40 PM"",""ORIN"":""3:45 PM"",""ROCK"":""3:51 PM"",""MCAR"":""3:54 PM"",""19TH"":""3:58 PM"",""12TH"":""4:00 PM"",""WOAK"":""4:05 PM"",""EMBR"":""4:12 PM"",""MONT"":""4:13 PM"",""POWL"":""4:15 PM"",""CIVC"":""4:17 PM"",""16TH"":""4:19 PM"",""24TH"":""4:21 PM"",""GLEN"":""4:24 PM"",""BALB"":""4:26 PM"",""DALY"":""4:30 PM"",""COLM"":""4:34 PM"",""SSAN"":""4:37 PM"",""SBRN"":""4:41 PM"",""SFIA_ARR"":""4:45 PM""}"
weekday,1,S,3217,ANTC,52020,False,"{""ANTC"":""2:27 PM"",""PCTR"":""2:34 PM"",""PITT"":""2:46 PM"",""NCON"":""2:52 PM"",""CONC"":""2:56 PM"",""PHIL"":""3:01 PM"",""WCRK"":""3:04 PM"",""LAFY"":""3:09 PM"",""ORIN"":""3:14 PM"",""ROCK"":""3:19 PM"",""MCAR"":""3:23 PM"",""19TH"":""3:27 PM"",""12TH"":""3:29 PM"",""WOAK"":""3:33 PM"",""EMBR"":""3:40 PM"",""MONT"":""3:42 PM"",""POWL"":""3:43 PM"",""CIVC"":""3:45 PM"",""16TH"":""3:47 PM"",""24TH"":""3:49 PM"",""GLEN"":""3:52 PM"",""BALB"":""3:54 PM"",""DALY"":""3:59 PM"",""COLM"":""4:03 PM"",""SSAN"":""4:06 PM"",""SBRN"":""4:09 PM"",""SFIA_ARR"":""4:14 PM""}"
weekday,1,S,3244,ANTC,54420,False,"{""ANTC"":""3:07 PM"",""PCTR"":""3:14 PM"",""PITT"":""3:26 PM"",""NCON"":""3:32 PM"",""CONC"":""3:36 PM"",""PHIL"":""3:41 PM"",""WCRK"":""3:44 PM"",""LAFY"":""3:49 PM"",""ORIN"":""3:54 PM"",""ROCK"":""3:59 PM"",""MCAR"":""4:03 PM"",""19TH"":""4:07 PM"",""12TH"":""4:09 PM"",""WOAK"":""4:13 PM"",""EMBR"":""4:20 PM"",""MONT"":""4:22 PM"",""POWL"":""4:23 PM"",""CIVC"":""4:25 PM"",""16TH"":""4:27 PM"",""24TH"":""4:29 PM"",""GLEN"":""4:32 PM"",""BALB"":""4:34 PM"",""DALY"":""4:39 PM"",""COLM"":""4:43 PM"",""SSAN"":""4:46 PM"",""SBRN"":""4:49 PM"",""SFIA_ARR"":""4:54 PM""}"
weekday,1,S,3271,PITT,53820,False,"{""PITT"":""2:57 PM"",""NCON"":""3:04 PM"",""CONC"":""3:07 PM"",""PHIL"":""3:13 PM"",""WCRK"":""3:15 PM"",""LAFY"":""3:20 PM"",""ORIN"":""3:25 PM"",""ROCK"":""3:31 PM"",""MCAR"":""3:34 PM"",""19TH"":""3:38 PM"",""12TH"":""3:40 PM"",""WOAK"":""3:45 PM"",""EMBR"":""3:52 PM"",""MONT"":""3:53 PM"",""POWL"":""3:55 PM"",""CIVC"":""3:57 PM"",""16TH"":""3:59 PM"",""24TH"":""4:01 PM"",""GLEN"":""4:04 PM"",""BALB"":""4:06 PM"",""DALY"":""4:10 PM"",""COLM"":""4:14 PM"",""SSAN"":""4:17 PM"",""SBRN"":""4:21 PM"",""SFIA_ARR"":""4:25 PM""}"
weekday,1,S,3296,PITT,56220,False,"{""PITT"":""3:37 PM"",""NCON"":""3:44 PM"",""CONC"":""3:47 PM"",""PHIL"":""3:53 PM"",""WCRK"":""3:55 PM"",""LAFY"":""4:00 PM"",""ORIN"":""4:05 PM"",""ROCK"":""4:11 PM"",""MCAR"":""4:14 PM"",""19TH"":""4:18 PM"",""12TH"":""4:20 PM"",""WOAK"":""4:25 PM"",""EMBR"":""4:32 PM"",""MONT"":""4:33 PM"",""POWL"":""4:35 PM"",""CIVC"":""4:37 PM"",""16TH"":""4:39 PM"",""24TH"":""4:41 PM"",""GLEN"":""4:44 PM"",""BALB"":""4:46 PM"",""DALY"":""4:50 PM"",""COLM"":""4:54 PM"",""SSAN"":""4:57 PM"",""SBRN"":""5:01 PM"",""SFIA_ARR"":""5:05 PM""}"
weekday,1,S,3321,ANTC,53220,False,"{""ANTC"":""2:47 PM"",""PCTR"":""2:54 PM"",""PITT"":""3:06 PM"",""NCON"":""3:12 PM"",""CONC"":""3:16 PM"",""PHIL"":""3:21 PM"",""WCRK"":""3:24 PM"",""LAFY"":""3:29 PM"",""ORIN"":""3:34 PM"",""ROCK"":""3:39 PM"",""MCAR"":""3:43 PM"",""19TH"":""3:47 PM"",""12TH"":""3:49 PM"",""WOAK"":""3:53 PM"",""EMBR"":""4:00 PM"",""MONT"":""4:02 PM"",""POWL"":""4:03 PM"",""CIVC"":""4:05 PM"",""16TH"":""4:07 PM"",""24TH"":""4:09 PM"",""GLEN"":""4:12 PM"",""BALB"":""4:14 PM"",""DALY"":""4:19 PM"",""COLM"":""4:23 PM"",""SSAN"":""4:26 PM"",""SBRN"":""4:29 PM"",""SFIA_ARR"":""4:34 PM""}"
weekday,1,S,3348,ANTC,55620,False,"{""ANTC"":""3:27 PM"",""PCTR"":""3:34 PM"",""PITT"":""3:46 PM"",""NCON"":""3:52 PM"",""CONC"":""3:56 PM"",""PHIL"":""4:01 PM"",""WCRK"":""4:04 PM"",""LAFY"":""4:09 PM"",""ORIN"":""4:14 PM"",""ROCK"":""4:19 PM"",""MCAR"":""4:23 PM"",""19TH"":""4:27 PM"",""12TH"":""4:29 PM"",""WOAK"":""4:33 PM"",""EMBR"":""4:40 PM"",""MONT"":""4:42 PM"",""POWL"":""4:43 PM"",""CIVC"":""4:45 PM"",""16TH"":""4:47 PM"",""24TH"":""4:49 PM"",""GLEN"":""4:52 PM"",""BALB"":""4:54 PM"",""DALY"":""4:59 PM"",""COLM"":""5:03 PM"",""SSAN"":""5:06 PM"",""SBRN"":""5:09 PM"",""SFIA_ARR"":""5:14 PM""}"
weekday,1,S,3375,PITT,55020,False,"{""PITT"":""3:17 PM"",""NCON"":""3:24 PM"",""CONC"":""3:27 PM"",""PHIL"":""3:33 PM"",""WCRK"":""3:35 PM"",""LAFY"":""3:40 PM"",""ORIN"":""3:45 PM"",""ROCK"":""3:51 PM"",""MCAR"":""3:54 PM"",""19TH"":""3:58 PM"",""12TH"":""4:00 PM"",""WOAK"":""4:05 PM"",""EMBR"":""4:12 PM"",""MONT"":""4:13 PM"",""POWL"":""4:15 PM"",""CIVC"":""4:17 PM"",""16TH"":""4:19 PM"",""24TH"":""4:21 PM"",""GLEN"":""4:24 PM"",""BALB"":""4:26 PM"",""DALY"":""4:30 PM"",""COLM"":""4:34 PM"",""SSAN"":""4:37 PM"",""SBRN"":""4:41 PM"",""SFIA_ARR"":""4:45 PM""}"
weekday,1,S,3400,PITT,57420,False,"{""PITT"":""3:57 PM"",""NCON"":""4:04 PM"",""CONC"":""4:07 PM"",""PHIL"":""4:13 PM"",""WCRK"":""4:15 PM"",""LAFY"":""4:20 PM"",""ORIN"":""4:25 PM"",""ROCK"":""4:31 PM"",""MCAR"":""4:34 PM"",""19TH"":""4:38 PM"",""12TH"":""4:40 PM"",""WOAK"":""4:45 PM"",""EMBR"":""4:52 PM"",""MONT"":""4:53 PM"",""POWL"":""4:55 PM"",""CIVC"":""4:57 PM"",""16TH"":""4:59 PM"",""24TH"":""5:01 PM"",""GLEN"":""5:04 PM"",""BALB"":""5:06 PM"",""DALY"":""5:10 PM"",""COLM"":""5:14 PM"",""SSAN"":""5:17 PM"",""SBRN"":""5:21 PM"",""SFIA_ARR"":""5:25 PM""}"
weekday,1,S,3425,ANTC,54420,False,"{""ANTC"":""3:07 PM"",""PCTR"":""3:14 PM"",""PITT"":""3:26 PM"",""NCON"":""3:32 PM"",""CONC"":""3:36 PM"",""PHIL"":""3:41 PM"",""WCRK"":""3:44 PM"",""LAFY"":""3:49 PM"",""ORIN"":""3:54 PM"",""ROCK"":""3:59 PM"",""MCAR"":""4:03 PM"",""19TH"":""4:07 PM"",""12TH"":""4:09 PM"",""WOAK"":""4:13 PM"",""EMBR"":""4:20 PM"",""MONT"":""4:22 PM"",""POWL"":""4:23 PM"",""CIVC"":""4:25 PM"",""16TH"":""4:27 PM"",""24TH"":""4:29 PM"",""GLEN"":""4:32 PM"",""BALB"":""4:34 PM"",""DALY"":""4:39 PM"",""COLM"":""4:43 PM"",""SSAN"":""4:46 PM"",""SBRN"":""4:49 PM"",""SFIA_ARR"":""4:54 PM""}"
weekday,1,S,3452,ANTC,56820,False,"{""ANTC"":""3:47 PM"",""PCTR"":""3:54 PM"",""PITT"":""4:06 PM"",""NCON"":""4:12 PM"",""CONC"":""4:16 PM"",""PHIL"":""4:21 PM"",""WCRK"":""4:24 PM"",""LAFY"":""4:29 PM"",""ORIN"":""4:34 PM"",""ROCK"":""4:39 PM"",""MCAR"":""4:43 PM"",""19TH"":""4:47 PM"",""12TH"":""4:49 PM"",""WOAK"":""4:53 PM"",""EMBR"":""5:00 PM"",""MONT"":""5:02 PM"",""POWL"":""5:03 PM"",""CIVC"":""5:05 PM"",""16TH"":""5:07 PM"",""24TH"":""5:09 PM"",""GLEN"":""5:12 PM"",""BALB"":""5:14 PM"",""DALY"":""5:19 PM"",""COLM"":""5:23 PM"",""SSAN"":""5:26 PM"",""SBRN"":""5:29 PM"",""SFIA_ARR"":""5:34 PM""}"
weekday,1,S,3479,PITT,56220,False,"{""PITT"":""3:37 PM"",""NCON"":""3:44 PM"",""CONC"":""3:47 PM"",""PHIL"":""3:53 PM"",""WCRK"":""3:55 PM"",""LAFY"":""4:00 PM"",""ORIN"":""4:05 PM"",""ROCK"":""4:11 PM"",""MCAR"":""4:14 PM"",""19TH"":""4:18 PM"",""12TH"":""4:20 PM"",""WOAK"":""4:25 PM"",""EMBR"":""4:32 PM"",""MONT"":""4:33 PM"",""POWL"":""4:35 PM"",""CIVC"":""4:37 PM"",""16TH"":""4:39 PM"",""24TH"":""4:41 PM"",""GLEN"":""4:44 PM"",""BALB"":""4:46 PM"",""DALY"":""4:50 PM"",""COLM"":""4:54 PM"",""SSAN"":""4:57 PM"",""SBRN"":""5:01 PM"",""SFIA_ARR"":""5:05 PM""}"
weekday,1,S,3504,PITT,58620,False,"{""PITT"":""4:17 PM"",""NCON"":""4:24 PM"",""CONC"":""4:27 PM"",""PHIL"":""4:33 PM"",""WCRK"":""4:35 PM"",""LAFY"":""4:40 PM"",""ORIN"":""4:45 PM"",""ROCK"":""4:51 PM"",""MCAR"":""4:54 PM"",""19TH"":""4:58 PM"",""12TH"":""5:00 PM"",""WOAK"":""5:05 PM"",""EMBR"":""5:12 PM"",""MONT"":""5:13 PM"",""POWL"":""5:15 PM"",""CIVC"":""5:17 PM"",""16TH"":""5:19 PM"",""24TH"":""5:21 PM"",""GLEN"":""5:24 PM"",""BALB"":""5:26 PM"",""DALY"":""5:30 PM"",""COLM"":""5:34 PM"",""SSAN"":""5:37 PM"",""SBRN"":""5:41 PM"",""SFIA_ARR"":""5:45 PM""}"
weekday,1,S,3529,ANTC,55620,False,"{""ANTC"":""3:27 PM"",""PCTR"":""3:34 PM"",""PITT"":""3:46 PM"",""NCON"":""3:52 PM"",""CONC"":""3:56 PM"",""PHIL"":""4:01 PM"",""WCRK"":""4:04 PM"",""LAFY"":""4:09 PM"",""ORIN"":""4:14 PM"",""ROCK"":""4:19 PM"",""MCAR"":""4:23 PM"",""19TH"":""4:27 PM"",""12TH"":""4:29 PM"",""WOAK"":""4:33 PM"",""EMBR"":""4:40 PM"",""MONT"":""4:42 PM"",""POWL"":""4:43 PM"",""CIVC"":""4:45 PM"",""16TH"":""4:47 PM"",""24TH"":""4:49 PM"",""GLEN"":""4:52 PM"",""BALB"":""4:54 PM"",""DALY"":""4:59 PM"",""COLM"":""5:03 PM"",""SSAN"":""5:06 PM"",""SBRN"":""5:09 PM"",""SFIA_ARR"":""5:14 PM""}"
weekday,1,S,3556,ANTC,58020,False,"{""ANTC"":""4:07 PM"",""PCTR"":""4:14 PM"",""PITT"":""4:26 PM"",""NCON"":""4:32 PM"",""CONC"":""4:36 PM"",""PHIL"":""4:41 PM"",""WCRK"":""4:44 PM"",""LAFY"":""4:49 PM"",""ORIN"":""4:54 PM"",""ROCK"":""4:59 PM"",""MCAR"":""5:03 PM"",""19TH"":""5:07 PM"",""12TH"":""5:09 PM"",""WOAK"":""5:13 PM"",""EMBR"":""5:20 PM"",""MONT"":""5:22 PM"",""POWL"":""5:23 PM"",""CIVC"":""5:25 PM"",""16TH"":""5:27 PM"",""24TH"":""5:29 PM"",""GLEN"":""5:32 PM"",""BALB"":""5:34 PM"",""DALY"":""5:39 PM"",""COLM"":""5:43 PM"",""SSAN"":""5:46 PM"",""SBRN"":""5:49 PM"",""SFIA_ARR"":""5:54 PM""}"
weekday,1,S,3583,PITT,57420,False,"{""PITT"":""3:57 PM"",""NCON"":""4:04 PM"",""CONC"":""4:07 PM"",""PHIL"":""4:13 PM"",""WCRK"":""4:15 PM"",""LAFY"":""4:20 PM"",""ORIN"":""4:25 PM"",""ROCK"":""4:31 PM"",""MCAR"":""4:34 PM"",""19TH"":""4:38 PM"",""12TH"":""4:40 PM"",""WOAK"":""4:45 PM"",""EMBR"":""4:52 PM"",""MONT"":""4:53 PM"",""POWL"":""4:55 PM"",""CIVC"":""4:57 PM"",""16TH"":""4:59 PM"",""24TH"":""5:01 PM"",""GLEN"":""5:04 PM"",""BALB"":""5:06 PM"",""DALY"":""5:10 PM"",""COLM"":""5:14 PM"",""SSAN"":""5:17 PM"",""SBRN"":""5:21 PM"",""SFIA_ARR"":""5:25 PM""}"
weekday,1,S,3608,PITT,59820,False,"{""PITT"":""4:37 PM"",""NCON"":""4:44 PM"",""CONC"":""4:47 PM"",""PHIL"":""4:53 PM"",""WCRK"":""4:55 PM"",""LAFY"":""5:00 PM"",""ORIN"":""5:05 PM"",""ROCK"":""5:11 PM"",""MCAR"":""5:14 PM"",""19TH"":""5:18 PM"",""12TH"":""5:20 PM"",""WOAK"":""5:25 PM"",""EMBR"":""5:32 PM"",""MONT"":""5:33 PM"",""POWL"":""5:35 PM"",""CIVC"":""5:37 PM"",""16TH"":""5:39 PM"",""24TH"":""5:41 PM"",""GLEN"":""5:44 PM"",""BALB"":""5:46 PM"",""DALY"":""5:50 PM"",""COLM"":""5:54 PM"",""SSAN"":""5:57 PM"",""SBRN"":""6:01 PM"",""SFIA_ARR"":""6:05 PM""}"
weekday,1,S,3633,ANTC,56820,False,"{""ANTC"":""3:47 PM"",""PCTR"":""3:54 PM"",""PITT"":""4:06 PM"",""NCON"":""4:12 PM"",""CONC"":""4:16 PM"",""PHIL"":""4:21 PM"",""WCRK"":""4:24 PM"",""LAFY"":""4:29 PM"",""ORIN"":""4:34 PM"",""ROCK"":""4:39 PM"",""MCAR"":""4:43 PM"",""19TH"":""4:47 PM"",""12TH"":""4:49 PM"",""WOAK"":""4:53 PM"",""EMBR"":""5:00 PM"",""MONT"":""5:02 PM"",""POWL"":""5:03 PM"",""CIVC"":""5:05 PM"",""16TH"":""5:07 PM"",""24TH"":""5:09 PM"",""GLEN"":""5:12 PM"",""BALB"":""5:14 PM"",""DALY"":""5:19 PM"",""COLM"":""5:23 PM"",""SSAN"":""5:26 PM"",""SBRN"":""5:29 PM"",""SFIA_ARR"":""5:34 PM""}"
weekday,1,S,3660,ANTC,59220,False,"{""ANTC"":""4:27 PM"",""PCTR"":""4:34 PM"",""PITT"":""4:46 PM"",""NCON"":""4:52 PM"",""CONC"":""4:56 PM"",""PHIL"":""5:01 PM"",""WCRK"":""5:04 PM"",""LAFY"":""5:09 PM"",""ORIN"":""5:14 PM"",""ROCK"":""5:19 PM"",""MCAR"":""5:23 PM"",""19TH"":""5:27 PM"",""12TH"":""5:29 PM"",""WOAK"":""5:33 PM"",""EMBR"":""5:40 PM"",""MONT"":""5:42 PM"",""POWL"":""5:43 PM"",""CIVC"":""5:45 PM"",""16TH"":""5:47 PM"",""24TH"":""5:49 PM"",""GLEN"":""5:52 PM"",""BALB"":""5:54 PM"",""DALY"":""5:59 PM"",""COLM"":""6:03 PM"",""SSAN"":""6:06 PM"",""SBRN"":""6:09 PM"",""SFIA_ARR"":""6:14 PM""}"
weekday,1,S,3687,PITT,58620,False,"{""PITT"":""4:17 PM"",""NCON"":""4:24 PM"",""CONC"":""4:27 PM"",""PHIL"":""4:33 PM"",""WCRK"":""4:35 PM"",""LAFY"":""4:40 PM"",""ORIN"":""4:45 PM"",""ROCK"":""4:51 PM"",""MCAR"":""4:54 PM"",""19TH"":""4:58 PM"",""12TH"":""5:00 PM"",""WOAK"":""5:05 PM"",""EMBR"":""5:12 PM"",""MONT"":""5:13 PM"",""POWL"":""5:15 PM"",""CIVC"":""5:17 PM"",""16TH"":""5:19 PM"",""24TH"":""5:21 PM"",""GLEN"":""5:24 PM"",""BALB"":""5:26 PM"",""DALY"":""5:30 PM"",""COLM"":""5:34 PM"",""SSAN"":""5:37 PM"",""SBRN"":""5:41 PM"",""SFIA_ARR"":""5:45 PM""}"
weekday,1,S,3712,PITT,61020,False,"{""PITT"":""4:57 PM"",""NCON"":""5:04 PM"",""CONC"":""5:07 PM"",""PHIL"":""5:13 PM"",""WCRK"":""5:15 PM"",""LAFY"":""5:20 PM"",""ORIN"":""5:25 PM"",""ROCK"":""5:31 PM"",""MCAR"":""5:34 PM"",""19TH"":""5:38 PM"",""12TH"":""5:40 PM"",""WOAK"":""5:45 PM"",""EMBR"":""5:52 PM"",""MONT"":""5:53 PM"",""POWL"":""5:55 PM"",""CIVC"":""5:57 PM"",""16TH"":""5:59 PM"",""24TH"":""6:01 PM"",""GLEN"":""6:04 PM"",""BALB"":""6:06 PM"",""DALY"":""6:10 PM"",""COLM"":""6:14 PM"",""SSAN"":""6:17 PM"",""SBRN"":""6:21 PM"",""SFIA_ARR"":""6:25 PM""}"
weekday,1,S,3737,ANTC,58020,False,"{""ANTC"":""4:07 PM"",""PCTR"":""4:14 PM"",""PITT"":""4:26 PM"",""NCON"":""4:32 PM"",""CONC"":""4:36 PM"",""PHIL"":""4:41 PM"",""WCRK"":""4:44 PM"",""LAFY"":""4:49 PM"",""ORIN"":""4:54 PM"",""ROCK"":""4:59 PM"",""MCAR"":""5:03 PM"",""19TH"":""5:07 PM"",""12TH"":""5:09 PM"",""WOAK"":""5:13 PM"",""EMBR"":""5:20 PM"",""MONT"":""5:22 PM"",""POWL"":""5:23 PM"",""CIVC"":""5:25 PM"",""16TH"":""5:27 PM"",""24TH"":""5:29 PM"",""GLEN"":""5:32 PM"",""BALB"":""5:34 PM"",""DALY"":""5:39 PM"",""COLM"":""5:43 PM"",""SSAN"":""5:46 PM"",""SBRN"":""5:49 PM"",""SFIA_ARR"":""5:54 PM""}"
weekday,1,S,3764,ANTC,60420,False,"{""ANTC"":""4:47 PM"",""PCTR"":""4:54 PM"",""PITT"":""5:06 PM"",""NCON"":""5:12 PM"",""CONC"":""5:16 PM"",""PHIL"":""5:21 PM"",""WCRK"":""5:24 PM"",""LAFY"":""5:29 PM"",""ORIN"":""5:34 PM"",""ROCK"":""5:39 PM"",""MCAR"":""5:43 PM"",""19TH"":""5:47 PM"",""12TH"":""5:49 PM"",""WOAK"":""5:53 PM"",""EMBR"":""6:00 PM"",""MONT"":""6:02 PM"",""POWL"":""6:03 PM"",""CIVC"":""6:05 PM"",""16TH"":""6:07 PM"",""24TH"":""6:09 PM"",""GLEN"":""6:12 PM"",""BALB"":""6:14 PM"",""DALY"":""6:19 PM"",""COLM"":""6:23 PM"",""SSAN"":""6:26 PM"",""SBRN"":""6:29 PM"",""SFIA_ARR"":""6:34 PM""}"
weekday,1,S,3791,PITT,59820,False,"{""PITT"":""4:37 PM"",""NCON"":""4:44 PM"",""CONC"":""4:47 PM"",""PHIL"":""4:53 PM"",""WCRK"":""4:55 PM"",""LAFY"":""5:00 PM"",""ORIN"":""5:05 PM"",""ROCK"":""5:11 PM"",""MCAR"":""5:14 PM"",""19TH"":""5:18 PM"",""12TH"":""5:20 PM"",""WOAK"":""5:25 PM"",""EMBR"":""5:32 PM"",""MONT"":""5:33 PM"",""POWL"":""5:35 PM"",""CIVC"":""5:37 PM"",""16TH"":""5:39 PM"",""24TH"":""5:41 PM"",""GLEN"":""5:44 PM"",""BALB"":""5:46 PM"",""DALY"":""5:50 PM"",""COLM"":""5:54 PM"",""SSAN"":""5:57 PM"",""SBRN"":""6:01 PM"",""SFIA_ARR"":""6:05 PM""}"
weekday,1,S,3816,PITT,62220,False,"{""PITT"":""5:17 PM"",""NCON"":""5:24 PM"",""CONC"":""5:27 PM"",""PHIL"":""5:33 PM"",""WCRK"":""5:35 PM"",""LAFY"":""5:40 PM"",""ORIN"":""5:45 PM"",""ROCK"":""5:51 PM"",""MCAR"":""5:54 PM"",""19TH"":""5:58 PM"",""12TH"":""6:00 PM"",""WOAK"":""6:05 PM"",""EMBR"":""6:12 PM"",""MONT"":""6:13 PM"",""POWL"":""6:15 PM"",""CIVC"":""6:17 PM"",""16TH"":""6:19 PM"",""24TH"":""6:21 PM"",""GLEN"":""6:24 PM"",""BALB"":""6:26 PM"",""DALY"":""6:30 PM"",""COLM"":""6:34 PM"",""SSAN"":""6:37 PM"",""SBRN"":""6:41 PM"",""SFIA_ARR"":""6:45 PM""}"
weekday,1,S,3841,ANTC,59220,False,"{""ANTC"":""4:27 PM"",""PCTR"":""4:34 PM"",""PITT"":""4:46 PM"",""NCON"":""4:52 PM"",""CONC"":""4:56 PM"",""PHIL"":""5:01 PM"",""WCRK"":""5:04 PM"",""LAFY"":""5:09 PM"",""ORIN"":""5:14 PM"",""ROCK"":""5:19 PM"",""MCAR"":""5:23 PM"",""19TH"":""5:27 PM"",""12TH"":""5:29 PM"",""WOAK"":""5:33 PM"",""EMBR"":""5:40 PM"",""MONT"":""5:42 PM"",""POWL"":""5:43 PM"",""CIVC"":""5:45 PM"",""16TH"":""5:47 PM"",""24TH"":""5:49 PM"",""GLEN"":""5:52 PM"",""BALB"":""5:54 PM"",""DALY"":""5:59 PM"",""COLM"":""6:03 PM"",""SSAN"":""6:06 PM"",""SBRN"":""6:09 PM"",""SFIA_ARR"":""6:14 PM""}"
weekday,1,S,3868,ANTC,61620,False,"{""ANTC"":""5:07 PM"",""PCTR"":""5:14 PM"",""PITT"":""5:26 PM"",""NCON"":""5:32 PM"",""CONC"":""5:36 PM"",""PHIL"":""5:41 PM"",""WCRK"":""5:44 PM"",""LAFY"":""5:49 PM"",""ORIN"":""5:54 PM"",""ROCK"":""5:59 PM"",""MCAR"":""6:03 PM"",""19TH"":""6:07 PM"",""12TH"":""6:09 PM"",""WOAK"":""6:13 PM"",""EMBR"":""6:20 PM"",""MONT"":""6:22 PM"",""POWL"":""6:23 PM"",""CIVC"":""6:25 PM"",""16TH"":""6:27 PM"",""24TH"":""6:29 PM"",""GLEN"":""6:32 PM"",""BALB"":""6:34 PM"",""DALY"":""6:39 PM"",""COLM"":""6:43 PM"",""SSAN"":""6:46 PM"",""SBRN"":""6:49 PM"",""SFIA_ARR"":""6:54 PM""}"
weekday,1,S,3895,PITT,61020,False,"{""PITT"":""4:57 PM"",""NCON"":""5:04 PM"",""CONC"":""5:07 PM"",""PHIL"":""5:13 PM"",""WCRK"":""5:15 PM"",""LAFY"":""5:20 PM"",""ORIN"":""5:25 PM"",""ROCK"":""5:31 PM"",""MCAR"":""5:34 PM"",""19TH"":""5:38 PM"",""12TH"":""5:40 PM"",""WOAK"":""5:45 PM"",""EMBR"":""5:52 PM"",""MONT"":""5:53 PM"",""POWL"":""5:55 PM"",""CIVC"":""5:57 PM"",""16TH"":""5:59 PM"",""24TH"":""6:01 PM"",""GLEN"":""6:04 PM"",""BALB"":""6:06 PM"",""DALY"":""6:10 PM"",""COLM"":""6:14 PM"",""SSAN"":""6:17 PM"",""SBRN"":""6:21 PM"",""SFIA_ARR"":""6:25 PM""}"
weekday,1,S,3920,PITT,63420,False,"{""PITT"":""5:37 PM"",""NCON"":""5:44 PM"",""CONC"":""5:47 PM"",""PHIL"":""5:53 PM"",""WCRK"":""5:55 PM"",""LAFY"":""6:00 PM"",""ORIN"":""6:05 PM"",""ROCK"":""6:11 PM"",""MCAR"":""6:14 PM"",""19TH"":""6:18 PM"",""12TH"":""6:20 PM"",""WOAK"":""6:25 PM"",""EMBR"":""6:32 PM"",""MONT"":""6:33 PM"",""POWL"":""6:35 PM"",""CIVC"":""6:37 PM"",""16TH"":""6:39 PM"",""24TH"":""6:41 PM"",""GLEN"":""6:44 PM"",""BALB"":""6:46 PM"",""DALY"":""6:50 PM"",""COLM"":""6:54 PM"",""SSAN"":""6:57 PM"",""SBRN"":""7:01 PM"",""SFIA_ARR"":""7:05 PM""}"
weekday,1,S,3945,ANTC,60420,False,"{""ANTC"":""4:47 PM"",""PCTR"":""4:54 PM"",""PITT"":""5:06 PM"",""NCON"":""5:12 PM"",""CONC"":""5:16 PM"",""PHIL"":""5:21 PM"",""WCRK"":""5:24 PM"",""LAFY"":""5:29 PM"",""ORIN"":""5:34 PM"",""ROCK"":""5:39 PM"",""MCAR"":""5:43 PM"",""19TH"":""5:47 PM"",""12TH"":""5:49 PM"",""WOAK"":""5:53 PM"",""EMBR"":""6:00 PM"",""MONT"":""6:02 PM"",""POWL"":""6:03 PM"",""CIVC"":""6:05 PM"",""16TH"":""6:07 PM"",""24TH"":""6:09 PM"",""GLEN"":""6:12 PM"",""BALB"":""6:14 PM"",""DALY"":""6:19 PM"",""COLM"":""6:23 PM"",""SSAN"":""6:26 PM"",""SBRN"":""6:29 PM"",""SFIA_ARR"":""6:34 PM""}"
weekday,1,S,3972,ANTC,62820,False,"{""ANTC"":""5:27 PM"",""PCTR"":""5:34 PM"",""PITT"":""5:46 PM"",""NCON"":""5:52 PM"",""CONC"":""5:56 PM"",""PHIL"":""6:01 PM"",""WCRK"":""6:04 PM"",""LAFY"":""6:09 PM"",""ORIN"":""6:14 PM"",""ROCK"":""6:19 PM"",""MCAR"":""6:23 PM"",""19TH"":""6:27 PM"",""12TH"":""6:29 PM"",""WOAK"":""6:33 PM"",""EMBR"":""6:40 PM"",""MONT"":""6:42 PM"",""POWL"":""6:43 PM"",""CIVC"":""6:45 PM"",""16TH"":""6:47 PM"",""24TH"":""6:49 PM"",""GLEN"":""6:52 PM"",""BALB"":""6:54 PM"",""DALY"":""6:59 PM"",""COLM"":""7:03 PM"",""SSAN"":""7:06 PM"",""SBRN"":""7:09 PM"",""SFIA_ARR"":""7:14 PM""}"
weekday,1,S,3999,PITT,62220,False,"{""PITT"":""5:17 PM"",""NCON"":""5:24 PM"",""CONC"":""5:27 PM"",""PHIL"":""5:33 PM"",""WCRK"":""5:35 PM"",""LAFY"":""5:40 PM"",""ORIN"":""5:45 PM"",""ROCK"":""5:51 PM"",""MCAR"":""5:54 PM"",""19TH"":""5:58 PM"",""12TH"":""6:00 PM"",""WOAK"":""6:05 PM"",""EMBR"":""6:12 PM"",""MONT"":""6:13 PM"",""POWL"":""6:15 PM"",""CIVC"":""6:17 PM"",""16TH"":""6:19 PM"",""24TH"":""6:21 PM"",""GLEN"":""6:24 PM"",""BALB"":""6:26 PM"",""DALY"":""6:30 PM"",""COLM"":""6:34 PM"",""SSAN"":""6:37 PM"",""SBRN"":""6:41 PM"",""SFIA_ARR"":""6:45 PM""}"
weekday,1,S,4024,PITT,64620,False,"{""PITT"":""5:57 PM"",""NCON"":""6:04 PM"",""CONC"":""6:07 PM"",""PHIL"":""6:13 PM"",""WCRK"":""6:15 PM"",""LAFY"":""6:20 PM"",""ORIN"":""6:25 PM"",""ROCK"":""6:31 PM"",""MCAR"":""6:34 PM"",""19TH"":""6:38 PM"",""12TH"":""6:40 PM"",""WOAK"":""6:45 PM"",""EMBR"":""6:52 PM"",""MONT"":""6:53 PM"",""POWL"":""6:55 PM"",""CIVC"":""6:57 PM"",""16TH"":""6:59 PM"",""24TH"":""7:01 PM"",""GLEN"":""7:04 PM"",""BALB"":""7:06 PM"",""DALY"":""7:10 PM"",""COLM"":""7:14 PM"",""SSAN"":""7:17 PM"",""SBRN"":""7:21 PM"",""SFIA_ARR"":""7:25 PM""}"
weekday,1,S,4049,ANTC,61620,False,"{""ANTC"":""5:07 PM"",""PCTR"":""5:14 PM"",""PITT"":""5:26 PM"",""NCON"":""5:32 PM"",""CONC"":""5:36 PM"",""PHIL"":""5:41 PM"",""WCRK"":""5:44 PM"",""LAFY"":""5:49 PM"",""ORIN"":""5:54 PM"",""ROCK"":""5:59 PM"",""MCAR"":""6:03 PM"",""19TH"":""6:07 PM"",""12TH"":""6:09 PM"",""WOAK"":""6:13 PM"",""EMBR"":""6:20 PM"",""MONT"":""6:22 PM"",""POWL"":""6:23 PM"",""CIVC"":""6:25 PM"",""16TH"":""6:27 PM"",""24TH"":""6:29 PM"",""GLEN"":""6:32 PM"",""BALB"":""6:34 PM"",""DALY"":""6:39 PM"",""COLM"":""6:43 PM"",""SSAN"":""6:46 PM"",""SBRN"":""6:49 PM"",""SFIA_ARR"":""6:54 PM""}"
weekday,1,S,4076,ANTC,64020,False,"{""ANTC"":""5:47 PM"",""PCTR"":""5:54 PM"",""PITT"":""6:06 PM"",""NCON"":""6:12 PM"",""CONC"":""6:16 PM"",""PHIL"":""6:21 PM"",""WCRK"":""6:24 PM"",""LAFY"":""6:29 PM"",""ORIN"":""6:34 PM"",""ROCK"":""6:39 PM"",""MCAR"":""6:43 PM"",""19TH"":""6:47 PM"",""12TH"":""6:49 PM"",""WOAK"":""6:53 PM"",""EMBR"":""7:00 PM"",""MONT"":""7:02 PM"",""POWL"":""7:03 PM"",""CIVC"":""7:05 PM"",""16TH"":""7:07 PM"",""24TH"":""7:09 PM"",""GLEN"":""7:12 PM"",""BALB"":""7:14 PM"",""DALY"":""7:19 PM"",""COLM"":""7:23 PM"",""SSAN"":""7:26 PM"",""SBRN"":""7:29 PM"",""SFIA_ARR"":""7:34 PM""}"
weekday,1,S,4103,PITT,63420,False,"{""PITT"":""5:37 PM"",""NCON"":""5:44 PM"",""CONC"":""5:47 PM"",""PHIL"":""5:53 PM"",""WCRK"":""5:55 PM"",""LAFY"":""6:00 PM"",""ORIN"":""6:05 PM"",""ROCK"":""6:11 PM"",""MCAR"":""6:14 PM"",""19TH"":""6:18 PM"",""12TH"":""6:20 PM"",""WOAK"":""6:25 PM"",""EMBR"":""6:32 PM"",""MONT"":""6:33 PM"",""POWL"":""6:35 PM"",""CIVC"":""6:37 PM"",""16TH"":""6:39 PM"",""24TH"":""6:41 PM"",""GLEN"":""6:44 PM"",""BALB"":""6:46 PM"",""DALY"":""6:50 PM"",""COLM"":""6:54 PM"",""SSAN"":""6:57 PM"",""SBRN"":""7:01 PM"",""SFIA_ARR"":""7:05 PM""}"
weekday,1,S,4128,PITT,65820,False,"{""PITT"":""6:17 PM"",""NCON"":""6:24 PM"",""CONC"":""6:27 PM"",""PHIL"":""6:33 PM"",""WCRK"":""6:35 PM"",""LAFY"":""6:40 PM"",""ORIN"":""6:45 PM"",""ROCK"":""6:51 PM"",""MCAR"":""6:54 PM"",""19TH"":""6:58 PM"",""12TH"":""7:00 PM"",""WOAK"":""7:05 PM"",""EMBR"":""7:12 PM"",""MONT"":""7:13 PM"",""POWL"":""7:15 PM"",""CIVC"":""7:17 PM"",""16TH"":""7:19 PM"",""24TH"":""7:21 PM"",""GLEN"":""7:24 PM"",""BALB"":""7:26 PM"",""DALY"":""7:30 PM"",""COLM"":""7:34 PM"",""SSAN"":""7:37 PM"",""SBRN"":""7:41 PM"",""SFIA_ARR"":""7:45 PM""}"
weekday,1,S,4153,ANTC,62820,False,"{""ANTC"":""5:27 PM"",""PCTR"":""5:34 PM"",""PITT"":""5:46 PM"",""NCON"":""5:52 PM"",""CONC"":""5:56 PM"",""PHIL"":""6:01 PM"",""WCRK"":""6:04 PM"",""LAFY"":""6:09 PM"",""ORIN"":""6:14 PM"",""ROCK"":""6:19 PM"",""MCAR"":""6:23 PM"",""19TH"":""6:27 PM"",""12TH"":""6:29 PM"",""WOAK"":""6:33 PM"",""EMBR"":""6:40 PM"",""MONT"":""6:42 PM"",""POWL"":""6:43 PM"",""CIVC"":""6:45 PM"",""16TH"":""6:47 PM"",""24TH"":""6:49 PM"",""GLEN"":""6:52 PM"",""BALB"":""6:54 PM"",""DALY"":""6:59 PM"",""COLM"":""7:03 PM"",""SSAN"":""7:06 PM"",""SBRN"":""7:09 PM"",""SFIA_ARR"":""7:14 PM""}"
weekday,1,S,4180,ANTC,65220,False,"{""ANTC"":""6:07 PM"",""PCTR"":""6:14 PM"",""PITT"":""6:26 PM"",""NCON"":""6:32 PM"",""CONC"":""6:36 PM"",""PHIL"":""6:41 PM"",""WCRK"":""6:44 PM"",""LAFY"":""6:49 PM"",""ORIN"":""6:54 PM"",""ROCK"":""6:59 PM"",""MCAR"":""7:03 PM"",""19TH"":""7:07 PM"",""12TH"":""7:09 PM"",""WOAK"":""7:13 PM"",""EMBR"":""7:20 PM"",""MONT"":""7:22 PM"",""POWL"":""7:23 PM"",""CIVC"":""7:25 PM"",""16TH"":""7:27 PM"",""24TH"":""7:29 PM"",""GLEN"":""7:32 PM"",""BALB"":""7:34 PM"",""DALY"":""7:39 PM"",""COLM"":""7:43 PM"",""SSAN"":""7:46 PM"",""SBRN"":""7:49 PM"",""SFIA_ARR"":""7:54 PM""}"
weekday,1,S,4207,PITT,64620,False,"{""PITT"":""5:57 PM"",""NCON"":""6:04 PM"",""CONC"":""6:07 PM"",""PHIL"":""6:13 PM"",""WCRK"":""6:15 PM"",""LAFY"":""6:20 PM"",""ORIN"":""6:25 PM"",""ROCK"":""6:31 PM"",""MCAR"":""6:34 PM"",""19TH"":""6:38 PM"",""12TH"":""6:40 PM"",""WOAK"":""6:45 PM"",""EMBR"":""6:52 PM"",""MONT"":""6:53 PM"",""POWL"":""6:55 PM"",""CIVC"":""6:57 PM"",""16TH"":""6:59 PM"",""24TH"":""7:01 PM"",""GLEN"":""7:04 PM"",""BALB"":""7:06 PM"",""DALY"":""7:10 PM"",""COLM"":""7:14 PM"",""SSAN"":""7:17 PM"",""SBRN"":""7:21 PM"",""SFIA_ARR"":""7:25 PM""}"
weekday,1,S,4232,PITT,67020,False,"{""PITT"":""6:37 PM"",""NCON"":""6:44 PM"",""CONC"":""6:47 PM"",""PHIL"":""6:53 PM"",""WCRK"":""6:55 PM"",""LAFY"":""7:00 PM"",""ORIN"":""7:05 PM"",""ROCK"":""7:11 PM"",""MCAR"":""7:14 PM"",""19TH"":""7:18 PM"",""12TH"":""7:20 PM"",""WOAK"":""7:25 PM"",""EMBR"":""7:32 PM"",""MONT"":""7:33 PM"",""POWL"":""7:35 PM"",""CIVC"":""7:37 PM"",""16TH"":""7:39 PM"",""24TH"":""7:41 PM"",""GLEN"":""7:44 PM"",""BALB"":""7:46 PM"",""DALY"":""7:50 PM"",""COLM"":""7:54 PM"",""SSAN"":""7:57 PM"",""SBRN"":""8:01 PM"",""SFIA_ARR"":""8:05 PM""}"
weekday,1,S,4257,ANTC,64020,False,"{""ANTC"":""5:47 PM"",""PCTR"":""5:54 PM"",""PITT"":""6:06 PM"",""NCON"":""6:12 PM"",""CONC"":""6:16 PM"",""PHIL"":""6:21 PM"",""WCRK"":""6:24 PM"",""LAFY"":""6:29 PM"",""ORIN"":""6:34 PM"",""ROCK"":""6:39 PM"",""MCAR"":""6:43 PM"",""19TH"":""6:47 PM"",""12TH"":""6:49 PM"",""WOAK"":""6:53 PM"",""EMBR"":""7:00 PM"",""MONT"":""7:02 PM"",""POWL"":""7:03 PM"",""CIVC"":""7:05 PM"",""16TH"":""7:07 PM"",""24TH"":""7:09 PM"",""GLEN"":""7:12 PM"",""BALB"":""7:14 PM"",""DALY"":""7:19 PM"",""COLM"":""7:23 PM"",""SSAN"":""7:26 PM"",""SBRN"":""7:29 PM"",""SFIA_ARR"":""7:34 PM""}"
weekday,1,S,4284,ANTC,66420,False,"{""ANTC"":""6:27 PM"",""PCTR"":""6:34 PM"",""PITT"":""6:46 PM"",""NCON"":""6:52 PM"",""CONC"":""6:56 PM"",""PHIL"":""7:01 PM"",""WCRK"":""7:04 PM"",""LAFY"":""7:09 PM"",""ORIN"":""7:14 PM"",""ROCK"":""7:19 PM"",""MCAR"":""7:23 PM"",""19TH"":""7:27 PM"",""12TH"":""7:29 PM"",""WOAK"":""7:33 PM"",""EMBR"":""7:40 PM"",""MONT"":""7:42 PM"",""POWL"":""7:43 PM"",""CIVC"":""7:45 PM"",""16TH"":""7:47 PM"",""24TH"":""7:49 PM"",""GLEN"":""7:52 PM"",""BALB"":""7:54 PM"",""DALY"":""7:59 PM"",""COLM"":""8:03 PM"",""SSAN"":""8:06 PM"",""SBRN"":""8:09 PM"",""SFIA_ARR"":""8:14 PM""}"
weekday,1,S,4311,PITT,65820,False,"{""PITT"":""6:17 PM"",""NCON"":""6:24 PM"",""CONC"":""6:27 PM"",""PHIL"":""6:33 PM"",""WCRK"":""6:35 PM"",""LAFY"":""6:40 PM"",""ORIN"":""6:45 PM"",""ROCK"":""6:51 PM"",""MCAR"":""6:54 PM"",""19TH"":""6:58 PM"",""12TH"":""7:00 PM"",""WOAK"":""7:05 PM"",""EMBR"":""7:12 PM"",""MONT"":""7:13 PM"",""POWL"":""7:15 PM"",""CIVC"":""7:17 PM"",""16TH"":""7:19 PM"",""24TH"":""7:21 PM"",""GLEN"":""7:24 PM"",""BALB"":""7:26 PM"",""DALY"":""7:30 PM"",""COLM"":""7:34 PM"",""SSAN"":""7:37 PM"",""SBRN"":""7:41 PM"",""SFIA_ARR"":""7:45 PM""}"
weekday,1,S,4336,PITT,68220,False,"{""PITT"":""6:57 PM"",""NCON"":""7:04 PM"",""CONC"":""7:07 PM"",""PHIL"":""7:13 PM"",""WCRK"":""7:15 PM"",""LAFY"":""7:20 PM"",""ORIN"":""7:25 PM"",""ROCK"":""7:31 PM"",""MCAR"":""7:34 PM"",""19TH"":""7:38 PM"",""12TH"":""7:40 PM"",""WOAK"":""7:45 PM"",""EMBR"":""7:52 PM"",""MONT"":""7:53 PM"",""POWL"":""7:55 PM"",""CIVC"":""7:57 PM"",""16TH"":""7:59 PM"",""24TH"":""8:01 PM"",""GLEN"":""8:04 PM"",""BALB"":""8:06 PM"",""DALY"":""8:10 PM"",""COLM"":""8:14 PM"",""SSAN"":""8:17 PM"",""SBRN"":""8:21 PM"",""SFIA_ARR"":""8:25 PM""}"
weekday,1,S,4361,ANTC,65220,False,"{""ANTC"":""6:07 PM"",""PCTR"":""6:14 PM"",""PITT"":""6:26 PM"",""NCON"":""6:32 PM"",""CONC"":""6:36 PM"",""PHIL"":""6:41 PM"",""WCRK"":""6:44 PM"",""LAFY"":""6:49 PM"",""ORIN"":""6:54 PM"",""ROCK"":""6:59 PM"",""MCAR"":""7:03 PM"",""19TH"":""7:07 PM"",""12TH"":""7:09 PM"",""WOAK"":""7:13 PM"",""EMBR"":""7:20 PM"",""MONT"":""7:22 PM"",""POWL"":""7:23 PM"",""CIVC"":""7:25 PM"",""16TH"":""7:27 PM"",""24TH"":""7:29 PM"",""GLEN"":""7:32 PM"",""BALB"":""7:34 PM"",""DALY"":""7:39 PM"",""COLM"":""7:43 PM"",""SSAN"":""7:46 PM"",""SBRN"":""7:49 PM"",""SFIA_ARR"":""7:54 PM""}"
weekday,1,S,4388,ANTC,67620,False,"{""ANTC"":""6:47 PM"",""PCTR"":""6:54 PM"",""PITT"":""7:06 PM"",""NCON"":""7:12 PM"",""CONC"":""7:16 PM"",""PHIL"":""7:21 PM"",""WCRK"":""7:24 PM"",""LAFY"":""7:29 PM"",""ORIN"":""7:34 PM"",""ROCK"":""7:39 PM"",""MCAR"":""7:43 PM"",""19TH"":""7:47 PM"",""12TH"":""7:49 PM"",""WOAK"":""7:53 PM"",""EMBR"":""8:00 PM"",""MONT"":""8:02 PM"",""POWL"":""8:03 PM"",""CIVC"":""8:05 PM"",""16TH"":""8:07 PM"",""24TH"":""8:09 PM"",""GLEN"":""8:12 PM"",""BALB"":""8:14 PM"",""DALY"":""8:19 PM"",""COLM"":""8:23 PM"",""SSAN"":""8:26 PM"",""SBRN"":""8:29 PM"",""SFIA_ARR"":""8:34 PM""}"
weekday,1,S,4415,PITT,67020,False,"{""PITT"":""6:37 PM"",""NCON"":""6:44 PM"",""CONC"":""6:47 PM"",""PHIL"":""6:53 PM"",""WCRK"":""6:55 PM"",""LAFY"":""7:00 PM"",""ORIN"":""7:05 PM"",""ROCK"":""7:11 PM"",""MCAR"":""7:14 PM"",""19TH"":""7:18 PM"",""12TH"":""7:20 PM"",""WOAK"":""7:25 PM"",""EMBR"":""7:32 PM"",""MONT"":""7:33 PM"",""POWL"":""7:35 PM"",""CIVC"":""7:37 PM"",""16TH"":""7:39 PM"",""24TH"":""7:41 PM"",""GLEN"":""7:44 PM"",""BALB"":""7:46 PM"",""DALY"":""7:50 PM"",""COLM"":""7:54 PM"",""SSAN"":""7:57 PM"",""SBRN"":""8:01 PM"",""SFIA_ARR"":""8:05 PM""}"
weekday,1,S,4440,ANTC,68820,False,"{""ANTC"":""7:07 PM"",""PCTR"":""7:14 PM"",""PITT"":""7:26 PM"",""NCON"":""7:32 PM"",""CONC"":""7:36 PM"",""PHIL"":""7:41 PM"",""WCRK"":""7:44 PM"",""LAFY"":""7:49 PM"",""ORIN"":""7:54 PM"",""ROCK"":""7:59 PM"",""MCAR"":""8:03 PM"",""19TH"":""8:07 PM"",""12TH"":""8:09 PM"",""WOAK"":""8:13 PM"",""EMBR"":""8:20 PM"",""MONT"":""8:22 PM"",""POWL"":""8:23 PM"",""CIVC"":""8:25 PM"",""16TH"":""8:27 PM"",""24TH"":""8:29 PM"",""GLEN"":""8:32 PM"",""BALB"":""8:34 PM"",""DALY"":""8:39 PM"",""COLM"":""8:43 PM"",""SSAN"":""8:46 PM"",""SBRN"":""8:49 PM"",""SFIA_ARR"":""8:54 PM"",""SFIA_DEP"":""9:08 PM"",""MLBR"":""9:11 PM""}"
weekday,1,S,4469,ANTC,66420,False,"{""ANTC"":""6:27 PM"",""PCTR"":""6:34 PM"",""PITT"":""6:46 PM"",""NCON"":""6:52 PM"",""CONC"":""6:56 PM"",""PHIL"":""7:01 PM"",""WCRK"":""7:04 PM"",""LAFY"":""7:09 PM"",""ORIN"":""7:14 PM"",""ROCK"":""7:19 PM"",""MCAR"":""7:23 PM"",""19TH"":""7:27 PM"",""12TH"":""7:29 PM"",""WOAK"":""7:33 PM"",""EMBR"":""7:40 PM"",""MONT"":""7:42 PM"",""POWL"":""7:43 PM"",""CIVC"":""7:45 PM"",""16TH"":""7:47 PM"",""24TH"":""7:49 PM"",""GLEN"":""7:52 PM"",""BALB"":""7:54 PM"",""DALY"":""7:59 PM"",""COLM"":""8:03 PM"",""SSAN"":""8:06 PM"",""SBRN"":""8:09 PM"",""SFIA_ARR"":""8:14 PM""}"
weekday,1,S,4496,ANTC,70020,False,"{""ANTC"":""7:27 PM"",""PCTR"":""7:34 PM"",""PITT"":""7:46 PM"",""NCON"":""7:52 PM"",""CONC"":""7:56 PM"",""PHIL"":""8:01 PM"",""WCRK"":""8:04 PM"",""LAFY"":""8:09 PM"",""ORIN"":""8:14 PM"",""ROCK"":""8:19 PM"",""MCAR"":""8:23 PM"",""19TH"":""8:27 PM"",""12TH"":""8:29 PM"",""WOAK"":""8:33 PM"",""EMBR"":""8:40 PM"",""MONT"":""8:42 PM"",""POWL"":""8:43 PM"",""CIVC"":""8:45 PM"",""16TH"":""8:47 PM"",""24TH"":""8:49 PM"",""GLEN"":""8:52 PM"",""BALB"":""8:54 PM"",""DALY"":""8:59 PM"",""COLM"":""9:03 PM"",""SSAN"":""9:06 PM"",""SBRN"":""9:09 PM"",""SFIA_ARR"":""9:14 PM"",""SFIA_DEP"":""9:23 PM"",""MLBR"":""9:26 PM""}"
weekday,1,S,4525,PITT,68220,False,"{""PITT"":""6:57 PM"",""NCON"":""7:04 PM"",""CONC"":""7:07 PM"",""PHIL"":""7:13 PM"",""WCRK"":""7:15 PM"",""LAFY"":""7:20 PM"",""ORIN"":""7:25 PM"",""ROCK"":""7:31 PM"",""MCAR"":""7:34 PM"",""19TH"":""7:38 PM"",""12TH"":""7:40 PM"",""WOAK"":""7:45 PM"",""EMBR"":""7:52 PM"",""MONT"":""7:53 PM"",""POWL"":""7:55 PM"",""CIVC"":""7:57 PM"",""16TH"":""7:59 PM"",""24TH"":""8:01 PM"",""GLEN"":""8:04 PM"",""BALB"":""8:06 PM"",""DALY"":""8:10 PM"",""COLM"":""8:14 PM"",""SSAN"":""8:17 PM"",""SBRN"":""8:21 PM"",""SFIA_ARR"":""8:25 PM""}"
weekday,1,S,4550,ANTC,71220,False,"{""ANTC"":""7:47 PM"",""PCTR"":""7:54 PM"",""PITT"":""8:06 PM"",""NCON"":""8:12 PM"",""CONC"":""8:16 PM"",""PHIL"":""8:21 PM"",""WCRK"":""8:24 PM"",""LAFY"":""8:29 PM"",""ORIN"":""8:34 PM"",""ROCK"":""8:39 PM"",""MCAR"":""8:43 PM"",""19TH"":""8:47 PM"",""12TH"":""8:49 PM"",""WOAK"":""8:53 PM"",""EMBR"":""9:00 PM"",""MONT"":""9:02 PM"",""POWL"":""9:03 PM"",""CIVC"":""9:05 PM"",""16TH"":""9:07 PM"",""24TH"":""9:09 PM"",""GLEN"":""9:12 PM"",""BALB"":""9:14 PM"",""DALY"":""9:19 PM"",""COLM"":""9:23 PM"",""SSAN"":""9:26 PM"",""SBRN"":""9:29 PM"",""SFIA_ARR"":""9:34 PM"",""SFIA_DEP"":""9:38 PM"",""MLBR"":""9:41 PM""}"
weekday,1,S,4579,ANTC,67620,False,"{""ANTC"":""6:47 PM"",""PCTR"":""6:54 PM"",""PITT"":""7:06 PM"",""NCON"":""7:12 PM"",""CONC"":""7:16 PM"",""PHIL"":""7:21 PM"",""WCRK"":""7:24 PM"",""LAFY"":""7:29 PM"",""ORIN"":""7:34 PM"",""ROCK"":""7:39 PM"",""MCAR"":""7:43 PM"",""19TH"":""7:47 PM"",""12TH"":""7:49 PM"",""WOAK"":""7:53 PM"",""EMBR"":""8:00 PM"",""MONT"":""8:02 PM"",""POWL"":""8:03 PM"",""CIVC"":""8:05 PM"",""16TH"":""8:07 PM"",""24TH"":""8:09 PM"",""GLEN"":""8:12 PM"",""BALB"":""8:14 PM"",""DALY"":""8:19 PM"",""COLM"":""8:23 PM"",""SSAN"":""8:26 PM"",""SBRN"":""8:29 PM"",""SFIA_ARR"":""8:34 PM""}"
weekday,1,S,4606,ANTC,72420,False,"{""ANTC"":""8:07 PM"",""PCTR"":""8:14 PM"",""PITT"":""8:26 PM"",""NCON"":""8:32 PM"",""CONC"":""8:36 PM"",""PHIL"":""8:41 PM"",""WCRK"":""8:44 PM"",""LAFY"":""8:49 PM"",""ORIN"":""8:54 PM"",""ROCK"":""8:59 PM"",""MCAR"":""9:03 PM"",""19TH"":""9:07 PM"",""12TH"":""9:09 PM"",""WOAK"":""9:13 PM"",""EMBR"":""9:20 PM"",""MONT"":""9:22 PM"",""POWL"":""9:23 PM"",""CIVC"":""9:25 PM"",""16TH"":""9:27 PM"",""24TH"":""9:29 PM"",""GLEN"":""9:32 PM"",""BALB"":""9:34 PM"",""DALY"":""9:39 PM"",""COLM"":""9:43 PM"",""SSAN"":""9:46 PM"",""SBRN"":""9:49 PM"",""SFIA_ARR"":""9:54 PM"",""SFIA_DEP"":""9:56 PM"",""MLBR"":""9:59 PM""}"
weekday,1,S,4635,ANTC,68820,False,"{""ANTC"":""7:07 PM"",""PCTR"":""7:14 PM"",""PITT"":""7:26 PM"",""NCON"":""7:32 PM"",""CONC"":""7:36 PM"",""PHIL"":""7:41 PM"",""WCRK"":""7:44 PM"",""LAFY"":""7:49 PM"",""ORIN"":""7:54 PM"",""ROCK"":""7:59 PM"",""MCAR"":""8:03 PM"",""19TH"":""8:07 PM"",""12TH"":""8:09 PM"",""WOAK"":""8:13 PM"",""EMBR"":""8:20 PM"",""MONT"":""8:22 PM"",""POWL"":""8:23 PM"",""CIVC"":""8:25 PM"",""16TH"":""8:27 PM"",""24TH"":""8:29 PM"",""GLEN"":""8:32 PM"",""BALB"":""8:34 PM"",""DALY"":""8:39 PM"",""COLM"":""8:43 PM"",""SSAN"":""8:46 PM"",""SBRN"":""8:49 PM"",""SFIA_ARR"":""8:54 PM"",""SFIA_DEP"":""9:08 PM"",""MLBR"":""9:11 PM""}"
weekday,1,S,4664,ANTC,70020,False,"{""ANTC"":""7:27 PM"",""PCTR"":""7:34 PM"",""PITT"":""7:46 PM"",""NCON"":""7:52 PM"",""CONC"":""7:56 PM"",""PHIL"":""8:01 PM"",""WCRK"":""8:04 PM"",""LAFY"":""8:09 PM"",""ORIN"":""8:14 PM"",""ROCK"":""8:19 PM"",""MCAR"":""8:23 PM"",""19TH"":""8:27 PM"",""12TH"":""8:29 PM"",""WOAK"":""8:33 PM"",""EMBR"":""8:40 PM"",""MONT"":""8:42 PM"",""POWL"":""8:43 PM"",""CIVC"":""8:45 PM"",""16TH"":""8:47 PM"",""24TH"":""8:49 PM"",""GLEN"":""8:52 PM"",""BALB"":""8:54 PM"",""DALY"":""8:59 PM"",""COLM"":""9:03 PM"",""SSAN"":""9:06 PM"",""SBRN"":""9:09 PM"",""SFIA_ARR"":""9:14 PM"",""SFIA_DEP"":""9:23 PM"",""MLBR"":""9:26 PM""}"
weekday,1,S,4693,ANTC,44640,False,"{""ANTC"":""8:27 PM"",""PCTR"":""8:34 PM"",""PITT"":""8:46 PM"",""NCON"":""8:52 PM"",""CONC"":""8:56 PM"",""PHIL"":""9:01 PM"",""WCRK"":""9:04 PM"",""LAFY"":""9:09 PM"",""ORIN"":""9:14 PM"",""ROCK"":""9:19 PM"",""MCAR"":""9:23 PM"",""19TH"":""9:27 PM"",""12TH"":""9:29 PM"",""WOAK"":""9:33 PM"",""EMBR"":""9:40 PM"",""MONT"":""9:42 PM"",""POWL"":""9:43 PM"",""CIVC"":""9:45 PM"",""16TH"":""9:47 PM"",""24TH"":""9:49 PM"",""GLEN"":""9:52 PM"",""BALB"":""9:54 PM"",""DALY"":""9:59 PM"",""COLM"":""10:03 PM"",""SSAN"":""10:06 PM"",""SBRN"":""10:09 PM"",""SFIA_ARR"":""10:14 PM"",""MLBR"":""0:24 PM""}"
weekday,1,S,4721,ANTC,71220,False,"{""ANTC"":""7:47 PM"",""PCTR"":""7:54 PM"",""PITT"":""8:06 PM"",""NCON"":""8:12 PM"",""CONC"":""8:16 PM"",""PHIL"":""8:21 PM"",""WCRK"":""8:24 PM"",""LAFY"":""8:29 PM"",""ORIN"":""8:34 PM"",""ROCK"":""8:39 PM"",""MCAR"":""8:43 PM"",""19TH"":""8:47 PM"",""12TH"":""8:49 PM"",""WOAK"":""8:53 PM"",""EMBR"":""9:00 PM"",""MONT"":""9:02 PM"",""POWL"":""9:03 PM"",""CIVC"":""9:05 PM"",""16TH"":""9:07 PM"",""24TH"":""9:09 PM"",""GLEN"":""9:12 PM"",""BALB"":""9:14 PM"",""DALY"":""9:19 PM"",""COLM"":""9:23 PM"",""SSAN"":""9:26 PM"",""SBRN"":""9:29 PM"",""SFIA_ARR"":""9:34 PM"",""SFIA_DEP"":""9:38 PM"",""MLBR"":""9:41 PM""}"
weekday,1,S,4750,ANTC,45600,False,"{""ANTC"":""8:47 PM"",""PCTR"":""8:54 PM"",""PITT"":""9:06 PM"",""NCON"":""9:12 PM"",""CONC"":""9:16 PM"",""PHIL"":""9:21 PM"",""WCRK"":""9:24 PM"",""LAFY"":""9:29 PM"",""ORIN"":""9:34 PM"",""ROCK"":""9:39 PM"",""MCAR"":""9:43 PM"",""19TH"":""9:47 PM"",""12TH"":""9:49 PM"",""WOAK"":""9:53 PM"",""EMBR"":""10:00 PM"",""MONT"":""10:02 PM"",""POWL"":""10:03 PM"",""CIVC"":""10:05 PM"",""16TH"":""10:07 PM"",""24TH"":""10:09 PM"",""GLEN"":""10:12 PM"",""BALB"":""10:14 PM"",""DALY"":""10:19 PM"",""COLM"":""10:23 PM"",""SSAN"":""10:26 PM"",""SBRN"":""10:29 PM"",""SFIA_ARR"":""10:34 PM"",""MLBR"":""0:40 PM""}"
weekday,1,S,4778,ANTC,72420,False,"{""ANTC"":""8:07 PM"",""PCTR"":""8:14 PM"",""PITT"":""8:26 PM"",""NCON"":""8:32 PM"",""CONC"":""8:36 PM"",""PHIL"":""8:41 PM"",""WCRK"":""8:44 PM"",""LAFY"":""8:49 PM"",""ORIN"":""8:54 PM"",""ROCK"":""8:59 PM"",""MCAR"":""9:03 PM"",""19TH"":""9:07 PM"",""12TH"":""9:09 PM"",""WOAK"":""9:13 PM"",""EMBR"":""9:20 PM"",""MONT"":""9:22 PM"",""POWL"":""9:23 PM"",""CIVC"":""9:25 PM"",""16TH"":""9:27 PM"",""24TH"":""9:29 PM"",""GLEN"":""9:32 PM"",""BALB"":""9:34 PM"",""DALY"":""9:39 PM"",""COLM"":""9:43 PM"",""SSAN"":""9:46 PM"",""SBRN"":""9:49 PM"",""SFIA_ARR"":""9:54 PM"",""SFIA_DEP"":""9:56 PM"",""MLBR"":""9:59 PM""}"
weekday,1,S,4807,ANTC,46740,False,"{""ANTC"":""9:07 PM"",""PCTR"":""9:14 PM"",""PITT"":""9:26 PM"",""NCON"":""9:32 PM"",""CONC"":""9:36 PM"",""PHIL"":""9:41 PM"",""WCRK"":""9:44 PM"",""LAFY"":""9:49 PM"",""ORIN"":""9:54 PM"",""ROCK"":""9:59 PM"",""MCAR"":""10:03 PM"",""19TH"":""10:07 PM"",""12TH"":""10:09 PM"",""WOAK"":""10:13 PM"",""EMBR"":""10:20 PM"",""MONT"":""10:22 PM"",""POWL"":""10:23 PM"",""CIVC"":""10:25 PM"",""16TH"":""10:27 PM"",""24TH"":""10:29 PM"",""GLEN"":""10:32 PM"",""BALB"":""10:34 PM"",""DALY"":""10:39 PM"",""COLM"":""10:43 PM"",""SSAN"":""10:46 PM"",""SBRN"":""10:49 PM"",""SFIA_ARR"":""10:54 PM"",""MLBR"":""0:59 PM""}"
weekday,1,S,4835,ANTC,44640,False,"{""ANTC"":""8:27 PM"",""PCTR"":""8:34 PM"",""PITT"":""8:46 PM"",""NCON"":""8:52 PM"",""CONC"":""8:56 PM"",""PHIL"":""9:01 PM"",""WCRK"":""9:04 PM"",""LAFY"":""9:09 PM"",""ORIN"":""9:14 PM"",""ROCK"":""9:19 PM"",""MCAR"":""9:23 PM"",""19TH"":""9:27 PM"",""12TH"":""9:29 PM"",""WOAK"":""9:33 PM"",""EMBR"":""9:40 PM"",""MONT"":""9:42 PM"",""POWL"":""9:43 PM"",""CIVC"":""9:45 PM"",""16TH"":""9:47 PM"",""24TH"":""9:49 PM"",""GLEN"":""9:52 PM"",""BALB"":""9:54 PM"",""DALY"":""9:59 PM"",""COLM"":""10:03 PM"",""SSAN"":""10:06 PM"",""SBRN"":""10:09 PM"",""SFIA_ARR"":""10:14 PM"",""MLBR"":""0:24 PM""}"
weekday,1,S,4863,ANTC,48480,False,"{""ANTC"":""9:27 PM"",""PCTR"":""9:34 PM"",""PITT"":""9:46 PM"",""NCON"":""9:52 PM"",""CONC"":""9:56 PM"",""PHIL"":""10:01 PM"",""WCRK"":""10:04 PM"",""LAFY"":""10:09 PM"",""ORIN"":""10:14 PM"",""ROCK"":""10:19 PM"",""MCAR"":""10:23 PM"",""19TH"":""10:27 PM"",""12TH"":""10:29 PM"",""WOAK"":""10:33 PM"",""EMBR"":""10:40 PM"",""MONT"":""10:42 PM"",""POWL"":""10:43 PM"",""CIVC"":""10:45 PM"",""16TH"":""10:47 PM"",""24TH"":""10:49 PM"",""GLEN"":""10:52 PM"",""BALB"":""10:54 PM"",""DALY"":""10:59 PM"",""COLM"":""11:03 PM"",""SSAN"":""11:06 PM"",""SBRN"":""11:09 PM"",""SFIA_ARR"":""11:14 PM"",""MLBR"":""1:28 PM""}"
weekday,1,S,4891,ANTC,45600,False,"{""ANTC"":""8:47 PM"",""PCTR"":""8:54 PM"",""PITT"":""9:06 PM"",""NCON"":""9:12 PM"",""CONC"":""9:16 PM"",""PHIL"":""9:21 PM"",""WCRK"":""9:24 PM"",""LAFY"":""9:29 PM"",""ORIN"":""9:34 PM"",""ROCK"":""9:39 PM"",""MCAR"":""9:43 PM"",""19TH"":""9:47 PM"",""12TH"":""9:49 PM"",""WOAK"":""9:53 PM"",""EMBR"":""10:00 PM"",""MONT"":""10:02 PM"",""POWL"":""10:03 PM"",""CIVC"":""10:05 PM"",""16TH"":""10:07 PM"",""24TH"":""10:09 PM"",""GLEN"":""10:12 PM"",""BALB"":""10:14 PM"",""DALY"":""10:19 PM"",""COLM"":""10:23 PM"",""SSAN"":""10:26 PM"",""SBRN"":""10:29 PM"",""SFIA_ARR"":""10:34 PM"",""MLBR"":""0:40 PM""}"
weekday,1,S,4919,ANTC,49320,False,"{""ANTC"":""9:47 PM"",""PCTR"":""9:54 PM"",""PITT"":""10:06 PM"",""NCON"":""10:12 PM"",""CONC"":""10:16 PM"",""PHIL"":""10:21 PM"",""WCRK"":""10:24 PM"",""LAFY"":""10:29 PM"",""ORIN"":""10:34 PM"",""ROCK"":""10:39 PM"",""MCAR"":""10:43 PM"",""19TH"":""10:47 PM"",""12TH"":""10:49 PM"",""WOAK"":""10:53 PM"",""EMBR"":""11:00 PM"",""MONT"":""11:02 PM"",""POWL"":""11:03 PM"",""CIVC"":""11:05 PM"",""16TH"":""11:07 PM"",""24TH"":""11:09 PM"",""GLEN"":""11:12 PM"",""BALB"":""11:14 PM"",""DALY"":""11:19 PM"",""COLM"":""11:23 PM"",""SSAN"":""11:26 PM"",""SBRN"":""11:29 PM"",""SFIA_ARR"":""11:34 PM"",""MLBR"":""1:42 PM""}"
weekday,1,S,4947,ANTC,46740,False,"{""ANTC"":""9:07 PM"",""PCTR"":""9:14 PM"",""PITT"":""9:26 PM"",""NCON"":""9:32 PM"",""CONC"":""9:36 PM"",""PHIL"":""9:41 PM"",""WCRK"":""9:44 PM"",""LAFY"":""9:49 PM"",""ORIN"":""9:54 PM"",""ROCK"":""9:59 PM"",""MCAR"":""10:03 PM"",""19TH"":""10:07 PM"",""12TH"":""10:09 PM"",""WOAK"":""10:13 PM"",""EMBR"":""10:20 PM"",""MONT"":""10:22 PM"",""POWL"":""10:23 PM"",""CIVC"":""10:25 PM"",""16TH"":""10:27 PM"",""24TH"":""10:29 PM"",""GLEN"":""10:32 PM"",""BALB"":""10:34 PM"",""DALY"":""10:39 PM"",""COLM"":""10:43 PM"",""SSAN"":""10:46 PM"",""SBRN"":""10:49 PM"",""SFIA_ARR"":""10:54 PM"",""MLBR"":""0:59 PM""}"
weekday,1,S,4975,ANTC,79620,True,"{""ANTC"":""10:07 PM"",""PCTR"":""10:14 PM"",""PITT"":""10:26 PM"",""NCON"":""10:32 PM"",""CONC"":""10:36 PM"",""PHIL"":""10:41 PM"",""WCRK"":""10:44 PM"",""LAFY"":""10:49 PM"",""ORIN"":""10:54 PM"",""ROCK"":""10:59 PM"",""MCAR"":""11:03 PM"",""19TH"":""11:07 PM"",""12TH"":""11:09 PM"",""WOAK"":""11:13 PM"",""EMBR"":""11:20 PM"",""MONT"":""11:22 PM"",""POWL"":""11:23 PM"",""CIVC"":""11:25 PM"",""16TH"":""11:27 PM"",""24TH"":""11:29 PM"",""GLEN"":""11:32 PM"",""BALB"":""11:34 PM"",""DALY"":""11:39 PM"",""COLM"":""11:43 PM"",""SSAN"":""11:46 PM"",""SBRN"":""11:49 PM"",""SFIA_ARR"":""11:54 PM"",""MLBR"":""2:01 AM""}"
weekday,1,S,5003,ANTC,80820,True,"{""ANTC"":""10:27 PM"",""PCTR"":""10:34 PM"",""PITT"":""10:46 PM"",""NCON"":""10:52 PM"",""CONC"":""10:56 PM"",""PHIL"":""11:01 PM"",""WCRK"":""11:04 PM"",""LAFY"":""11:09 PM"",""ORIN"":""11:14 PM"",""ROCK"":""11:19 PM"",""MCAR"":""11:23 PM"",""19TH"":""11:27 PM"",""12TH"":""11:29 PM"",""WOAK"":""11:33 PM"",""EMBR"":""11:40 PM"",""MONT"":""11:42 PM"",""POWL"":""11:43 PM"",""CIVC"":""11:45 PM"",""16TH"":""11:47 PM"",""24TH"":""11:49 PM"",""GLEN"":""11:52 PM"",""BALB"":""11:54 PM"",""DALY"":""11:59 PM"",""COLM"":""12:03 AM"",""SSAN"":""12:06 AM"",""SBRN"":""12:09 AM"",""SFIA_ARR"":""12:16 AM"",""SFIA_DEP"":""12:20 AM""}"
weekday,1,S,5031,ANTC,48480,False,"{""ANTC"":""9:27 PM"",""PCTR"":""9:34 PM"",""PITT"":""9:46 PM"",""NCON"":""9:52 PM"",""CONC"":""9:56 PM"",""PHIL"":""10:01 PM"",""WCRK"":""10:04 PM"",""LAFY"":""10:09 PM"",""ORIN"":""10:14 PM"",""ROCK"":""10:19 PM"",""MCAR"":""10:23 PM"",""19TH"":""10:27 PM"",""12TH"":""10:29 PM"",""WOAK"":""10:33 PM"",""EMBR"":""10:40 PM"",""MONT"":""10:42 PM"",""POWL"":""10:43 PM"",""CIVC"":""10:45 PM"",""16TH"":""10:47 PM"",""24TH"":""10:49 PM"",""GLEN"":""10:52 PM"",""BALB"":""10:54 PM"",""DALY"":""10:59 PM"",""COLM"":""11:03 PM"",""SSAN"":""11:06 PM"",""SBRN"":""11:09 PM"",""SFIA_ARR"":""11:14 PM"",""MLBR"":""1:28 PM""}"
weekday,1,S,5059,ANTC,82020,True,"{""ANTC"":""10:47 PM"",""PCTR"":""10:54 PM"",""PITT"":""11:06 PM"",""NCON"":""11:12 PM"",""CONC"":""11:16 PM"",""PHIL"":""11:21 PM"",""WCRK"":""11:24 PM"",""LAFY"":""11:29 PM"",""ORIN"":""11:34 PM"",""ROCK"":""11:39 PM"",""MCAR"":""11:43 PM"",""19TH"":""11:47 PM"",""12TH"":""11:49 PM"",""WOAK"":""11:53 PM"",""EMBR"":""12:00 AM"",""MONT"":""12:02 AM"",""POWL"":""12:03 AM"",""CIVC"":""12:05 AM"",""16TH"":""12:07 AM"",""24TH"":""12:09 AM"",""GLEN"":""12:12 AM"",""BALB"":""12:14 AM"",""DALY"":""12:19 AM"",""COLM"":""12:23 AM"",""SSAN"":""12:26 AM"",""SBRN"":""12:29 AM"",""SFIA_ARR"":""12:36 AM"",""SFIA_DEP"":""12:40 AM""}"
weekday,1,S,5087,ANTC,49320,False,"{""ANTC"":""9:47 PM"",""PCTR"":""9:54 PM"",""PITT"":""10:06 PM"",""NCON"":""10:12 PM"",""CONC"":""10:16 PM"",""PHIL"":""10:21 PM"",""WCRK"":""10:24 PM"",""LAFY"":""10:29 PM"",""ORIN"":""10:34 PM"",""ROCK"":""10:39 PM"",""MCAR"":""10:43 PM"",""19TH"":""10:47 PM"",""12TH"":""10:49 PM"",""WOAK"":""10:53 PM"",""EMBR"":""11:00 PM"",""MONT"":""11:02 PM"",""POWL"":""11:03 PM"",""CIVC"":""11:05 PM"",""16TH"":""11:07 PM"",""24TH"":""11:09 PM"",""GLEN"":""11:12 PM"",""BALB"":""11:14 PM"",""DALY"":""11:19 PM"",""COLM"":""11:23 PM"",""SSAN"":""11:26 PM"",""SBRN"":""11:29 PM"",""SFIA_ARR"":""11:34 PM"",""MLBR"":""1:42 PM""}"
weekday,1,S,5115,ANTC,83220,True,"{""ANTC"":""11:07 PM"",""PCTR"":""11:14 PM"",""PITT"":""11:26 PM"",""NCON"":""11:32 PM"",""CONC"":""11:36 PM"",""PHIL"":""11:41 PM"",""WCRK"":""11:44 PM"",""LAFY"":""11:49 PM"",""ORIN"":""11:54 PM"",""ROCK"":""11:59 PM"",""MCAR"":""12:03 AM"",""19TH"":""12:07 AM"",""12TH"":""12:09 AM"",""WOAK"":""12:13 AM"",""EMBR"":""12:20 AM"",""MONT"":""12:22 AM"",""POWL"":""12:23 AM"",""CIVC"":""12:25 AM"",""16TH"":""12:27 AM"",""24TH"":""12:29 AM"",""GLEN"":""12:32 AM"",""BALB"":""12:34 AM"",""DALY"":""12:39 AM"",""COLM"":""12:43 AM"",""SSAN"":""12:46 AM"",""SBRN"":""12:49 AM"",""SFIA_ARR"":""12:56 AM"",""SFIA_DEP"":""1:00 AM""}"
weekday,1,S,5143,ANTC,79620,True,"{""ANTC"":""10:07 PM"",""PCTR"":""10:14 PM"",""PITT"":""10:26 PM"",""NCON"":""10:32 PM"",""CONC"":""10:36 PM"",""PHIL"":""10:41 PM"",""WCRK"":""10:44 PM"",""LAFY"":""10:49 PM"",""ORIN"":""10:54 PM"",""ROCK"":""10:59 PM"",""MCAR"":""11:03 PM"",""19TH"":""11:07 PM"",""12TH"":""11:09 PM"",""WOAK"":""11:13 PM"",""EMBR"":""11:20 PM"",""MONT"":""11:22 PM"",""POWL"":""11:23 PM"",""CIVC"":""11:25 PM"",""16TH"":""11:27 PM"",""24TH"":""11:29 PM"",""GLEN"":""11:32 PM"",""BALB"":""11:34 PM"",""DALY"":""11:39 PM"",""COLM"":""11:43 PM"",""SSAN"":""11:46 PM"",""SBRN"":""11:49 PM"",""SFIA_ARR"":""11:54 PM"",""MLBR"":""2:01 AM""}"
weekday,1,S,5171,ANTC,84420,True,"{""ANTC"":""11:27 PM"",""PCTR"":""11:34 PM"",""PITT"":""11:46 PM"",""NCON"":""11:52 PM"",""CONC"":""11:56 PM"",""PHIL"":""12:01 AM"",""WCRK"":""12:04 AM"",""LAFY"":""12:09 AM"",""ORIN"":""12:14 AM"",""ROCK"":""12:19 AM"",""MCAR"":""12:23 AM"",""19TH"":""12:27 AM"",""12TH"":""12:29 AM"",""WOAK"":""12:33 AM"",""EMBR"":""12:40 AM"",""MONT"":""12:42 AM"",""POWL"":""12:43 AM"",""CIVC"":""12:45 AM"",""16TH"":""12:47 AM"",""24TH"":""12:49 AM"",""GLEN"":""12:52 AM"",""BALB"":""12:54 AM"",""DALY"":""12:59 AM"",""COLM"":""1:03 AM"",""SSAN"":""1:06 AM"",""SBRN"":""1:09 AM"",""SFIA_ARR"":""1:16 AM"",""SFIA_DEP"":""1:20 AM""}"
weekday,1,S,5199,ANTC,80820,True,"{""ANTC"":""10:27 PM"",""PCTR"":""10:34 PM"",""PITT"":""10:46 PM"",""NCON"":""10:52 PM"",""CONC"":""10:56 PM"",""PHIL"":""11:01 PM"",""WCRK"":""11:04 PM"",""LAFY"":""11:09 PM"",""ORIN"":""11:14 PM"",""ROCK"":""11:19 PM"",""MCAR"":""11:23 PM"",""19TH"":""11:27 PM"",""12TH"":""11:29 PM"",""WOAK"":""11:33 PM"",""EMBR"":""11:40 PM"",""MONT"":""11:42 PM"",""POWL"":""11:43 PM"",""CIVC"":""11:45 PM"",""16TH"":""11:47 PM"",""24TH"":""11:49 PM"",""GLEN"":""11:52 PM"",""BALB"":""11:54 PM"",""DALY"":""11:59 PM"",""COLM"":""12:03 AM"",""SSAN"":""12:06 AM"",""SBRN"":""12:09 AM"",""SFIA_ARR"":""12:16 AM"",""SFIA_DEP"":""12:20 AM""}"
weekday,1,S,5227,ANTC,85620,True,"{""ANTC"":""11:47 PM"",""PCTR"":""11:54 PM"",""PITT"":""12:11 AM"",""NCON"":""12:17 AM"",""CONC"":""12:21 AM"",""PHIL"":""12:26 AM"",""WCRK"":""12:29 AM"",""LAFY"":""12:34 AM"",""ORIN"":""12:39 AM"",""ROCK"":""12:44 AM"",""19TH"":""12:56 AM"",""12TH"":""12:58 AM"",""WOAK"":""1:03 AM"",""EMBR"":""1:10 AM"",""MONT"":""1:11 AM"",""POWL"":""1:13 AM"",""CIVC"":""1:15 AM"",""16TH"":""1:17 AM"",""24TH"":""1:19 AM"",""GLEN"":""1:22 AM"",""BALB"":""1:24 AM"",""DALY"":""1:29 AM"",""COLM"":""1:32 AM"",""SSAN"":""1:35 AM"",""SBRN"":""1:39 AM"",""MLBR"":""1:43 AM""}"
weekday,1,S,5253,ANTC,82020,True,"{""ANTC"":""10:47 PM"",""PCTR"":""10:54 PM"",""PITT"":""11:06 PM"",""NCON"":""11:12 PM"",""CONC"":""11:16 PM"",""PHIL"":""11:21 PM"",""WCRK"":""11:24 PM"",""LAFY"":""11:29 PM"",""ORIN"":""11:34 PM"",""ROCK"":""11:39 PM"",""MCAR"":""11:43 PM"",""19TH"":""11:47 PM"",""12TH"":""11:49 PM"",""WOAK"":""11:53 PM"",""EMBR"":""12:00 AM"",""MONT"":""12:02 AM"",""POWL"":""12:03 AM"",""CIVC"":""12:05 AM"",""16TH"":""12:07 AM"",""24TH"":""12:09 AM"",""GLEN"":""12:12 AM"",""BALB"":""12:14 AM"",""DALY"":""12:19 AM"",""COLM"":""12:23 AM"",""SSAN"":""12:26 AM"",""SBRN"":""12:29 AM"",""SFIA_ARR"":""12:36 AM"",""SFIA_DEP"":""12:40 AM""}"
weekday,1,S,5281,ANTC,83220,True,"{""ANTC"":""11:07 PM"",""PCTR"":""11:14 PM"",""PITT"":""11:26 PM"",""NCON"":""11:32 PM"",""CONC"":""11:36 PM"",""PHIL"":""11:41 PM"",""WCRK"":""11:44 PM"",""LAFY"":""11:49 PM"",""ORIN"":""11:54 PM"",""ROCK"":""11:59 PM"",""MCAR"":""12:03 AM"",""19TH"":""12:07 AM"",""12TH"":""12:09 AM"",""WOAK"":""12:13 AM"",""EMBR"":""12:20 AM"",""MONT"":""12:22 AM"",""POWL"":""12:23 AM"",""CIVC"":""12:25 AM"",""16TH"":""12:27 AM"",""24TH"":""12:29 AM"",""GLEN"":""12:32 AM"",""BALB"":""12:34 AM"",""DALY"":""12:39 AM"",""COLM"":""12:43 AM"",""SSAN"":""12:46 AM"",""SBRN"":""12:49 AM"",""SFIA_ARR"":""12:56 AM"",""SFIA_DEP"":""1:00 AM""}"
weekday,1,S,5309,ANTC,84420,True,"{""ANTC"":""11:27 PM"",""PCTR"":""11:34 PM"",""PITT"":""11:46 PM"",""NCON"":""11:52 PM"",""CONC"":""11:56 PM"",""PHIL"":""12:01 AM"",""WCRK"":""12:04 AM"",""LAFY"":""12:09 AM"",""ORIN"":""12:14 AM"",""ROCK"":""12:19 AM"",""MCAR"":""12:23 AM"",""19TH"":""12:27 AM"",""12TH"":""12:29 AM"",""WOAK"":""12:33 AM"",""EMBR"":""12:40 AM"",""MONT"":""12:42 AM"",""POWL"":""12:43 AM"",""CIVC"":""12:45 AM"",""16TH"":""12:47 AM"",""24TH"":""12:49 AM"",""GLEN"":""12:52 AM"",""BALB"":""12:54 AM"",""DALY"":""12:59 AM"",""COLM"":""1:03 AM"",""SSAN"":""1:06 AM"",""SBRN"":""1:09 AM"",""SFIA_ARR"":""1:16 AM"",""SFIA_DEP"":""1:20 AM""}"
weekday,1,S,5337,ANTC,85620,True,"{""ANTC"":""11:47 PM"",""PCTR"":""11:54 PM"",""PITT"":""12:11 AM"",""NCON"":""12:17 AM"",""CONC"":""12:21 AM"",""PHIL"":""12:26 AM"",""WCRK"":""12:29 AM"",""LAFY"":""12:34 AM"",""ORIN"":""12:39 AM"",""ROCK"":""12:44 AM"",""19TH"":""12:56 AM"",""12TH"":""12:58 AM"",""WOAK"":""1:03 AM"",""EMBR"":""1:10 AM"",""MONT"":""1:11 AM"",""POWL"":""1:13 AM"",""CIVC"":""1:15 AM"",""16TH"":""1:17 AM"",""24TH"":""1:19 AM"",""GLEN"":""1:22 AM"",""BALB"":""1:24 AM"",""DALY"":""1:29 AM"",""COLM"":""1:32 AM"",""SSAN"":""1:35 AM"",""SBRN"":""1:39 AM"",""MLBR"":""1:43 AM""}"
weekday,2,N,1,DALY,18120,False,"{""DALY"":""5:02 AM"",""BALB"":""5:06 AM"",""GLEN"":""5:08 AM"",""24TH"":""5:11 AM"",""16TH"":""5:13 AM"",""CIVC"":""5:15 AM"",""POWL"":""5:17 AM"",""MONT"":""5:19 AM"",""EMBR"":""5:20 AM"",""WOAK"":""5:27 AM"",""12TH"":""5:32 AM"",""19TH"":""5:34 AM"",""MCAR"":""5:38 AM"",""ROCK"":""5:41 AM"",""ORIN"":""5:46 AM"",""LAFY"":""5:51 AM"",""WCRK"":""5:55 AM"",""PHIL"":""5:58 AM"",""CONC"":""6:03 AM"",""NCON"":""6:07 AM"",""PITT"":""6:14 AM"",""PCTR"":""6:25 AM"",""ANTC"":""6:33 AM""}"
weekday,2,N,24,SFIA_DEP,18000,False,"{""SFIA_DEP"":""5:00 AM"",""SBRN"":""5:04 AM"",""SSAN"":""5:07 AM"",""COLM"":""5:10 AM"",""DALY"":""5:14 AM"",""BALB"":""5:17 AM"",""GLEN"":""5:20 AM"",""24TH"":""5:22 AM"",""16TH"":""5:25 AM"",""CIVC"":""5:27 AM"",""POWL"":""5:29 AM"",""MONT"":""5:30 AM"",""EMBR"":""5:32 AM"",""WOAK"":""5:39 AM"",""12TH"":""5:44 AM"",""19TH"":""5:46 AM"",""MCAR"":""5:49 AM"",""ROCK"":""5:52 AM"",""ORIN"":""5:57 AM"",""LAFY"":""6:02 AM"",""WCRK"":""6:07 AM"",""PHIL"":""6:10 AM"",""CONC"":""6:15 AM"",""NCON"":""6:19 AM"",""PITT"":""6:25 AM""}"
weekday,2,N,49,DALY,16920,False,"{""DALY"":""4:42 AM"",""BALB"":""4:46 AM"",""GLEN"":""4:48 AM"",""24TH"":""4:51 AM"",""16TH"":""4:53 AM"",""CIVC"":""4:55 AM"",""POWL"":""4:57 AM"",""MONT"":""4:59 AM"",""EMBR"":""5:00 AM"",""WOAK"":""5:07 AM"",""12TH"":""5:12 AM"",""19TH"":""5:14 AM"",""MCAR"":""5:18 AM"",""ROCK"":""5:21 AM"",""ORIN"":""5:26 AM"",""LAFY"":""5:31 AM"",""WCRK"":""5:35 AM"",""PHIL"":""5:38 AM"",""CONC"":""5:43 AM"",""NCON"":""5:47 AM"",""PITT"":""5:54 AM"",""PCTR"":""6:05 AM"",""ANTC"":""6:13 AM""}"
weekday,2,N,72,MLBR,18120,False,"{""MLBR"":""5:02 AM"",""SFIA_ARR"":""5:06 AM"",""SFIA_DEP"":""5:08 AM"",""SBRN"":""5:12 AM"",""SSAN"":""5:15 AM"",""COLM"":""5:19 AM"",""DALY"":""5:22 AM"",""BALB"":""5:26 AM"",""GLEN"":""5:28 AM"",""24TH"":""5:31 AM"",""16TH"":""5:33 AM"",""CIVC"":""5:35 AM"",""POWL"":""5:37 AM"",""MONT"":""5:39 AM"",""EMBR"":""5:40 AM"",""WOAK"":""5:47 AM"",""12TH"":""5:52 AM"",""19TH"":""5:54 AM"",""MCAR"":""5:58 AM"",""ROCK"":""6:01 AM"",""ORIN"":""6:06 AM"",""LAFY"":""6:11 AM"",""WCRK"":""6:15 AM"",""PHIL"":""6:18 AM"",""CONC"":""6:23 AM"",""NCON"":""6:27 AM"",""PITT"":""6:34 AM"",""PCTR"":""6:45 AM"",""ANTC"":""6:53 AM""}"
weekday,2,N,101,DALY,17640,False,"{""DALY"":""4:54 AM"",""BALB"":""4:57 AM"",""GLEN"":""5:00 AM"",""24TH"":""5:02 AM"",""16TH"":""5:05 AM"",""CIVC"":""5:07 AM"",""POWL"":""5:09 AM"",""MONT"":""5:10 AM"",""EMBR"":""5:12 AM"",""WOAK"":""5:19 AM"",""12TH"":""5:24 AM"",""19TH"":""5:26 AM"",""MCAR"":""5:29 AM"",""ROCK"":""5:32 AM"",""ORIN"":""5:37 AM"",""LAFY"":""5:42 AM"",""WCRK"":""5:47 AM"",""PHIL"":""5:50 AM"",""CONC"":""5:55 AM"",""NCON"":""5:59 AM"",""PITT"":""6:05 AM""}"
weekday,2,N,122,MLBR,18780,False,"{""MLBR"":""5:13 AM"",""SFIA_ARR"":""5:17 AM"",""SFIA_DEP"":""5:20 AM"",""SBRN"":""5:24 AM"",""SSAN"":""5:27 AM"",""COLM"":""5:30 AM"",""DALY"":""5:34 AM"",""BALB"":""5:37 AM"",""GLEN"":""5:40 AM"",""24TH"":""5:42 AM"",""16TH"":""5:45 AM"",""CIVC"":""5:47 AM"",""POWL"":""5:49 AM"",""MONT"":""5:50 AM"",""EMBR"":""5:52 AM"",""WOAK"":""5:59 AM"",""12TH"":""6:04 AM"",""19TH"":""6:06 AM"",""MCAR"":""6:09 AM"",""ROCK"":""6:12 AM"",""ORIN"":""6:17 AM"",""LAFY"":""6:22 AM"",""WCRK"":""6:27 AM"",""PHIL"":""6:30 AM"",""CONC"":""6:35 AM"",""NCON"":""6:39 AM"",""PITT"":""6:45 AM""}"
weekday,2,N,149,DALY,18120,False,"{""DALY"":""5:02 AM"",""BALB"":""5:06 AM"",""GLEN"":""5:08 AM"",""24TH"":""5:11 AM"",""16TH"":""5:13 AM"",""CIVC"":""5:15 AM"",""POWL"":""5:17 AM"",""MONT"":""5:19 AM"",""EMBR"":""5:20 AM"",""WOAK"":""5:27 AM"",""12TH"":""5:32 AM"",""19TH"":""5:34 AM"",""MCAR"":""5:38 AM"",""ROCK"":""5:41 AM"",""ORIN"":""5:46 AM"",""LAFY"":""5:51 AM"",""WCRK"":""5:55 AM"",""PHIL"":""5:58 AM"",""CONC"":""6:03 AM"",""NCON"":""6:07 AM"",""PITT"":""6:14 AM"",""PCTR"":""6:25 AM"",""ANTC"":""6:33 AM""}"
weekday,2,N,172,MLBR,19320,False,"{""MLBR"":""5:22 AM"",""SFIA_ARR"":""5:26 AM"",""SFIA_DEP"":""5:28 AM"",""SBRN"":""5:32 AM"",""SSAN"":""5:35 AM"",""COLM"":""5:39 AM"",""DALY"":""5:42 AM"",""BALB"":""5:46 AM"",""GLEN"":""5:48 AM"",""24TH"":""5:51 AM"",""16TH"":""5:53 AM"",""CIVC"":""5:55 AM"",""POWL"":""5:57 AM"",""MONT"":""5:59 AM"",""EMBR"":""6:00 AM"",""WOAK"":""6:07 AM"",""12TH"":""6:12 AM"",""19TH"":""6:14 AM"",""MCAR"":""6:18 AM"",""ROCK"":""6:21 AM"",""ORIN"":""6:26 AM"",""LAFY"":""6:31 AM"",""WCRK"":""6:35 AM"",""PHIL"":""6:38 AM"",""CONC"":""6:43 AM"",""NCON"":""6:47 AM"",""PITT"":""6:54 AM"",""PCTR"":""7:05 AM"",""ANTC"":""7:13 AM""}"
weekday,2,N,201,SFIA_DEP,18000,False,"{""SFIA_DEP"":""5:00 AM"",""SBRN"":""5:04 AM"",""SSAN"":""5:07 AM"",""COLM"":""5:10 AM"",""DALY"":""5:14 AM"",""BALB"":""5:17 AM"",""GLEN"":""5:20 AM"",""24TH"":""5:22 AM"",""16TH"":""5:25 AM"",""CIVC"":""5:27 AM"",""POWL"":""5:29 AM"",""MONT"":""5:30 AM"",""EMBR"":""5:32 AM"",""WOAK"":""5:39 AM"",""12TH"":""5:44 AM"",""19TH"":""5:46 AM"",""MCAR"":""5:49 AM"",""ROCK"":""5:52 AM"",""ORIN"":""5:57 AM"",""LAFY"":""6:02 AM"",""WCRK"":""6:07 AM"",""PHIL"":""6:10 AM"",""CONC"":""6:15 AM"",""NCON"":""6:19 AM"",""PITT"":""6:25 AM""}"
weekday,2,N,226,MLBR,19980,False,"{""MLBR"":""5:33 AM"",""SFIA_ARR"":""5:37 AM"",""SFIA_DEP"":""5:40 AM"",""SBRN"":""5:44 AM"",""SSAN"":""5:47 AM"",""COLM"":""5:50 AM"",""DALY"":""5:54 AM"",""BALB"":""5:57 AM"",""GLEN"":""6:00 AM"",""24TH"":""6:02 AM"",""16TH"":""6:05 AM"",""CIVC"":""6:07 AM"",""POWL"":""6:09 AM"",""MONT"":""6:10 AM"",""EMBR"":""6:12 AM"",""WOAK"":""6:19 AM"",""12TH"":""6:24 AM"",""19TH"":""6:26 AM"",""MCAR"":""6:29 AM"",""ROCK"":""6:32 AM"",""ORIN"":""6:37 AM"",""LAFY"":""6:42 AM"",""WCRK"":""6:47 AM"",""PHIL"":""6:50 AM"",""CONC"":""6:55 AM"",""NCON"":""6:59 AM"",""PITT"":""7:05 AM""}"
weekday,2,N,253,MLBR,18120,False,"{""MLBR"":""5:02 AM"",""SFIA_ARR"":""5:06 AM"",""SFIA_DEP"":""5:08 AM"",""SBRN"":""5:12 AM"",""SSAN"":""5:15 AM"",""COLM"":""5:19 AM"",""DALY"":""5:22 AM"",""BALB"":""5:26 AM"",""GLEN"":""5:28 AM"",""24TH"":""5:31 AM"",""16TH"":""5:33 AM"",""CIVC"":""5:35 AM"",""POWL"":""5:37 AM"",""MONT"":""5:39 AM"",""EMBR"":""5:40 AM"",""WOAK"":""5:47 AM"",""12TH"":""5:52 AM"",""19TH"":""5:54 AM"",""MCAR"":""5:58 AM"",""ROCK"":""6:01 AM"",""ORIN"":""6:06 AM"",""LAFY"":""6:11 AM"",""WCRK"":""6:15 AM"",""PHIL"":""6:18 AM"",""CONC"":""6:23 AM"",""NCON"":""6:27 AM"",""PITT"":""6:34 AM"",""PCTR"":""6:45 AM"",""ANTC"":""6:53 AM""}"
weekday,2,N,282,MLBR,20520,False,"{""MLBR"":""5:42 AM"",""SFIA_ARR"":""5:46 AM"",""SFIA_DEP"":""5:48 AM"",""SBRN"":""5:52 AM"",""SSAN"":""5:55 AM"",""COLM"":""5:59 AM"",""DALY"":""6:02 AM"",""BALB"":""6:06 AM"",""GLEN"":""6:08 AM"",""24TH"":""6:11 AM"",""16TH"":""6:13 AM"",""CIVC"":""6:15 AM"",""POWL"":""6:17 AM"",""MONT"":""6:19 AM"",""EMBR"":""6:20 AM"",""WOAK"":""6:27 AM"",""12TH"":""6:32 AM"",""19TH"":""6:34 AM"",""MCAR"":""6:38 AM"",""ROCK"":""6:41 AM"",""ORIN"":""6:46 AM"",""LAFY"":""6:51 AM"",""WCRK"":""6:55 AM"",""PHIL"":""6:58 AM"",""CONC"":""7:03 AM"",""NCON"":""7:07 AM"",""PITT"":""7:14 AM"",""PCTR"":""7:25 AM"",""ANTC"":""7:33 AM""}"
weekday,2,N,311,MLBR,18780,False,"{""MLBR"":""5:13 AM"",""SFIA_ARR"":""5:17 AM"",""SFIA_DEP"":""5:20 AM"",""SBRN"":""5:24 AM"",""SSAN"":""5:27 AM"",""COLM"":""5:30 AM"",""DALY"":""5:34 AM"",""BALB"":""5:37 AM"",""GLEN"":""5:40 AM"",""24TH"":""5:42 AM"",""16TH"":""5:45 AM"",""CIVC"":""5:47 AM"",""POWL"":""5:49 AM"",""MONT"":""5:50 AM"",""EMBR"":""5:52 AM"",""WOAK"":""5:59 AM"",""12TH"":""6:04 AM"",""19TH"":""6:06 AM"",""MCAR"":""6:09 AM"",""ROCK"":""6:12 AM"",""ORIN"":""6:17 AM"",""LAFY"":""6:22 AM"",""WCRK"":""6:27 AM"",""PHIL"":""6:30 AM"",""CONC"":""6:35 AM"",""NCON"":""6:39 AM"",""PITT"":""6:45 AM""}"
weekday,2,N,338,MLBR,21180,False,"{""MLBR"":""5:53 AM"",""SFIA_ARR"":""5:57 AM"",""SFIA_DEP"":""6:00 AM"",""SBRN"":""6:04 AM"",""SSAN"":""6:07 AM"",""COLM"":""6:10 AM"",""DALY"":""6:14 AM"",""BALB"":""6:17 AM"",""GLEN"":""6:20 AM"",""24TH"":""6:22 AM"",""16TH"":""6:25 AM"",""CIVC"":""6:27 AM"",""POWL"":""6:29 AM"",""MONT"":""6:30 AM"",""EMBR"":""6:32 AM"",""WOAK"":""6:39 AM"",""12TH"":""6:44 AM"",""19TH"":""6:46 AM"",""MCAR"":""6:49 AM"",""ROCK"":""6:52 AM"",""ORIN"":""6:57 AM"",""LAFY"":""7:02 AM"",""WCRK"":""7:07 AM"",""PHIL"":""7:10 AM"",""CONC"":""7:15 AM"",""NCON"":""7:19 AM"",""PITT"":""7:25 AM""}"
weekday,2,N,365,MLBR,19320,False,"{""MLBR"":""5:22 AM"",""SFIA_ARR"":""5:26 AM"",""SFIA_DEP"":""5:28 AM"",""SBRN"":""5:32 AM"",""SSAN"":""5:35 AM"",""COLM"":""5:39 AM"",""DALY"":""5:42 AM"",""BALB"":""5:46 AM"",""GLEN"":""5:48 AM"",""24TH"":""5:51 AM"",""16TH"":""5:53 AM"",""CIVC"":""5:55 AM"",""POWL"":""5:57 AM"",""MONT"":""5:59 AM"",""EMBR"":""6:00 AM"",""WOAK"":""6:07 AM"",""12TH"":""6:12 AM"",""19TH"":""6:14 AM"",""MCAR"":""6:18 AM"",""ROCK"":""6:21 AM"",""ORIN"":""6:26 AM"",""LAFY"":""6:31 AM"",""WCRK"":""6:35 AM"",""PHIL"":""6:38 AM"",""CONC"":""6:43 AM"",""NCON"":""6:47 AM"",""PITT"":""6:54 AM"",""PCTR"":""7:05 AM"",""ANTC"":""7:13 AM""}"
weekday,2,N,394,SFIA_DEP,22080,False,"{""SFIA_DEP"":""6:08 AM"",""SBRN"":""6:12 AM"",""SSAN"":""6:15 AM"",""COLM"":""6:19 AM"",""DALY"":""6:22 AM"",""BALB"":""6:26 AM"",""GLEN"":""6:28 AM"",""24TH"":""6:31 AM"",""16TH"":""6:33 AM"",""CIVC"":""6:35 AM"",""POWL"":""6:37 AM"",""MONT"":""6:39 AM"",""EMBR"":""6:40 AM"",""WOAK"":""6:47 AM"",""12TH"":""6:52 AM"",""19TH"":""6:54 AM"",""MCAR"":""6:58 AM"",""ROCK"":""7:01 AM"",""ORIN"":""7:06 AM"",""LAFY"":""7:11 AM"",""WCRK"":""7:15 AM"",""PHIL"":""7:18 AM"",""CONC"":""7:23 AM"",""NCON"":""7:27 AM"",""PITT"":""7:34 AM"",""PCTR"":""7:45 AM"",""ANTC"":""7:53 AM""}"
weekday,2,N,421,MLBR,19980,False,"{""MLBR"":""5:33 AM"",""SFIA_ARR"":""5:37 AM"",""SFIA_DEP"":""5:40 AM"",""SBRN"":""5:44 AM"",""SSAN"":""5:47 AM"",""COLM"":""5:50 AM"",""DALY"":""5:54 AM"",""BALB"":""5:57 AM"",""GLEN"":""6:00 AM"",""24TH"":""6:02 AM"",""16TH"":""6:05 AM"",""CIVC"":""6:07 AM"",""POWL"":""6:09 AM"",""MONT"":""6:10 AM"",""EMBR"":""6:12 AM"",""WOAK"":""6:19 AM"",""12TH"":""6:24 AM"",""19TH"":""6:26 AM"",""MCAR"":""6:29 AM"",""ROCK"":""6:32 AM"",""ORIN"":""6:37 AM"",""LAFY"":""6:42 AM"",""WCRK"":""6:47 AM"",""PHIL"":""6:50 AM"",""CONC"":""6:55 AM"",""NCON"":""6:59 AM"",""PITT"":""7:05 AM""}"
weekday,2,N,448,SFIA_DEP,22800,False,"{""SFIA_DEP"":""6:20 AM"",""SBRN"":""6:24 AM"",""SSAN"":""6:27 AM"",""COLM"":""6:30 AM"",""DALY"":""6:34 AM"",""BALB"":""6:37 AM"",""GLEN"":""6:40 AM"",""24TH"":""6:42 AM"",""16TH"":""6:45 AM"",""CIVC"":""6:47 AM"",""POWL"":""6:49 AM"",""MONT"":""6:50 AM"",""EMBR"":""6:52 AM"",""WOAK"":""6:59 AM"",""12TH"":""7:04 AM"",""19TH"":""7:06 AM"",""MCAR"":""7:09 AM"",""ROCK"":""7:12 AM"",""ORIN"":""7:17 AM"",""LAFY"":""7:22 AM"",""WCRK"":""7:27 AM"",""PHIL"":""7:30 AM"",""CONC"":""7:35 AM"",""NCON"":""7:39 AM"",""PITT"":""7:45 AM""}"
weekday,2,N,473,MLBR,20520,False,"{""MLBR"":""5:42 AM"",""SFIA_ARR"":""5:46 AM"",""SFIA_DEP"":""5:48 AM"",""SBRN"":""5:52 AM"",""SSAN"":""5:55 AM"",""COLM"":""5:59 AM"",""DALY"":""6:02 AM"",""BALB"":""6:06 AM"",""GLEN"":""6:08 AM"",""24TH"":""6:11 AM"",""16TH"":""6:13 AM"",""CIVC"":""6:15 AM"",""POWL"":""6:17 AM"",""MONT"":""6:19 AM"",""EMBR"":""6:20 AM"",""WOAK"":""6:27 AM"",""12TH"":""6:32 AM"",""19TH"":""6:34 AM"",""MCAR"":""6:38 AM"",""ROCK"":""6:41 AM"",""ORIN"":""6:46 AM"",""LAFY"":""6:51 AM"",""WCRK"":""6:55 AM"",""PHIL"":""6:58 AM"",""CONC"":""7:03 AM"",""NCON"":""7:07 AM"",""PITT"":""7:14 AM"",""PCTR"":""7:25 AM"",""ANTC"":""7:33 AM""}"
weekday,2,N,502,SFIA_DEP,23280,False,"{""SFIA_DEP"":""6:28 AM"",""SBRN"":""6:32 AM"",""SSAN"":""6:35 AM"",""COLM"":""6:39 AM"",""DALY"":""6:42 AM"",""BALB"":""6:46 AM"",""GLEN"":""6:48 AM"",""24TH"":""6:51 AM"",""16TH"":""6:53 AM"",""CIVC"":""6:55 AM"",""POWL"":""6:57 AM"",""MONT"":""6:59 AM"",""EMBR"":""7:00 AM"",""WOAK"":""7:07 AM"",""12TH"":""7:12 AM"",""19TH"":""7:14 AM"",""MCAR"":""7:18 AM"",""ROCK"":""7:21 AM"",""ORIN"":""7:26 AM"",""LAFY"":""7:31 AM"",""WCRK"":""7:35 AM"",""PHIL"":""7:38 AM"",""CONC"":""7:43 AM"",""NCON"":""7:47 AM"",""PITT"":""7:54 AM"",""PCTR"":""8:05 AM"",""ANTC"":""8:13 AM""}"
weekday,2,N,529,MLBR,21180,False,"{""MLBR"":""5:53 AM"",""SFIA_ARR"":""5:57 AM"",""SFIA_DEP"":""6:00 AM"",""SBRN"":""6:04 AM"",""SSAN"":""6:07 AM"",""COLM"":""6:10 AM"",""DALY"":""6:14 AM"",""BALB"":""6:17 AM"",""GLEN"":""6:20 AM"",""24TH"":""6:22 AM"",""16TH"":""6:25 AM"",""CIVC"":""6:27 AM"",""POWL"":""6:29 AM"",""MONT"":""6:30 AM"",""EMBR"":""6:32 AM"",""WOAK"":""6:39 AM"",""12TH"":""6:44 AM"",""19TH"":""6:46 AM"",""MCAR"":""6:49 AM"",""ROCK"":""6:52 AM"",""ORIN"":""6:57 AM"",""LAFY"":""7:02 AM"",""WCRK"":""7:07 AM"",""PHIL"":""7:10 AM"",""CONC"":""7:15 AM"",""NCON"":""7:19 AM"",""PITT"":""7:25 AM""}"
weekday,2,N,556,SFIA_DEP,24000,False,"{""SFIA_DEP"":""6:40 AM"",""SBRN"":""6:44 AM"",""SSAN"":""6:47 AM"",""COLM"":""6:50 AM"",""DALY"":""6:54 AM"",""BALB"":""6:57 AM"",""GLEN"":""7:00 AM"",""24TH"":""7:02 AM"",""16TH"":""7:05 AM"",""CIVC"":""7:07 AM"",""POWL"":""7:09 AM"",""MONT"":""7:10 AM"",""EMBR"":""7:12 AM"",""WOAK"":""7:19 AM"",""12TH"":""7:24 AM"",""19TH"":""7:26 AM"",""MCAR"":""7:29 AM"",""ROCK"":""7:32 AM"",""ORIN"":""7:37 AM"",""LAFY"":""7:42 AM"",""WCRK"":""7:47 AM"",""PHIL"":""7:50 AM"",""CONC"":""7:55 AM"",""NCON"":""7:59 AM"",""PITT"":""8:05 AM""}"
weekday,2,N,581,SFIA_DEP,22080,False,"{""SFIA_DEP"":""6:08 AM"",""SBRN"":""6:12 AM"",""SSAN"":""6:15 AM"",""COLM"":""6:19 AM"",""DALY"":""6:22 AM"",""BALB"":""6:26 AM"",""GLEN"":""6:28 AM"",""24TH"":""6:31 AM"",""16TH"":""6:33 AM"",""CIVC"":""6:35 AM"",""POWL"":""6:37 AM"",""MONT"":""6:39 AM"",""EMBR"":""6:40 AM"",""WOAK"":""6:47 AM"",""12TH"":""6:52 AM"",""19TH"":""6:54 AM"",""MCAR"":""6:58 AM"",""ROCK"":""7:01 AM"",""ORIN"":""7:06 AM"",""LAFY"":""7:11 AM"",""WCRK"":""7:15 AM"",""PHIL"":""7:18 AM"",""CONC"":""7:23 AM"",""NCON"":""7:27 AM"",""PITT"":""7:34 AM"",""PCTR"":""7:45 AM"",""ANTC"":""7:53 AM""}"
weekday,2,N,608,SFIA_DEP,24480,False,"{""SFIA_DEP"":""6:48 AM"",""SBRN"":""6:52 AM"",""SSAN"":""6:55 AM"",""COLM"":""6:59 AM"",""DALY"":""7:02 AM"",""BALB"":""7:06 AM"",""GLEN"":""7:08 AM"",""24TH"":""7:11 AM"",""16TH"":""7:13 AM"",""CIVC"":""7:15 AM"",""POWL"":""7:17 AM"",""MONT"":""7:19 AM"",""EMBR"":""7:20 AM"",""WOAK"":""7:27 AM"",""12TH"":""7:32 AM"",""19TH"":""7:34 AM"",""MCAR"":""7:38 AM"",""ROCK"":""7:41 AM"",""ORIN"":""7:46 AM"",""LAFY"":""7:51 AM"",""WCRK"":""7:55 AM"",""PHIL"":""7:58 AM"",""CONC"":""8:03 AM"",""NCON"":""8:07 AM"",""PITT"":""8:14 AM"",""PCTR"":""8:25 AM"",""ANTC"":""8:33 AM""}"
weekday,2,N,635,SFIA_DEP,22800,False,"{""SFIA_DEP"":""6:20 AM"",""SBRN"":""6:24 AM"",""SSAN"":""6:27 AM"",""COLM"":""6:30 AM"",""DALY"":""6:34 AM"",""BALB"":""6:37 AM"",""GLEN"":""6:40 AM"",""24TH"":""6:42 AM"",""16TH"":""6:45 AM"",""CIVC"":""6:47 AM"",""POWL"":""6:49 AM"",""MONT"":""6:50 AM"",""EMBR"":""6:52 AM"",""WOAK"":""6:59 AM"",""12TH"":""7:04 AM"",""19TH"":""7:06 AM"",""MCAR"":""7:09 AM"",""ROCK"":""7:12 AM"",""ORIN"":""7:17 AM"",""LAFY"":""7:22 AM"",""WCRK"":""7:27 AM"",""PHIL"":""7:30 AM"",""CONC"":""7:35 AM"",""NCON"":""7:39 AM"",""PITT"":""7:45 AM""}"
weekday,2,N,660,SFIA_DEP,25200,False,"{""SFIA_DEP"":""7:00 AM"",""SBRN"":""7:04 AM"",""SSAN"":""7:07 AM"",""COLM"":""7:10 AM"",""DALY"":""7:14 AM"",""BALB"":""7:17 AM"",""GLEN"":""7:20 AM"",""24TH"":""7:22 AM"",""16TH"":""7:25 AM"",""CIVC"":""7:27 AM"",""POWL"":""7:29 AM"",""MONT"":""7:30 AM"",""EMBR"":""7:32 AM"",""WOAK"":""7:39 AM"",""12TH"":""7:44 AM"",""19TH"":""7:46 AM"",""MCAR"":""7:49 AM"",""ROCK"":""7:52 AM"",""ORIN"":""7:57 AM"",""LAFY"":""8:02 AM"",""WCRK"":""8:07 AM"",""PHIL"":""8:10 AM"",""CONC"":""8:15 AM"",""NCON"":""8:19 AM"",""PITT"":""8:25 AM""}"
weekday,2,N,685,SFIA_DEP,23280,False,"{""SFIA_DEP"":""6:28 AM"",""SBRN"":""6:32 AM"",""SSAN"":""6:35 AM"",""COLM"":""6:39 AM"",""DALY"":""6:42 AM"",""BALB"":""6:46 AM"",""GLEN"":""6:48 AM"",""24TH"":""6:51 AM"",""16TH"":""6:53 AM"",""CIVC"":""6:55 AM"",""POWL"":""6:57 AM"",""MONT"":""6:59 AM"",""EMBR"":""7:00 AM"",""WOAK"":""7:07 AM"",""12TH"":""7:12 AM"",""19TH"":""7:14 AM"",""MCAR"":""7:18 AM"",""ROCK"":""7:21 AM"",""ORIN"":""7:26 AM"",""LAFY"":""7:31 AM"",""WCRK"":""7:35 AM"",""PHIL"":""7:38 AM"",""CONC"":""7:43 AM"",""NCON"":""7:47 AM"",""PITT"":""7:54 AM"",""PCTR"":""8:05 AM"",""ANTC"":""8:13 AM""}"
weekday,2,N,712,SFIA_DEP,25680,False,"{""SFIA_DEP"":""7:08 AM"",""SBRN"":""7:12 AM"",""SSAN"":""7:15 AM"",""COLM"":""7:19 AM"",""DALY"":""7:22 AM"",""BALB"":""7:26 AM"",""GLEN"":""7:28 AM"",""24TH"":""7:31 AM"",""16TH"":""7:33 AM"",""CIVC"":""7:35 AM"",""POWL"":""7:37 AM"",""MONT"":""7:39 AM"",""EMBR"":""7:40 AM"",""WOAK"":""7:47 AM"",""12TH"":""7:52 AM"",""19TH"":""7:54 AM"",""MCAR"":""7:58 AM"",""ROCK"":""8:01 AM"",""ORIN"":""8:06 AM"",""LAFY"":""8:11 AM"",""WCRK"":""8:15 AM"",""PHIL"":""8:18 AM"",""CONC"":""8:23 AM"",""NCON"":""8:27 AM"",""PITT"":""8:34 AM"",""PCTR"":""8:45 AM"",""ANTC"":""8:53 AM""}"
weekday,2,N,739,SFIA_DEP,24000,False,"{""SFIA_DEP"":""6:40 AM"",""SBRN"":""6:44 AM"",""SSAN"":""6:47 AM"",""COLM"":""6:50 AM"",""DALY"":""6:54 AM"",""BALB"":""6:57 AM"",""GLEN"":""7:00 AM"",""24TH"":""7:02 AM"",""16TH"":""7:05 AM"",""CIVC"":""7:07 AM"",""POWL"":""7:09 AM"",""MONT"":""7:10 AM"",""EMBR"":""7:12 AM"",""WOAK"":""7:19 AM"",""12TH"":""7:24 AM"",""19TH"":""7:26 AM"",""MCAR"":""7:29 AM"",""ROCK"":""7:32 AM"",""ORIN"":""7:37 AM"",""LAFY"":""7:42 AM"",""WCRK"":""7:47 AM"",""PHIL"":""7:50 AM"",""CONC"":""7:55 AM"",""NCON"":""7:59 AM"",""PITT"":""8:05 AM""}"
weekday,2,N,764,SFIA_DEP,26400,False,"{""SFIA_DEP"":""7:20 AM"",""SBRN"":""7:24 AM"",""SSAN"":""7:27 AM"",""COLM"":""7:30 AM"",""DALY"":""7:34 AM"",""BALB"":""7:37 AM"",""GLEN"":""7:40 AM"",""24TH"":""7:42 AM"",""16TH"":""7:45 AM"",""CIVC"":""7:47 AM"",""POWL"":""7:49 AM"",""MONT"":""7:50 AM"",""EMBR"":""7:52 AM"",""WOAK"":""7:59 AM"",""12TH"":""8:04 AM"",""19TH"":""8:06 AM"",""MCAR"":""8:09 AM"",""ROCK"":""8:12 AM"",""ORIN"":""8:17 AM"",""LAFY"":""8:22 AM"",""WCRK"":""8:27 AM"",""PHIL"":""8:30 AM"",""CONC"":""8:35 AM"",""NCON"":""8:39 AM"",""PITT"":""8:45 AM""}"
weekday,2,N,789,SFIA_DEP,24480,False,"{""SFIA_DEP"":""6:48 AM"",""SBRN"":""6:52 AM"",""SSAN"":""6:55 AM"",""COLM"":""6:59 AM"",""DALY"":""7:02 AM"",""BALB"":""7:06 AM"",""GLEN"":""7:08 AM"",""24TH"":""7:11 AM"",""16TH"":""7:13 AM"",""CIVC"":""7:15 AM"",""POWL"":""7:17 AM"",""MONT"":""7:19 AM"",""EMBR"":""7:20 AM"",""WOAK"":""7:27 AM"",""12TH"":""7:32 AM"",""19TH"":""7:34 AM"",""MCAR"":""7:38 AM"",""ROCK"":""7:41 AM"",""ORIN"":""7:46 AM"",""LAFY"":""7:51 AM"",""WCRK"":""7:55 AM"",""PHIL"":""7:58 AM"",""CONC"":""8:03 AM"",""NCON"":""8:07 AM"",""PITT"":""8:14 AM"",""PCTR"":""8:25 AM"",""ANTC"":""8:33 AM""}"
weekday,2,N,816,SFIA_DEP,26880,False,"{""SFIA_DEP"":""7:28 AM"",""SBRN"":""7:32 AM"",""SSAN"":""7:35 AM"",""COLM"":""7:39 AM"",""DALY"":""7:42 AM"",""BALB"":""7:46 AM"",""GLEN"":""7:48 AM"",""24TH"":""7:51 AM"",""16TH"":""7:53 AM"",""CIVC"":""7:55 AM"",""POWL"":""7:57 AM"",""MONT"":""7:59 AM"",""EMBR"":""8:00 AM"",""WOAK"":""8:07 AM"",""12TH"":""8:12 AM"",""19TH"":""8:14 AM"",""MCAR"":""8:18 AM"",""ROCK"":""8:21 AM"",""ORIN"":""8:26 AM"",""LAFY"":""8:31 AM"",""WCRK"":""8:35 AM"",""PHIL"":""8:38 AM"",""CONC"":""8:43 AM"",""NCON"":""8:47 AM"",""PITT"":""8:54 AM"",""PCTR"":""9:05 AM"",""ANTC"":""9:13 AM""}"
weekday,2,N,843,SFIA_DEP,25200,False,"{""SFIA_DEP"":""7:00 AM"",""SBRN"":""7:04 AM"",""SSAN"":""7:07 AM"",""COLM"":""7:10 AM"",""DALY"":""7:14 AM"",""BALB"":""7:17 AM"",""GLEN"":""7:20 AM"",""24TH"":""7:22 AM"",""16TH"":""7:25 AM"",""CIVC"":""7:27 AM"",""POWL"":""7:29 AM"",""MONT"":""7:30 AM"",""EMBR"":""7:32 AM"",""WOAK"":""7:39 AM"",""12TH"":""7:44 AM"",""19TH"":""7:46 AM"",""MCAR"":""7:49 AM"",""ROCK"":""7:52 AM"",""ORIN"":""7:57 AM"",""LAFY"":""8:02 AM"",""WCRK"":""8:07 AM"",""PHIL"":""8:10 AM"",""CONC"":""8:15 AM"",""NCON"":""8:19 AM"",""PITT"":""8:25 AM""}"
weekday,2,N,868,SFIA_DEP,27600,False,"{""SFIA_DEP"":""7:40 AM"",""SBRN"":""7:44 AM"",""SSAN"":""7:47 AM"",""COLM"":""7:50 AM"",""DALY"":""7:54 AM"",""BALB"":""7:57 AM"",""GLEN"":""8:00 AM"",""24TH"":""8:02 AM"",""16TH"":""8:05 AM"",""CIVC"":""8:07 AM"",""POWL"":""8:09 AM"",""MONT"":""8:10 AM"",""EMBR"":""8:12 AM"",""WOAK"":""8:19 AM"",""12TH"":""8:24 AM"",""19TH"":""8:26 AM"",""MCAR"":""8:29 AM"",""ROCK"":""8:32 AM"",""ORIN"":""8:37 AM"",""LAFY"":""8:42 AM"",""WCRK"":""8:47 AM"",""PHIL"":""8:50 AM"",""CONC"":""8:55 AM"",""NCON"":""8:59 AM"",""PITT"":""9:05 AM""}"
weekday,2,N,893,SFIA_DEP,25680,False,"{""SFIA_DEP"":""7:08 AM"",""SBRN"":""7:12 AM"",""SSAN"":""7:15 AM"",""COLM"":""7:19 AM"",""DALY"":""7:22 AM"",""BALB"":""7:26 AM"",""GLEN"":""7:28 AM"",""24TH"":""7:31 AM"",""16TH"":""7:33 AM"",""CIVC"":""7:35 AM"",""POWL"":""7:37 AM"",""MONT"":""7:39 AM"",""EMBR"":""7:40 AM"",""WOAK"":""7:47 AM"",""12TH"":""7:52 AM"",""19TH"":""7:54 AM"",""MCAR"":""7:58 AM"",""ROCK"":""8:01 AM"",""ORIN"":""8:06 AM"",""LAFY"":""8:11 AM"",""WCRK"":""8:15 AM"",""PHIL"":""8:18 AM"",""CONC"":""8:23 AM"",""NCON"":""8:27 AM"",""PITT"":""8:34 AM"",""PCTR"":""8:45 AM"",""ANTC"":""8:53 AM""}"
weekday,2,N,920,SFIA_DEP,28080,False,"{""SFIA_DEP"":""7:48 AM"",""SBRN"":""7:52 AM"",""SSAN"":""7:55 AM"",""COLM"":""7:59 AM"",""DALY"":""8:02 AM"",""BALB"":""8:06 AM"",""GLEN"":""8:08 AM"",""24TH"":""8:11 AM"",""16TH"":""8:13 AM"",""CIVC"":""8:15 AM"",""POWL"":""8:17 AM"",""MONT"":""8:19 AM"",""EMBR"":""8:20 AM"",""WOAK"":""8:27 AM"",""12TH"":""8:32 AM"",""19TH"":""8:34 AM"",""MCAR"":""8:38 AM"",""ROCK"":""8:41 AM"",""ORIN"":""8:46 AM"",""LAFY"":""8:51 AM"",""WCRK"":""8:55 AM"",""PHIL"":""8:58 AM"",""CONC"":""9:03 AM"",""NCON"":""9:07 AM"",""PITT"":""9:14 AM"",""PCTR"":""9:25 AM"",""ANTC"":""9:33 AM""}"
weekday,2,N,947,SFIA_DEP,26400,False,"{""SFIA_DEP"":""7:20 AM"",""SBRN"":""7:24 AM"",""SSAN"":""7:27 AM"",""COLM"":""7:30 AM"",""DALY"":""7:34 AM"",""BALB"":""7:37 AM"",""GLEN"":""7:40 AM"",""24TH"":""7:42 AM"",""16TH"":""7:45 AM"",""CIVC"":""7:47 AM"",""POWL"":""7:49 AM"",""MONT"":""7:50 AM"",""EMBR"":""7:52 AM"",""WOAK"":""7:59 AM"",""12TH"":""8:04 AM"",""19TH"":""8:06 AM"",""MCAR"":""8:09 AM"",""ROCK"":""8:12 AM"",""ORIN"":""8:17 AM"",""LAFY"":""8:22 AM"",""WCRK"":""8:27 AM"",""PHIL"":""8:30 AM"",""CONC"":""8:35 AM"",""NCON"":""8:39 AM"",""PITT"":""8:45 AM""}"
weekday,2,N,972,SFIA_DEP,28800,False,"{""SFIA_DEP"":""8:00 AM"",""SBRN"":""8:04 AM"",""SSAN"":""8:07 AM"",""COLM"":""8:10 AM"",""DALY"":""8:14 AM"",""BALB"":""8:17 AM"",""GLEN"":""8:20 AM"",""24TH"":""8:22 AM"",""16TH"":""8:25 AM"",""CIVC"":""8:27 AM"",""POWL"":""8:29 AM"",""MONT"":""8:30 AM"",""EMBR"":""8:32 AM"",""WOAK"":""8:39 AM"",""12TH"":""8:44 AM"",""19TH"":""8:46 AM"",""MCAR"":""8:49 AM"",""ROCK"":""8:52 AM"",""ORIN"":""8:57 AM"",""LAFY"":""9:02 AM"",""WCRK"":""9:07 AM"",""PHIL"":""9:10 AM"",""CONC"":""9:15 AM"",""NCON"":""9:19 AM"",""PITT"":""9:25 AM""}"
weekday,2,N,997,SFIA_DEP,26880,False,"{""SFIA_DEP"":""7:28 AM"",""SBRN"":""7:32 AM"",""SSAN"":""7:35 AM"",""COLM"":""7:39 AM"",""DALY"":""7:42 AM"",""BALB"":""7:46 AM"",""GLEN"":""7:48 AM"",""24TH"":""7:51 AM"",""16TH"":""7:53 AM"",""CIVC"":""7:55 AM"",""POWL"":""7:57 AM"",""MONT"":""7:59 AM"",""EMBR"":""8:00 AM"",""WOAK"":""8:07 AM"",""12TH"":""8:12 AM"",""19TH"":""8:14 AM"",""MCAR"":""8:18 AM"",""ROCK"":""8:21 AM"",""ORIN"":""8:26 AM"",""LAFY"":""8:31 AM"",""WCRK"":""8:35 AM"",""PHIL"":""8:38 AM"",""CONC"":""8:43 AM"",""NCON"":""8:47 AM"",""PITT"":""8:54 AM"",""PCTR"":""9:05 AM"",""ANTC"":""9:13 AM""}"
weekday,2,N,1024,SFIA_DEP,29280,False,"{""SFIA_DEP"":""8:08 AM"",""SBRN"":""8:12 AM"",""SSAN"":""8:15 AM"",""COLM"":""8:19 AM"",""DALY"":""8:22 AM"",""BALB"":""8:26 AM"",""GLEN"":""8:28 AM"",""24TH"":""8:31 AM"",""16TH"":""8:33 AM"",""CIVC"":""8:35 AM"",""POWL"":""8:37 AM"",""MONT"":""8:39 AM"",""EMBR"":""8:40 AM"",""WOAK"":""8:47 AM"",""12TH"":""8:52 AM"",""19TH"":""8:54 AM"",""MCAR"":""8:58 AM"",""ROCK"":""9:01 AM"",""ORIN"":""9:06 AM"",""LAFY"":""9:11 AM"",""WCRK"":""9:15 AM"",""PHIL"":""9:18 AM"",""CONC"":""9:23 AM"",""NCON"":""9:27 AM"",""PITT"":""9:34 AM"",""PCTR"":""9:45 AM"",""ANTC"":""9:53 AM""}"
weekday,2,N,1051,SFIA_DEP,27600,False,"{""SFIA_DEP"":""7:40 AM"",""SBRN"":""7:44 AM"",""SSAN"":""7:47 AM"",""COLM"":""7:50 AM"",""DALY"":""7:54 AM"",""BALB"":""7:57 AM"",""GLEN"":""8:00 AM"",""24TH"":""8:02 AM"",""16TH"":""8:05 AM"",""CIVC"":""8:07 AM"",""POWL"":""8:09 AM"",""MONT"":""8:10 AM"",""EMBR"":""8:12 AM"",""WOAK"":""8:19 AM"",""12TH"":""8:24 AM"",""19TH"":""8:26 AM"",""MCAR"":""8:29 AM"",""ROCK"":""8:32 AM"",""ORIN"":""8:37 AM"",""LAFY"":""8:42 AM"",""WCRK"":""8:47 AM"",""PHIL"":""8:50 AM"",""CONC"":""8:55 AM"",""NCON"":""8:59 AM"",""PITT"":""9:05 AM""}"
weekday,2,N,1076,SFIA_DEP,30000,False,"{""SFIA_DEP"":""8:20 AM"",""SBRN"":""8:24 AM"",""SSAN"":""8:27 AM"",""COLM"":""8:30 AM"",""DALY"":""8:34 AM"",""BALB"":""8:37 AM"",""GLEN"":""8:40 AM"",""24TH"":""8:42 AM"",""16TH"":""8:45 AM"",""CIVC"":""8:47 AM"",""POWL"":""8:49 AM"",""MONT"":""8:50 AM"",""EMBR"":""8:52 AM"",""WOAK"":""8:59 AM"",""12TH"":""9:04 AM"",""19TH"":""9:06 AM"",""MCAR"":""9:09 AM"",""ROCK"":""9:12 AM"",""ORIN"":""9:17 AM"",""LAFY"":""9:22 AM"",""WCRK"":""9:27 AM"",""PHIL"":""9:30 AM"",""CONC"":""9:35 AM"",""NCON"":""9:39 AM"",""PITT"":""9:45 AM""}"
weekday,2,N,1101,SFIA_DEP,28080,False,"{""SFIA_DEP"":""7:48 AM"",""SBRN"":""7:52 AM"",""SSAN"":""7:55 AM"",""COLM"":""7:59 AM"",""DALY"":""8:02 AM"",""BALB"":""8:06 AM"",""GLEN"":""8:08 AM"",""24TH"":""8:11 AM"",""16TH"":""8:13 AM"",""CIVC"":""8:15 AM"",""POWL"":""8:17 AM"",""MONT"":""8:19 AM"",""EMBR"":""8:20 AM"",""WOAK"":""8:27 AM"",""12TH"":""8:32 AM"",""19TH"":""8:34 AM"",""MCAR"":""8:38 AM"",""ROCK"":""8:41 AM"",""ORIN"":""8:46 AM"",""LAFY"":""8:51 AM"",""WCRK"":""8:55 AM"",""PHIL"":""8:58 AM"",""CONC"":""9:03 AM"",""NCON"":""9:07 AM"",""PITT"":""9:14 AM"",""PCTR"":""9:25 AM"",""ANTC"":""9:33 AM""}"
weekday,2,N,1128,SFIA_DEP,30480,False,"{""SFIA_DEP"":""8:28 AM"",""SBRN"":""8:32 AM"",""SSAN"":""8:35 AM"",""COLM"":""8:39 AM"",""DALY"":""8:42 AM"",""BALB"":""8:46 AM"",""GLEN"":""8:48 AM"",""24TH"":""8:51 AM"",""16TH"":""8:53 AM"",""CIVC"":""8:55 AM"",""POWL"":""8:57 AM"",""MONT"":""8:59 AM"",""EMBR"":""9:00 AM"",""WOAK"":""9:07 AM"",""12TH"":""9:12 AM"",""19TH"":""9:14 AM"",""MCAR"":""9:18 AM"",""ROCK"":""9:21 AM"",""ORIN"":""9:26 AM"",""LAFY"":""9:31 AM"",""WCRK"":""9:35 AM"",""PHIL"":""9:38 AM"",""CONC"":""9:43 AM"",""NCON"":""9:47 AM"",""PITT"":""9:54 AM"",""PCTR"":""10:05 AM"",""ANTC"":""10:13 AM""}"
weekday,2,N,1155,SFIA_DEP,28800,False,"{""SFIA_DEP"":""8:00 AM"",""SBRN"":""8:04 AM"",""SSAN"":""8:07 AM"",""COLM"":""8:10 AM"",""DALY"":""8:14 AM"",""BALB"":""8:17 AM"",""GLEN"":""8:20 AM"",""24TH"":""8:22 AM"",""16TH"":""8:25 AM"",""CIVC"":""8:27 AM"",""POWL"":""8:29 AM"",""MONT"":""8:30 AM"",""EMBR"":""8:32 AM"",""WOAK"":""8:39 AM"",""12TH"":""8:44 AM"",""19TH"":""8:46 AM"",""MCAR"":""8:49 AM"",""ROCK"":""8:52 AM"",""ORIN"":""8:57 AM"",""LAFY"":""9:02 AM"",""WCRK"":""9:07 AM"",""PHIL"":""9:10 AM"",""CONC"":""9:15 AM"",""NCON"":""9:19 AM"",""PITT"":""9:25 AM""}"
weekday,2,N,1180,SFIA_DEP,31200,False,"{""SFIA_DEP"":""8:40 AM"",""SBRN"":""8:44 AM"",""SSAN"":""8:47 AM"",""COLM"":""8:50 AM"",""DALY"":""8:54 AM"",""BALB"":""8:57 AM"",""GLEN"":""9:00 AM"",""24TH"":""9:02 AM"",""16TH"":""9:05 AM"",""CIVC"":""9:07 AM"",""POWL"":""9:09 AM"",""MONT"":""9:10 AM"",""EMBR"":""9:12 AM"",""WOAK"":""9:19 AM"",""12TH"":""9:24 AM"",""19TH"":""9:26 AM"",""MCAR"":""9:29 AM"",""ROCK"":""9:32 AM"",""ORIN"":""9:37 AM"",""LAFY"":""9:42 AM"",""WCRK"":""9:47 AM"",""PHIL"":""9:50 AM"",""CONC"":""9:55 AM"",""NCON"":""9:59 AM"",""PITT"":""10:05 AM""}"
weekday,2,N,1205,SFIA_DEP,29280,False,"{""SFIA_DEP"":""8:08 AM"",""SBRN"":""8:12 AM"",""SSAN"":""8:15 AM"",""COLM"":""8:19 AM"",""DALY"":""8:22 AM"",""BALB"":""8:26 AM"",""GLEN"":""8:28 AM"",""24TH"":""8:31 AM"",""16TH"":""8:33 AM"",""CIVC"":""8:35 AM"",""POWL"":""8:37 AM"",""MONT"":""8:39 AM"",""EMBR"":""8:40 AM"",""WOAK"":""8:47 AM"",""12TH"":""8:52 AM"",""19TH"":""8:54 AM"",""MCAR"":""8:58 AM"",""ROCK"":""9:01 AM"",""ORIN"":""9:06 AM"",""LAFY"":""9:11 AM"",""WCRK"":""9:15 AM"",""PHIL"":""9:18 AM"",""CONC"":""9:23 AM"",""NCON"":""9:27 AM"",""PITT"":""9:34 AM"",""PCTR"":""9:45 AM"",""ANTC"":""9:53 AM""}"
weekday,2,N,1232,SFIA_DEP,31680,False,"{""SFIA_DEP"":""8:48 AM"",""SBRN"":""8:52 AM"",""SSAN"":""8:55 AM"",""COLM"":""8:59 AM"",""DALY"":""9:02 AM"",""BALB"":""9:06 AM"",""GLEN"":""9:08 AM"",""24TH"":""9:11 AM"",""16TH"":""9:13 AM"",""CIVC"":""9:15 AM"",""POWL"":""9:17 AM"",""MONT"":""9:19 AM"",""EMBR"":""9:20 AM"",""WOAK"":""9:27 AM"",""12TH"":""9:32 AM"",""19TH"":""9:34 AM"",""MCAR"":""9:38 AM"",""ROCK"":""9:41 AM"",""ORIN"":""9:46 AM"",""LAFY"":""9:51 AM"",""WCRK"":""9:55 AM"",""PHIL"":""9:58 AM"",""CONC"":""10:03 AM"",""NCON"":""10:07 AM"",""PITT"":""10:14 AM"",""PCTR"":""10:25 AM"",""ANTC"":""10:33 AM""}"
weekday,2,N,1259,SFIA_DEP,30000,False,"{""SFIA_DEP"":""8:20 AM"",""SBRN"":""8:24 AM"",""SSAN"":""8:27 AM"",""COLM"":""8:30 AM"",""DALY"":""8:34 AM"",""BALB"":""8:37 AM"",""GLEN"":""8:40 AM"",""24TH"":""8:42 AM"",""16TH"":""8:45 AM"",""CIVC"":""8:47 AM"",""POWL"":""8:49 AM"",""MONT"":""8:50 AM"",""EMBR"":""8:52 AM"",""WOAK"":""8:59 AM"",""12TH"":""9:04 AM"",""19TH"":""9:06 AM"",""MCAR"":""9:09 AM"",""ROCK"":""9:12 AM"",""ORIN"":""9:17 AM"",""LAFY"":""9:22 AM"",""WCRK"":""9:27 AM"",""PHIL"":""9:30 AM"",""CONC"":""9:35 AM"",""NCON"":""9:39 AM"",""PITT"":""9:45 AM""}"
weekday,2,N,1284,SFIA_DEP,32400,False,"{""SFIA_DEP"":""9:00 AM"",""SBRN"":""9:04 AM"",""SSAN"":""9:07 AM"",""COLM"":""9:10 AM"",""DALY"":""9:14 AM"",""BALB"":""9:17 AM"",""GLEN"":""9:20 AM"",""24TH"":""9:22 AM"",""16TH"":""9:25 AM"",""CIVC"":""9:27 AM"",""POWL"":""9:29 AM"",""MONT"":""9:30 AM"",""EMBR"":""9:32 AM"",""WOAK"":""9:39 AM"",""12TH"":""9:44 AM"",""19TH"":""9:46 AM"",""MCAR"":""9:49 AM"",""ROCK"":""9:52 AM"",""ORIN"":""9:57 AM"",""LAFY"":""10:02 AM"",""WCRK"":""10:07 AM"",""PHIL"":""10:10 AM"",""CONC"":""10:15 AM"",""NCON"":""10:19 AM"",""PITT"":""10:25 AM""}"
weekday,2,N,1309,SFIA_DEP,30480,False,"{""SFIA_DEP"":""8:28 AM"",""SBRN"":""8:32 AM"",""SSAN"":""8:35 AM"",""COLM"":""8:39 AM"",""DALY"":""8:42 AM"",""BALB"":""8:46 AM"",""GLEN"":""8:48 AM"",""24TH"":""8:51 AM"",""16TH"":""8:53 AM"",""CIVC"":""8:55 AM"",""POWL"":""8:57 AM"",""MONT"":""8:59 AM"",""EMBR"":""9:00 AM"",""WOAK"":""9:07 AM"",""12TH"":""9:12 AM"",""19TH"":""9:14 AM"",""MCAR"":""9:18 AM"",""ROCK"":""9:21 AM"",""ORIN"":""9:26 AM"",""LAFY"":""9:31 AM"",""WCRK"":""9:35 AM"",""PHIL"":""9:38 AM"",""CONC"":""9:43 AM"",""NCON"":""9:47 AM"",""PITT"":""9:54 AM"",""PCTR"":""10:05 AM"",""ANTC"":""10:13 AM""}"
weekday,2,N,1336,SFIA_DEP,32880,False,"{""SFIA_DEP"":""9:08 AM"",""SBRN"":""9:12 AM"",""SSAN"":""9:15 AM"",""COLM"":""9:19 AM"",""DALY"":""9:22 AM"",""BALB"":""9:26 AM"",""GLEN"":""9:28 AM"",""24TH"":""9:31 AM"",""16TH"":""9:33 AM"",""CIVC"":""9:35 AM"",""POWL"":""9:37 AM"",""MONT"":""9:39 AM"",""EMBR"":""9:40 AM"",""WOAK"":""9:47 AM"",""12TH"":""9:52 AM"",""19TH"":""9:54 AM"",""MCAR"":""9:58 AM"",""ROCK"":""10:01 AM"",""ORIN"":""10:06 AM"",""LAFY"":""10:11 AM"",""WCRK"":""10:15 AM"",""PHIL"":""10:18 AM"",""CONC"":""10:23 AM"",""NCON"":""10:27 AM"",""PITT"":""10:34 AM"",""PCTR"":""10:45 AM"",""ANTC"":""10:53 AM""}"
weekday,2,N,1363,SFIA_DEP,31200,False,"{""SFIA_DEP"":""8:40 AM"",""SBRN"":""8:44 AM"",""SSAN"":""8:47 AM"",""COLM"":""8:50 AM"",""DALY"":""8:54 AM"",""BALB"":""8:57 AM"",""GLEN"":""9:00 AM"",""24TH"":""9:02 AM"",""16TH"":""9:05 AM"",""CIVC"":""9:07 AM"",""POWL"":""9:09 AM"",""MONT"":""9:10 AM"",""EMBR"":""9:12 AM"",""WOAK"":""9:19 AM"",""12TH"":""9:24 AM"",""19TH"":""9:26 AM"",""MCAR"":""9:29 AM"",""ROCK"":""9:32 AM"",""ORIN"":""9:37 AM"",""LAFY"":""9:42 AM"",""WCRK"":""9:47 AM"",""PHIL"":""9:50 AM"",""CONC"":""9:55 AM"",""NCON"":""9:59 AM"",""PITT"":""10:05 AM""}"
weekday,2,N,1388,SFIA_DEP,33600,False,"{""SFIA_DEP"":""9:20 AM"",""SBRN"":""9:24 AM"",""SSAN"":""9:27 AM"",""COLM"":""9:30 AM"",""DALY"":""9:34 AM"",""BALB"":""9:37 AM"",""GLEN"":""9:40 AM"",""24TH"":""9:42 AM"",""16TH"":""9:45 AM"",""CIVC"":""9:47 AM"",""POWL"":""9:49 AM"",""MONT"":""9:50 AM"",""EMBR"":""9:52 AM"",""WOAK"":""9:59 AM"",""12TH"":""10:04 AM"",""19TH"":""10:06 AM"",""MCAR"":""10:09 AM"",""ROCK"":""10:12 AM"",""ORIN"":""10:17 AM"",""LAFY"":""10:22 AM"",""WCRK"":""10:27 AM"",""PHIL"":""10:30 AM"",""CONC"":""10:35 AM"",""NCON"":""10:39 AM"",""PITT"":""10:45 AM""}"
weekday,2,N,1413,SFIA_DEP,31680,False,"{""SFIA_DEP"":""8:48 AM"",""SBRN"":""8:52 AM"",""SSAN"":""8:55 AM"",""COLM"":""8:59 AM"",""DALY"":""9:02 AM"",""BALB"":""9:06 AM"",""GLEN"":""9:08 AM"",""24TH"":""9:11 AM"",""16TH"":""9:13 AM"",""CIVC"":""9:15 AM"",""POWL"":""9:17 AM"",""MONT"":""9:19 AM"",""EMBR"":""9:20 AM"",""WOAK"":""9:27 AM"",""12TH"":""9:32 AM"",""19TH"":""9:34 AM"",""MCAR"":""9:38 AM"",""ROCK"":""9:41 AM"",""ORIN"":""9:46 AM"",""LAFY"":""9:51 AM"",""WCRK"":""9:55 AM"",""PHIL"":""9:58 AM"",""CONC"":""10:03 AM"",""NCON"":""10:07 AM"",""PITT"":""10:14 AM"",""PCTR"":""10:25 AM"",""ANTC"":""10:33 AM""}"
weekday,2,N,1440,SFIA_DEP,34080,False,"{""SFIA_DEP"":""9:28 AM"",""SBRN"":""9:32 AM"",""SSAN"":""9:35 AM"",""COLM"":""9:39 AM"",""DALY"":""9:42 AM"",""BALB"":""9:46 AM"",""GLEN"":""9:48 AM"",""24TH"":""9:51 AM"",""16TH"":""9:53 AM"",""CIVC"":""9:55 AM"",""POWL"":""9:57 AM"",""MONT"":""9:59 AM"",""EMBR"":""10:00 AM"",""WOAK"":""10:07 AM"",""12TH"":""10:12 AM"",""19TH"":""10:14 AM"",""MCAR"":""10:18 AM"",""ROCK"":""10:21 AM"",""ORIN"":""10:26 AM"",""LAFY"":""10:31 AM"",""WCRK"":""10:35 AM"",""PHIL"":""10:38 AM"",""CONC"":""10:43 AM"",""NCON"":""10:47 AM"",""PITT"":""10:54 AM"",""PCTR"":""11:05 AM"",""ANTC"":""11:13 AM""}"
weekday,2,N,1467,SFIA_DEP,32400,False,"{""SFIA_DEP"":""9:00 AM"",""SBRN"":""9:04 AM"",""SSAN"":""9:07 AM"",""COLM"":""9:10 AM"",""DALY"":""9:14 AM"",""BALB"":""9:17 AM"",""GLEN"":""9:20 AM"",""24TH"":""9:22 AM"",""16TH"":""9:25 AM"",""CIVC"":""9:27 AM"",""POWL"":""9:29 AM"",""MONT"":""9:30 AM"",""EMBR"":""9:32 AM"",""WOAK"":""9:39 AM"",""12TH"":""9:44 AM"",""19TH"":""9:46 AM"",""MCAR"":""9:49 AM"",""ROCK"":""9:52 AM"",""ORIN"":""9:57 AM"",""LAFY"":""10:02 AM"",""WCRK"":""10:07 AM"",""PHIL"":""10:10 AM"",""CONC"":""10:15 AM"",""NCON"":""10:19 AM"",""PITT"":""10:25 AM""}"
weekday,2,N,1492,SFIA_DEP,34800,False,"{""SFIA_DEP"":""9:40 AM"",""SBRN"":""9:44 AM"",""SSAN"":""9:47 AM"",""COLM"":""9:50 AM"",""DALY"":""9:54 AM"",""BALB"":""9:57 AM"",""GLEN"":""10:00 AM"",""24TH"":""10:02 AM"",""16TH"":""10:05 AM"",""CIVC"":""10:07 AM"",""POWL"":""10:09 AM"",""MONT"":""10:10 AM"",""EMBR"":""10:12 AM"",""WOAK"":""10:19 AM"",""12TH"":""10:24 AM"",""19TH"":""10:26 AM"",""MCAR"":""10:29 AM"",""ROCK"":""10:32 AM"",""ORIN"":""10:37 AM"",""LAFY"":""10:42 AM"",""WCRK"":""10:47 AM"",""PHIL"":""10:50 AM"",""CONC"":""10:55 AM"",""NCON"":""10:59 AM"",""PITT"":""11:05 AM""}"
weekday,2,N,1517,SFIA_DEP,32880,False,"{""SFIA_DEP"":""9:08 AM"",""SBRN"":""9:12 AM"",""SSAN"":""9:15 AM"",""COLM"":""9:19 AM"",""DALY"":""9:22 AM"",""BALB"":""9:26 AM"",""GLEN"":""9:28 AM"",""24TH"":""9:31 AM"",""16TH"":""9:33 AM"",""CIVC"":""9:35 AM"",""POWL"":""9:37 AM"",""MONT"":""9:39 AM"",""EMBR"":""9:40 AM"",""WOAK"":""9:47 AM"",""12TH"":""9:52 AM"",""19TH"":""9:54 AM"",""MCAR"":""9:58 AM"",""ROCK"":""10:01 AM"",""ORIN"":""10:06 AM"",""LAFY"":""10:11 AM"",""WCRK"":""10:15 AM"",""PHIL"":""10:18 AM"",""CONC"":""10:23 AM"",""NCON"":""10:27 AM"",""PITT"":""10:34 AM"",""PCTR"":""10:45 AM"",""ANTC"":""10:53 AM""}"
weekday,2,N,1544,SFIA_DEP,35280,False,"{""SFIA_DEP"":""9:48 AM"",""SBRN"":""9:52 AM"",""SSAN"":""9:55 AM"",""COLM"":""9:59 AM"",""DALY"":""10:02 AM"",""BALB"":""10:06 AM"",""GLEN"":""10:08 AM"",""24TH"":""10:11 AM"",""16TH"":""10:13 AM"",""CIVC"":""10:15 AM"",""POWL"":""10:17 AM"",""MONT"":""10:19 AM"",""EMBR"":""10:20 AM"",""WOAK"":""10:27 AM"",""12TH"":""10:32 AM"",""19TH"":""10:34 AM"",""MCAR"":""10:38 AM"",""ROCK"":""10:41 AM"",""ORIN"":""10:46 AM"",""LAFY"":""10:51 AM"",""WCRK"":""10:55 AM"",""PHIL"":""10:58 AM"",""CONC"":""11:03 AM"",""NCON"":""11:07 AM"",""PITT"":""11:14 AM"",""PCTR"":""11:25 AM"",""ANTC"":""11:33 AM""}"
weekday,2,N,1571,SFIA_DEP,33600,False,"{""SFIA_DEP"":""9:20 AM"",""SBRN"":""9:24 AM"",""SSAN"":""9:27 AM"",""COLM"":""9:30 AM"",""DALY"":""9:34 AM"",""BALB"":""9:37 AM"",""GLEN"":""9:40 AM"",""24TH"":""9:42 AM"",""16TH"":""9:45 AM"",""CIVC"":""9:47 AM"",""POWL"":""9:49 AM"",""MONT"":""9:50 AM"",""EMBR"":""9:52 AM"",""WOAK"":""9:59 AM"",""12TH"":""10:04 AM"",""19TH"":""10:06 AM"",""MCAR"":""10:09 AM"",""ROCK"":""10:12 AM"",""ORIN"":""10:17 AM"",""LAFY"":""10:22 AM"",""WCRK"":""10:27 AM"",""PHIL"":""10:30 AM"",""CONC"":""10:35 AM"",""NCON"":""10:39 AM"",""PITT"":""10:45 AM""}"
weekday,2,N,1596,SFIA_DEP,36000,False,"{""SFIA_DEP"":""10:00 AM"",""SBRN"":""10:04 AM"",""SSAN"":""10:07 AM"",""COLM"":""10:10 AM"",""DALY"":""10:14 AM"",""BALB"":""10:17 AM"",""GLEN"":""10:20 AM"",""24TH"":""10:22 AM"",""16TH"":""10:25 AM"",""CIVC"":""10:27 AM"",""POWL"":""10:29 AM"",""MONT"":""10:30 AM"",""EMBR"":""10:32 AM"",""WOAK"":""10:39 AM"",""12TH"":""10:44 AM"",""19TH"":""10:46 AM"",""MCAR"":""10:49 AM"",""ROCK"":""10:52 AM"",""ORIN"":""10:57 AM"",""LAFY"":""11:02 AM"",""WCRK"":""11:07 AM"",""PHIL"":""11:10 AM"",""CONC"":""11:15 AM"",""NCON"":""11:19 AM"",""PITT"":""11:25 AM""}"
weekday,2,N,1621,SFIA_DEP,34080,False,"{""SFIA_DEP"":""9:28 AM"",""SBRN"":""9:32 AM"",""SSAN"":""9:35 AM"",""COLM"":""9:39 AM"",""DALY"":""9:42 AM"",""BALB"":""9:46 AM"",""GLEN"":""9:48 AM"",""24TH"":""9:51 AM"",""16TH"":""9:53 AM"",""CIVC"":""9:55 AM"",""POWL"":""9:57 AM"",""MONT"":""9:59 AM"",""EMBR"":""10:00 AM"",""WOAK"":""10:07 AM"",""12TH"":""10:12 AM"",""19TH"":""10:14 AM"",""MCAR"":""10:18 AM"",""ROCK"":""10:21 AM"",""ORIN"":""10:26 AM"",""LAFY"":""10:31 AM"",""WCRK"":""10:35 AM"",""PHIL"":""10:38 AM"",""CONC"":""10:43 AM"",""NCON"":""10:47 AM"",""PITT"":""10:54 AM"",""PCTR"":""11:05 AM"",""ANTC"":""11:13 AM""}"
weekday,2,N,1648,SFIA_DEP,36480,False,"{""SFIA_DEP"":""10:08 AM"",""SBRN"":""10:12 AM"",""SSAN"":""10:15 AM"",""COLM"":""10:19 AM"",""DALY"":""10:22 AM"",""BALB"":""10:26 AM"",""GLEN"":""10:28 AM"",""24TH"":""10:31 AM"",""16TH"":""10:33 AM"",""CIVC"":""10:35 AM"",""POWL"":""10:37 AM"",""MONT"":""10:39 AM"",""EMBR"":""10:40 AM"",""WOAK"":""10:47 AM"",""12TH"":""10:52 AM"",""19TH"":""10:54 AM"",""MCAR"":""10:58 AM"",""ROCK"":""11:01 AM"",""ORIN"":""11:06 AM"",""LAFY"":""11:11 AM"",""WCRK"":""11:15 AM"",""PHIL"":""11:18 AM"",""CONC"":""11:23 AM"",""NCON"":""11:27 AM"",""PITT"":""11:34 AM"",""PCTR"":""11:45 AM"",""ANTC"":""11:53 AM""}"
weekday,2,N,1675,SFIA_DEP,34800,False,"{""SFIA_DEP"":""9:40 AM"",""SBRN"":""9:44 AM"",""SSAN"":""9:47 AM"",""COLM"":""9:50 AM"",""DALY"":""9:54 AM"",""BALB"":""9:57 AM"",""GLEN"":""10:00 AM"",""24TH"":""10:02 AM"",""16TH"":""10:05 AM"",""CIVC"":""10:07 AM"",""POWL"":""10:09 AM"",""MONT"":""10:10 AM"",""EMBR"":""10:12 AM"",""WOAK"":""10:19 AM"",""12TH"":""10:24 AM"",""19TH"":""10:26 AM"",""MCAR"":""10:29 AM"",""ROCK"":""10:32 AM"",""ORIN"":""10:37 AM"",""LAFY"":""10:42 AM"",""WCRK"":""10:47 AM"",""PHIL"":""10:50 AM"",""CONC"":""10:55 AM"",""NCON"":""10:59 AM"",""PITT"":""11:05 AM""}"
weekday,2,N,1700,SFIA_DEP,37200,False,"{""SFIA_DEP"":""10:20 AM"",""SBRN"":""10:24 AM"",""SSAN"":""10:27 AM"",""COLM"":""10:30 AM"",""DALY"":""10:34 AM"",""BALB"":""10:37 AM"",""GLEN"":""10:40 AM"",""24TH"":""10:42 AM"",""16TH"":""10:45 AM"",""CIVC"":""10:47 AM"",""POWL"":""10:49 AM"",""MONT"":""10:50 AM"",""EMBR"":""10:52 AM"",""WOAK"":""10:59 AM"",""12TH"":""11:04 AM"",""19TH"":""11:06 AM"",""MCAR"":""11:09 AM"",""ROCK"":""11:12 AM"",""ORIN"":""11:17 AM"",""LAFY"":""11:22 AM"",""WCRK"":""11:27 AM"",""PHIL"":""11:30 AM"",""CONC"":""11:35 AM"",""NCON"":""11:39 AM"",""PITT"":""11:45 AM""}"
weekday,2,N,1725,SFIA_DEP,35280,False,"{""SFIA_DEP"":""9:48 AM"",""SBRN"":""9:52 AM"",""SSAN"":""9:55 AM"",""COLM"":""9:59 AM"",""DALY"":""10:02 AM"",""BALB"":""10:06 AM"",""GLEN"":""10:08 AM"",""24TH"":""10:11 AM"",""16TH"":""10:13 AM"",""CIVC"":""10:15 AM"",""POWL"":""10:17 AM"",""MONT"":""10:19 AM"",""EMBR"":""10:20 AM"",""WOAK"":""10:27 AM"",""12TH"":""10:32 AM"",""19TH"":""10:34 AM"",""MCAR"":""10:38 AM"",""ROCK"":""10:41 AM"",""ORIN"":""10:46 AM"",""LAFY"":""10:51 AM"",""WCRK"":""10:55 AM"",""PHIL"":""10:58 AM"",""CONC"":""11:03 AM"",""NCON"":""11:07 AM"",""PITT"":""11:14 AM"",""PCTR"":""11:25 AM"",""ANTC"":""11:33 AM""}"
weekday,2,N,1752,SFIA_DEP,37680,False,"{""SFIA_DEP"":""10:28 AM"",""SBRN"":""10:32 AM"",""SSAN"":""10:35 AM"",""COLM"":""10:39 AM"",""DALY"":""10:42 AM"",""BALB"":""10:46 AM"",""GLEN"":""10:48 AM"",""24TH"":""10:51 AM"",""16TH"":""10:53 AM"",""CIVC"":""10:55 AM"",""POWL"":""10:57 AM"",""MONT"":""10:59 AM"",""EMBR"":""11:00 AM"",""WOAK"":""11:07 AM"",""12TH"":""11:12 AM"",""19TH"":""11:14 AM"",""MCAR"":""11:18 AM"",""ROCK"":""11:21 AM"",""ORIN"":""11:26 AM"",""LAFY"":""11:31 AM"",""WCRK"":""11:35 AM"",""PHIL"":""11:38 AM"",""CONC"":""11:43 AM"",""NCON"":""11:47 AM"",""PITT"":""11:54 AM"",""PCTR"":""12:05 PM"",""ANTC"":""12:13 PM""}"
weekday,2,N,1779,SFIA_DEP,36000,False,"{""SFIA_DEP"":""10:00 AM"",""SBRN"":""10:04 AM"",""SSAN"":""10:07 AM"",""COLM"":""10:10 AM"",""DALY"":""10:14 AM"",""BALB"":""10:17 AM"",""GLEN"":""10:20 AM"",""24TH"":""10:22 AM"",""16TH"":""10:25 AM"",""CIVC"":""10:27 AM"",""POWL"":""10:29 AM"",""MONT"":""10:30 AM"",""EMBR"":""10:32 AM"",""WOAK"":""10:39 AM"",""12TH"":""10:44 AM"",""19TH"":""10:46 AM"",""MCAR"":""10:49 AM"",""ROCK"":""10:52 AM"",""ORIN"":""10:57 AM"",""LAFY"":""11:02 AM"",""WCRK"":""11:07 AM"",""PHIL"":""11:10 AM"",""CONC"":""11:15 AM"",""NCON"":""11:19 AM"",""PITT"":""11:25 AM""}"
weekday,2,N,1804,SFIA_DEP,38400,False,"{""SFIA_DEP"":""10:40 AM"",""SBRN"":""10:44 AM"",""SSAN"":""10:47 AM"",""COLM"":""10:50 AM"",""DALY"":""10:54 AM"",""BALB"":""10:57 AM"",""GLEN"":""11:00 AM"",""24TH"":""11:02 AM"",""16TH"":""11:05 AM"",""CIVC"":""11:07 AM"",""POWL"":""11:09 AM"",""MONT"":""11:10 AM"",""EMBR"":""11:12 AM"",""WOAK"":""11:19 AM"",""12TH"":""11:24 AM"",""19TH"":""11:26 AM"",""MCAR"":""11:29 AM"",""ROCK"":""11:32 AM"",""ORIN"":""11:37 AM"",""LAFY"":""11:42 AM"",""WCRK"":""11:47 AM"",""PHIL"":""11:50 AM"",""CONC"":""11:55 AM"",""NCON"":""11:59 AM"",""PITT"":""12:05 PM""}"
weekday,2,N,1829,SFIA_DEP,36480,False,"{""SFIA_DEP"":""10:08 AM"",""SBRN"":""10:12 AM"",""SSAN"":""10:15 AM"",""COLM"":""10:19 AM"",""DALY"":""10:22 AM"",""BALB"":""10:26 AM"",""GLEN"":""10:28 AM"",""24TH"":""10:31 AM"",""16TH"":""10:33 AM"",""CIVC"":""10:35 AM"",""POWL"":""10:37 AM"",""MONT"":""10:39 AM"",""EMBR"":""10:40 AM"",""WOAK"":""10:47 AM"",""12TH"":""10:52 AM"",""19TH"":""10:54 AM"",""MCAR"":""10:58 AM"",""ROCK"":""11:01 AM"",""ORIN"":""11:06 AM"",""LAFY"":""11:11 AM"",""WCRK"":""11:15 AM"",""PHIL"":""11:18 AM"",""CONC"":""11:23 AM"",""NCON"":""11:27 AM"",""PITT"":""11:34 AM"",""PCTR"":""11:45 AM"",""ANTC"":""11:53 AM""}"
weekday,2,N,1856,SFIA_DEP,38880,False,"{""SFIA_DEP"":""10:48 AM"",""SBRN"":""10:52 AM"",""SSAN"":""10:55 AM"",""COLM"":""10:59 AM"",""DALY"":""11:02 AM"",""BALB"":""11:06 AM"",""GLEN"":""11:08 AM"",""24TH"":""11:11 AM"",""16TH"":""11:13 AM"",""CIVC"":""11:15 AM"",""POWL"":""11:17 AM"",""MONT"":""11:19 AM"",""EMBR"":""11:20 AM"",""WOAK"":""11:27 AM"",""12TH"":""11:32 AM"",""19TH"":""11:34 AM"",""MCAR"":""11:38 AM"",""ROCK"":""11:41 AM"",""ORIN"":""11:46 AM"",""LAFY"":""11:51 AM"",""WCRK"":""11:55 AM"",""PHIL"":""11:58 AM"",""CONC"":""12:03 PM"",""NCON"":""12:07 PM"",""PITT"":""12:14 PM"",""PCTR"":""12:25 PM"",""ANTC"":""12:33 PM""}"
weekday,2,N,1883,SFIA_DEP,37200,False,"{""SFIA_DEP"":""10:20 AM"",""SBRN"":""10:24 AM"",""SSAN"":""10:27 AM"",""COLM"":""10:30 AM"",""DALY"":""10:34 AM"",""BALB"":""10:37 AM"",""GLEN"":""10:40 AM"",""24TH"":""10:42 AM"",""16TH"":""10:45 AM"",""CIVC"":""10:47 AM"",""POWL"":""10:49 AM"",""MONT"":""10:50 AM"",""EMBR"":""10:52 AM"",""WOAK"":""10:59 AM"",""12TH"":""11:04 AM"",""19TH"":""11:06 AM"",""MCAR"":""11:09 AM"",""ROCK"":""11:12 AM"",""ORIN"":""11:17 AM"",""LAFY"":""11:22 AM"",""WCRK"":""11:27 AM"",""PHIL"":""11:30 AM"",""CONC"":""11:35 AM"",""NCON"":""11:39 AM"",""PITT"":""11:45 AM""}"
weekday,2,N,1908,SFIA_DEP,39600,False,"{""SFIA_DEP"":""11:00 AM"",""SBRN"":""11:04 AM"",""SSAN"":""11:07 AM"",""COLM"":""11:10 AM"",""DALY"":""11:14 AM"",""BALB"":""11:17 AM"",""GLEN"":""11:20 AM"",""24TH"":""11:22 AM"",""16TH"":""11:25 AM"",""CIVC"":""11:27 AM"",""POWL"":""11:29 AM"",""MONT"":""11:30 AM"",""EMBR"":""11:32 AM"",""WOAK"":""11:39 AM"",""12TH"":""11:44 AM"",""19TH"":""11:46 AM"",""MCAR"":""11:49 AM"",""ROCK"":""11:52 AM"",""ORIN"":""11:57 AM"",""LAFY"":""12:02 PM"",""WCRK"":""12:07 PM"",""PHIL"":""12:10 PM"",""CONC"":""12:15 PM"",""NCON"":""12:19 PM"",""PITT"":""12:25 PM""}"
weekday,2,N,1933,SFIA_DEP,37680,False,"{""SFIA_DEP"":""10:28 AM"",""SBRN"":""10:32 AM"",""SSAN"":""10:35 AM"",""COLM"":""10:39 AM"",""DALY"":""10:42 AM"",""BALB"":""10:46 AM"",""GLEN"":""10:48 AM"",""24TH"":""10:51 AM"",""16TH"":""10:53 AM"",""CIVC"":""10:55 AM"",""POWL"":""10:57 AM"",""MONT"":""10:59 AM"",""EMBR"":""11:00 AM"",""WOAK"":""11:07 AM"",""12TH"":""11:12 AM"",""19TH"":""11:14 AM"",""MCAR"":""11:18 AM"",""ROCK"":""11:21 AM"",""ORIN"":""11:26 AM"",""LAFY"":""11:31 AM"",""WCRK"":""11:35 AM"",""PHIL"":""11:38 AM"",""CONC"":""11:43 AM"",""NCON"":""11:47 AM"",""PITT"":""11:54 AM"",""PCTR"":""12:05 PM"",""ANTC"":""12:13 PM""}"
weekday,2,N,1960,SFIA_DEP,40080,False,"{""SFIA_DEP"":""11:08 AM"",""SBRN"":""11:12 AM"",""SSAN"":""11:15 AM"",""COLM"":""11:19 AM"",""DALY"":""11:22 AM"",""BALB"":""11:26 AM"",""GLEN"":""11:28 AM"",""24TH"":""11:31 AM"",""16TH"":""11:33 AM"",""CIVC"":""11:35 AM"",""POWL"":""11:37 AM"",""MONT"":""11:39 AM"",""EMBR"":""11:40 AM"",""WOAK"":""11:47 AM"",""12TH"":""11:52 AM"",""19TH"":""11:54 AM"",""MCAR"":""11:58 AM"",""ROCK"":""12:01 PM"",""ORIN"":""12:06 PM"",""LAFY"":""12:11 PM"",""WCRK"":""12:15 PM"",""PHIL"":""12:18 PM"",""CONC"":""12:23 PM"",""NCON"":""12:27 PM"",""PITT"":""12:34 PM"",""PCTR"":""12:45 PM"",""ANTC"":""12:53 PM""}"
weekday,2,N,1987,SFIA_DEP,38400,False,"{""SFIA_DEP"":""10:40 AM"",""SBRN"":""10:44 AM"",""SSAN"":""10:47 AM"",""COLM"":""10:50 AM"",""DALY"":""10:54 AM"",""BALB"":""10:57 AM"",""GLEN"":""11:00 AM"",""24TH"":""11:02 AM"",""16TH"":""11:05 AM"",""CIVC"":""11:07 AM"",""POWL"":""11:09 AM"",""MONT"":""11:10 AM"",""EMBR"":""11:12 AM"",""WOAK"":""11:19 AM"",""12TH"":""11:24 AM"",""19TH"":""11:26 AM"",""MCAR"":""11:29 AM"",""ROCK"":""11:32 AM"",""ORIN"":""11:37 AM"",""LAFY"":""11:42 AM"",""WCRK"":""11:47 AM"",""PHIL"":""11:50 AM"",""CONC"":""11:55 AM"",""NCON"":""11:59 AM"",""PITT"":""12:05 PM""}"
weekday,2,N,2012,SFIA_DEP,40800,False,"{""SFIA_DEP"":""11:20 AM"",""SBRN"":""11:24 AM"",""SSAN"":""11:27 AM"",""COLM"":""11:30 AM"",""DALY"":""11:34 AM"",""BALB"":""11:37 AM"",""GLEN"":""11:40 AM"",""24TH"":""11:42 AM"",""16TH"":""11:45 AM"",""CIVC"":""11:47 AM"",""POWL"":""11:49 AM"",""MONT"":""11:50 AM"",""EMBR"":""11:52 AM"",""WOAK"":""11:59 AM"",""12TH"":""12:04 PM"",""19TH"":""12:06 PM"",""MCAR"":""12:09 PM"",""ROCK"":""12:12 PM"",""ORIN"":""12:17 PM"",""LAFY"":""12:22 PM"",""WCRK"":""12:27 PM"",""PHIL"":""12:30 PM"",""CONC"":""12:35 PM"",""NCON"":""12:39 PM"",""PITT"":""12:45 PM""}"
weekday,2,N,2037,SFIA_DEP,38880,False,"{""SFIA_DEP"":""10:48 AM"",""SBRN"":""10:52 AM"",""SSAN"":""10:55 AM"",""COLM"":""10:59 AM"",""DALY"":""11:02 AM"",""BALB"":""11:06 AM"",""GLEN"":""11:08 AM"",""24TH"":""11:11 AM"",""16TH"":""11:13 AM"",""CIVC"":""11:15 AM"",""POWL"":""11:17 AM"",""MONT"":""11:19 AM"",""EMBR"":""11:20 AM"",""WOAK"":""11:27 AM"",""12TH"":""11:32 AM"",""19TH"":""11:34 AM"",""MCAR"":""11:38 AM"",""ROCK"":""11:41 AM"",""ORIN"":""11:46 AM"",""LAFY"":""11:51 AM"",""WCRK"":""11:55 AM"",""PHIL"":""11:58 AM"",""CONC"":""12:03 PM"",""NCON"":""12:07 PM"",""PITT"":""12:14 PM"",""PCTR"":""12:25 PM"",""ANTC"":""12:33 PM""}"
weekday,2,N,2064,SFIA_DEP,41280,False,"{""SFIA_DEP"":""11:28 AM"",""SBRN"":""11:32 AM"",""SSAN"":""11:35 AM"",""COLM"":""11:39 AM"",""DALY"":""11:42 AM"",""BALB"":""11:46 AM"",""GLEN"":""11:48 AM"",""24TH"":""11:51 AM"",""16TH"":""11:53 AM"",""CIVC"":""11:55 AM"",""POWL"":""11:57 AM"",""MONT"":""11:59 AM"",""EMBR"":""12:00 PM"",""WOAK"":""12:07 PM"",""12TH"":""12:12 PM"",""19TH"":""12:14 PM"",""MCAR"":""12:18 PM"",""ROCK"":""12:21 PM"",""ORIN"":""12:26 PM"",""LAFY"":""12:31 PM"",""WCRK"":""12:35 PM"",""PHIL"":""12:38 PM"",""CONC"":""12:43 PM"",""NCON"":""12:47 PM"",""PITT"":""12:54 PM"",""PCTR"":""1:05 PM"",""ANTC"":""1:13 PM""}"
weekday,2,N,2091,SFIA_DEP,39600,False,"{""SFIA_DEP"":""11:00 AM"",""SBRN"":""11:04 AM"",""SSAN"":""11:07 AM"",""COLM"":""11:10 AM"",""DALY"":""11:14 AM"",""BALB"":""11:17 AM"",""GLEN"":""11:20 AM"",""24TH"":""11:22 AM"",""16TH"":""11:25 AM"",""CIVC"":""11:27 AM"",""POWL"":""11:29 AM"",""MONT"":""11:30 AM"",""EMBR"":""11:32 AM"",""WOAK"":""11:39 AM"",""12TH"":""11:44 AM"",""19TH"":""11:46 AM"",""MCAR"":""11:49 AM"",""ROCK"":""11:52 AM"",""ORIN"":""11:57 AM"",""LAFY"":""12:02 PM"",""WCRK"":""12:07 PM"",""PHIL"":""12:10 PM"",""CONC"":""12:15 PM"",""NCON"":""12:19 PM"",""PITT"":""12:25 PM""}"
weekday,2,N,2116,SFIA_DEP,42000,False,"{""SFIA_DEP"":""11:40 AM"",""SBRN"":""11:44 AM"",""SSAN"":""11:47 AM"",""COLM"":""11:50 AM"",""DALY"":""11:54 AM"",""BALB"":""11:57 AM"",""GLEN"":""12:00 PM"",""24TH"":""12:02 PM"",""16TH"":""12:05 PM"",""CIVC"":""12:07 PM"",""POWL"":""12:09 PM"",""MONT"":""12:10 PM"",""EMBR"":""12:12 PM"",""WOAK"":""12:19 PM"",""12TH"":""12:24 PM"",""19TH"":""12:26 PM"",""MCAR"":""12:29 PM"",""ROCK"":""12:32 PM"",""ORIN"":""12:37 PM"",""LAFY"":""12:42 PM"",""WCRK"":""12:47 PM"",""PHIL"":""12:50 PM"",""CONC"":""12:55 PM"",""NCON"":""12:59 PM"",""PITT"":""1:05 PM""}"
weekday,2,N,2141,SFIA_DEP,40080,False,"{""SFIA_DEP"":""11:08 AM"",""SBRN"":""11:12 AM"",""SSAN"":""11:15 AM"",""COLM"":""11:19 AM"",""DALY"":""11:22 AM"",""BALB"":""11:26 AM"",""GLEN"":""11:28 AM"",""24TH"":""11:31 AM"",""16TH"":""11:33 AM"",""CIVC"":""11:35 AM"",""POWL"":""11:37 AM"",""MONT"":""11:39 AM"",""EMBR"":""11:40 AM"",""WOAK"":""11:47 AM"",""12TH"":""11:52 AM"",""19TH"":""11:54 AM"",""MCAR"":""11:58 AM"",""ROCK"":""12:01 PM"",""ORIN"":""12:06 PM"",""LAFY"":""12:11 PM"",""WCRK"":""12:15 PM"",""PHIL"":""12:18 PM"",""CONC"":""12:23 PM"",""NCON"":""12:27 PM"",""PITT"":""12:34 PM"",""PCTR"":""12:45 PM"",""ANTC"":""12:53 PM""}"
weekday,2,N,2168,SFIA_DEP,42480,False,"{""SFIA_DEP"":""11:48 AM"",""SBRN"":""11:52 AM"",""SSAN"":""11:55 AM"",""COLM"":""11:59 AM"",""DALY"":""12:02 PM"",""BALB"":""12:06 PM"",""GLEN"":""12:08 PM"",""24TH"":""12:11 PM"",""16TH"":""12:13 PM"",""CIVC"":""12:15 PM"",""POWL"":""12:17 PM"",""MONT"":""12:19 PM"",""EMBR"":""12:20 PM"",""WOAK"":""12:27 PM"",""12TH"":""12:32 PM"",""19TH"":""12:34 PM"",""MCAR"":""12:38 PM"",""ROCK"":""12:41 PM"",""ORIN"":""12:46 PM"",""LAFY"":""12:51 PM"",""WCRK"":""12:55 PM"",""PHIL"":""12:58 PM"",""CONC"":""1:03 PM"",""NCON"":""1:07 PM"",""PITT"":""1:14 PM"",""PCTR"":""1:25 PM"",""ANTC"":""1:33 PM""}"
weekday,2,N,2195,SFIA_DEP,40800,False,"{""SFIA_DEP"":""11:20 AM"",""SBRN"":""11:24 AM"",""SSAN"":""11:27 AM"",""COLM"":""11:30 AM"",""DALY"":""11:34 AM"",""BALB"":""11:37 AM"",""GLEN"":""11:40 AM"",""24TH"":""11:42 AM"",""16TH"":""11:45 AM"",""CIVC"":""11:47 AM"",""POWL"":""11:49 AM"",""MONT"":""11:50 AM"",""EMBR"":""11:52 AM"",""WOAK"":""11:59 AM"",""12TH"":""12:04 PM"",""19TH"":""12:06 PM"",""MCAR"":""12:09 PM"",""ROCK"":""12:12 PM"",""ORIN"":""12:17 PM"",""LAFY"":""12:22 PM"",""WCRK"":""12:27 PM"",""PHIL"":""12:30 PM"",""CONC"":""12:35 PM"",""NCON"":""12:39 PM"",""PITT"":""12:45 PM""}"
weekday,2,N,2220,SFIA_DEP,43200,False,"{""SFIA_DEP"":""12:00 PM"",""SBRN"":""12:04 PM"",""SSAN"":""12:07 PM"",""COLM"":""12:10 PM"",""DALY"":""12:14 PM"",""BALB"":""12:17 PM"",""GLEN"":""12:20 PM"",""24TH"":""12:22 PM"",""16TH"":""12:25 PM"",""CIVC"":""12:27 PM"",""POWL"":""12:29 PM"",""MONT"":""12:30 PM"",""EMBR"":""12:32 PM"",""WOAK"":""12:39 PM"",""12TH"":""12:44 PM"",""19TH"":""12:46 PM"",""MCAR"":""12:49 PM"",""ROCK"":""12:52 PM"",""ORIN"":""12:57 PM"",""LAFY"":""1:02 PM"",""WCRK"":""1:07 PM"",""PHIL"":""1:10 PM"",""CONC"":""1:15 PM"",""NCON"":""1:19 PM"",""PITT"":""1:25 PM""}"
weekday,2,N,2245,SFIA_DEP,41280,False,"{""SFIA_DEP"":""11:28 AM"",""SBRN"":""11:32 AM"",""SSAN"":""11:35 AM"",""COLM"":""11:39 AM"",""DALY"":""11:42 AM"",""BALB"":""11:46 AM"",""GLEN"":""11:48 AM"",""24TH"":""11:51 AM"",""16TH"":""11:53 AM"",""CIVC"":""11:55 AM"",""POWL"":""11:57 AM"",""MONT"":""11:59 AM"",""EMBR"":""12:00 PM"",""WOAK"":""12:07 PM"",""12TH"":""12:12 PM"",""19TH"":""12:14 PM"",""MCAR"":""12:18 PM"",""ROCK"":""12:21 PM"",""ORIN"":""12:26 PM"",""LAFY"":""12:31 PM"",""WCRK"":""12:35 PM"",""PHIL"":""12:38 PM"",""CONC"":""12:43 PM"",""NCON"":""12:47 PM"",""PITT"":""12:54 PM"",""PCTR"":""1:05 PM"",""ANTC"":""1:13 PM""}"
weekday,2,N,2272,SFIA_DEP,43680,False,"{""SFIA_DEP"":""12:08 PM"",""SBRN"":""12:12 PM"",""SSAN"":""12:15 PM"",""COLM"":""12:19 PM"",""DALY"":""12:22 PM"",""BALB"":""12:26 PM"",""GLEN"":""12:28 PM"",""24TH"":""12:31 PM"",""16TH"":""12:33 PM"",""CIVC"":""12:35 PM"",""POWL"":""12:37 PM"",""MONT"":""12:39 PM"",""EMBR"":""12:40 PM"",""WOAK"":""12:47 PM"",""12TH"":""12:52 PM"",""19TH"":""12:54 PM"",""MCAR"":""12:58 PM"",""ROCK"":""1:01 PM"",""ORIN"":""1:06 PM"",""LAFY"":""1:11 PM"",""WCRK"":""1:15 PM"",""PHIL"":""1:18 PM"",""CONC"":""1:23 PM"",""NCON"":""1:27 PM"",""PITT"":""1:34 PM"",""PCTR"":""1:45 PM"",""ANTC"":""1:53 PM""}"
weekday,2,N,2299,SFIA_DEP,42000,False,"{""SFIA_DEP"":""11:40 AM"",""SBRN"":""11:44 AM"",""SSAN"":""11:47 AM"",""COLM"":""11:50 AM"",""DALY"":""11:54 AM"",""BALB"":""11:57 AM"",""GLEN"":""12:00 PM"",""24TH"":""12:02 PM"",""16TH"":""12:05 PM"",""CIVC"":""12:07 PM"",""POWL"":""12:09 PM"",""MONT"":""12:10 PM"",""EMBR"":""12:12 PM"",""WOAK"":""12:19 PM"",""12TH"":""12:24 PM"",""19TH"":""12:26 PM"",""MCAR"":""12:29 PM"",""ROCK"":""12:32 PM"",""ORIN"":""12:37 PM"",""LAFY"":""12:42 PM"",""WCRK"":""12:47 PM"",""PHIL"":""12:50 PM"",""CONC"":""12:55 PM"",""NCON"":""12:59 PM"",""PITT"":""1:05 PM""}"
weekday,2,N,2324,SFIA_DEP,44400,False,"{""SFIA_DEP"":""12:20 PM"",""SBRN"":""12:24 PM"",""SSAN"":""12:27 PM"",""COLM"":""12:30 PM"",""DALY"":""12:34 PM"",""BALB"":""12:37 PM"",""GLEN"":""12:40 PM"",""24TH"":""12:42 PM"",""16TH"":""12:45 PM"",""CIVC"":""12:47 PM"",""POWL"":""12:49 PM"",""MONT"":""12:50 PM"",""EMBR"":""12:52 PM"",""WOAK"":""12:59 PM"",""12TH"":""1:04 PM"",""19TH"":""1:06 PM"",""MCAR"":""1:09 PM"",""ROCK"":""1:12 PM"",""ORIN"":""1:17 PM"",""LAFY"":""1:22 PM"",""WCRK"":""1:27 PM"",""PHIL"":""1:30 PM"",""CONC"":""1:35 PM"",""NCON"":""1:39 PM"",""PITT"":""1:45 PM""}"
weekday,2,N,2349,SFIA_DEP,42480,False,"{""SFIA_DEP"":""11:48 AM"",""SBRN"":""11:52 AM"",""SSAN"":""11:55 AM"",""COLM"":""11:59 AM"",""DALY"":""12:02 PM"",""BALB"":""12:06 PM"",""GLEN"":""12:08 PM"",""24TH"":""12:11 PM"",""16TH"":""12:13 PM"",""CIVC"":""12:15 PM"",""POWL"":""12:17 PM"",""MONT"":""12:19 PM"",""EMBR"":""12:20 PM"",""WOAK"":""12:27 PM"",""12TH"":""12:32 PM"",""19TH"":""12:34 PM"",""MCAR"":""12:38 PM"",""ROCK"":""12:41 PM"",""ORIN"":""12:46 PM"",""LAFY"":""12:51 PM"",""WCRK"":""12:55 PM"",""PHIL"":""12:58 PM"",""CONC"":""1:03 PM"",""NCON"":""1:07 PM"",""PITT"":""1:14 PM"",""PCTR"":""1:25 PM"",""ANTC"":""1:33 PM""}"
weekday,2,N,2376,SFIA_DEP,44880,False,"{""SFIA_DEP"":""12:28 PM"",""SBRN"":""12:32 PM"",""SSAN"":""12:35 PM"",""COLM"":""12:39 PM"",""DALY"":""12:42 PM"",""BALB"":""12:46 PM"",""GLEN"":""12:48 PM"",""24TH"":""12:51 PM"",""16TH"":""12:53 PM"",""CIVC"":""12:55 PM"",""POWL"":""12:57 PM"",""MONT"":""12:59 PM"",""EMBR"":""1:00 PM"",""WOAK"":""1:07 PM"",""12TH"":""1:12 PM"",""19TH"":""1:14 PM"",""MCAR"":""1:18 PM"",""ROCK"":""1:21 PM"",""ORIN"":""1:26 PM"",""LAFY"":""1:31 PM"",""WCRK"":""1:35 PM"",""PHIL"":""1:38 PM"",""CONC"":""1:43 PM"",""NCON"":""1:47 PM"",""PITT"":""1:54 PM"",""PCTR"":""2:05 PM"",""ANTC"":""2:13 PM""}"
weekday,2,N,2403,SFIA_DEP,43200,False,"{""SFIA_DEP"":""12:00 PM"",""SBRN"":""12:04 PM"",""SSAN"":""12:07 PM"",""COLM"":""12:10 PM"",""DALY"":""12:14 PM"",""BALB"":""12:17 PM"",""GLEN"":""12:20 PM"",""24TH"":""12:22 PM"",""16TH"":""12:25 PM"",""CIVC"":""12:27 PM"",""POWL"":""12:29 PM"",""MONT"":""12:30 PM"",""EMBR"":""12:32 PM"",""WOAK"":""12:39 PM"",""12TH"":""12:44 PM"",""19TH"":""12:46 PM"",""MCAR"":""12:49 PM"",""ROCK"":""12:52 PM"",""ORIN"":""12:57 PM"",""LAFY"":""1:02 PM"",""WCRK"":""1:07 PM"",""PHIL"":""1:10 PM"",""CONC"":""1:15 PM"",""NCON"":""1:19 PM"",""PITT"":""1:25 PM""}"
weekday,2,N,2428,SFIA_DEP,45600,False,"{""SFIA_DEP"":""12:40 PM"",""SBRN"":""12:44 PM"",""SSAN"":""12:47 PM"",""COLM"":""12:50 PM"",""DALY"":""12:54 PM"",""BALB"":""12:57 PM"",""GLEN"":""1:00 PM"",""24TH"":""1:02 PM"",""16TH"":""1:05 PM"",""CIVC"":""1:07 PM"",""POWL"":""1:09 PM"",""MONT"":""1:10 PM"",""EMBR"":""1:12 PM"",""WOAK"":""1:19 PM"",""12TH"":""1:24 PM"",""19TH"":""1:26 PM"",""MCAR"":""1:29 PM"",""ROCK"":""1:32 PM"",""ORIN"":""1:37 PM"",""LAFY"":""1:42 PM"",""WCRK"":""1:47 PM"",""PHIL"":""1:50 PM"",""CONC"":""1:55 PM"",""NCON"":""1:59 PM"",""PITT"":""2:05 PM""}"
weekday,2,N,2453,SFIA_DEP,43680,False,"{""SFIA_DEP"":""12:08 PM"",""SBRN"":""12:12 PM"",""SSAN"":""12:15 PM"",""COLM"":""12:19 PM"",""DALY"":""12:22 PM"",""BALB"":""12:26 PM"",""GLEN"":""12:28 PM"",""24TH"":""12:31 PM"",""16TH"":""12:33 PM"",""CIVC"":""12:35 PM"",""POWL"":""12:37 PM"",""MONT"":""12:39 PM"",""EMBR"":""12:40 PM"",""WOAK"":""12:47 PM"",""12TH"":""12:52 PM"",""19TH"":""12:54 PM"",""MCAR"":""12:58 PM"",""ROCK"":""1:01 PM"",""ORIN"":""1:06 PM"",""LAFY"":""1:11 PM"",""WCRK"":""1:15 PM"",""PHIL"":""1:18 PM"",""CONC"":""1:23 PM"",""NCON"":""1:27 PM"",""PITT"":""1:34 PM"",""PCTR"":""1:45 PM"",""ANTC"":""1:53 PM""}"
weekday,2,N,2480,SFIA_DEP,46080,False,"{""SFIA_DEP"":""12:48 PM"",""SBRN"":""12:52 PM"",""SSAN"":""12:55 PM"",""COLM"":""12:59 PM"",""DALY"":""1:02 PM"",""BALB"":""1:06 PM"",""GLEN"":""1:08 PM"",""24TH"":""1:11 PM"",""16TH"":""1:13 PM"",""CIVC"":""1:15 PM"",""POWL"":""1:17 PM"",""MONT"":""1:19 PM"",""EMBR"":""1:20 PM"",""WOAK"":""1:27 PM"",""12TH"":""1:32 PM"",""19TH"":""1:34 PM"",""MCAR"":""1:38 PM"",""ROCK"":""1:41 PM"",""ORIN"":""1:46 PM"",""LAFY"":""1:51 PM"",""WCRK"":""1:55 PM"",""PHIL"":""1:58 PM"",""CONC"":""2:03 PM"",""NCON"":""2:07 PM"",""PITT"":""2:14 PM"",""PCTR"":""2:25 PM"",""ANTC"":""2:33 PM""}"
weekday,2,N,2507,SFIA_DEP,44400,False,"{""SFIA_DEP"":""12:20 PM"",""SBRN"":""12:24 PM"",""SSAN"":""12:27 PM"",""COLM"":""12:30 PM"",""DALY"":""12:34 PM"",""BALB"":""12:37 PM"",""GLEN"":""12:40 PM"",""24TH"":""12:42 PM"",""16TH"":""12:45 PM"",""CIVC"":""12:47 PM"",""POWL"":""12:49 PM"",""MONT"":""12:50 PM"",""EMBR"":""12:52 PM"",""WOAK"":""12:59 PM"",""12TH"":""1:04 PM"",""19TH"":""1:06 PM"",""MCAR"":""1:09 PM"",""ROCK"":""1:12 PM"",""ORIN"":""1:17 PM"",""LAFY"":""1:22 PM"",""WCRK"":""1:27 PM"",""PHIL"":""1:30 PM"",""CONC"":""1:35 PM"",""NCON"":""1:39 PM"",""PITT"":""1:45 PM""}"
weekday,2,N,2532,SFIA_DEP,46800,False,"{""SFIA_DEP"":""1:00 PM"",""SBRN"":""1:04 PM"",""SSAN"":""1:07 PM"",""COLM"":""1:10 PM"",""DALY"":""1:14 PM"",""BALB"":""1:17 PM"",""GLEN"":""1:20 PM"",""24TH"":""1:22 PM"",""16TH"":""1:25 PM"",""CIVC"":""1:27 PM"",""POWL"":""1:29 PM"",""MONT"":""1:30 PM"",""EMBR"":""1:32 PM"",""WOAK"":""1:39 PM"",""12TH"":""1:44 PM"",""19TH"":""1:46 PM"",""MCAR"":""1:49 PM"",""ROCK"":""1:52 PM"",""ORIN"":""1:57 PM"",""LAFY"":""2:02 PM"",""WCRK"":""2:07 PM"",""PHIL"":""2:10 PM"",""CONC"":""2:15 PM"",""NCON"":""2:19 PM"",""PITT"":""2:25 PM""}"
weekday,2,N,2557,SFIA_DEP,44880,False,"{""SFIA_DEP"":""12:28 PM"",""SBRN"":""12:32 PM"",""SSAN"":""12:35 PM"",""COLM"":""12:39 PM"",""DALY"":""12:42 PM"",""BALB"":""12:46 PM"",""GLEN"":""12:48 PM"",""24TH"":""12:51 PM"",""16TH"":""12:53 PM"",""CIVC"":""12:55 PM"",""POWL"":""12:57 PM"",""MONT"":""12:59 PM"",""EMBR"":""1:00 PM"",""WOAK"":""1:07 PM"",""12TH"":""1:12 PM"",""19TH"":""1:14 PM"",""MCAR"":""1:18 PM"",""ROCK"":""1:21 PM"",""ORIN"":""1:26 PM"",""LAFY"":""1:31 PM"",""WCRK"":""1:35 PM"",""PHIL"":""1:38 PM"",""CONC"":""1:43 PM"",""NCON"":""1:47 PM"",""PITT"":""1:54 PM"",""PCTR"":""2:05 PM"",""ANTC"":""2:13 PM""}"
weekday,2,N,2584,SFIA_DEP,47280,False,"{""SFIA_DEP"":""1:08 PM"",""SBRN"":""1:12 PM"",""SSAN"":""1:15 PM"",""COLM"":""1:19 PM"",""DALY"":""1:22 PM"",""BALB"":""1:26 PM"",""GLEN"":""1:28 PM"",""24TH"":""1:31 PM"",""16TH"":""1:33 PM"",""CIVC"":""1:35 PM"",""POWL"":""1:37 PM"",""MONT"":""1:39 PM"",""EMBR"":""1:40 PM"",""WOAK"":""1:47 PM"",""12TH"":""1:52 PM"",""19TH"":""1:54 PM"",""MCAR"":""1:58 PM"",""ROCK"":""2:01 PM"",""ORIN"":""2:06 PM"",""LAFY"":""2:11 PM"",""WCRK"":""2:15 PM"",""PHIL"":""2:18 PM"",""CONC"":""2:23 PM"",""NCON"":""2:27 PM"",""PITT"":""2:34 PM"",""PCTR"":""2:45 PM"",""ANTC"":""2:53 PM""}"
weekday,2,N,2611,SFIA_DEP,45600,False,"{""SFIA_DEP"":""12:40 PM"",""SBRN"":""12:44 PM"",""SSAN"":""12:47 PM"",""COLM"":""12:50 PM"",""DALY"":""12:54 PM"",""BALB"":""12:57 PM"",""GLEN"":""1:00 PM"",""24TH"":""1:02 PM"",""16TH"":""1:05 PM"",""CIVC"":""1:07 PM"",""POWL"":""1:09 PM"",""MONT"":""1:10 PM"",""EMBR"":""1:12 PM"",""WOAK"":""1:19 PM"",""12TH"":""1:24 PM"",""19TH"":""1:26 PM"",""MCAR"":""1:29 PM"",""ROCK"":""1:32 PM"",""ORIN"":""1:37 PM"",""LAFY"":""1:42 PM"",""WCRK"":""1:47 PM"",""PHIL"":""1:50 PM"",""CONC"":""1:55 PM"",""NCON"":""1:59 PM"",""PITT"":""2:05 PM""}"
weekday,2,N,2636,SFIA_DEP,48000,False,"{""SFIA_DEP"":""1:20 PM"",""SBRN"":""1:24 PM"",""SSAN"":""1:27 PM"",""COLM"":""1:30 PM"",""DALY"":""1:34 PM"",""BALB"":""1:37 PM"",""GLEN"":""1:40 PM"",""24TH"":""1:42 PM"",""16TH"":""1:45 PM"",""CIVC"":""1:47 PM"",""POWL"":""1:49 PM"",""MONT"":""1:50 PM"",""EMBR"":""1:52 PM"",""WOAK"":""1:59 PM"",""12TH"":""2:04 PM"",""19TH"":""2:06 PM"",""MCAR"":""2:09 PM"",""ROCK"":""2:12 PM"",""ORIN"":""2:17 PM"",""LAFY"":""2:22 PM"",""WCRK"":""2:27 PM"",""PHIL"":""2:30 PM"",""CONC"":""2:35 PM"",""NCON"":""2:39 PM"",""PITT"":""2:45 PM""}"
weekday,2,N,2661,SFIA_DEP,46080,False,"{""SFIA_DEP"":""12:48 PM"",""SBRN"":""12:52 PM"",""SSAN"":""12:55 PM"",""COLM"":""12:59 PM"",""DALY"":""1:02 PM"",""BALB"":""1:06 PM"",""GLEN"":""1:08 PM"",""24TH"":""1:11 PM"",""16TH"":""1:13 PM"",""CIVC"":""1:15 PM"",""POWL"":""1:17 PM"",""MONT"":""1:19 PM"",""EMBR"":""1:20 PM"",""WOAK"":""1:27 PM"",""12TH"":""1:32 PM"",""19TH"":""1:34 PM"",""MCAR"":""1:38 PM"",""ROCK"":""1:41 PM"",""ORIN"":""1:46 PM"",""LAFY"":""1:51 PM"",""WCRK"":""1:55 PM"",""PHIL"":""1:58 PM"",""CONC"":""2:03 PM"",""NCON"":""2:07 PM"",""PITT"":""2:14 PM"",""PCTR"":""2:25 PM"",""ANTC"":""2:33 PM""}"
weekday,2,N,2688,SFIA_DEP,48480,False,"{""SFIA_DEP"":""1:28 PM"",""SBRN"":""1:32 PM"",""SSAN"":""1:35 PM"",""COLM"":""1:39 PM"",""DALY"":""1:42 PM"",""BALB"":""1:46 PM"",""GLEN"":""1:48 PM"",""24TH"":""1:51 PM"",""16TH"":""1:53 PM"",""CIVC"":""1:55 PM"",""POWL"":""1:57 PM"",""MONT"":""1:59 PM"",""EMBR"":""2:00 PM"",""WOAK"":""2:07 PM"",""12TH"":""2:12 PM"",""19TH"":""2:14 PM"",""MCAR"":""2:18 PM"",""ROCK"":""2:21 PM"",""ORIN"":""2:26 PM"",""LAFY"":""2:31 PM"",""WCRK"":""2:35 PM"",""PHIL"":""2:38 PM"",""CONC"":""2:43 PM"",""NCON"":""2:47 PM"",""PITT"":""2:54 PM"",""PCTR"":""3:05 PM"",""ANTC"":""3:13 PM""}"
weekday,2,N,2715,SFIA_DEP,46800,False,"{""SFIA_DEP"":""1:00 PM"",""SBRN"":""1:04 PM"",""SSAN"":""1:07 PM"",""COLM"":""1:10 PM"",""DALY"":""1:14 PM"",""BALB"":""1:17 PM"",""GLEN"":""1:20 PM"",""24TH"":""1:22 PM"",""16TH"":""1:25 PM"",""CIVC"":""1:27 PM"",""POWL"":""1:29 PM"",""MONT"":""1:30 PM"",""EMBR"":""1:32 PM"",""WOAK"":""1:39 PM"",""12TH"":""1:44 PM"",""19TH"":""1:46 PM"",""MCAR"":""1:49 PM"",""ROCK"":""1:52 PM"",""ORIN"":""1:57 PM"",""LAFY"":""2:02 PM"",""WCRK"":""2:07 PM"",""PHIL"":""2:10 PM"",""CONC"":""2:15 PM"",""NCON"":""2:19 PM"",""PITT"":""2:25 PM""}"
weekday,2,N,2740,SFIA_DEP,49200,False,"{""SFIA_DEP"":""1:40 PM"",""SBRN"":""1:44 PM"",""SSAN"":""1:47 PM"",""COLM"":""1:50 PM"",""DALY"":""1:54 PM"",""BALB"":""1:57 PM"",""GLEN"":""2:00 PM"",""24TH"":""2:02 PM"",""16TH"":""2:05 PM"",""CIVC"":""2:07 PM"",""POWL"":""2:09 PM"",""MONT"":""2:10 PM"",""EMBR"":""2:12 PM"",""WOAK"":""2:19 PM"",""12TH"":""2:24 PM"",""19TH"":""2:26 PM"",""MCAR"":""2:29 PM"",""ROCK"":""2:32 PM"",""ORIN"":""2:37 PM"",""LAFY"":""2:42 PM"",""WCRK"":""2:47 PM"",""PHIL"":""2:50 PM"",""CONC"":""2:55 PM"",""NCON"":""2:59 PM"",""PITT"":""3:05 PM""}"
weekday,2,N,2765,SFIA_DEP,47280,False,"{""SFIA_DEP"":""1:08 PM"",""SBRN"":""1:12 PM"",""SSAN"":""1:15 PM"",""COLM"":""1:19 PM"",""DALY"":""1:22 PM"",""BALB"":""1:26 PM"",""GLEN"":""1:28 PM"",""24TH"":""1:31 PM"",""16TH"":""1:33 PM"",""CIVC"":""1:35 PM"",""POWL"":""1:37 PM"",""MONT"":""1:39 PM"",""EMBR"":""1:40 PM"",""WOAK"":""1:47 PM"",""12TH"":""1:52 PM"",""19TH"":""1:54 PM"",""MCAR"":""1:58 PM"",""ROCK"":""2:01 PM"",""ORIN"":""2:06 PM"",""LAFY"":""2:11 PM"",""WCRK"":""2:15 PM"",""PHIL"":""2:18 PM"",""CONC"":""2:23 PM"",""NCON"":""2:27 PM"",""PITT"":""2:34 PM"",""PCTR"":""2:45 PM"",""ANTC"":""2:53 PM""}"
weekday,2,N,2792,SFIA_DEP,49680,False,"{""SFIA_DEP"":""1:48 PM"",""SBRN"":""1:52 PM"",""SSAN"":""1:55 PM"",""COLM"":""1:59 PM"",""DALY"":""2:02 PM"",""BALB"":""2:06 PM"",""GLEN"":""2:08 PM"",""24TH"":""2:11 PM"",""16TH"":""2:13 PM"",""CIVC"":""2:15 PM"",""POWL"":""2:17 PM"",""MONT"":""2:19 PM"",""EMBR"":""2:20 PM"",""WOAK"":""2:27 PM"",""12TH"":""2:32 PM"",""19TH"":""2:34 PM"",""MCAR"":""2:38 PM"",""ROCK"":""2:41 PM"",""ORIN"":""2:46 PM"",""LAFY"":""2:51 PM"",""WCRK"":""2:55 PM"",""PHIL"":""2:58 PM"",""CONC"":""3:03 PM"",""NCON"":""3:07 PM"",""PITT"":""3:14 PM"",""PCTR"":""3:25 PM"",""ANTC"":""3:33 PM""}"
weekday,2,N,2819,SFIA_DEP,48000,False,"{""SFIA_DEP"":""1:20 PM"",""SBRN"":""1:24 PM"",""SSAN"":""1:27 PM"",""COLM"":""1:30 PM"",""DALY"":""1:34 PM"",""BALB"":""1:37 PM"",""GLEN"":""1:40 PM"",""24TH"":""1:42 PM"",""16TH"":""1:45 PM"",""CIVC"":""1:47 PM"",""POWL"":""1:49 PM"",""MONT"":""1:50 PM"",""EMBR"":""1:52 PM"",""WOAK"":""1:59 PM"",""12TH"":""2:04 PM"",""19TH"":""2:06 PM"",""MCAR"":""2:09 PM"",""ROCK"":""2:12 PM"",""ORIN"":""2:17 PM"",""LAFY"":""2:22 PM"",""WCRK"":""2:27 PM"",""PHIL"":""2:30 PM"",""CONC"":""2:35 PM"",""NCON"":""2:39 PM"",""PITT"":""2:45 PM""}"
weekday,2,N,2844,SFIA_DEP,50400,False,"{""SFIA_DEP"":""2:00 PM"",""SBRN"":""2:04 PM"",""SSAN"":""2:07 PM"",""COLM"":""2:10 PM"",""DALY"":""2:14 PM"",""BALB"":""2:17 PM"",""GLEN"":""2:20 PM"",""24TH"":""2:22 PM"",""16TH"":""2:25 PM"",""CIVC"":""2:27 PM"",""POWL"":""2:29 PM"",""MONT"":""2:30 PM"",""EMBR"":""2:32 PM"",""WOAK"":""2:39 PM"",""12TH"":""2:44 PM"",""19TH"":""2:46 PM"",""MCAR"":""2:49 PM"",""ROCK"":""2:52 PM"",""ORIN"":""2:57 PM"",""LAFY"":""3:02 PM"",""WCRK"":""3:07 PM"",""PHIL"":""3:10 PM"",""CONC"":""3:15 PM"",""NCON"":""3:19 PM"",""PITT"":""3:25 PM""}"
weekday,2,N,2869,SFIA_DEP,48480,False,"{""SFIA_DEP"":""1:28 PM"",""SBRN"":""1:32 PM"",""SSAN"":""1:35 PM"",""COLM"":""1:39 PM"",""DALY"":""1:42 PM"",""BALB"":""1:46 PM"",""GLEN"":""1:48 PM"",""24TH"":""1:51 PM"",""16TH"":""1:53 PM"",""CIVC"":""1:55 PM"",""POWL"":""1:57 PM"",""MONT"":""1:59 PM"",""EMBR"":""2:00 PM"",""WOAK"":""2:07 PM"",""12TH"":""2:12 PM"",""19TH"":""2:14 PM"",""MCAR"":""2:18 PM"",""ROCK"":""2:21 PM"",""ORIN"":""2:26 PM"",""LAFY"":""2:31 PM"",""WCRK"":""2:35 PM"",""PHIL"":""2:38 PM"",""CONC"":""2:43 PM"",""NCON"":""2:47 PM"",""PITT"":""2:54 PM"",""PCTR"":""3:05 PM"",""ANTC"":""3:13 PM""}"
weekday,2,N,2896,SFIA_DEP,50880,False,"{""SFIA_DEP"":""2:08 PM"",""SBRN"":""2:12 PM"",""SSAN"":""2:15 PM"",""COLM"":""2:19 PM"",""DALY"":""2:22 PM"",""BALB"":""2:26 PM"",""GLEN"":""2:28 PM"",""24TH"":""2:31 PM"",""16TH"":""2:33 PM"",""CIVC"":""2:35 PM"",""POWL"":""2:37 PM"",""MONT"":""2:39 PM"",""EMBR"":""2:40 PM"",""WOAK"":""2:47 PM"",""12TH"":""2:52 PM"",""19TH"":""2:54 PM"",""MCAR"":""2:58 PM"",""ROCK"":""3:01 PM"",""ORIN"":""3:06 PM"",""LAFY"":""3:11 PM"",""WCRK"":""3:15 PM"",""PHIL"":""3:18 PM"",""CONC"":""3:23 PM"",""NCON"":""3:27 PM"",""PITT"":""3:34 PM"",""PCTR"":""3:45 PM"",""ANTC"":""3:53 PM""}"
weekday,2,N,2923,SFIA_DEP,49200,False,"{""SFIA_DEP"":""1:40 PM"",""SBRN"":""1:44 PM"",""SSAN"":""1:47 PM"",""COLM"":""1:50 PM"",""DALY"":""1:54 PM"",""BALB"":""1:57 PM"",""GLEN"":""2:00 PM"",""24TH"":""2:02 PM"",""16TH"":""2:05 PM"",""CIVC"":""2:07 PM"",""POWL"":""2:09 PM"",""MONT"":""2:10 PM"",""EMBR"":""2:12 PM"",""WOAK"":""2:19 PM"",""12TH"":""2:24 PM"",""19TH"":""2:26 PM"",""MCAR"":""2:29 PM"",""ROCK"":""2:32 PM"",""ORIN"":""2:37 PM"",""LAFY"":""2:42 PM"",""WCRK"":""2:47 PM"",""PHIL"":""2:50 PM"",""CONC"":""2:55 PM"",""NCON"":""2:59 PM"",""PITT"":""3:05 PM""}"
weekday,2,N,2948,SFIA_DEP,51600,False,"{""SFIA_DEP"":""2:20 PM"",""SBRN"":""2:24 PM"",""SSAN"":""2:27 PM"",""COLM"":""2:30 PM"",""DALY"":""2:34 PM"",""BALB"":""2:37 PM"",""GLEN"":""2:40 PM"",""24TH"":""2:42 PM"",""16TH"":""2:45 PM"",""CIVC"":""2:47 PM"",""POWL"":""2:49 PM"",""MONT"":""2:50 PM"",""EMBR"":""2:52 PM"",""WOAK"":""2:59 PM"",""12TH"":""3:04 PM"",""19TH"":""3:06 PM"",""MCAR"":""3:09 PM"",""ROCK"":""3:12 PM"",""ORIN"":""3:17 PM"",""LAFY"":""3:22 PM"",""WCRK"":""3:27 PM"",""PHIL"":""3:30 PM"",""CONC"":""3:35 PM"",""NCON"":""3:39 PM"",""PITT"":""3:45 PM""}"
weekday,2,N,2973,SFIA_DEP,49680,False,"{""SFIA_DEP"":""1:48 PM"",""SBRN"":""1:52 PM"",""SSAN"":""1:55 PM"",""COLM"":""1:59 PM"",""DALY"":""2:02 PM"",""BALB"":""2:06 PM"",""GLEN"":""2:08 PM"",""24TH"":""2:11 PM"",""16TH"":""2:13 PM"",""CIVC"":""2:15 PM"",""POWL"":""2:17 PM"",""MONT"":""2:19 PM"",""EMBR"":""2:20 PM"",""WOAK"":""2:27 PM"",""12TH"":""2:32 PM"",""19TH"":""2:34 PM"",""MCAR"":""2:38 PM"",""ROCK"":""2:41 PM"",""ORIN"":""2:46 PM"",""LAFY"":""2:51 PM"",""WCRK"":""2:55 PM"",""PHIL"":""2:58 PM"",""CONC"":""3:03 PM"",""NCON"":""3:07 PM"",""PITT"":""3:14 PM"",""PCTR"":""3:25 PM"",""ANTC"":""3:33 PM""}"
weekday,2,N,3000,SFIA_DEP,52080,False,"{""SFIA_DEP"":""2:28 PM"",""SBRN"":""2:32 PM"",""SSAN"":""2:35 PM"",""COLM"":""2:39 PM"",""DALY"":""2:42 PM"",""BALB"":""2:46 PM"",""GLEN"":""2:48 PM"",""24TH"":""2:51 PM"",""16TH"":""2:53 PM"",""CIVC"":""2:55 PM"",""POWL"":""2:57 PM"",""MONT"":""2:59 PM"",""EMBR"":""3:00 PM"",""WOAK"":""3:07 PM"",""12TH"":""3:12 PM"",""19TH"":""3:14 PM"",""MCAR"":""3:18 PM"",""ROCK"":""3:21 PM"",""ORIN"":""3:26 PM"",""LAFY"":""3:31 PM"",""WCRK"":""3:35 PM"",""PHIL"":""3:38 PM"",""CONC"":""3:43 PM"",""NCON"":""3:47 PM"",""PITT"":""3:54 PM"",""PCTR"":""4:05 PM"",""ANTC"":""4:13 PM""}"
weekday,2,N,3027,SFIA_DEP,50400,False,"{""SFIA_DEP"":""2:00 PM"",""SBRN"":""2:04 PM"",""SSAN"":""2:07 PM"",""COLM"":""2:10 PM"",""DALY"":""2:14 PM"",""BALB"":""2:17 PM"",""GLEN"":""2:20 PM"",""24TH"":""2:22 PM"",""16TH"":""2:25 PM"",""CIVC"":""2:27 PM"",""POWL"":""2:29 PM"",""MONT"":""2:30 PM"",""EMBR"":""2:32 PM"",""WOAK"":""2:39 PM"",""12TH"":""2:44 PM"",""19TH"":""2:46 PM"",""MCAR"":""2:49 PM"",""ROCK"":""2:52 PM"",""ORIN"":""2:57 PM"",""LAFY"":""3:02 PM"",""WCRK"":""3:07 PM"",""PHIL"":""3:10 PM"",""CONC"":""3:15 PM"",""NCON"":""3:19 PM"",""PITT"":""3:25 PM""}"
weekday,2,N,3052,SFIA_DEP,52800,False,"{""SFIA_DEP"":""2:40 PM"",""SBRN"":""2:44 PM"",""SSAN"":""2:47 PM"",""COLM"":""2:50 PM"",""DALY"":""2:54 PM"",""BALB"":""2:57 PM"",""GLEN"":""3:00 PM"",""24TH"":""3:02 PM"",""16TH"":""3:05 PM"",""CIVC"":""3:07 PM"",""POWL"":""3:09 PM"",""MONT"":""3:10 PM"",""EMBR"":""3:12 PM"",""WOAK"":""3:19 PM"",""12TH"":""3:24 PM"",""19TH"":""3:26 PM"",""MCAR"":""3:29 PM"",""ROCK"":""3:32 PM"",""ORIN"":""3:37 PM"",""LAFY"":""3:42 PM"",""WCRK"":""3:47 PM"",""PHIL"":""3:50 PM"",""CONC"":""3:55 PM"",""NCON"":""3:59 PM"",""PITT"":""4:05 PM""}"
weekday,2,N,3077,SFIA_DEP,50880,False,"{""SFIA_DEP"":""2:08 PM"",""SBRN"":""2:12 PM"",""SSAN"":""2:15 PM"",""COLM"":""2:19 PM"",""DALY"":""2:22 PM"",""BALB"":""2:26 PM"",""GLEN"":""2:28 PM"",""24TH"":""2:31 PM"",""16TH"":""2:33 PM"",""CIVC"":""2:35 PM"",""POWL"":""2:37 PM"",""MONT"":""2:39 PM"",""EMBR"":""2:40 PM"",""WOAK"":""2:47 PM"",""12TH"":""2:52 PM"",""19TH"":""2:54 PM"",""MCAR"":""2:58 PM"",""ROCK"":""3:01 PM"",""ORIN"":""3:06 PM"",""LAFY"":""3:11 PM"",""WCRK"":""3:15 PM"",""PHIL"":""3:18 PM"",""CONC"":""3:23 PM"",""NCON"":""3:27 PM"",""PITT"":""3:34 PM"",""PCTR"":""3:45 PM"",""ANTC"":""3:53 PM""}"
weekday,2,N,3104,SFIA_DEP,53280,False,"{""SFIA_DEP"":""2:48 PM"",""SBRN"":""2:52 PM"",""SSAN"":""2:55 PM"",""COLM"":""2:59 PM"",""DALY"":""3:02 PM"",""BALB"":""3:06 PM"",""GLEN"":""3:08 PM"",""24TH"":""3:11 PM"",""16TH"":""3:13 PM"",""CIVC"":""3:15 PM"",""POWL"":""3:17 PM"",""MONT"":""3:19 PM"",""EMBR"":""3:20 PM"",""WOAK"":""3:27 PM"",""12TH"":""3:32 PM"",""19TH"":""3:34 PM"",""MCAR"":""3:38 PM"",""ROCK"":""3:41 PM"",""ORIN"":""3:46 PM"",""LAFY"":""3:51 PM"",""WCRK"":""3:55 PM"",""PHIL"":""3:58 PM"",""CONC"":""4:03 PM"",""NCON"":""4:07 PM"",""PITT"":""4:14 PM"",""PCTR"":""4:25 PM"",""ANTC"":""4:33 PM""}"
weekday,2,N,3131,SFIA_DEP,51600,False,"{""SFIA_DEP"":""2:20 PM"",""SBRN"":""2:24 PM"",""SSAN"":""2:27 PM"",""COLM"":""2:30 PM"",""DALY"":""2:34 PM"",""BALB"":""2:37 PM"",""GLEN"":""2:40 PM"",""24TH"":""2:42 PM"",""16TH"":""2:45 PM"",""CIVC"":""2:47 PM"",""POWL"":""2:49 PM"",""MONT"":""2:50 PM"",""EMBR"":""2:52 PM"",""WOAK"":""2:59 PM"",""12TH"":""3:04 PM"",""19TH"":""3:06 PM"",""MCAR"":""3:09 PM"",""ROCK"":""3:12 PM"",""ORIN"":""3:17 PM"",""LAFY"":""3:22 PM"",""WCRK"":""3:27 PM"",""PHIL"":""3:30 PM"",""CONC"":""3:35 PM"",""NCON"":""3:39 PM"",""PITT"":""3:45 PM""}"
weekday,2,N,3156,SFIA_DEP,54000,False,"{""SFIA_DEP"":""3:00 PM"",""SBRN"":""3:04 PM"",""SSAN"":""3:07 PM"",""COLM"":""3:10 PM"",""DALY"":""3:14 PM"",""BALB"":""3:17 PM"",""GLEN"":""3:20 PM"",""24TH"":""3:22 PM"",""16TH"":""3:25 PM"",""CIVC"":""3:27 PM"",""POWL"":""3:29 PM"",""MONT"":""3:30 PM"",""EMBR"":""3:32 PM"",""WOAK"":""3:39 PM"",""12TH"":""3:44 PM"",""19TH"":""3:46 PM"",""MCAR"":""3:49 PM"",""ROCK"":""3:52 PM"",""ORIN"":""3:57 PM"",""LAFY"":""4:02 PM"",""WCRK"":""4:07 PM"",""PHIL"":""4:10 PM"",""CONC"":""4:15 PM"",""NCON"":""4:19 PM"",""PITT"":""4:25 PM""}"
weekday,2,N,3181,SFIA_DEP,52080,False,"{""SFIA_DEP"":""2:28 PM"",""SBRN"":""2:32 PM"",""SSAN"":""2:35 PM"",""COLM"":""2:39 PM"",""DALY"":""2:42 PM"",""BALB"":""2:46 PM"",""GLEN"":""2:48 PM"",""24TH"":""2:51 PM"",""16TH"":""2:53 PM"",""CIVC"":""2:55 PM"",""POWL"":""2:57 PM"",""MONT"":""2:59 PM"",""EMBR"":""3:00 PM"",""WOAK"":""3:07 PM"",""12TH"":""3:12 PM"",""19TH"":""3:14 PM"",""MCAR"":""3:18 PM"",""ROCK"":""3:21 PM"",""ORIN"":""3:26 PM"",""LAFY"":""3:31 PM"",""WCRK"":""3:35 PM"",""PHIL"":""3:38 PM"",""CONC"":""3:43 PM"",""NCON"":""3:47 PM"",""PITT"":""3:54 PM"",""PCTR"":""4:05 PM"",""ANTC"":""4:13 PM""}"
weekday,2,N,3208,SFIA_DEP,54480,False,"{""SFIA_DEP"":""3:08 PM"",""SBRN"":""3:12 PM"",""SSAN"":""3:15 PM"",""COLM"":""3:19 PM"",""DALY"":""3:22 PM"",""BALB"":""3:26 PM"",""GLEN"":""3:28 PM"",""24TH"":""3:31 PM"",""16TH"":""3:33 PM"",""CIVC"":""3:35 PM"",""POWL"":""3:37 PM"",""MONT"":""3:39 PM"",""EMBR"":""3:40 PM"",""WOAK"":""3:47 PM"",""12TH"":""3:52 PM"",""19TH"":""3:54 PM"",""MCAR"":""3:58 PM"",""ROCK"":""4:01 PM"",""ORIN"":""4:06 PM"",""LAFY"":""4:11 PM"",""WCRK"":""4:15 PM"",""PHIL"":""4:18 PM"",""CONC"":""4:23 PM"",""NCON"":""4:27 PM"",""PITT"":""4:34 PM"",""PCTR"":""4:45 PM"",""ANTC"":""4:53 PM""}"
weekday,2,N,3235,SFIA_DEP,52800,False,"{""SFIA_DEP"":""2:40 PM"",""SBRN"":""2:44 PM"",""SSAN"":""2:47 PM"",""COLM"":""2:50 PM"",""DALY"":""2:54 PM"",""BALB"":""2:57 PM"",""GLEN"":""3:00 PM"",""24TH"":""3:02 PM"",""16TH"":""3:05 PM"",""CIVC"":""3:07 PM"",""POWL"":""3:09 PM"",""MONT"":""3:10 PM"",""EMBR"":""3:12 PM"",""WOAK"":""3:19 PM"",""12TH"":""3:24 PM"",""19TH"":""3:26 PM"",""MCAR"":""3:29 PM"",""ROCK"":""3:32 PM"",""ORIN"":""3:37 PM"",""LAFY"":""3:42 PM"",""WCRK"":""3:47 PM"",""PHIL"":""3:50 PM"",""CONC"":""3:55 PM"",""NCON"":""3:59 PM"",""PITT"":""4:05 PM""}"
weekday,2,N,3260,SFIA_DEP,55200,False,"{""SFIA_DEP"":""3:20 PM"",""SBRN"":""3:24 PM"",""SSAN"":""3:27 PM"",""COLM"":""3:30 PM"",""DALY"":""3:34 PM"",""BALB"":""3:37 PM"",""GLEN"":""3:40 PM"",""24TH"":""3:42 PM"",""16TH"":""3:45 PM"",""CIVC"":""3:47 PM"",""POWL"":""3:49 PM"",""MONT"":""3:50 PM"",""EMBR"":""3:52 PM"",""WOAK"":""3:59 PM"",""12TH"":""4:04 PM"",""19TH"":""4:06 PM"",""MCAR"":""4:09 PM"",""ROCK"":""4:12 PM"",""ORIN"":""4:17 PM"",""LAFY"":""4:22 PM"",""WCRK"":""4:27 PM"",""PHIL"":""4:30 PM"",""CONC"":""4:35 PM"",""NCON"":""4:39 PM"",""PITT"":""4:45 PM""}"
weekday,2,N,3285,SFIA_DEP,53280,False,"{""SFIA_DEP"":""2:48 PM"",""SBRN"":""2:52 PM"",""SSAN"":""2:55 PM"",""COLM"":""2:59 PM"",""DALY"":""3:02 PM"",""BALB"":""3:06 PM"",""GLEN"":""3:08 PM"",""24TH"":""3:11 PM"",""16TH"":""3:13 PM"",""CIVC"":""3:15 PM"",""POWL"":""3:17 PM"",""MONT"":""3:19 PM"",""EMBR"":""3:20 PM"",""WOAK"":""3:27 PM"",""12TH"":""3:32 PM"",""19TH"":""3:34 PM"",""MCAR"":""3:38 PM"",""ROCK"":""3:41 PM"",""ORIN"":""3:46 PM"",""LAFY"":""3:51 PM"",""WCRK"":""3:55 PM"",""PHIL"":""3:58 PM"",""CONC"":""4:03 PM"",""NCON"":""4:07 PM"",""PITT"":""4:14 PM"",""PCTR"":""4:25 PM"",""ANTC"":""4:33 PM""}"
weekday,2,N,3312,SFIA_DEP,55680,False,"{""SFIA_DEP"":""3:28 PM"",""SBRN"":""3:32 PM"",""SSAN"":""3:35 PM"",""COLM"":""3:39 PM"",""DALY"":""3:42 PM"",""BALB"":""3:46 PM"",""GLEN"":""3:48 PM"",""24TH"":""3:51 PM"",""16TH"":""3:53 PM"",""CIVC"":""3:55 PM"",""POWL"":""3:57 PM"",""MONT"":""3:59 PM"",""EMBR"":""4:00 PM"",""WOAK"":""4:07 PM"",""12TH"":""4:12 PM"",""19TH"":""4:14 PM"",""MCAR"":""4:18 PM"",""ROCK"":""4:21 PM"",""ORIN"":""4:26 PM"",""LAFY"":""4:31 PM"",""WCRK"":""4:35 PM"",""PHIL"":""4:38 PM"",""CONC"":""4:43 PM"",""NCON"":""4:47 PM"",""PITT"":""4:54 PM"",""PCTR"":""5:05 PM"",""ANTC"":""5:13 PM""}"
weekday,2,N,3339,SFIA_DEP,54000,False,"{""SFIA_DEP"":""3:00 PM"",""SBRN"":""3:04 PM"",""SSAN"":""3:07 PM"",""COLM"":""3:10 PM"",""DALY"":""3:14 PM"",""BALB"":""3:17 PM"",""GLEN"":""3:20 PM"",""24TH"":""3:22 PM"",""16TH"":""3:25 PM"",""CIVC"":""3:27 PM"",""POWL"":""3:29 PM"",""MONT"":""3:30 PM"",""EMBR"":""3:32 PM"",""WOAK"":""3:39 PM"",""12TH"":""3:44 PM"",""19TH"":""3:46 PM"",""MCAR"":""3:49 PM"",""ROCK"":""3:52 PM"",""ORIN"":""3:57 PM"",""LAFY"":""4:02 PM"",""WCRK"":""4:07 PM"",""PHIL"":""4:10 PM"",""CONC"":""4:15 PM"",""NCON"":""4:19 PM"",""PITT"":""4:25 PM""}"
weekday,2,N,3364,SFIA_DEP,56400,False,"{""SFIA_DEP"":""3:40 PM"",""SBRN"":""3:44 PM"",""SSAN"":""3:47 PM"",""COLM"":""3:50 PM"",""DALY"":""3:54 PM"",""BALB"":""3:57 PM"",""GLEN"":""4:00 PM"",""24TH"":""4:02 PM"",""16TH"":""4:05 PM"",""CIVC"":""4:07 PM"",""POWL"":""4:09 PM"",""MONT"":""4:10 PM"",""EMBR"":""4:12 PM"",""WOAK"":""4:19 PM"",""12TH"":""4:24 PM"",""19TH"":""4:26 PM"",""MCAR"":""4:29 PM"",""ROCK"":""4:32 PM"",""ORIN"":""4:37 PM"",""LAFY"":""4:42 PM"",""WCRK"":""4:47 PM"",""PHIL"":""4:50 PM"",""CONC"":""4:55 PM"",""NCON"":""4:59 PM"",""PITT"":""5:05 PM""}"
weekday,2,N,3389,SFIA_DEP,54480,False,"{""SFIA_DEP"":""3:08 PM"",""SBRN"":""3:12 PM"",""SSAN"":""3:15 PM"",""COLM"":""3:19 PM"",""DALY"":""3:22 PM"",""BALB"":""3:26 PM"",""GLEN"":""3:28 PM"",""24TH"":""3:31 PM"",""16TH"":""3:33 PM"",""CIVC"":""3:35 PM"",""POWL"":""3:37 PM"",""MONT"":""3:39 PM"",""EMBR"":""3:40 PM"",""WOAK"":""3:47 PM"",""12TH"":""3:52 PM"",""19TH"":""3:54 PM"",""MCAR"":""3:58 PM"",""ROCK"":""4:01 PM"",""ORIN"":""4:06 PM"",""LAFY"":""4:11 PM"",""WCRK"":""4:15 PM"",""PHIL"":""4:18 PM"",""CONC"":""4:23 PM"",""NCON"":""4:27 PM"",""PITT"":""4:34 PM"",""PCTR"":""4:45 PM"",""ANTC"":""4:53 PM""}"
weekday,2,N,3416,SFIA_DEP,56880,False,"{""SFIA_DEP"":""3:48 PM"",""SBRN"":""3:52 PM"",""SSAN"":""3:55 PM"",""COLM"":""3:59 PM"",""DALY"":""4:02 PM"",""BALB"":""4:06 PM"",""GLEN"":""4:08 PM"",""24TH"":""4:11 PM"",""16TH"":""4:13 PM"",""CIVC"":""4:15 PM"",""POWL"":""4:17 PM"",""MONT"":""4:19 PM"",""EMBR"":""4:20 PM"",""WOAK"":""4:27 PM"",""12TH"":""4:32 PM"",""19TH"":""4:34 PM"",""MCAR"":""4:38 PM"",""ROCK"":""4:41 PM"",""ORIN"":""4:46 PM"",""LAFY"":""4:51 PM"",""WCRK"":""4:55 PM"",""PHIL"":""4:58 PM"",""CONC"":""5:03 PM"",""NCON"":""5:07 PM"",""PITT"":""5:14 PM"",""PCTR"":""5:25 PM"",""ANTC"":""5:33 PM""}"
weekday,2,N,3443,SFIA_DEP,55200,False,"{""SFIA_DEP"":""3:20 PM"",""SBRN"":""3:24 PM"",""SSAN"":""3:27 PM"",""COLM"":""3:30 PM"",""DALY"":""3:34 PM"",""BALB"":""3:37 PM"",""GLEN"":""3:40 PM"",""24TH"":""3:42 PM"",""16TH"":""3:45 PM"",""CIVC"":""3:47 PM"",""POWL"":""3:49 PM"",""MONT"":""3:50 PM"",""EMBR"":""3:52 PM"",""WOAK"":""3:59 PM"",""12TH"":""4:04 PM"",""19TH"":""4:06 PM"",""MCAR"":""4:09 PM"",""ROCK"":""4:12 PM"",""ORIN"":""4:17 PM"",""LAFY"":""4:22 PM"",""WCRK"":""4:27 PM"",""PHIL"":""4:30 PM"",""CONC"":""4:35 PM"",""NCON"":""4:39 PM"",""PITT"":""4:45 PM""}"
weekday,2,N,3468,SFIA_DEP,57600,False,"{""SFIA_DEP"":""4:00 PM"",""SBRN"":""4:04 PM"",""SSAN"":""4:07 PM"",""COLM"":""4:10 PM"",""DALY"":""4:14 PM"",""BALB"":""4:17 PM"",""GLEN"":""4:20 PM"",""24TH"":""4:22 PM"",""16TH"":""4:25 PM"",""CIVC"":""4:27 PM"",""POWL"":""4:29 PM"",""MONT"":""4:30 PM"",""EMBR"":""4:32 PM"",""WOAK"":""4:39 PM"",""12TH"":""4:44 PM"",""19TH"":""4:46 PM"",""MCAR"":""4:49 PM"",""ROCK"":""4:52 PM"",""ORIN"":""4:57 PM"",""LAFY"":""5:02 PM"",""WCRK"":""5:07 PM"",""PHIL"":""5:10 PM"",""CONC"":""5:15 PM"",""NCON"":""5:19 PM"",""PITT"":""5:25 PM""}"
weekday,2,N,3493,SFIA_DEP,55680,False,"{""SFIA_DEP"":""3:28 PM"",""SBRN"":""3:32 PM"",""SSAN"":""3:35 PM"",""COLM"":""3:39 PM"",""DALY"":""3:42 PM"",""BALB"":""3:46 PM"",""GLEN"":""3:48 PM"",""24TH"":""3:51 PM"",""16TH"":""3:53 PM"",""CIVC"":""3:55 PM"",""POWL"":""3:57 PM"",""MONT"":""3:59 PM"",""EMBR"":""4:00 PM"",""WOAK"":""4:07 PM"",""12TH"":""4:12 PM"",""19TH"":""4:14 PM"",""MCAR"":""4:18 PM"",""ROCK"":""4:21 PM"",""ORIN"":""4:26 PM"",""LAFY"":""4:31 PM"",""WCRK"":""4:35 PM"",""PHIL"":""4:38 PM"",""CONC"":""4:43 PM"",""NCON"":""4:47 PM"",""PITT"":""4:54 PM"",""PCTR"":""5:05 PM"",""ANTC"":""5:13 PM""}"
weekday,2,N,3520,SFIA_DEP,58080,False,"{""SFIA_DEP"":""4:08 PM"",""SBRN"":""4:12 PM"",""SSAN"":""4:15 PM"",""COLM"":""4:19 PM"",""DALY"":""4:22 PM"",""BALB"":""4:26 PM"",""GLEN"":""4:28 PM"",""24TH"":""4:31 PM"",""16TH"":""4:33 PM"",""CIVC"":""4:35 PM"",""POWL"":""4:37 PM"",""MONT"":""4:39 PM"",""EMBR"":""4:40 PM"",""WOAK"":""4:47 PM"",""12TH"":""4:52 PM"",""19TH"":""4:54 PM"",""MCAR"":""4:58 PM"",""ROCK"":""5:01 PM"",""ORIN"":""5:06 PM"",""LAFY"":""5:11 PM"",""WCRK"":""5:15 PM"",""PHIL"":""5:18 PM"",""CONC"":""5:23 PM"",""NCON"":""5:27 PM"",""PITT"":""5:34 PM"",""PCTR"":""5:45 PM"",""ANTC"":""5:53 PM""}"
weekday,2,N,3547,SFIA_DEP,56400,False,"{""SFIA_DEP"":""3:40 PM"",""SBRN"":""3:44 PM"",""SSAN"":""3:47 PM"",""COLM"":""3:50 PM"",""DALY"":""3:54 PM"",""BALB"":""3:57 PM"",""GLEN"":""4:00 PM"",""24TH"":""4:02 PM"",""16TH"":""4:05 PM"",""CIVC"":""4:07 PM"",""POWL"":""4:09 PM"",""MONT"":""4:10 PM"",""EMBR"":""4:12 PM"",""WOAK"":""4:19 PM"",""12TH"":""4:24 PM"",""19TH"":""4:26 PM"",""MCAR"":""4:29 PM"",""ROCK"":""4:32 PM"",""ORIN"":""4:37 PM"",""LAFY"":""4:42 PM"",""WCRK"":""4:47 PM"",""PHIL"":""4:50 PM"",""CONC"":""4:55 PM"",""NCON"":""4:59 PM"",""PITT"":""5:05 PM""}"
weekday,2,N,3572,SFIA_DEP,58800,False,"{""SFIA_DEP"":""4:20 PM"",""SBRN"":""4:24 PM"",""SSAN"":""4:27 PM"",""COLM"":""4:30 PM"",""DALY"":""4:34 PM"",""BALB"":""4:37 PM"",""GLEN"":""4:40 PM"",""24TH"":""4:42 PM"",""16TH"":""4:45 PM"",""CIVC"":""4:47 PM"",""POWL"":""4:49 PM"",""MONT"":""4:50 PM"",""EMBR"":""4:52 PM"",""WOAK"":""4:59 PM"",""12TH"":""5:04 PM"",""19TH"":""5:06 PM"",""MCAR"":""5:09 PM"",""ROCK"":""5:12 PM"",""ORIN"":""5:17 PM"",""LAFY"":""5:22 PM"",""WCRK"":""5:27 PM"",""PHIL"":""5:30 PM"",""CONC"":""5:35 PM"",""NCON"":""5:39 PM"",""PITT"":""5:45 PM""}"
weekday,2,N,3597,SFIA_DEP,56880,False,"{""SFIA_DEP"":""3:48 PM"",""SBRN"":""3:52 PM"",""SSAN"":""3:55 PM"",""COLM"":""3:59 PM"",""DALY"":""4:02 PM"",""BALB"":""4:06 PM"",""GLEN"":""4:08 PM"",""24TH"":""4:11 PM"",""16TH"":""4:13 PM"",""CIVC"":""4:15 PM"",""POWL"":""4:17 PM"",""MONT"":""4:19 PM"",""EMBR"":""4:20 PM"",""WOAK"":""4:27 PM"",""12TH"":""4:32 PM"",""19TH"":""4:34 PM"",""MCAR"":""4:38 PM"",""ROCK"":""4:41 PM"",""ORIN"":""4:46 PM"",""LAFY"":""4:51 PM"",""WCRK"":""4:55 PM"",""PHIL"":""4:58 PM"",""CONC"":""5:03 PM"",""NCON"":""5:07 PM"",""PITT"":""5:14 PM"",""PCTR"":""5:25 PM"",""ANTC"":""5:33 PM""}"
weekday,2,N,3624,SFIA_DEP,59280,False,"{""SFIA_DEP"":""4:28 PM"",""SBRN"":""4:32 PM"",""SSAN"":""4:35 PM"",""COLM"":""4:39 PM"",""DALY"":""4:42 PM"",""BALB"":""4:46 PM"",""GLEN"":""4:48 PM"",""24TH"":""4:51 PM"",""16TH"":""4:53 PM"",""CIVC"":""4:55 PM"",""POWL"":""4:57 PM"",""MONT"":""4:59 PM"",""EMBR"":""5:00 PM"",""WOAK"":""5:07 PM"",""12TH"":""5:12 PM"",""19TH"":""5:14 PM"",""MCAR"":""5:18 PM"",""ROCK"":""5:21 PM"",""ORIN"":""5:26 PM"",""LAFY"":""5:31 PM"",""WCRK"":""5:35 PM"",""PHIL"":""5:38 PM"",""CONC"":""5:43 PM"",""NCON"":""5:47 PM"",""PITT"":""5:54 PM"",""PCTR"":""6:05 PM"",""ANTC"":""6:13 PM""}"
weekday,2,N,3651,SFIA_DEP,57600,False,"{""SFIA_DEP"":""4:00 PM"",""SBRN"":""4:04 PM"",""SSAN"":""4:07 PM"",""COLM"":""4:10 PM"",""DALY"":""4:14 PM"",""BALB"":""4:17 PM"",""GLEN"":""4:20 PM"",""24TH"":""4:22 PM"",""16TH"":""4:25 PM"",""CIVC"":""4:27 PM"",""POWL"":""4:29 PM"",""MONT"":""4:30 PM"",""EMBR"":""4:32 PM"",""WOAK"":""4:39 PM"",""12TH"":""4:44 PM"",""19TH"":""4:46 PM"",""MCAR"":""4:49 PM"",""ROCK"":""4:52 PM"",""ORIN"":""4:57 PM"",""LAFY"":""5:02 PM"",""WCRK"":""5:07 PM"",""PHIL"":""5:10 PM"",""CONC"":""5:15 PM"",""NCON"":""5:19 PM"",""PITT"":""5:25 PM""}"
weekday,2,N,3676,SFIA_DEP,60000,False,"{""SFIA_DEP"":""4:40 PM"",""SBRN"":""4:44 PM"",""SSAN"":""4:47 PM"",""COLM"":""4:50 PM"",""DALY"":""4:54 PM"",""BALB"":""4:57 PM"",""GLEN"":""5:00 PM"",""24TH"":""5:02 PM"",""16TH"":""5:05 PM"",""CIVC"":""5:07 PM"",""POWL"":""5:09 PM"",""MONT"":""5:10 PM"",""EMBR"":""5:12 PM"",""WOAK"":""5:19 PM"",""12TH"":""5:24 PM"",""19TH"":""5:26 PM"",""MCAR"":""5:29 PM"",""ROCK"":""5:32 PM"",""ORIN"":""5:37 PM"",""LAFY"":""5:42 PM"",""WCRK"":""5:47 PM"",""PHIL"":""5:50 PM"",""CONC"":""5:55 PM"",""NCON"":""5:59 PM"",""PITT"":""6:05 PM""}"
weekday,2,N,3701,SFIA_DEP,58080,False,"{""SFIA_DEP"":""4:08 PM"",""SBRN"":""4:12 PM"",""SSAN"":""4:15 PM"",""COLM"":""4:19 PM"",""DALY"":""4:22 PM"",""BALB"":""4:26 PM"",""GLEN"":""4:28 PM"",""24TH"":""4:31 PM"",""16TH"":""4:33 PM"",""CIVC"":""4:35 PM"",""POWL"":""4:37 PM"",""MONT"":""4:39 PM"",""EMBR"":""4:40 PM"",""WOAK"":""4:47 PM"",""12TH"":""4:52 PM"",""19TH"":""4:54 PM"",""MCAR"":""4:58 PM"",""ROCK"":""5:01 PM"",""ORIN"":""5:06 PM"",""LAFY"":""5:11 PM"",""WCRK"":""5:15 PM"",""PHIL"":""5:18 PM"",""CONC"":""5:23 PM"",""NCON"":""5:27 PM"",""PITT"":""5:34 PM"",""PCTR"":""5:45 PM"",""ANTC"":""5:53 PM""}"
weekday,2,N,3728,SFIA_DEP,60480,False,"{""SFIA_DEP"":""4:48 PM"",""SBRN"":""4:52 PM"",""SSAN"":""4:55 PM"",""COLM"":""4:59 PM"",""DALY"":""5:02 PM"",""BALB"":""5:06 PM"",""GLEN"":""5:08 PM"",""24TH"":""5:11 PM"",""16TH"":""5:13 PM"",""CIVC"":""5:15 PM"",""POWL"":""5:17 PM"",""MONT"":""5:19 PM"",""EMBR"":""5:20 PM"",""WOAK"":""5:27 PM"",""12TH"":""5:32 PM"",""19TH"":""5:34 PM"",""MCAR"":""5:38 PM"",""ROCK"":""5:41 PM"",""ORIN"":""5:46 PM"",""LAFY"":""5:51 PM"",""WCRK"":""5:55 PM"",""PHIL"":""5:58 PM"",""CONC"":""6:03 PM"",""NCON"":""6:07 PM"",""PITT"":""6:14 PM"",""PCTR"":""6:25 PM"",""ANTC"":""6:33 PM""}"
weekday,2,N,3755,SFIA_DEP,58800,False,"{""SFIA_DEP"":""4:20 PM"",""SBRN"":""4:24 PM"",""SSAN"":""4:27 PM"",""COLM"":""4:30 PM"",""DALY"":""4:34 PM"",""BALB"":""4:37 PM"",""GLEN"":""4:40 PM"",""24TH"":""4:42 PM"",""16TH"":""4:45 PM"",""CIVC"":""4:47 PM"",""POWL"":""4:49 PM"",""MONT"":""4:50 PM"",""EMBR"":""4:52 PM"",""WOAK"":""4:59 PM"",""12TH"":""5:04 PM"",""19TH"":""5:06 PM"",""MCAR"":""5:09 PM"",""ROCK"":""5:12 PM"",""ORIN"":""5:17 PM"",""LAFY"":""5:22 PM"",""WCRK"":""5:27 PM"",""PHIL"":""5:30 PM"",""CONC"":""5:35 PM"",""NCON"":""5:39 PM"",""PITT"":""5:45 PM""}"
weekday,2,N,3780,SFIA_DEP,61200,False,"{""SFIA_DEP"":""5:00 PM"",""SBRN"":""5:04 PM"",""SSAN"":""5:07 PM"",""COLM"":""5:10 PM"",""DALY"":""5:14 PM"",""BALB"":""5:17 PM"",""GLEN"":""5:20 PM"",""24TH"":""5:22 PM"",""16TH"":""5:25 PM"",""CIVC"":""5:27 PM"",""POWL"":""5:29 PM"",""MONT"":""5:30 PM"",""EMBR"":""5:32 PM"",""WOAK"":""5:39 PM"",""12TH"":""5:44 PM"",""19TH"":""5:46 PM"",""MCAR"":""5:49 PM"",""ROCK"":""5:52 PM"",""ORIN"":""5:57 PM"",""LAFY"":""6:02 PM"",""WCRK"":""6:07 PM"",""PHIL"":""6:10 PM"",""CONC"":""6:15 PM"",""NCON"":""6:19 PM"",""PITT"":""6:25 PM""}"
weekday,2,N,3805,SFIA_DEP,59280,False,"{""SFIA_DEP"":""4:28 PM"",""SBRN"":""4:32 PM"",""SSAN"":""4:35 PM"",""COLM"":""4:39 PM"",""DALY"":""4:42 PM"",""BALB"":""4:46 PM"",""GLEN"":""4:48 PM"",""24TH"":""4:51 PM"",""16TH"":""4:53 PM"",""CIVC"":""4:55 PM"",""POWL"":""4:57 PM"",""MONT"":""4:59 PM"",""EMBR"":""5:00 PM"",""WOAK"":""5:07 PM"",""12TH"":""5:12 PM"",""19TH"":""5:14 PM"",""MCAR"":""5:18 PM"",""ROCK"":""5:21 PM"",""ORIN"":""5:26 PM"",""LAFY"":""5:31 PM"",""WCRK"":""5:35 PM"",""PHIL"":""5:38 PM"",""CONC"":""5:43 PM"",""NCON"":""5:47 PM"",""PITT"":""5:54 PM"",""PCTR"":""6:05 PM"",""ANTC"":""6:13 PM""}"
weekday,2,N,3832,SFIA_DEP,61680,False,"{""SFIA_DEP"":""5:08 PM"",""SBRN"":""5:12 PM"",""SSAN"":""5:15 PM"",""COLM"":""5:19 PM"",""DALY"":""5:22 PM"",""BALB"":""5:26 PM"",""GLEN"":""5:28 PM"",""24TH"":""5:31 PM"",""16TH"":""5:33 PM"",""CIVC"":""5:35 PM"",""POWL"":""5:37 PM"",""MONT"":""5:39 PM"",""EMBR"":""5:40 PM"",""WOAK"":""5:47 PM"",""12TH"":""5:52 PM"",""19TH"":""5:54 PM"",""MCAR"":""5:58 PM"",""ROCK"":""6:01 PM"",""ORIN"":""6:06 PM"",""LAFY"":""6:11 PM"",""WCRK"":""6:15 PM"",""PHIL"":""6:18 PM"",""CONC"":""6:23 PM"",""NCON"":""6:27 PM"",""PITT"":""6:34 PM"",""PCTR"":""6:45 PM"",""ANTC"":""6:53 PM""}"
weekday,2,N,3859,SFIA_DEP,60000,False,"{""SFIA_DEP"":""4:40 PM"",""SBRN"":""4:44 PM"",""SSAN"":""4:47 PM"",""COLM"":""4:50 PM"",""DALY"":""4:54 PM"",""BALB"":""4:57 PM"",""GLEN"":""5:00 PM"",""24TH"":""5:02 PM"",""16TH"":""5:05 PM"",""CIVC"":""5:07 PM"",""POWL"":""5:09 PM"",""MONT"":""5:10 PM"",""EMBR"":""5:12 PM"",""WOAK"":""5:19 PM"",""12TH"":""5:24 PM"",""19TH"":""5:26 PM"",""MCAR"":""5:29 PM"",""ROCK"":""5:32 PM"",""ORIN"":""5:37 PM"",""LAFY"":""5:42 PM"",""WCRK"":""5:47 PM"",""PHIL"":""5:50 PM"",""CONC"":""5:55 PM"",""NCON"":""5:59 PM"",""PITT"":""6:05 PM""}"
weekday,2,N,3884,SFIA_DEP,62400,False,"{""SFIA_DEP"":""5:20 PM"",""SBRN"":""5:24 PM"",""SSAN"":""5:27 PM"",""COLM"":""5:30 PM"",""DALY"":""5:34 PM"",""BALB"":""5:37 PM"",""GLEN"":""5:40 PM"",""24TH"":""5:42 PM"",""16TH"":""5:45 PM"",""CIVC"":""5:47 PM"",""POWL"":""5:49 PM"",""MONT"":""5:50 PM"",""EMBR"":""5:52 PM"",""WOAK"":""5:59 PM"",""12TH"":""6:04 PM"",""19TH"":""6:06 PM"",""MCAR"":""6:09 PM"",""ROCK"":""6:12 PM"",""ORIN"":""6:17 PM"",""LAFY"":""6:22 PM"",""WCRK"":""6:27 PM"",""PHIL"":""6:30 PM"",""CONC"":""6:35 PM"",""NCON"":""6:39 PM"",""PITT"":""6:45 PM""}"
weekday,2,N,3909,SFIA_DEP,60480,False,"{""SFIA_DEP"":""4:48 PM"",""SBRN"":""4:52 PM"",""SSAN"":""4:55 PM"",""COLM"":""4:59 PM"",""DALY"":""5:02 PM"",""BALB"":""5:06 PM"",""GLEN"":""5:08 PM"",""24TH"":""5:11 PM"",""16TH"":""5:13 PM"",""CIVC"":""5:15 PM"",""POWL"":""5:17 PM"",""MONT"":""5:19 PM"",""EMBR"":""5:20 PM"",""WOAK"":""5:27 PM"",""12TH"":""5:32 PM"",""19TH"":""5:34 PM"",""MCAR"":""5:38 PM"",""ROCK"":""5:41 PM"",""ORIN"":""5:46 PM"",""LAFY"":""5:51 PM"",""WCRK"":""5:55 PM"",""PHIL"":""5:58 PM"",""CONC"":""6:03 PM"",""NCON"":""6:07 PM"",""PITT"":""6:14 PM"",""PCTR"":""6:25 PM"",""ANTC"":""6:33 PM""}"
weekday,2,N,3936,SFIA_DEP,62880,False,"{""SFIA_DEP"":""5:28 PM"",""SBRN"":""5:32 PM"",""SSAN"":""5:35 PM"",""COLM"":""5:39 PM"",""DALY"":""5:42 PM"",""BALB"":""5:46 PM"",""GLEN"":""5:48 PM"",""24TH"":""5:51 PM"",""16TH"":""5:53 PM"",""CIVC"":""5:55 PM"",""POWL"":""5:57 PM"",""MONT"":""5:59 PM"",""EMBR"":""6:00 PM"",""WOAK"":""6:07 PM"",""12TH"":""6:12 PM"",""19TH"":""6:14 PM"",""MCAR"":""6:18 PM"",""ROCK"":""6:21 PM"",""ORIN"":""6:26 PM"",""LAFY"":""6:31 PM"",""WCRK"":""6:35 PM"",""PHIL"":""6:38 PM"",""CONC"":""6:43 PM"",""NCON"":""6:47 PM"",""PITT"":""6:54 PM"",""PCTR"":""7:05 PM"",""ANTC"":""7:13 PM""}"
weekday,2,N,3963,SFIA_DEP,61200,False,"{""SFIA_DEP"":""5:00 PM"",""SBRN"":""5:04 PM"",""SSAN"":""5:07 PM"",""COLM"":""5:10 PM"",""DALY"":""5:14 PM"",""BALB"":""5:17 PM"",""GLEN"":""5:20 PM"",""24TH"":""5:22 PM"",""16TH"":""5:25 PM"",""CIVC"":""5:27 PM"",""POWL"":""5:29 PM"",""MONT"":""5:30 PM"",""EMBR"":""5:32 PM"",""WOAK"":""5:39 PM"",""12TH"":""5:44 PM"",""19TH"":""5:46 PM"",""MCAR"":""5:49 PM"",""ROCK"":""5:52 PM"",""ORIN"":""5:57 PM"",""LAFY"":""6:02 PM"",""WCRK"":""6:07 PM"",""PHIL"":""6:10 PM"",""CONC"":""6:15 PM"",""NCON"":""6:19 PM"",""PITT"":""6:25 PM""}"
weekday,2,N,3988,SFIA_DEP,63600,False,"{""SFIA_DEP"":""5:40 PM"",""SBRN"":""5:44 PM"",""SSAN"":""5:47 PM"",""COLM"":""5:50 PM"",""DALY"":""5:54 PM"",""BALB"":""5:57 PM"",""GLEN"":""6:00 PM"",""24TH"":""6:02 PM"",""16TH"":""6:05 PM"",""CIVC"":""6:07 PM"",""POWL"":""6:09 PM"",""MONT"":""6:10 PM"",""EMBR"":""6:12 PM"",""WOAK"":""6:19 PM"",""12TH"":""6:24 PM"",""19TH"":""6:26 PM"",""MCAR"":""6:29 PM"",""ROCK"":""6:32 PM"",""ORIN"":""6:37 PM"",""LAFY"":""6:42 PM"",""WCRK"":""6:47 PM"",""PHIL"":""6:50 PM"",""CONC"":""6:55 PM"",""NCON"":""6:59 PM"",""PITT"":""7:05 PM""}"
weekday,2,N,4013,SFIA_DEP,61680,False,"{""SFIA_DEP"":""5:08 PM"",""SBRN"":""5:12 PM"",""SSAN"":""5:15 PM"",""COLM"":""5:19 PM"",""DALY"":""5:22 PM"",""BALB"":""5:26 PM"",""GLEN"":""5:28 PM"",""24TH"":""5:31 PM"",""16TH"":""5:33 PM"",""CIVC"":""5:35 PM"",""POWL"":""5:37 PM"",""MONT"":""5:39 PM"",""EMBR"":""5:40 PM"",""WOAK"":""5:47 PM"",""12TH"":""5:52 PM"",""19TH"":""5:54 PM"",""MCAR"":""5:58 PM"",""ROCK"":""6:01 PM"",""ORIN"":""6:06 PM"",""LAFY"":""6:11 PM"",""WCRK"":""6:15 PM"",""PHIL"":""6:18 PM"",""CONC"":""6:23 PM"",""NCON"":""6:27 PM"",""PITT"":""6:34 PM"",""PCTR"":""6:45 PM"",""ANTC"":""6:53 PM""}"
weekday,2,N,4040,SFIA_DEP,64080,False,"{""SFIA_DEP"":""5:48 PM"",""SBRN"":""5:52 PM"",""SSAN"":""5:55 PM"",""COLM"":""5:59 PM"",""DALY"":""6:02 PM"",""BALB"":""6:06 PM"",""GLEN"":""6:08 PM"",""24TH"":""6:11 PM"",""16TH"":""6:13 PM"",""CIVC"":""6:15 PM"",""POWL"":""6:17 PM"",""MONT"":""6:19 PM"",""EMBR"":""6:20 PM"",""WOAK"":""6:27 PM"",""12TH"":""6:32 PM"",""19TH"":""6:34 PM"",""MCAR"":""6:38 PM"",""ROCK"":""6:41 PM"",""ORIN"":""6:46 PM"",""LAFY"":""6:51 PM"",""WCRK"":""6:55 PM"",""PHIL"":""6:58 PM"",""CONC"":""7:03 PM"",""NCON"":""7:07 PM"",""PITT"":""7:14 PM"",""PCTR"":""7:25 PM"",""ANTC"":""7:33 PM""}"
weekday,2,N,4067,SFIA_DEP,62400,False,"{""SFIA_DEP"":""5:20 PM"",""SBRN"":""5:24 PM"",""SSAN"":""5:27 PM"",""COLM"":""5:30 PM"",""DALY"":""5:34 PM"",""BALB"":""5:37 PM"",""GLEN"":""5:40 PM"",""24TH"":""5:42 PM"",""16TH"":""5:45 PM"",""CIVC"":""5:47 PM"",""POWL"":""5:49 PM"",""MONT"":""5:50 PM"",""EMBR"":""5:52 PM"",""WOAK"":""5:59 PM"",""12TH"":""6:04 PM"",""19TH"":""6:06 PM"",""MCAR"":""6:09 PM"",""ROCK"":""6:12 PM"",""ORIN"":""6:17 PM"",""LAFY"":""6:22 PM"",""WCRK"":""6:27 PM"",""PHIL"":""6:30 PM"",""CONC"":""6:35 PM"",""NCON"":""6:39 PM"",""PITT"":""6:45 PM""}"
weekday,2,N,4092,SFIA_DEP,64800,False,"{""SFIA_DEP"":""6:00 PM"",""SBRN"":""6:04 PM"",""SSAN"":""6:07 PM"",""COLM"":""6:10 PM"",""DALY"":""6:14 PM"",""BALB"":""6:17 PM"",""GLEN"":""6:20 PM"",""24TH"":""6:22 PM"",""16TH"":""6:25 PM"",""CIVC"":""6:27 PM"",""POWL"":""6:29 PM"",""MONT"":""6:30 PM"",""EMBR"":""6:32 PM"",""WOAK"":""6:39 PM"",""12TH"":""6:44 PM"",""19TH"":""6:46 PM"",""MCAR"":""6:49 PM"",""ROCK"":""6:52 PM"",""ORIN"":""6:57 PM"",""LAFY"":""7:02 PM"",""WCRK"":""7:07 PM"",""PHIL"":""7:10 PM"",""CONC"":""7:15 PM"",""NCON"":""7:19 PM"",""PITT"":""7:25 PM""}"
weekday,2,N,4117,SFIA_DEP,62880,False,"{""SFIA_DEP"":""5:28 PM"",""SBRN"":""5:32 PM"",""SSAN"":""5:35 PM"",""COLM"":""5:39 PM"",""DALY"":""5:42 PM"",""BALB"":""5:46 PM"",""GLEN"":""5:48 PM"",""24TH"":""5:51 PM"",""16TH"":""5:53 PM"",""CIVC"":""5:55 PM"",""POWL"":""5:57 PM"",""MONT"":""5:59 PM"",""EMBR"":""6:00 PM"",""WOAK"":""6:07 PM"",""12TH"":""6:12 PM"",""19TH"":""6:14 PM"",""MCAR"":""6:18 PM"",""ROCK"":""6:21 PM"",""ORIN"":""6:26 PM"",""LAFY"":""6:31 PM"",""WCRK"":""6:35 PM"",""PHIL"":""6:38 PM"",""CONC"":""6:43 PM"",""NCON"":""6:47 PM"",""PITT"":""6:54 PM"",""PCTR"":""7:05 PM"",""ANTC"":""7:13 PM""}"
weekday,2,N,4144,SFIA_DEP,65280,False,"{""SFIA_DEP"":""6:08 PM"",""SBRN"":""6:12 PM"",""SSAN"":""6:15 PM"",""COLM"":""6:19 PM"",""DALY"":""6:22 PM"",""BALB"":""6:26 PM"",""GLEN"":""6:28 PM"",""24TH"":""6:31 PM"",""16TH"":""6:33 PM"",""CIVC"":""6:35 PM"",""POWL"":""6:37 PM"",""MONT"":""6:39 PM"",""EMBR"":""6:40 PM"",""WOAK"":""6:47 PM"",""12TH"":""6:52 PM"",""19TH"":""6:54 PM"",""MCAR"":""6:58 PM"",""ROCK"":""7:01 PM"",""ORIN"":""7:06 PM"",""LAFY"":""7:11 PM"",""WCRK"":""7:15 PM"",""PHIL"":""7:18 PM"",""CONC"":""7:23 PM"",""NCON"":""7:27 PM"",""PITT"":""7:34 PM"",""PCTR"":""7:45 PM"",""ANTC"":""7:53 PM""}"
weekday,2,N,4171,SFIA_DEP,63600,False,"{""SFIA_DEP"":""5:40 PM"",""SBRN"":""5:44 PM"",""SSAN"":""5:47 PM"",""COLM"":""5:50 PM"",""DALY"":""5:54 PM"",""BALB"":""5:57 PM"",""GLEN"":""6:00 PM"",""24TH"":""6:02 PM"",""16TH"":""6:05 PM"",""CIVC"":""6:07 PM"",""POWL"":""6:09 PM"",""MONT"":""6:10 PM"",""EMBR"":""6:12 PM"",""WOAK"":""6:19 PM"",""12TH"":""6:24 PM"",""19TH"":""6:26 PM"",""MCAR"":""6:29 PM"",""ROCK"":""6:32 PM"",""ORIN"":""6:37 PM"",""LAFY"":""6:42 PM"",""WCRK"":""6:47 PM"",""PHIL"":""6:50 PM"",""CONC"":""6:55 PM"",""NCON"":""6:59 PM"",""PITT"":""7:05 PM""}"
weekday,2,N,4196,SFIA_DEP,66000,False,"{""SFIA_DEP"":""6:20 PM"",""SBRN"":""6:24 PM"",""SSAN"":""6:27 PM"",""COLM"":""6:30 PM"",""DALY"":""6:34 PM"",""BALB"":""6:37 PM"",""GLEN"":""6:40 PM"",""24TH"":""6:42 PM"",""16TH"":""6:45 PM"",""CIVC"":""6:47 PM"",""POWL"":""6:49 PM"",""MONT"":""6:50 PM"",""EMBR"":""6:52 PM"",""WOAK"":""6:59 PM"",""12TH"":""7:04 PM"",""19TH"":""7:06 PM"",""MCAR"":""7:09 PM"",""ROCK"":""7:12 PM"",""ORIN"":""7:17 PM"",""LAFY"":""7:22 PM"",""WCRK"":""7:27 PM"",""PHIL"":""7:30 PM"",""CONC"":""7:35 PM"",""NCON"":""7:39 PM"",""PITT"":""7:45 PM""}"
weekday,2,N,4221,SFIA_DEP,64080,False,"{""SFIA_DEP"":""5:48 PM"",""SBRN"":""5:52 PM"",""SSAN"":""5:55 PM"",""COLM"":""5:59 PM"",""DALY"":""6:02 PM"",""BALB"":""6:06 PM"",""GLEN"":""6:08 PM"",""24TH"":""6:11 PM"",""16TH"":""6:13 PM"",""CIVC"":""6:15 PM"",""POWL"":""6:17 PM"",""MONT"":""6:19 PM"",""EMBR"":""6:20 PM"",""WOAK"":""6:27 PM"",""12TH"":""6:32 PM"",""19TH"":""6:34 PM"",""MCAR"":""6:38 PM"",""ROCK"":""6:41 PM"",""ORIN"":""6:46 PM"",""LAFY"":""6:51 PM"",""WCRK"":""6:55 PM"",""PHIL"":""6:58 PM"",""CONC"":""7:03 PM"",""NCON"":""7:07 PM"",""PITT"":""7:14 PM"",""PCTR"":""7:25 PM"",""ANTC"":""7:33 PM""}"
weekday,2,N,4248,SFIA_DEP,66480,False,"{""SFIA_DEP"":""6:28 PM"",""SBRN"":""6:32 PM"",""SSAN"":""6:35 PM"",""COLM"":""6:39 PM"",""DALY"":""6:42 PM"",""BALB"":""6:46 PM"",""GLEN"":""6:48 PM"",""24TH"":""6:51 PM"",""16TH"":""6:53 PM"",""CIVC"":""6:55 PM"",""POWL"":""6:57 PM"",""MONT"":""6:59 PM"",""EMBR"":""7:00 PM"",""WOAK"":""7:07 PM"",""12TH"":""7:12 PM"",""19TH"":""7:14 PM"",""MCAR"":""7:18 PM"",""ROCK"":""7:21 PM"",""ORIN"":""7:26 PM"",""LAFY"":""7:31 PM"",""WCRK"":""7:35 PM"",""PHIL"":""7:38 PM"",""CONC"":""7:43 PM"",""NCON"":""7:47 PM"",""PITT"":""7:54 PM"",""PCTR"":""8:05 PM"",""ANTC"":""8:13 PM""}"
weekday,2,N,4275,SFIA_DEP,64800,False,"{""SFIA_DEP"":""6:00 PM"",""SBRN"":""6:04 PM"",""SSAN"":""6:07 PM"",""COLM"":""6:10 PM"",""DALY"":""6:14 PM"",""BALB"":""6:17 PM"",""GLEN"":""6:20 PM"",""24TH"":""6:22 PM"",""16TH"":""6:25 PM"",""CIVC"":""6:27 PM"",""POWL"":""6:29 PM"",""MONT"":""6:30 PM"",""EMBR"":""6:32 PM"",""WOAK"":""6:39 PM"",""12TH"":""6:44 PM"",""19TH"":""6:46 PM"",""MCAR"":""6:49 PM"",""ROCK"":""6:52 PM"",""ORIN"":""6:57 PM"",""LAFY"":""7:02 PM"",""WCRK"":""7:07 PM"",""PHIL"":""7:10 PM"",""CONC"":""7:15 PM"",""NCON"":""7:19 PM"",""PITT"":""7:25 PM""}"
weekday,2,N,4300,SFIA_DEP,67200,False,"{""SFIA_DEP"":""6:40 PM"",""SBRN"":""6:44 PM"",""SSAN"":""6:47 PM"",""COLM"":""6:50 PM"",""DALY"":""6:54 PM"",""BALB"":""6:57 PM"",""GLEN"":""7:00 PM"",""24TH"":""7:02 PM"",""16TH"":""7:05 PM"",""CIVC"":""7:07 PM"",""POWL"":""7:09 PM"",""MONT"":""7:10 PM"",""EMBR"":""7:12 PM"",""WOAK"":""7:19 PM"",""12TH"":""7:24 PM"",""19TH"":""7:26 PM"",""MCAR"":""7:29 PM"",""ROCK"":""7:32 PM"",""ORIN"":""7:37 PM"",""LAFY"":""7:42 PM"",""WCRK"":""7:47 PM"",""PHIL"":""7:50 PM"",""CONC"":""7:55 PM"",""NCON"":""7:59 PM"",""PITT"":""8:05 PM""}"
weekday,2,N,4325,SFIA_DEP,65280,False,"{""SFIA_DEP"":""6:08 PM"",""SBRN"":""6:12 PM"",""SSAN"":""6:15 PM"",""COLM"":""6:19 PM"",""DALY"":""6:22 PM"",""BALB"":""6:26 PM"",""GLEN"":""6:28 PM"",""24TH"":""6:31 PM"",""16TH"":""6:33 PM"",""CIVC"":""6:35 PM"",""POWL"":""6:37 PM"",""MONT"":""6:39 PM"",""EMBR"":""6:40 PM"",""WOAK"":""6:47 PM"",""12TH"":""6:52 PM"",""19TH"":""6:54 PM"",""MCAR"":""6:58 PM"",""ROCK"":""7:01 PM"",""ORIN"":""7:06 PM"",""LAFY"":""7:11 PM"",""WCRK"":""7:15 PM"",""PHIL"":""7:18 PM"",""CONC"":""7:23 PM"",""NCON"":""7:27 PM"",""PITT"":""7:34 PM"",""PCTR"":""7:45 PM"",""ANTC"":""7:53 PM""}"
weekday,2,N,4352,SFIA_DEP,67680,False,"{""SFIA_DEP"":""6:48 PM"",""SBRN"":""6:52 PM"",""SSAN"":""6:55 PM"",""COLM"":""6:59 PM"",""DALY"":""7:02 PM"",""BALB"":""7:06 PM"",""GLEN"":""7:08 PM"",""24TH"":""7:11 PM"",""16TH"":""7:13 PM"",""CIVC"":""7:15 PM"",""POWL"":""7:17 PM"",""MONT"":""7:19 PM"",""EMBR"":""7:20 PM"",""WOAK"":""7:27 PM"",""12TH"":""7:32 PM"",""19TH"":""7:34 PM"",""MCAR"":""7:38 PM"",""ROCK"":""7:41 PM"",""ORIN"":""7:46 PM"",""LAFY"":""7:51 PM"",""WCRK"":""7:55 PM"",""PHIL"":""7:58 PM"",""CONC"":""8:03 PM"",""NCON"":""8:07 PM"",""PITT"":""8:14 PM"",""PCTR"":""8:25 PM"",""ANTC"":""8:33 PM""}"
weekday,2,N,4379,SFIA_DEP,66000,False,"{""SFIA_DEP"":""6:20 PM"",""SBRN"":""6:24 PM"",""SSAN"":""6:27 PM"",""COLM"":""6:30 PM"",""DALY"":""6:34 PM"",""BALB"":""6:37 PM"",""GLEN"":""6:40 PM"",""24TH"":""6:42 PM"",""16TH"":""6:45 PM"",""CIVC"":""6:47 PM"",""POWL"":""6:49 PM"",""MONT"":""6:50 PM"",""EMBR"":""6:52 PM"",""WOAK"":""6:59 PM"",""12TH"":""7:04 PM"",""19TH"":""7:06 PM"",""MCAR"":""7:09 PM"",""ROCK"":""7:12 PM"",""ORIN"":""7:17 PM"",""LAFY"":""7:22 PM"",""WCRK"":""7:27 PM"",""PHIL"":""7:30 PM"",""CONC"":""7:35 PM"",""NCON"":""7:39 PM"",""PITT"":""7:45 PM""}"
weekday,2,N,4404,SFIA_DEP,68880,False,"{""SFIA_DEP"":""7:08 PM"",""SBRN"":""7:12 PM"",""SSAN"":""7:15 PM"",""COLM"":""7:19 PM"",""DALY"":""7:22 PM"",""BALB"":""7:26 PM"",""GLEN"":""7:28 PM"",""24TH"":""7:31 PM"",""16TH"":""7:33 PM"",""CIVC"":""7:35 PM"",""POWL"":""7:37 PM"",""MONT"":""7:39 PM"",""EMBR"":""7:40 PM"",""WOAK"":""7:47 PM"",""12TH"":""7:52 PM"",""19TH"":""7:54 PM"",""MCAR"":""7:58 PM"",""ROCK"":""8:01 PM"",""ORIN"":""8:06 PM"",""LAFY"":""8:11 PM"",""WCRK"":""8:15 PM"",""PHIL"":""8:18 PM"",""CONC"":""8:23 PM"",""NCON"":""8:27 PM"",""PITT"":""8:34 PM"",""PCTR"":""8:45 PM"",""ANTC"":""8:53 PM""}"
weekday,2,N,4431,SFIA_DEP,66480,False,"{""SFIA_DEP"":""6:28 PM"",""SBRN"":""6:32 PM"",""SSAN"":""6:35 PM"",""COLM"":""6:39 PM"",""DALY"":""6:42 PM"",""BALB"":""6:46 PM"",""GLEN"":""6:48 PM"",""24TH"":""6:51 PM"",""16TH"":""6:53 PM"",""CIVC"":""6:55 PM"",""POWL"":""6:57 PM"",""MONT"":""6:59 PM"",""EMBR"":""7:00 PM"",""WOAK"":""7:07 PM"",""12TH"":""7:12 PM"",""19TH"":""7:14 PM"",""MCAR"":""7:18 PM"",""ROCK"":""7:21 PM"",""ORIN"":""7:26 PM"",""LAFY"":""7:31 PM"",""WCRK"":""7:35 PM"",""PHIL"":""7:38 PM"",""CONC"":""7:43 PM"",""NCON"":""7:47 PM"",""PITT"":""7:54 PM"",""PCTR"":""8:05 PM"",""ANTC"":""8:13 PM""}"
weekday,2,N,4458,SFIA_DEP,70080,False,"{""SFIA_DEP"":""7:28 PM"",""SBRN"":""7:32 PM"",""SSAN"":""7:35 PM"",""COLM"":""7:39 PM"",""DALY"":""7:42 PM"",""BALB"":""7:46 PM"",""GLEN"":""7:48 PM"",""24TH"":""7:51 PM"",""16TH"":""7:53 PM"",""CIVC"":""7:55 PM"",""POWL"":""7:57 PM"",""MONT"":""7:59 PM"",""EMBR"":""8:00 PM"",""WOAK"":""8:07 PM"",""12TH"":""8:12 PM"",""19TH"":""8:14 PM"",""MCAR"":""8:18 PM"",""ROCK"":""8:21 PM"",""ORIN"":""8:26 PM"",""LAFY"":""8:31 PM"",""WCRK"":""8:35 PM"",""PHIL"":""8:38 PM"",""CONC"":""8:43 PM"",""NCON"":""8:47 PM"",""PITT"":""8:54 PM"",""PCTR"":""9:05 PM"",""ANTC"":""9:13 PM""}"
weekday,2,N,4485,SFIA_DEP,67200,False,"{""SFIA_DEP"":""6:40 PM"",""SBRN"":""6:44 PM"",""SSAN"":""6:47 PM"",""COLM"":""6:50 PM"",""DALY"":""6:54 PM"",""BALB"":""6:57 PM"",""GLEN"":""7:00 PM"",""24TH"":""7:02 PM"",""16TH"":""7:05 PM"",""CIVC"":""7:07 PM"",""POWL"":""7:09 PM"",""MONT"":""7:10 PM"",""EMBR"":""7:12 PM"",""WOAK"":""7:19 PM"",""12TH"":""7:24 PM"",""19TH"":""7:26 PM"",""MCAR"":""7:29 PM"",""ROCK"":""7:32 PM"",""ORIN"":""7:37 PM"",""LAFY"":""7:42 PM"",""WCRK"":""7:47 PM"",""PHIL"":""7:50 PM"",""CONC"":""7:55 PM"",""NCON"":""7:59 PM"",""PITT"":""8:05 PM""}"
weekday,2,N,4510,SFIA_DEP,71280,False,"{""SFIA_DEP"":""7:48 PM"",""SBRN"":""7:52 PM"",""SSAN"":""7:55 PM"",""COLM"":""7:59 PM"",""DALY"":""8:02 PM"",""BALB"":""8:06 PM"",""GLEN"":""8:08 PM"",""24TH"":""8:11 PM"",""16TH"":""8:13 PM"",""CIVC"":""8:15 PM"",""POWL"":""8:17 PM"",""MONT"":""8:19 PM"",""EMBR"":""8:20 PM"",""WOAK"":""8:27 PM"",""12TH"":""8:32 PM"",""19TH"":""8:34 PM"",""MCAR"":""8:38 PM"",""ROCK"":""8:41 PM"",""ORIN"":""8:46 PM"",""LAFY"":""8:51 PM"",""WCRK"":""8:55 PM"",""PHIL"":""8:58 PM"",""CONC"":""9:03 PM"",""NCON"":""9:07 PM"",""PITT"":""9:14 PM"",""PCTR"":""9:25 PM"",""ANTC"":""9:33 PM""}"
weekday,2,N,4537,SFIA_DEP,67680,False,"{""SFIA_DEP"":""6:48 PM"",""SBRN"":""6:52 PM"",""SSAN"":""6:55 PM"",""COLM"":""6:59 PM"",""DALY"":""7:02 PM"",""BALB"":""7:06 PM"",""GLEN"":""7:08 PM"",""24TH"":""7:11 PM"",""16TH"":""7:13 PM"",""CIVC"":""7:15 PM"",""POWL"":""7:17 PM"",""MONT"":""7:19 PM"",""EMBR"":""7:20 PM"",""WOAK"":""7:27 PM"",""12TH"":""7:32 PM"",""19TH"":""7:34 PM"",""MCAR"":""7:38 PM"",""ROCK"":""7:41 PM"",""ORIN"":""7:46 PM"",""LAFY"":""7:51 PM"",""WCRK"":""7:55 PM"",""PHIL"":""7:58 PM"",""CONC"":""8:03 PM"",""NCON"":""8:07 PM"",""PITT"":""8:14 PM"",""PCTR"":""8:25 PM"",""ANTC"":""8:33 PM""}"
weekday,2,N,4564,SFIA_DEP,72480,False,"{""SFIA_DEP"":""8:08 PM"",""SBRN"":""8:12 PM"",""SSAN"":""8:15 PM"",""COLM"":""8:19 PM"",""DALY"":""8:22 PM"",""BALB"":""8:26 PM"",""GLEN"":""8:28 PM"",""24TH"":""8:31 PM"",""16TH"":""8:33 PM"",""CIVC"":""8:35 PM"",""POWL"":""8:37 PM"",""MONT"":""8:39 PM"",""EMBR"":""8:40 PM"",""WOAK"":""8:47 PM"",""12TH"":""8:52 PM"",""19TH"":""8:54 PM"",""MCAR"":""8:58 PM"",""ROCK"":""9:01 PM"",""ORIN"":""9:06 PM"",""LAFY"":""9:11 PM"",""WCRK"":""9:15 PM"",""PHIL"":""9:18 PM"",""CONC"":""9:23 PM"",""NCON"":""9:27 PM"",""PITT"":""9:34 PM"",""PCTR"":""9:45 PM"",""ANTC"":""9:53 PM""}"
weekday,2,N,4591,SFIA_DEP,68880,False,"{""SFIA_DEP"":""7:08 PM"",""SBRN"":""7:12 PM"",""SSAN"":""7:15 PM"",""COLM"":""7:19 PM"",""DALY"":""7:22 PM"",""BALB"":""7:26 PM"",""GLEN"":""7:28 PM"",""24TH"":""7:31 PM"",""16TH"":""7:33 PM"",""CIVC"":""7:35 PM"",""POWL"":""7:37 PM"",""MONT"":""7:39 PM"",""EMBR"":""7:40 PM"",""WOAK"":""7:47 PM"",""12TH"":""7:52 PM"",""19TH"":""7:54 PM"",""MCAR"":""7:58 PM"",""ROCK"":""8:01 PM"",""ORIN"":""8:06 PM"",""LAFY"":""8:11 PM"",""WCRK"":""8:15 PM"",""PHIL"":""8:18 PM"",""CONC"":""8:23 PM"",""NCON"":""8:27 PM"",""PITT"":""8:34 PM"",""PCTR"":""8:45 PM"",""ANTC"":""8:53 PM""}"
weekday,2,N,4618,SFIA_DEP,73680,False,"{""SFIA_DEP"":""8:28 PM"",""SBRN"":""8:32 PM"",""SSAN"":""8:35 PM"",""COLM"":""8:39 PM"",""DALY"":""8:42 PM"",""BALB"":""8:46 PM"",""GLEN"":""8:48 PM"",""24TH"":""8:51 PM"",""16TH"":""8:53 PM"",""CIVC"":""8:55 PM"",""POWL"":""8:57 PM"",""MONT"":""8:59 PM"",""EMBR"":""9:00 PM"",""WOAK"":""9:07 PM"",""12TH"":""9:12 PM"",""19TH"":""9:14 PM"",""MCAR"":""9:18 PM"",""ROCK"":""9:21 PM"",""ORIN"":""9:26 PM"",""LAFY"":""9:31 PM"",""WCRK"":""9:35 PM"",""PHIL"":""9:38 PM"",""CONC"":""9:43 PM"",""NCON"":""9:47 PM"",""PITT"":""9:54 PM"",""PCTR"":""10:05 PM"",""ANTC"":""10:13 PM""}"
weekday,2,N,4645,SFIA_DEP,70080,False,"{""SFIA_DEP"":""7:28 PM"",""SBRN"":""7:32 PM"",""SSAN"":""7:35 PM"",""COLM"":""7:39 PM"",""DALY"":""7:42 PM"",""BALB"":""7:46 PM"",""GLEN"":""7:48 PM"",""24TH"":""7:51 PM"",""16TH"":""7:53 PM"",""CIVC"":""7:55 PM"",""POWL"":""7:57 PM"",""MONT"":""7:59 PM"",""EMBR"":""8:00 PM"",""WOAK"":""8:07 PM"",""12TH"":""8:12 PM"",""19TH"":""8:14 PM"",""MCAR"":""8:18 PM"",""ROCK"":""8:21 PM"",""ORIN"":""8:26 PM"",""LAFY"":""8:31 PM"",""WCRK"":""8:35 PM"",""PHIL"":""8:38 PM"",""CONC"":""8:43 PM"",""NCON"":""8:47 PM"",""PITT"":""8:54 PM"",""PCTR"":""9:05 PM"",""ANTC"":""9:13 PM""}"
weekday,2,N,4672,SFIA_DEP,74880,False,"{""SFIA_DEP"":""8:48 PM"",""SBRN"":""8:52 PM"",""SSAN"":""8:55 PM"",""COLM"":""8:59 PM"",""DALY"":""9:02 PM"",""BALB"":""9:06 PM"",""GLEN"":""9:08 PM"",""24TH"":""9:11 PM"",""16TH"":""9:13 PM"",""CIVC"":""9:15 PM"",""POWL"":""9:17 PM"",""MONT"":""9:19 PM"",""EMBR"":""9:20 PM"",""WOAK"":""9:27 PM"",""12TH"":""9:32 PM"",""19TH"":""9:34 PM"",""MCAR"":""9:38 PM"",""ROCK"":""9:41 PM"",""ORIN"":""9:46 PM"",""LAFY"":""9:51 PM"",""WCRK"":""9:55 PM"",""PHIL"":""9:58 PM"",""CONC"":""10:03 PM"",""NCON"":""10:07 PM"",""PITT"":""10:14 PM"",""PCTR"":""10:25 PM"",""ANTC"":""10:33 PM""}"
weekday,2,N,4699,SFIA_DEP,71280,False,"{""SFIA_DEP"":""7:48 PM"",""SBRN"":""7:52 PM"",""SSAN"":""7:55 PM"",""COLM"":""7:59 PM"",""DALY"":""8:02 PM"",""BALB"":""8:06 PM"",""GLEN"":""8:08 PM"",""24TH"":""8:11 PM"",""16TH"":""8:13 PM"",""CIVC"":""8:15 PM"",""POWL"":""8:17 PM"",""MONT"":""8:19 PM"",""EMBR"":""8:20 PM"",""WOAK"":""8:27 PM"",""12TH"":""8:32 PM"",""19TH"":""8:34 PM"",""MCAR"":""8:38 PM"",""ROCK"":""8:41 PM"",""ORIN"":""8:46 PM"",""LAFY"":""8:51 PM"",""WCRK"":""8:55 PM"",""PHIL"":""8:58 PM"",""CONC"":""9:03 PM"",""NCON"":""9:07 PM"",""PITT"":""9:14 PM"",""PCTR"":""9:25 PM"",""ANTC"":""9:33 PM""}"
weekday,2,N,4726,MLBR,75660,True,"{""MLBR"":""9:01 PM"",""SFIA_ARR"":""9:05 PM"",""SFIA_DEP"":""9:08 PM"",""SBRN"":""9:12 PM"",""SSAN"":""9:15 PM"",""COLM"":""9:19 PM"",""DALY"":""9:22 PM"",""BALB"":""9:26 PM"",""GLEN"":""9:28 PM"",""24TH"":""9:31 PM"",""16TH"":""9:33 PM"",""CIVC"":""9:35 PM"",""POWL"":""9:37 PM"",""MONT"":""9:39 PM"",""EMBR"":""9:40 PM"",""WOAK"":""9:47 PM"",""12TH"":""9:52 PM"",""19TH"":""9:54 PM"",""MCAR"":""9:58 PM"",""ROCK"":""10:01 PM"",""ORIN"":""10:06 PM"",""LAFY"":""10:11 PM"",""WCRK"":""10:15 PM"",""PHIL"":""10:18 PM"",""CONC"":""10:23 PM"",""NCON"":""10:27 PM"",""PITT"":""10:34 PM"",""PCTR"":""10:45 PM"",""ANTC"":""10:53 PM""}"
weekday,2,N,4755,SFIA_DEP,72480,False,"{""SFIA_DEP"":""8:08 PM"",""SBRN"":""8:12 PM"",""SSAN"":""8:15 PM"",""COLM"":""8:19 PM"",""DALY"":""8:22 PM"",""BALB"":""8:26 PM"",""GLEN"":""8:28 PM"",""24TH"":""8:31 PM"",""16TH"":""8:33 PM"",""CIVC"":""8:35 PM"",""POWL"":""8:37 PM"",""MONT"":""8:39 PM"",""EMBR"":""8:40 PM"",""WOAK"":""8:47 PM"",""12TH"":""8:52 PM"",""19TH"":""8:54 PM"",""MCAR"":""8:58 PM"",""ROCK"":""9:01 PM"",""ORIN"":""9:06 PM"",""LAFY"":""9:11 PM"",""WCRK"":""9:15 PM"",""PHIL"":""9:18 PM"",""CONC"":""9:23 PM"",""NCON"":""9:27 PM"",""PITT"":""9:34 PM"",""PCTR"":""9:45 PM"",""ANTC"":""9:53 PM""}"
weekday,2,N,4782,MLBR,76560,True,"{""MLBR"":""9:16 PM"",""SFIA_ARR"":""9:20 PM"",""SFIA_DEP"":""9:28 PM"",""SBRN"":""9:32 PM"",""SSAN"":""9:35 PM"",""COLM"":""9:39 PM"",""DALY"":""9:42 PM"",""BALB"":""9:46 PM"",""GLEN"":""9:48 PM"",""24TH"":""9:51 PM"",""16TH"":""9:53 PM"",""CIVC"":""9:55 PM"",""POWL"":""9:57 PM"",""MONT"":""9:59 PM"",""EMBR"":""10:00 PM"",""WOAK"":""10:07 PM"",""12TH"":""10:12 PM"",""19TH"":""10:14 PM"",""MCAR"":""10:18 PM"",""ROCK"":""10:21 PM"",""ORIN"":""10:26 PM"",""LAFY"":""10:31 PM"",""WCRK"":""10:35 PM"",""PHIL"":""10:38 PM"",""CONC"":""10:43 PM"",""NCON"":""10:47 PM"",""PITT"":""10:54 PM"",""PCTR"":""11:05 PM"",""ANTC"":""11:13 PM""}"
weekday,2,N,4811,SFIA_DEP,73680,False,"{""SFIA_DEP"":""8:28 PM"",""SBRN"":""8:32 PM"",""SSAN"":""8:35 PM"",""COLM"":""8:39 PM"",""DALY"":""8:42 PM"",""BALB"":""8:46 PM"",""GLEN"":""8:48 PM"",""24TH"":""8:51 PM"",""16TH"":""8:53 PM"",""CIVC"":""8:55 PM"",""POWL"":""8:57 PM"",""MONT"":""8:59 PM"",""EMBR"":""9:00 PM"",""WOAK"":""9:07 PM"",""12TH"":""9:12 PM"",""19TH"":""9:14 PM"",""MCAR"":""9:18 PM"",""ROCK"":""9:21 PM"",""ORIN"":""9:26 PM"",""LAFY"":""9:31 PM"",""WCRK"":""9:35 PM"",""PHIL"":""9:38 PM"",""CONC"":""9:43 PM"",""NCON"":""9:47 PM"",""PITT"":""9:54 PM"",""PCTR"":""10:05 PM"",""ANTC"":""10:13 PM""}"
weekday,2,N,4838,MLBR,77460,True,"{""MLBR"":""9:31 PM"",""SFIA_ARR"":""9:35 PM"",""SFIA_DEP"":""9:48 PM"",""SBRN"":""9:52 PM"",""SSAN"":""9:55 PM"",""COLM"":""9:59 PM"",""DALY"":""10:02 PM"",""BALB"":""10:06 PM"",""GLEN"":""10:08 PM"",""24TH"":""10:11 PM"",""16TH"":""10:13 PM"",""CIVC"":""10:15 PM"",""POWL"":""10:17 PM"",""MONT"":""10:19 PM"",""EMBR"":""10:20 PM"",""WOAK"":""10:27 PM"",""12TH"":""10:32 PM"",""19TH"":""10:34 PM"",""MCAR"":""10:38 PM"",""ROCK"":""10:41 PM"",""ORIN"":""10:46 PM"",""LAFY"":""10:51 PM"",""WCRK"":""10:55 PM"",""PHIL"":""10:58 PM"",""CONC"":""11:03 PM"",""NCON"":""11:07 PM"",""PITT"":""11:14 PM"",""PCTR"":""11:25 PM"",""ANTC"":""11:33 PM""}"
weekday,2,N,4867,SFIA_DEP,74880,False,"{""SFIA_DEP"":""8:48 PM"",""SBRN"":""8:52 PM"",""SSAN"":""8:55 PM"",""COLM"":""8:59 PM"",""DALY"":""9:02 PM"",""BALB"":""9:06 PM"",""GLEN"":""9:08 PM"",""24TH"":""9:11 PM"",""16TH"":""9:13 PM"",""CIVC"":""9:15 PM"",""POWL"":""9:17 PM"",""MONT"":""9:19 PM"",""EMBR"":""9:20 PM"",""WOAK"":""9:27 PM"",""12TH"":""9:32 PM"",""19TH"":""9:34 PM"",""MCAR"":""9:38 PM"",""ROCK"":""9:41 PM"",""ORIN"":""9:46 PM"",""LAFY"":""9:51 PM"",""WCRK"":""9:55 PM"",""PHIL"":""9:58 PM"",""CONC"":""10:03 PM"",""NCON"":""10:07 PM"",""PITT"":""10:14 PM"",""PCTR"":""10:25 PM"",""ANTC"":""10:33 PM""}"
weekday,2,N,4894,MLBR,78360,True,"{""MLBR"":""9:46 PM"",""SFIA_ARR"":""9:50 PM""}"
weekday,2,N,4896,MLBR,75660,True,"{""MLBR"":""9:01 PM"",""SFIA_ARR"":""9:05 PM"",""SFIA_DEP"":""9:08 PM"",""SBRN"":""9:12 PM"",""SSAN"":""9:15 PM"",""COLM"":""9:19 PM"",""DALY"":""9:22 PM"",""BALB"":""9:26 PM"",""GLEN"":""9:28 PM"",""24TH"":""9:31 PM"",""16TH"":""9:33 PM"",""CIVC"":""9:35 PM"",""POWL"":""9:37 PM"",""MONT"":""9:39 PM"",""EMBR"":""9:40 PM"",""WOAK"":""9:47 PM"",""12TH"":""9:52 PM"",""19TH"":""9:54 PM"",""MCAR"":""9:58 PM"",""ROCK"":""10:01 PM"",""ORIN"":""10:06 PM"",""LAFY"":""10:11 PM"",""WCRK"":""10:15 PM"",""PHIL"":""10:18 PM"",""CONC"":""10:23 PM"",""NCON"":""10:27 PM"",""PITT"":""10:34 PM"",""PCTR"":""10:45 PM"",""ANTC"":""10:53 PM""}"
weekday,2,N,4925,MLBR,79260,True,"{""MLBR"":""10:01 PM"",""SFIA_ARR"":""10:05 PM"",""SFIA_DEP"":""10:08 PM"",""SBRN"":""10:12 PM"",""SSAN"":""10:15 PM"",""COLM"":""10:19 PM"",""DALY"":""10:22 PM"",""BALB"":""10:26 PM"",""GLEN"":""10:28 PM"",""24TH"":""10:31 PM"",""16TH"":""10:33 PM"",""CIVC"":""10:35 PM"",""POWL"":""10:37 PM"",""MONT"":""10:39 PM"",""EMBR"":""10:40 PM"",""WOAK"":""10:47 PM"",""12TH"":""10:52 PM"",""19TH"":""10:54 PM"",""MCAR"":""10:58 PM"",""ROCK"":""11:01 PM"",""ORIN"":""11:06 PM"",""LAFY"":""11:11 PM"",""WCRK"":""11:15 PM"",""PHIL"":""11:18 PM"",""CONC"":""11:23 PM"",""NCON"":""11:27 PM"",""PITT"":""11:34 PM"",""PCTR"":""11:45 PM"",""ANTC"":""11:53 PM""}"
weekday,2,N,4954,MLBR,76560,True,"{""MLBR"":""9:16 PM"",""SFIA_ARR"":""9:20 PM"",""SFIA_DEP"":""9:28 PM"",""SBRN"":""9:32 PM"",""SSAN"":""9:35 PM"",""COLM"":""9:39 PM"",""DALY"":""9:42 PM"",""BALB"":""9:46 PM"",""GLEN"":""9:48 PM"",""24TH"":""9:51 PM"",""16TH"":""9:53 PM"",""CIVC"":""9:55 PM"",""POWL"":""9:57 PM"",""MONT"":""9:59 PM"",""EMBR"":""10:00 PM"",""WOAK"":""10:07 PM"",""12TH"":""10:12 PM"",""19TH"":""10:14 PM"",""MCAR"":""10:18 PM"",""ROCK"":""10:21 PM"",""ORIN"":""10:26 PM"",""LAFY"":""10:31 PM"",""WCRK"":""10:35 PM"",""PHIL"":""10:38 PM"",""CONC"":""10:43 PM"",""NCON"":""10:47 PM"",""PITT"":""10:54 PM"",""PCTR"":""11:05 PM"",""ANTC"":""11:13 PM""}"
weekday,2,N,4983,MLBR,80040,True,"{""MLBR"":""10:14 PM"",""SFIA_ARR"":""10:18 PM"",""SFIA_DEP"":""10:28 PM"",""SBRN"":""10:32 PM"",""SSAN"":""10:35 PM"",""COLM"":""10:39 PM"",""DALY"":""10:42 PM"",""BALB"":""10:46 PM"",""GLEN"":""10:48 PM"",""24TH"":""10:51 PM"",""16TH"":""10:53 PM"",""CIVC"":""10:55 PM"",""POWL"":""10:57 PM"",""MONT"":""10:59 PM"",""EMBR"":""11:00 PM"",""WOAK"":""11:07 PM"",""12TH"":""11:12 PM"",""19TH"":""11:14 PM"",""MCAR"":""11:18 PM"",""ROCK"":""11:21 PM"",""ORIN"":""11:26 PM"",""LAFY"":""11:31 PM"",""WCRK"":""11:35 PM"",""PHIL"":""11:38 PM"",""CONC"":""11:43 PM"",""NCON"":""11:47 PM"",""PITT"":""11:54 PM"",""PCTR"":""12:05 AM"",""ANTC"":""12:13 AM""}"
weekday,2,N,5012,MLBR,77460,True,"{""MLBR"":""9:31 PM"",""SFIA_ARR"":""9:35 PM"",""SFIA_DEP"":""9:48 PM"",""SBRN"":""9:52 PM"",""SSAN"":""9:55 PM"",""COLM"":""9:59 PM"",""DALY"":""10:02 PM"",""BALB"":""10:06 PM"",""GLEN"":""10:08 PM"",""24TH"":""10:11 PM"",""16TH"":""10:13 PM"",""CIVC"":""10:15 PM"",""POWL"":""10:17 PM"",""MONT"":""10:19 PM"",""EMBR"":""10:20 PM"",""WOAK"":""10:27 PM"",""12TH"":""10:32 PM"",""19TH"":""10:34 PM"",""MCAR"":""10:38 PM"",""ROCK"":""10:41 PM"",""ORIN"":""10:46 PM"",""LAFY"":""10:51 PM"",""WCRK"":""10:55 PM"",""PHIL"":""10:58 PM"",""CONC"":""11:03 PM"",""NCON"":""11:07 PM"",""PITT"":""11:14 PM"",""PCTR"":""11:25 PM"",""ANTC"":""11:33 PM""}"
weekday,2,N,5041,MLBR,80940,True,"{""MLBR"":""10:29 PM"",""SFIA_ARR"":""10:33 PM""}"
weekday,2,N,5043,MLBR,78360,True,"{""MLBR"":""9:46 PM"",""SFIA_ARR"":""9:50 PM""}"
weekday,2,N,5045,MLBR,81780,True,"{""MLBR"":""10:43 PM"",""SFIA_ARR"":""10:47 PM"",""SFIA_DEP"":""10:48 PM"",""SBRN"":""10:52 PM"",""SSAN"":""10:55 PM"",""COLM"":""10:59 PM"",""DALY"":""11:02 PM"",""BALB"":""11:06 PM"",""GLEN"":""11:08 PM"",""24TH"":""11:11 PM"",""16TH"":""11:13 PM"",""CIVC"":""11:15 PM"",""POWL"":""11:17 PM"",""MONT"":""11:19 PM"",""EMBR"":""11:20 PM"",""WOAK"":""11:27 PM"",""12TH"":""11:32 PM"",""19TH"":""11:34 PM"",""MCAR"":""11:38 PM"",""ROCK"":""11:41 PM"",""ORIN"":""11:46 PM"",""LAFY"":""11:51 PM"",""WCRK"":""11:55 PM"",""PHIL"":""11:58 PM"",""CONC"":""12:03 AM"",""NCON"":""12:07 AM"",""PITT"":""12:14 AM"",""PCTR"":""12:25 AM"",""ANTC"":""12:33 AM""}"
weekday,2,N,5074,MLBR,79260,True,"{""MLBR"":""10:01 PM"",""SFIA_ARR"":""10:05 PM"",""SFIA_DEP"":""10:08 PM"",""SBRN"":""10:12 PM"",""SSAN"":""10:15 PM"",""COLM"":""10:19 PM"",""DALY"":""10:22 PM"",""BALB"":""10:26 PM"",""GLEN"":""10:28 PM"",""24TH"":""10:31 PM"",""16TH"":""10:33 PM"",""CIVC"":""10:35 PM"",""POWL"":""10:37 PM"",""MONT"":""10:39 PM"",""EMBR"":""10:40 PM"",""WOAK"":""10:47 PM"",""12TH"":""10:52 PM"",""19TH"":""10:54 PM"",""MCAR"":""10:58 PM"",""ROCK"":""11:01 PM"",""ORIN"":""11:06 PM"",""LAFY"":""11:11 PM"",""WCRK"":""11:15 PM"",""PHIL"":""11:18 PM"",""CONC"":""11:23 PM"",""NCON"":""11:27 PM"",""PITT"":""11:34 PM"",""PCTR"":""11:45 PM"",""ANTC"":""11:53 PM""}"
weekday,2,N,5103,MLBR,82980,True,"{""MLBR"":""11:03 PM"",""SFIA_ARR"":""11:07 PM"",""SFIA_DEP"":""11:08 PM"",""SBRN"":""11:12 PM"",""SSAN"":""11:15 PM"",""COLM"":""11:19 PM"",""DALY"":""11:22 PM"",""BALB"":""11:26 PM"",""GLEN"":""11:28 PM"",""24TH"":""11:31 PM"",""16TH"":""11:33 PM"",""CIVC"":""11:35 PM"",""POWL"":""11:37 PM"",""MONT"":""11:39 PM"",""EMBR"":""11:40 PM"",""WOAK"":""11:47 PM"",""12TH"":""11:52 PM"",""19TH"":""11:54 PM"",""MCAR"":""11:58 PM"",""ROCK"":""12:01 AM"",""ORIN"":""12:06 AM"",""LAFY"":""12:11 AM"",""WCRK"":""12:15 AM"",""PHIL"":""12:18 AM"",""CONC"":""12:23 AM"",""NCON"":""12:27 AM"",""PITT"":""12:34 AM"",""PCTR"":""12:45 AM"",""ANTC"":""12:53 AM""}"
weekday,2,N,5132,MLBR,80040,True,"{""MLBR"":""10:14 PM"",""SFIA_ARR"":""10:18 PM"",""SFIA_DEP"":""10:28 PM"",""SBRN"":""10:32 PM"",""SSAN"":""10:35 PM"",""COLM"":""10:39 PM"",""DALY"":""10:42 PM"",""BALB"":""10:46 PM"",""GLEN"":""10:48 PM"",""24TH"":""10:51 PM"",""16TH"":""10:53 PM"",""CIVC"":""10:55 PM"",""POWL"":""10:57 PM"",""MONT"":""10:59 PM"",""EMBR"":""11:00 PM"",""WOAK"":""11:07 PM"",""12TH"":""11:12 PM"",""19TH"":""11:14 PM"",""MCAR"":""11:18 PM"",""ROCK"":""11:21 PM"",""ORIN"":""11:26 PM"",""LAFY"":""11:31 PM"",""WCRK"":""11:35 PM"",""PHIL"":""11:38 PM"",""CONC"":""11:43 PM"",""NCON"":""11:47 PM"",""PITT"":""11:54 PM"",""PCTR"":""12:05 AM"",""ANTC"":""12:13 AM""}"
weekday,2,N,5161,MLBR,83880,True,"{""MLBR"":""11:18 PM"",""SFIA_ARR"":""11:22 PM"",""SFIA_DEP"":""11:28 PM"",""SBRN"":""11:32 PM"",""SSAN"":""11:35 PM"",""COLM"":""11:39 PM"",""DALY"":""11:42 PM"",""BALB"":""11:46 PM"",""GLEN"":""11:48 PM"",""24TH"":""11:51 PM"",""16TH"":""11:53 PM"",""CIVC"":""11:55 PM"",""POWL"":""11:57 PM"",""MONT"":""11:59 PM"",""EMBR"":""12:00 AM"",""WOAK"":""12:07 AM"",""12TH"":""12:12 AM"",""19TH"":""12:14 AM"",""MCAR"":""12:18 AM"",""ROCK"":""12:21 AM"",""ORIN"":""12:26 AM"",""LAFY"":""12:31 AM"",""WCRK"":""12:35 AM"",""PHIL"":""12:38 AM"",""CONC"":""12:43 AM"",""NCON"":""12:47 AM"",""PITT"":""12:54 AM"",""PCTR"":""1:05 AM"",""ANTC"":""1:13 AM""}"
weekday,2,N,5190,MLBR,80940,True,"{""MLBR"":""10:29 PM"",""SFIA_ARR"":""10:33 PM""}"
weekday,2,N,5192,MLBR,84720,True,"{""MLBR"":""11:32 PM"",""SFIA_ARR"":""11:36 PM""}"
weekday,2,N,5194,MLBR,81780,True,"{""MLBR"":""10:43 PM"",""SFIA_ARR"":""10:47 PM"",""SFIA_DEP"":""10:48 PM"",""SBRN"":""10:52 PM"",""SSAN"":""10:55 PM"",""COLM"":""10:59 PM"",""DALY"":""11:02 PM"",""BALB"":""11:06 PM"",""GLEN"":""11:08 PM"",""24TH"":""11:11 PM"",""16TH"":""11:13 PM"",""CIVC"":""11:15 PM"",""POWL"":""11:17 PM"",""MONT"":""11:19 PM"",""EMBR"":""11:20 PM"",""WOAK"":""11:27 PM"",""12TH"":""11:32 PM"",""19TH"":""11:34 PM"",""MCAR"":""11:38 PM"",""ROCK"":""11:41 PM"",""ORIN"":""11:46 PM"",""LAFY"":""11:51 PM"",""WCRK"":""11:55 PM"",""PHIL"":""11:58 PM"",""CONC"":""12:03 AM"",""NCON"":""12:07 AM"",""PITT"":""12:14 AM"",""PCTR"":""12:25 AM"",""ANTC"":""12:33 AM""}"
weekday,2,N,5223,MLBR,85500,True,"{""MLBR"":""11:45 PM"",""SFIA_ARR"":""11:49 PM"",""SFIA_DEP"":""11:50 PM"",""SBRN"":""11:54 PM"",""SSAN"":""11:57 PM"",""COLM"":""12:00 AM"",""DALY"":""12:04 AM"",""BALB"":""12:07 AM"",""GLEN"":""12:10 AM"",""24TH"":""12:12 AM"",""16TH"":""12:15 AM"",""CIVC"":""12:17 AM"",""POWL"":""12:19 AM"",""MONT"":""12:20 AM"",""EMBR"":""12:22 AM"",""WOAK"":""12:29 AM"",""12TH"":""12:34 AM"",""19TH"":""12:36 AM"",""MCAR"":""12:39 AM"",""ROCK"":""12:42 AM"",""ORIN"":""12:47 AM"",""LAFY"":""12:52 AM"",""WCRK"":""12:57 AM"",""PHIL"":""1:00 AM"",""CONC"":""1:05 AM"",""NCON"":""1:09 AM"",""PITT"":""1:15 AM""}"
weekday,2,N,5250,MLBR,82980,True,"{""MLBR"":""11:03 PM"",""SFIA_ARR"":""11:07 PM"",""SFIA_DEP"":""11:08 PM"",""SBRN"":""11:12 PM"",""SSAN"":""11:15 PM"",""COLM"":""11:19 PM"",""DALY"":""11:22 PM"",""BALB"":""11:26 PM"",""GLEN"":""11:28 PM"",""24TH"":""11:31 PM"",""16TH"":""11:33 PM"",""CIVC"":""11:35 PM"",""POWL"":""11:37 PM"",""MONT"":""11:39 PM"",""EMBR"":""11:40 PM"",""WOAK"":""11:47 PM"",""12TH"":""11:52 PM"",""19TH"":""11:54 PM"",""MCAR"":""11:58 PM"",""ROCK"":""12:01 AM"",""ORIN"":""12:06 AM"",""LAFY"":""12:11 AM"",""WCRK"":""12:15 AM"",""PHIL"":""12:18 AM"",""CONC"":""12:23 AM"",""NCON"":""12:27 AM"",""PITT"":""12:34 AM"",""PCTR"":""12:45 AM"",""ANTC"":""12:53 AM""}"
weekday,2,N,5279,SFIA_DEP,86340,True,"{""SFIA_DEP"":""11:59 PM"",""SBRN"":""12:03 AM"",""SSAN"":""12:06 AM"",""COLM"":""12:10 AM"",""DALY"":""12:13 AM"",""BALB"":""12:17 AM"",""GLEN"":""12:19 AM"",""24TH"":""12:22 AM"",""16TH"":""12:24 AM"",""CIVC"":""12:26 AM"",""POWL"":""12:28 AM"",""MONT"":""12:30 AM"",""EMBR"":""12:31 AM"",""WOAK"":""12:39 AM"",""12TH"":""12:43 AM"",""19TH"":""12:45 AM"",""ROCK"":""12:55 AM"",""ORIN"":""1:00 AM"",""LAFY"":""1:05 AM"",""WCRK"":""1:09 AM"",""PHIL"":""1:12 AM"",""CONC"":""1:17 AM"",""NCON"":""1:21 AM"",""PITT"":""1:28 AM"",""PCTR"":""1:36 AM"",""ANTC"":""1:43 AM""}"
weekday,2,N,5305,MLBR,83880,True,"{""MLBR"":""11:18 PM"",""SFIA_ARR"":""11:22 PM"",""SFIA_DEP"":""11:28 PM"",""SBRN"":""11:32 PM"",""SSAN"":""11:35 PM"",""COLM"":""11:39 PM"",""DALY"":""11:42 PM"",""BALB"":""11:46 PM"",""GLEN"":""11:48 PM"",""24TH"":""11:51 PM"",""16TH"":""11:53 PM"",""CIVC"":""11:55 PM"",""POWL"":""11:57 PM"",""MONT"":""11:59 PM"",""EMBR"":""12:00 AM"",""WOAK"":""12:07 AM"",""12TH"":""12:12 AM"",""19TH"":""12:14 AM"",""MCAR"":""12:18 AM"",""ROCK"":""12:21 AM"",""ORIN"":""12:26 AM"",""LAFY"":""12:31 AM"",""WCRK"":""12:35 AM"",""PHIL"":""12:38 AM"",""CONC"":""12:43 AM"",""NCON"":""12:47 AM"",""PITT"":""12:54 AM"",""PCTR"":""1:05 AM"",""ANTC"":""1:13 AM""}"
weekday,2,N,5334,MLBR,84720,True,"{""MLBR"":""11:32 PM"",""SFIA_ARR"":""11:36 PM""}"
weekday,2,N,5336,MLBR,85500,True,"{""MLBR"":""11:45 PM"",""SFIA_ARR"":""11:49 PM"",""SFIA_DEP"":""11:50 PM"",""SBRN"":""11:54 PM"",""SSAN"":""11:57 PM"",""COLM"":""12:00 AM"",""DALY"":""12:04 AM"",""BALB"":""12:07 AM"",""GLEN"":""12:10 AM"",""24TH"":""12:12 AM"",""16TH"":""12:15 AM"",""CIVC"":""12:17 AM"",""POWL"":""12:19 AM"",""MONT"":""12:20 AM"",""EMBR"":""12:22 AM"",""WOAK"":""12:29 AM"",""12TH"":""12:34 AM"",""19TH"":""12:36 AM"",""MCAR"":""12:39 AM"",""ROCK"":""12:42 AM"",""ORIN"":""12:47 AM"",""LAFY"":""12:52 AM"",""WCRK"":""12:57 AM"",""PHIL"":""1:00 AM"",""CONC"":""1:05 AM"",""NCON"":""1:09 AM"",""PITT"":""1:15 AM""}"
weekday,2,N,5363,SFIA_DEP,86340,True,"{""SFIA_DEP"":""11:59 PM"",""SBRN"":""12:03 AM"",""SSAN"":""12:06 AM"",""COLM"":""12:10 AM"",""DALY"":""12:13 AM"",""BALB"":""12:17 AM"",""GLEN"":""12:19 AM"",""24TH"":""12:22 AM"",""16TH"":""12:24 AM"",""CIVC"":""12:26 AM"",""POWL"":""12:28 AM"",""MONT"":""12:30 AM"",""EMBR"":""12:31 AM"",""WOAK"":""12:39 AM"",""12TH"":""12:43 AM"",""19TH"":""12:45 AM"",""ROCK"":""12:55 AM"",""ORIN"":""1:00 AM"",""LAFY"":""1:05 AM"",""WCRK"":""1:09 AM"",""PHIL"":""1:12 AM"",""CONC"":""1:17 AM"",""NCON"":""1:21 AM"",""PITT"":""1:28 AM"",""PCTR"":""1:36 AM"",""ANTC"":""1:43 AM""}"
weekend,1,S,1,CONC,21360,False,"{""CONC"":""5:56 AM"",""PHIL"":""6:01 AM"",""WCRK"":""6:04 AM"",""LAFY"":""6:09 AM"",""ORIN"":""6:14 AM"",""ROCK"":""6:19 AM"",""MCAR"":""6:23 AM"",""19TH"":""6:27 AM"",""12TH"":""6:29 AM"",""WOAK"":""6:33 AM"",""EMBR"":""6:40 AM"",""MONT"":""6:42 AM"",""POWL"":""6:43 AM"",""CIVC"":""6:45 AM"",""16TH"":""6:47 AM"",""24TH"":""6:49 AM"",""GLEN"":""6:52 AM"",""BALB"":""6:54 AM"",""DALY"":""6:59 AM"",""COLM"":""7:03 AM"",""SSAN"":""7:06 AM"",""SBRN"":""7:09 AM"",""SFIA_ARR"":""7:14 AM""}"
weekend,1,S,24,ANTC,21000,False,"{""ANTC"":""5:50 AM"",""PCTR"":""5:57 AM"",""PITT"":""6:06 AM"",""NCON"":""6:12 AM"",""CONC"":""6:16 AM"",""PHIL"":""6:21 AM"",""WCRK"":""6:24 AM"",""LAFY"":""6:29 AM"",""ORIN"":""6:34 AM"",""ROCK"":""6:39 AM"",""MCAR"":""6:43 AM"",""19TH"":""6:47 AM"",""12TH"":""6:49 AM"",""WOAK"":""6:53 AM"",""EMBR"":""7:00 AM"",""MONT"":""7:02 AM"",""POWL"":""7:03 AM"",""CIVC"":""7:05 AM"",""16TH"":""7:07 AM"",""24TH"":""7:09 AM"",""GLEN"":""7:12 AM"",""BALB"":""7:14 AM"",""DALY"":""7:19 AM"",""COLM"":""7:23 AM"",""SSAN"":""7:26 AM"",""SBRN"":""7:29 AM"",""SFIA_ARR"":""7:34 AM""}"
weekend,1,S,51,CONC,20160,False,"{""CONC"":""5:36 AM"",""PHIL"":""5:41 AM"",""WCRK"":""5:44 AM"",""LAFY"":""5:49 AM"",""ORIN"":""5:54 AM"",""ROCK"":""5:59 AM"",""MCAR"":""6:03 AM"",""19TH"":""6:07 AM"",""12TH"":""6:09 AM"",""WOAK"":""6:13 AM"",""EMBR"":""6:20 AM"",""MONT"":""6:22 AM"",""POWL"":""6:23 AM"",""CIVC"":""6:25 AM"",""16TH"":""6:27 AM"",""24TH"":""6:29 AM"",""GLEN"":""6:32 AM"",""BALB"":""6:34 AM"",""DALY"":""6:39 AM"",""COLM"":""6:43 AM"",""SSAN"":""6:46 AM"",""SBRN"":""6:49 AM"",""SFIA_ARR"":""6:54 AM""}"
weekend,1,S,74,ANTC,22200,False,"{""ANTC"":""6:10 AM"",""PCTR"":""6:17 AM"",""PITT"":""6:26 AM"",""NCON"":""6:32 AM"",""CONC"":""6:36 AM"",""PHIL"":""6:41 AM"",""WCRK"":""6:44 AM"",""LAFY"":""6:49 AM"",""ORIN"":""6:54 AM"",""ROCK"":""6:59 AM"",""MCAR"":""7:03 AM"",""19TH"":""7:07 AM"",""12TH"":""7:09 AM"",""WOAK"":""7:13 AM"",""EMBR"":""7:20 AM"",""MONT"":""7:22 AM"",""POWL"":""7:23 AM"",""CIVC"":""7:25 AM"",""16TH"":""7:27 AM"",""24TH"":""7:29 AM"",""GLEN"":""7:32 AM"",""BALB"":""7:34 AM"",""DALY"":""7:39 AM"",""COLM"":""7:43 AM"",""SSAN"":""7:46 AM"",""SBRN"":""7:49 AM"",""SFIA_ARR"":""7:54 AM""}"
weekend,1,S,101,CONC,21360,False,"{""CONC"":""5:56 AM"",""PHIL"":""6:01 AM"",""WCRK"":""6:04 AM"",""LAFY"":""6:09 AM"",""ORIN"":""6:14 AM"",""ROCK"":""6:19 AM"",""MCAR"":""6:23 AM"",""19TH"":""6:27 AM"",""12TH"":""6:29 AM"",""WOAK"":""6:33 AM"",""EMBR"":""6:40 AM"",""MONT"":""6:42 AM"",""POWL"":""6:43 AM"",""CIVC"":""6:45 AM"",""16TH"":""6:47 AM"",""24TH"":""6:49 AM"",""GLEN"":""6:52 AM"",""BALB"":""6:54 AM"",""DALY"":""6:59 AM"",""COLM"":""7:03 AM"",""SSAN"":""7:06 AM"",""SBRN"":""7:09 AM"",""SFIA_ARR"":""7:14 AM""}"
weekend,1,S,124,ANTC,23400,False,"{""ANTC"":""6:30 AM"",""PCTR"":""6:37 AM"",""PITT"":""6:46 AM"",""NCON"":""6:52 AM"",""CONC"":""6:56 AM"",""PHIL"":""7:01 AM"",""WCRK"":""7:04 AM"",""LAFY"":""7:09 AM"",""ORIN"":""7:14 AM"",""ROCK"":""7:19 AM"",""MCAR"":""7:23 AM"",""19TH"":""7:27 AM"",""12TH"":""7:29 AM"",""WOAK"":""7:33 AM"",""EMBR"":""7:40 AM"",""MONT"":""7:42 AM"",""POWL"":""7:43 AM"",""CIVC"":""7:45 AM"",""16TH"":""7:47 AM"",""24TH"":""7:49 AM"",""GLEN"":""7:52 AM"",""BALB"":""7:54 AM"",""DALY"":""7:59 AM"",""COLM"":""8:03 AM"",""SSAN"":""8:06 AM"",""SBRN"":""8:09 AM"",""SFIA_ARR"":""8:14 AM""}"
weekend,1,S,151,ANTC,21000,False,"{""ANTC"":""5:50 AM"",""PCTR"":""5:57 AM"",""PITT"":""6:06 AM"",""NCON"":""6:12 AM"",""CONC"":""6:16 AM"",""PHIL"":""6:21 AM"",""WCRK"":""6:24 AM"",""LAFY"":""6:29 AM"",""ORIN"":""6:34 AM"",""ROCK"":""6:39 AM"",""MCAR"":""6:43 AM"",""19TH"":""6:47 AM"",""12TH"":""6:49 AM"",""WOAK"":""6:53 AM"",""EMBR"":""7:00 AM"",""MONT"":""7:02 AM"",""POWL"":""7:03 AM"",""CIVC"":""7:05 AM"",""16TH"":""7:07 AM"",""24TH"":""7:09 AM"",""GLEN"":""7:12 AM"",""BALB"":""7:14 AM"",""DALY"":""7:19 AM"",""COLM"":""7:23 AM"",""SSAN"":""7:26 AM"",""SBRN"":""7:29 AM"",""SFIA_ARR"":""7:34 AM""}"
weekend,1,S,178,ANTC,24420,False,"{""ANTC"":""6:47 AM"",""PCTR"":""6:54 AM"",""PITT"":""7:06 AM"",""NCON"":""7:12 AM"",""CONC"":""7:16 AM"",""PHIL"":""7:21 AM"",""WCRK"":""7:24 AM"",""LAFY"":""7:29 AM"",""ORIN"":""7:34 AM"",""ROCK"":""7:39 AM"",""MCAR"":""7:43 AM"",""19TH"":""7:47 AM"",""12TH"":""7:49 AM"",""WOAK"":""7:53 AM"",""EMBR"":""8:00 AM"",""MONT"":""8:02 AM"",""POWL"":""8:03 AM"",""CIVC"":""8:05 AM"",""16TH"":""8:07 AM"",""24TH"":""8:09 AM"",""GLEN"":""8:12 AM"",""BALB"":""8:14 AM"",""DALY"":""8:19 AM"",""COLM"":""8:23 AM"",""SSAN"":""8:26 AM"",""SBRN"":""8:29 AM"",""SFIA_ARR"":""8:34 AM""}"
weekend,1,S,205,ANTC,22200,False,"{""ANTC"":""6:10 AM"",""PCTR"":""6:17 AM"",""PITT"":""6:26 AM"",""NCON"":""6:32 AM"",""CONC"":""6:36 AM"",""PHIL"":""6:41 AM"",""WCRK"":""6:44 AM"",""LAFY"":""6:49 AM"",""ORIN"":""6:54 AM"",""ROCK"":""6:59 AM"",""MCAR"":""7:03 AM"",""19TH"":""7:07 AM"",""12TH"":""7:09 AM"",""WOAK"":""7:13 AM"",""EMBR"":""7:20 AM"",""MONT"":""7:22 AM"",""POWL"":""7:23 AM"",""CIVC"":""7:25 AM"",""16TH"":""7:27 AM"",""24TH"":""7:29 AM"",""GLEN"":""7:32 AM"",""BALB"":""7:34 AM"",""DALY"":""7:39 AM"",""COLM"":""7:43 AM"",""SSAN"":""7:46 AM"",""SBRN"":""7:49 AM"",""SFIA_ARR"":""7:54 AM""}"
weekend,1,S,232,ANTC,25620,False,"{""ANTC"":""7:07 AM"",""PCTR"":""7:14 AM"",""PITT"":""7:26 AM"",""NCON"":""7:32 AM"",""CONC"":""7:36 AM"",""PHIL"":""7:41 AM"",""WCRK"":""7:44 AM"",""LAFY"":""7:49 AM"",""ORIN"":""7:54 AM"",""ROCK"":""7:59 AM"",""MCAR"":""8:03 AM"",""19TH"":""8:07 AM"",""12TH"":""8:09 AM"",""WOAK"":""8:13 AM"",""EMBR"":""8:20 AM"",""MONT"":""8:22 AM"",""POWL"":""8:23 AM"",""CIVC"":""8:25 AM"",""16TH"":""8:27 AM"",""24TH"":""8:29 AM"",""GLEN"":""8:32 AM"",""BALB"":""8:34 AM"",""DALY"":""8:39 AM"",""COLM"":""8:43 AM"",""SSAN"":""8:46 AM"",""SBRN"":""8:49 AM"",""SFIA_ARR"":""8:54 AM""}"
weekend,1,S,259,ANTC,23400,False,"{""ANTC"":""6:30 AM"",""PCTR"":""6:37 AM"",""PITT"":""6:46 AM"",""NCON"":""6:52 AM"",""CONC"":""6:56 AM"",""PHIL"":""7:01 AM"",""WCRK"":""7:04 AM"",""LAFY"":""7:09 AM"",""ORIN"":""7:14 AM"",""ROCK"":""7:19 AM"",""MCAR"":""7:23 AM"",""19TH"":""7:27 AM"",""12TH"":""7:29 AM"",""WOAK"":""7:33 AM"",""EMBR"":""7:40 AM"",""MONT"":""7:42 AM"",""POWL"":""7:43 AM"",""CIVC"":""7:45 AM"",""16TH"":""7:47 AM"",""24TH"":""7:49 AM"",""GLEN"":""7:52 AM"",""BALB"":""7:54 AM"",""DALY"":""7:59 AM"",""COLM"":""8:03 AM"",""SSAN"":""8:06 AM"",""SBRN"":""8:09 AM"",""SFIA_ARR"":""8:14 AM""}"
weekend,1,S,286,ANTC,26820,False,"{""ANTC"":""7:27 AM"",""PCTR"":""7:34 AM"",""PITT"":""7:46 AM"",""NCON"":""7:52 AM"",""CONC"":""7:56 AM"",""PHIL"":""8:01 AM"",""WCRK"":""8:04 AM"",""LAFY"":""8:09 AM"",""ORIN"":""8:14 AM"",""ROCK"":""8:19 AM"",""MCAR"":""8:23 AM"",""19TH"":""8:27 AM"",""12TH"":""8:29 AM"",""WOAK"":""8:33 AM"",""EMBR"":""8:40 AM"",""MONT"":""8:42 AM"",""POWL"":""8:43 AM"",""CIVC"":""8:45 AM"",""16TH"":""8:47 AM"",""24TH"":""8:49 AM"",""GLEN"":""8:52 AM"",""BALB"":""8:54 AM"",""DALY"":""8:59 AM"",""COLM"":""9:03 AM"",""SSAN"":""9:06 AM"",""SBRN"":""9:09 AM"",""SFIA_ARR"":""9:14 AM""}"
weekend,1,S,313,ANTC,24420,False,"{""ANTC"":""6:47 AM"",""PCTR"":""6:54 AM"",""PITT"":""7:06 AM"",""NCON"":""7:12 AM"",""CONC"":""7:16 AM"",""PHIL"":""7:21 AM"",""WCRK"":""7:24 AM"",""LAFY"":""7:29 AM"",""ORIN"":""7:34 AM"",""ROCK"":""7:39 AM"",""MCAR"":""7:43 AM"",""19TH"":""7:47 AM"",""12TH"":""7:49 AM"",""WOAK"":""7:53 AM"",""EMBR"":""8:00 AM"",""MONT"":""8:02 AM"",""POWL"":""8:03 AM"",""CIVC"":""8:05 AM"",""16TH"":""8:07 AM"",""24TH"":""8:09 AM"",""GLEN"":""8:12 AM"",""BALB"":""8:14 AM"",""DALY"":""8:19 AM"",""COLM"":""8:23 AM"",""SSAN"":""8:26 AM"",""SBRN"":""8:29 AM"",""SFIA_ARR"":""8:34 AM""}"
weekend,1,S,340,PITT,29160,False,"{""PITT"":""8:06 AM"",""NCON"":""8:12 AM"",""CONC"":""8:16 AM"",""PHIL"":""8:21 AM"",""WCRK"":""8:24 AM"",""LAFY"":""8:29 AM"",""ORIN"":""8:34 AM"",""ROCK"":""8:39 AM"",""MCAR"":""8:43 AM"",""19TH"":""8:47 AM"",""12TH"":""8:49 AM"",""WOAK"":""8:53 AM"",""EMBR"":""9:00 AM"",""MONT"":""9:02 AM"",""POWL"":""9:03 AM"",""CIVC"":""9:05 AM"",""16TH"":""9:07 AM"",""24TH"":""9:09 AM"",""GLEN"":""9:12 AM"",""BALB"":""9:14 AM"",""DALY"":""9:19 AM"",""COLM"":""9:23 AM"",""SSAN"":""9:26 AM"",""SBRN"":""9:29 AM"",""SFIA_ARR"":""9:34 AM""}"
weekend,1,S,365,ANTC,28020,False,"{""ANTC"":""7:47 AM"",""PCTR"":""7:54 AM""}"
weekend,1,S,367,ANTC,25620,False,"{""ANTC"":""7:07 AM"",""PCTR"":""7:14 AM"",""PITT"":""7:26 AM"",""NCON"":""7:32 AM"",""CONC"":""7:36 AM"",""PHIL"":""7:41 AM"",""WCRK"":""7:44 AM"",""LAFY"":""7:49 AM"",""ORIN"":""7:54 AM"",""ROCK"":""7:59 AM"",""MCAR"":""8:03 AM"",""19TH"":""8:07 AM"",""12TH"":""8:09 AM"",""WOAK"":""8:13 AM"",""EMBR"":""8:20 AM"",""MONT"":""8:22 AM"",""POWL"":""8:23 AM"",""CIVC"":""8:25 AM"",""16TH"":""8:27 AM"",""24TH"":""8:29 AM"",""GLEN"":""8:32 AM"",""BALB"":""8:34 AM"",""DALY"":""8:39 AM"",""COLM"":""8:43 AM"",""SSAN"":""8:46 AM"",""SBRN"":""8:49 AM"",""SFIA_ARR"":""8:54 AM""}"
weekend,1,S,394,PITT,30360,False,"{""PITT"":""8:26 AM"",""NCON"":""8:32 AM"",""CONC"":""8:36 AM"",""PHIL"":""8:41 AM"",""WCRK"":""8:44 AM"",""LAFY"":""8:49 AM"",""ORIN"":""8:54 AM"",""ROCK"":""8:59 AM"",""MCAR"":""9:03 AM"",""19TH"":""9:07 AM"",""12TH"":""9:09 AM"",""WOAK"":""9:13 AM"",""EMBR"":""9:20 AM"",""MONT"":""9:22 AM"",""POWL"":""9:23 AM"",""CIVC"":""9:25 AM"",""16TH"":""9:27 AM"",""24TH"":""9:29 AM"",""GLEN"":""9:32 AM"",""BALB"":""9:34 AM"",""DALY"":""9:39 AM"",""COLM"":""9:43 AM"",""SSAN"":""9:46 AM"",""SBRN"":""9:49 AM"",""SFIA_ARR"":""9:54 AM""}"
weekend,1,S,419,ANTC,29220,False,"{""ANTC"":""8:07 AM"",""PCTR"":""8:14 AM""}"
weekend,1,S,421,ANTC,26820,False,"{""ANTC"":""7:27 AM"",""PCTR"":""7:34 AM"",""PITT"":""7:46 AM"",""NCON"":""7:52 AM"",""CONC"":""7:56 AM"",""PHIL"":""8:01 AM"",""WCRK"":""8:04 AM"",""LAFY"":""8:09 AM"",""ORIN"":""8:14 AM"",""ROCK"":""8:19 AM"",""MCAR"":""8:23 AM"",""19TH"":""8:27 AM"",""12TH"":""8:29 AM"",""WOAK"":""8:33 AM"",""EMBR"":""8:40 AM"",""MONT"":""8:42 AM"",""POWL"":""8:43 AM"",""CIVC"":""8:45 AM"",""16TH"":""8:47 AM"",""24TH"":""8:49 AM"",""GLEN"":""8:52 AM"",""BALB"":""8:54 AM"",""DALY"":""8:59 AM"",""COLM"":""9:03 AM"",""SSAN"":""9:06 AM"",""SBRN"":""9:09 AM"",""SFIA_ARR"":""9:14 AM""}"
weekend,1,S,448,PITT,31560,False,"{""PITT"":""8:46 AM"",""NCON"":""8:52 AM"",""CONC"":""8:56 AM"",""PHIL"":""9:01 AM"",""WCRK"":""9:04 AM"",""LAFY"":""9:09 AM"",""ORIN"":""9:14 AM"",""ROCK"":""9:19 AM"",""MCAR"":""9:23 AM"",""19TH"":""9:27 AM"",""12TH"":""9:29 AM"",""WOAK"":""9:33 AM"",""EMBR"":""9:40 AM"",""MONT"":""9:42 AM"",""POWL"":""9:43 AM"",""CIVC"":""9:45 AM"",""16TH"":""9:47 AM"",""24TH"":""9:49 AM"",""GLEN"":""9:52 AM"",""BALB"":""9:54 AM"",""DALY"":""9:59 AM"",""COLM"":""10:03 AM"",""SSAN"":""10:06 AM"",""SBRN"":""10:09 AM"",""SFIA_ARR"":""10:14 AM""}"
weekend,1,S,473,ANTC,30420,False,"{""ANTC"":""8:27 AM"",""PCTR"":""8:34 AM""}"
weekend,1,S,475,PITT,29160,False,"{""PITT"":""8:06 AM"",""NCON"":""8:12 AM"",""CONC"":""8:16 AM"",""PHIL"":""8:21 AM"",""WCRK"":""8:24 AM"",""LAFY"":""8:29 AM"",""ORIN"":""8:34 AM"",""ROCK"":""8:39 AM"",""MCAR"":""8:43 AM"",""19TH"":""8:47 AM"",""12TH"":""8:49 AM"",""WOAK"":""8:53 AM"",""EMBR"":""9:00 AM"",""MONT"":""9:02 AM"",""POWL"":""9:03 AM"",""CIVC"":""9:05 AM"",""16TH"":""9:07 AM"",""24TH"":""9:09 AM"",""GLEN"":""9:12 AM"",""BALB"":""9:14 AM"",""DALY"":""9:19 AM"",""COLM"":""9:23 AM"",""SSAN"":""9:26 AM"",""SBRN"":""9:29 AM"",""SFIA_ARR"":""9:34 AM""}"
weekend,1,S,500,ANTC,28020,False,"{""ANTC"":""7:47 AM"",""PCTR"":""7:54 AM""}"
weekend,1,S,502,ANTC,31620,False,"{""ANTC"":""8:47 AM"",""PCTR"":""8:54 AM"",""PITT"":""9:06 AM"",""NCON"":""9:12 AM"",""CONC"":""9:16 AM"",""PHIL"":""9:21 AM"",""WCRK"":""9:24 AM"",""LAFY"":""9:29 AM"",""ORIN"":""9:34 AM"",""ROCK"":""9:39 AM"",""MCAR"":""9:43 AM"",""19TH"":""9:47 AM"",""12TH"":""9:49 AM"",""WOAK"":""9:53 AM"",""EMBR"":""10:00 AM"",""MONT"":""10:02 AM"",""POWL"":""10:03 AM"",""CIVC"":""10:05 AM"",""16TH"":""10:07 AM"",""24TH"":""10:09 AM"",""GLEN"":""10:12 AM"",""BALB"":""10:14 AM"",""DALY"":""10:19 AM"",""COLM"":""10:23 AM"",""SSAN"":""10:26 AM"",""SBRN"":""10:29 AM"",""SFIA_ARR"":""10:34 AM""}"
weekend,1,S,529,PITT,30360,False,"{""PITT"":""8:26 AM"",""NCON"":""8:32 AM"",""CONC"":""8:36 AM"",""PHIL"":""8:41 AM"",""WCRK"":""8:44 AM"",""LAFY"":""8:49 AM"",""ORIN"":""8:54 AM"",""ROCK"":""8:59 AM"",""MCAR"":""9:03 AM"",""19TH"":""9:07 AM"",""12TH"":""9:09 AM"",""WOAK"":""9:13 AM"",""EMBR"":""9:20 AM"",""MONT"":""9:22 AM"",""POWL"":""9:23 AM"",""CIVC"":""9:25 AM"",""16TH"":""9:27 AM"",""24TH"":""9:29 AM"",""GLEN"":""9:32 AM"",""BALB"":""9:34 AM"",""DALY"":""9:39 AM"",""COLM"":""9:43 AM"",""SSAN"":""9:46 AM"",""SBRN"":""9:49 AM"",""SFIA_ARR"":""9:54 AM""}"
weekend,1,S,554,ANTC,29220,False,"{""ANTC"":""8:07 AM"",""PCTR"":""8:14 AM""}"
weekend,1,S,556,ANTC,32820,False,"{""ANTC"":""9:07 AM"",""PCTR"":""9:14 AM"",""PITT"":""9:26 AM"",""NCON"":""9:32 AM"",""CONC"":""9:36 AM"",""PHIL"":""9:41 AM"",""WCRK"":""9:44 AM"",""LAFY"":""9:49 AM"",""ORIN"":""9:54 AM"",""ROCK"":""9:59 AM"",""MCAR"":""10:03 AM"",""19TH"":""10:07 AM"",""12TH"":""10:09 AM"",""WOAK"":""10:13 AM"",""EMBR"":""10:20 AM"",""MONT"":""10:22 AM"",""POWL"":""10:23 AM"",""CIVC"":""10:25 AM"",""16TH"":""10:27 AM"",""24TH"":""10:29 AM"",""GLEN"":""10:32 AM"",""BALB"":""10:34 AM"",""DALY"":""10:39 AM"",""COLM"":""10:43 AM"",""SSAN"":""10:46 AM"",""SBRN"":""10:49 AM"",""SFIA_ARR"":""10:54 AM""}"
weekend,1,S,583,PITT,31560,False,"{""PITT"":""8:46 AM"",""NCON"":""8:52 AM"",""CONC"":""8:56 AM"",""PHIL"":""9:01 AM"",""WCRK"":""9:04 AM"",""LAFY"":""9:09 AM"",""ORIN"":""9:14 AM"",""ROCK"":""9:19 AM"",""MCAR"":""9:23 AM"",""19TH"":""9:27 AM"",""12TH"":""9:29 AM"",""WOAK"":""9:33 AM"",""EMBR"":""9:40 AM"",""MONT"":""9:42 AM"",""POWL"":""9:43 AM"",""CIVC"":""9:45 AM"",""16TH"":""9:47 AM"",""24TH"":""9:49 AM"",""GLEN"":""9:52 AM"",""BALB"":""9:54 AM"",""DALY"":""9:59 AM"",""COLM"":""10:03 AM"",""SSAN"":""10:06 AM"",""SBRN"":""10:09 AM"",""SFIA_ARR"":""10:14 AM""}"
weekend,1,S,608,ANTC,30420,False,"{""ANTC"":""8:27 AM"",""PCTR"":""8:34 AM""}"
weekend,1,S,610,ANTC,34020,False,"{""ANTC"":""9:27 AM"",""PCTR"":""9:34 AM"",""PITT"":""9:46 AM"",""NCON"":""9:52 AM"",""CONC"":""9:56 AM"",""PHIL"":""10:01 AM"",""WCRK"":""10:04 AM"",""LAFY"":""10:09 AM"",""ORIN"":""10:14 AM"",""ROCK"":""10:19 AM"",""MCAR"":""10:23 AM"",""19TH"":""10:27 AM"",""12TH"":""10:29 AM"",""WOAK"":""10:33 AM"",""EMBR"":""10:40 AM"",""MONT"":""10:42 AM"",""POWL"":""10:43 AM"",""CIVC"":""10:45 AM"",""16TH"":""10:47 AM"",""24TH"":""10:49 AM"",""GLEN"":""10:52 AM"",""BALB"":""10:54 AM"",""DALY"":""10:59 AM"",""COLM"":""11:03 AM"",""SSAN"":""11:06 AM"",""SBRN"":""11:09 AM"",""SFIA_ARR"":""11:14 AM""}"
weekend,1,S,637,ANTC,31620,False,"{""ANTC"":""8:47 AM"",""PCTR"":""8:54 AM"",""PITT"":""9:06 AM"",""NCON"":""9:12 AM"",""CONC"":""9:16 AM"",""PHIL"":""9:21 AM"",""WCRK"":""9:24 AM"",""LAFY"":""9:29 AM"",""ORIN"":""9:34 AM"",""ROCK"":""9:39 AM"",""MCAR"":""9:43 AM"",""19TH"":""9:47 AM"",""12TH"":""9:49 AM"",""WOAK"":""9:53 AM"",""EMBR"":""10:00 AM"",""MONT"":""10:02 AM"",""POWL"":""10:03 AM"",""CIVC"":""10:05 AM"",""16TH"":""10:07 AM"",""24TH"":""10:09 AM"",""GLEN"":""10:12 AM"",""BALB"":""10:14 AM"",""DALY"":""10:19 AM"",""COLM"":""10:23 AM"",""SSAN"":""10:26 AM"",""SBRN"":""10:29 AM"",""SFIA_ARR"":""10:34 AM""}"
weekend,1,S,664,ANTC,35220,False,"{""ANTC"":""9:47 AM"",""PCTR"":""9:54 AM"",""PITT"":""10:06 AM"",""NCON"":""10:12 AM"",""CONC"":""10:16 AM"",""PHIL"":""10:21 AM"",""WCRK"":""10:24 AM"",""LAFY"":""10:29 AM"",""ORIN"":""10:34 AM"",""ROCK"":""10:39 AM"",""MCAR"":""10:43 AM"",""19TH"":""10:47 AM"",""12TH"":""10:49 AM"",""WOAK"":""10:53 AM"",""EMBR"":""11:00 AM"",""MONT"":""11:02 AM"",""POWL"":""11:03 AM"",""CIVC"":""11:05 AM"",""16TH"":""11:07 AM"",""24TH"":""11:09 AM"",""GLEN"":""11:12 AM"",""BALB"":""11:14 AM"",""DALY"":""11:19 AM"",""COLM"":""11:23 AM"",""SSAN"":""11:26 AM"",""SBRN"":""11:29 AM"",""SFIA_ARR"":""11:34 AM""}"
weekend,1,S,691,ANTC,32820,False,"{""ANTC"":""9:07 AM"",""PCTR"":""9:14 AM"",""PITT"":""9:26 AM"",""NCON"":""9:32 AM"",""CONC"":""9:36 AM"",""PHIL"":""9:41 AM"",""WCRK"":""9:44 AM"",""LAFY"":""9:49 AM"",""ORIN"":""9:54 AM"",""ROCK"":""9:59 AM"",""MCAR"":""10:03 AM"",""19TH"":""10:07 AM"",""12TH"":""10:09 AM"",""WOAK"":""10:13 AM"",""EMBR"":""10:20 AM"",""MONT"":""10:22 AM"",""POWL"":""10:23 AM"",""CIVC"":""10:25 AM"",""16TH"":""10:27 AM"",""24TH"":""10:29 AM"",""GLEN"":""10:32 AM"",""BALB"":""10:34 AM"",""DALY"":""10:39 AM"",""COLM"":""10:43 AM"",""SSAN"":""10:46 AM"",""SBRN"":""10:49 AM"",""SFIA_ARR"":""10:54 AM""}"
weekend,1,S,718,ANTC,36420,False,"{""ANTC"":""10:07 AM"",""PCTR"":""10:14 AM"",""PITT"":""10:26 AM"",""NCON"":""10:32 AM"",""CONC"":""10:36 AM"",""PHIL"":""10:41 AM"",""WCRK"":""10:44 AM"",""LAFY"":""10:49 AM"",""ORIN"":""10:54 AM"",""ROCK"":""10:59 AM"",""MCAR"":""11:03 AM"",""19TH"":""11:07 AM"",""12TH"":""11:09 AM"",""WOAK"":""11:13 AM"",""EMBR"":""11:20 AM"",""MONT"":""11:22 AM"",""POWL"":""11:23 AM"",""CIVC"":""11:25 AM"",""16TH"":""11:27 AM"",""24TH"":""11:29 AM"",""GLEN"":""11:32 AM"",""BALB"":""11:34 AM"",""DALY"":""11:39 AM"",""COLM"":""11:43 AM"",""SSAN"":""11:46 AM"",""SBRN"":""11:49 AM"",""SFIA_ARR"":""11:54 AM""}"
weekend,1,S,745,ANTC,34020,False,"{""ANTC"":""9:27 AM"",""PCTR"":""9:34 AM"",""PITT"":""9:46 AM"",""NCON"":""9:52 AM"",""CONC"":""9:56 AM"",""PHIL"":""10:01 AM"",""WCRK"":""10:04 AM"",""LAFY"":""10:09 AM"",""ORIN"":""10:14 AM"",""ROCK"":""10:19 AM"",""MCAR"":""10:23 AM"",""19TH"":""10:27 AM"",""12TH"":""10:29 AM"",""WOAK"":""10:33 AM"",""EMBR"":""10:40 AM"",""MONT"":""10:42 AM"",""POWL"":""10:43 AM"",""CIVC"":""10:45 AM"",""16TH"":""10:47 AM"",""24TH"":""10:49 AM"",""GLEN"":""10:52 AM"",""BALB"":""10:54 AM"",""DALY"":""10:59 AM"",""COLM"":""11:03 AM"",""SSAN"":""11:06 AM"",""SBRN"":""11:09 AM"",""SFIA_ARR"":""11:14 AM""}"
weekend,1,S,772,ANTC,37620,False,"{""ANTC"":""10:27 AM"",""PCTR"":""10:34 AM"",""PITT"":""10:46 AM"",""NCON"":""10:52 AM"",""CONC"":""10:56 AM"",""PHIL"":""11:01 AM"",""WCRK"":""11:04 AM"",""LAFY"":""11:09 AM"",""ORIN"":""11:14 AM"",""ROCK"":""11:19 AM"",""MCAR"":""11:23 AM"",""19TH"":""11:27 AM"",""12TH"":""11:29 AM"",""WOAK"":""11:33 AM"",""EMBR"":""11:40 AM"",""MONT"":""11:42 AM"",""POWL"":""11:43 AM"",""CIVC"":""11:45 AM"",""16TH"":""11:47 AM"",""24TH"":""11:49 AM"",""GLEN"":""11:52 AM"",""BALB"":""11:54 AM"",""DALY"":""11:59 AM"",""COLM"":""12:03 PM"",""SSAN"":""12:06 PM"",""SBRN"":""12:09 PM"",""SFIA_ARR"":""12:14 PM""}"
weekend,1,S,799,ANTC,35220,False,"{""ANTC"":""9:47 AM"",""PCTR"":""9:54 AM"",""PITT"":""10:06 AM"",""NCON"":""10:12 AM"",""CONC"":""10:16 AM"",""PHIL"":""10:21 AM"",""WCRK"":""10:24 AM"",""LAFY"":""10:29 AM"",""ORIN"":""10:34 AM"",""ROCK"":""10:39 AM"",""MCAR"":""10:43 AM"",""19TH"":""10:47 AM"",""12TH"":""10:49 AM"",""WOAK"":""10:53 AM"",""EMBR"":""11:00 AM"",""MONT"":""11:02 AM"",""POWL"":""11:03 AM"",""CIVC"":""11:05 AM"",""16TH"":""11:07 AM"",""24TH"":""11:09 AM"",""GLEN"":""11:12 AM"",""BALB"":""11:14 AM"",""DALY"":""11:19 AM"",""COLM"":""11:23 AM"",""SSAN"":""11:26 AM"",""SBRN"":""11:29 AM"",""SFIA_ARR"":""11:34 AM""}"
weekend,1,S,826,ANTC,38820,False,"{""ANTC"":""10:47 AM"",""PCTR"":""10:54 AM"",""PITT"":""11:06 AM"",""NCON"":""11:12 AM"",""CONC"":""11:16 AM"",""PHIL"":""11:21 AM"",""WCRK"":""11:24 AM"",""LAFY"":""11:29 AM"",""ORIN"":""11:34 AM"",""ROCK"":""11:39 AM"",""MCAR"":""11:43 AM"",""19TH"":""11:47 AM"",""12TH"":""11:49 AM"",""WOAK"":""11:53 AM"",""EMBR"":""12:00 PM"",""MONT"":""12:02 PM"",""POWL"":""12:03 PM"",""CIVC"":""12:05 PM"",""16TH"":""12:07 PM"",""24TH"":""12:09 PM"",""GLEN"":""12:12 PM"",""BALB"":""12:14 PM"",""DALY"":""12:19 PM"",""COLM"":""12:23 PM"",""SSAN"":""12:26 PM"",""SBRN"":""12:29 PM"",""SFIA_ARR"":""12:34 PM""}"
weekend,1,S,853,ANTC,36420,False,"{""ANTC"":""10:07 AM"",""PCTR"":""10:14 AM"",""PITT"":""10:26 AM"",""NCON"":""10:32 AM"",""CONC"":""10:36 AM"",""PHIL"":""10:41 AM"",""WCRK"":""10:44 AM"",""LAFY"":""10:49 AM"",""ORIN"":""10:54 AM"",""ROCK"":""10:59 AM"",""MCAR"":""11:03 AM"",""19TH"":""11:07 AM"",""12TH"":""11:09 AM"",""WOAK"":""11:13 AM"",""EMBR"":""11:20 AM"",""MONT"":""11:22 AM"",""POWL"":""11:23 AM"",""CIVC"":""11:25 AM"",""16TH"":""11:27 AM"",""24TH"":""11:29 AM"",""GLEN"":""11:32 AM"",""BALB"":""11:34 AM"",""DALY"":""11:39 AM"",""COLM"":""11:43 AM"",""SSAN"":""11:46 AM"",""SBRN"":""11:49 AM"",""SFIA_ARR"":""11:54 AM""}"
weekend,1,S,880,ANTC,40020,False,"{""ANTC"":""11:07 AM"",""PCTR"":""11:14 AM"",""PITT"":""11:26 AM"",""NCON"":""11:32 AM"",""CONC"":""11:36 AM"",""PHIL"":""11:41 AM"",""WCRK"":""11:44 AM"",""LAFY"":""11:49 AM"",""ORIN"":""11:54 AM"",""ROCK"":""11:59 AM"",""MCAR"":""12:03 PM"",""19TH"":""12:07 PM"",""12TH"":""12:09 PM"",""WOAK"":""12:13 PM"",""EMBR"":""12:20 PM"",""MONT"":""12:22 PM"",""POWL"":""12:23 PM"",""CIVC"":""12:25 PM"",""16TH"":""12:27 PM"",""24TH"":""12:29 PM"",""GLEN"":""12:32 PM"",""BALB"":""12:34 PM"",""DALY"":""12:39 PM"",""COLM"":""12:43 PM"",""SSAN"":""12:46 PM"",""SBRN"":""12:49 PM"",""SFIA_ARR"":""12:54 PM""}"
weekend,1,S,907,ANTC,37620,False,"{""ANTC"":""10:27 AM"",""PCTR"":""10:34 AM"",""PITT"":""10:46 AM"",""NCON"":""10:52 AM"",""CONC"":""10:56 AM"",""PHIL"":""11:01 AM"",""WCRK"":""11:04 AM"",""LAFY"":""11:09 AM"",""ORIN"":""11:14 AM"",""ROCK"":""11:19 AM"",""MCAR"":""11:23 AM"",""19TH"":""11:27 AM"",""12TH"":""11:29 AM"",""WOAK"":""11:33 AM"",""EMBR"":""11:40 AM"",""MONT"":""11:42 AM"",""POWL"":""11:43 AM"",""CIVC"":""11:45 AM"",""16TH"":""11:47 AM"",""24TH"":""11:49 AM"",""GLEN"":""11:52 AM"",""BALB"":""11:54 AM"",""DALY"":""11:59 AM"",""COLM"":""12:03 PM"",""SSAN"":""12:06 PM"",""SBRN"":""12:09 PM"",""SFIA_ARR"":""12:14 PM""}"
weekend,1,S,934,ANTC,41220,False,"{""ANTC"":""11:27 AM"",""PCTR"":""11:34 AM"",""PITT"":""11:46 AM"",""NCON"":""11:52 AM"",""CONC"":""11:56 AM"",""PHIL"":""12:01 PM"",""WCRK"":""12:04 PM"",""LAFY"":""12:09 PM"",""ORIN"":""12:14 PM"",""ROCK"":""12:19 PM"",""MCAR"":""12:23 PM"",""19TH"":""12:27 PM"",""12TH"":""12:29 PM"",""WOAK"":""12:33 PM"",""EMBR"":""12:40 PM"",""MONT"":""12:42 PM"",""POWL"":""12:43 PM"",""CIVC"":""12:45 PM"",""16TH"":""12:47 PM"",""24TH"":""12:49 PM"",""GLEN"":""12:52 PM"",""BALB"":""12:54 PM"",""DALY"":""12:59 PM"",""COLM"":""1:03 PM"",""SSAN"":""1:06 PM"",""SBRN"":""1:09 PM"",""SFIA_ARR"":""1:14 PM""}"
weekend,1,S,961,ANTC,38820,False,"{""ANTC"":""10:47 AM"",""PCTR"":""10:54 AM"",""PITT"":""11:06 AM"",""NCON"":""11:12 AM"",""CONC"":""11:16 AM"",""PHIL"":""11:21 AM"",""WCRK"":""11:24 AM"",""LAFY"":""11:29 AM"",""ORIN"":""11:34 AM"",""ROCK"":""11:39 AM"",""MCAR"":""11:43 AM"",""19TH"":""11:47 AM"",""12TH"":""11:49 AM"",""WOAK"":""11:53 AM"",""EMBR"":""12:00 PM"",""MONT"":""12:02 PM"",""POWL"":""12:03 PM"",""CIVC"":""12:05 PM"",""16TH"":""12:07 PM"",""24TH"":""12:09 PM"",""GLEN"":""12:12 PM"",""BALB"":""12:14 PM"",""DALY"":""12:19 PM"",""COLM"":""12:23 PM"",""SSAN"":""12:26 PM"",""SBRN"":""12:29 PM"",""SFIA_ARR"":""12:34 PM""}"
weekend,1,S,988,ANTC,42420,False,"{""ANTC"":""11:47 AM"",""PCTR"":""11:54 AM"",""PITT"":""12:06 PM"",""NCON"":""12:12 PM"",""CONC"":""12:16 PM"",""PHIL"":""12:21 PM"",""WCRK"":""12:24 PM"",""LAFY"":""12:29 PM"",""ORIN"":""12:34 PM"",""ROCK"":""12:39 PM"",""MCAR"":""12:43 PM"",""19TH"":""12:47 PM"",""12TH"":""12:49 PM"",""WOAK"":""12:53 PM"",""EMBR"":""1:00 PM"",""MONT"":""1:02 PM"",""POWL"":""1:03 PM"",""CIVC"":""1:05 PM"",""16TH"":""1:07 PM"",""24TH"":""1:09 PM"",""GLEN"":""1:12 PM"",""BALB"":""1:14 PM"",""DALY"":""1:19 PM"",""COLM"":""1:23 PM"",""SSAN"":""1:26 PM"",""SBRN"":""1:29 PM"",""SFIA_ARR"":""1:34 PM""}"
weekend,1,S,1015,ANTC,40020,False,"{""ANTC"":""11:07 AM"",""PCTR"":""11:14 AM"",""PITT"":""11:26 AM"",""NCON"":""11:32 AM"",""CONC"":""11:36 AM"",""PHIL"":""11:41 AM"",""WCRK"":""11:44 AM"",""LAFY"":""11:49 AM"",""ORIN"":""11:54 AM"",""ROCK"":""11:59 AM"",""MCAR"":""12:03 PM"",""19TH"":""12:07 PM"",""12TH"":""12:09 PM"",""WOAK"":""12:13 PM"",""EMBR"":""12:20 PM"",""MONT"":""12:22 PM"",""POWL"":""12:23 PM"",""CIVC"":""12:25 PM"",""16TH"":""12:27 PM"",""24TH"":""12:29 PM"",""GLEN"":""12:32 PM"",""BALB"":""12:34 PM"",""DALY"":""12:39 PM"",""COLM"":""12:43 PM"",""SSAN"":""12:46 PM"",""SBRN"":""12:49 PM"",""SFIA_ARR"":""12:54 PM""}"
weekend,1,S,1042,ANTC,43620,False,"{""ANTC"":""12:07 PM"",""PCTR"":""12:14 PM"",""PITT"":""12:26 PM"",""NCON"":""12:32 PM"",""CONC"":""12:36 PM"",""PHIL"":""12:41 PM"",""WCRK"":""12:44 PM"",""LAFY"":""12:49 PM"",""ORIN"":""12:54 PM"",""ROCK"":""12:59 PM"",""MCAR"":""1:03 PM"",""19TH"":""1:07 PM"",""12TH"":""1:09 PM"",""WOAK"":""1:13 PM"",""EMBR"":""1:20 PM"",""MONT"":""1:22 PM"",""POWL"":""1:23 PM"",""CIVC"":""1:25 PM"",""16TH"":""1:27 PM"",""24TH"":""1:29 PM"",""GLEN"":""1:32 PM"",""BALB"":""1:34 PM"",""DALY"":""1:39 PM"",""COLM"":""1:43 PM"",""SSAN"":""1:46 PM"",""SBRN"":""1:49 PM"",""SFIA_ARR"":""1:54 PM""}"
weekend,1,S,1069,ANTC,41220,False,"{""ANTC"":""11:27 AM"",""PCTR"":""11:34 AM"",""PITT"":""11:46 AM"",""NCON"":""11:52 AM"",""CONC"":""11:56 AM"",""PHIL"":""12:01 PM"",""WCRK"":""12:04 PM"",""LAFY"":""12:09 PM"",""ORIN"":""12:14 PM"",""ROCK"":""12:19 PM"",""MCAR"":""12:23 PM"",""19TH"":""12:27 PM"",""12TH"":""12:29 PM"",""WOAK"":""12:33 PM"",""EMBR"":""12:40 PM"",""MONT"":""12:42 PM"",""POWL"":""12:43 PM"",""CIVC"":""12:45 PM"",""16TH"":""12:47 PM"",""24TH"":""12:49 PM"",""GLEN"":""12:52 PM"",""BALB"":""12:54 PM"",""DALY"":""12:59 PM"",""COLM"":""1:03 PM"",""SSAN"":""1:06 PM"",""SBRN"":""1:09 PM"",""SFIA_ARR"":""1:14 PM""}"
weekend,1,S,1096,ANTC,44820,False,"{""ANTC"":""12:27 PM"",""PCTR"":""12:34 PM"",""PITT"":""12:46 PM"",""NCON"":""12:52 PM"",""CONC"":""12:56 PM"",""PHIL"":""1:01 PM"",""WCRK"":""1:04 PM"",""LAFY"":""1:09 PM"",""ORIN"":""1:14 PM"",""ROCK"":""1:19 PM"",""MCAR"":""1:23 PM"",""19TH"":""1:27 PM"",""12TH"":""1:29 PM"",""WOAK"":""1:33 PM"",""EMBR"":""1:40 PM"",""MONT"":""1:42 PM"",""POWL"":""1:43 PM"",""CIVC"":""1:45 PM"",""16TH"":""1:47 PM"",""24TH"":""1:49 PM"",""GLEN"":""1:52 PM"",""BALB"":""1:54 PM"",""DALY"":""1:59 PM"",""COLM"":""2:03 PM"",""SSAN"":""2:06 PM"",""SBRN"":""2:09 PM"",""SFIA_ARR"":""2:14 PM""}"
weekend,1,S,1123,ANTC,42420,False,"{""ANTC"":""11:47 AM"",""PCTR"":""11:54 AM"",""PITT"":""12:06 PM"",""NCON"":""12:12 PM"",""CONC"":""12:16 PM"",""PHIL"":""12:21 PM"",""WCRK"":""12:24 PM"",""LAFY"":""12:29 PM"",""ORIN"":""12:34 PM"",""ROCK"":""12:39 PM"",""MCAR"":""12:43 PM"",""19TH"":""12:47 PM"",""12TH"":""12:49 PM"",""WOAK"":""12:53 PM"",""EMBR"":""1:00 PM"",""MONT"":""1:02 PM"",""POWL"":""1:03 PM"",""CIVC"":""1:05 PM"",""16TH"":""1:07 PM"",""24TH"":""1:09 PM"",""GLEN"":""1:12 PM"",""BALB"":""1:14 PM"",""DALY"":""1:19 PM"",""COLM"":""1:23 PM"",""SSAN"":""1:26 PM"",""SBRN"":""1:29 PM"",""SFIA_ARR"":""1:34 PM""}"
weekend,1,S,1150,ANTC,46020,False,"{""ANTC"":""12:47 PM"",""PCTR"":""12:54 PM"",""PITT"":""1:06 PM"",""NCON"":""1:12 PM"",""CONC"":""1:16 PM"",""PHIL"":""1:21 PM"",""WCRK"":""1:24 PM"",""LAFY"":""1:29 PM"",""ORIN"":""1:34 PM"",""ROCK"":""1:39 PM"",""MCAR"":""1:43 PM"",""19TH"":""1:47 PM"",""12TH"":""1:49 PM"",""WOAK"":""1:53 PM"",""EMBR"":""2:00 PM"",""MONT"":""2:02 PM"",""POWL"":""2:03 PM"",""CIVC"":""2:05 PM"",""16TH"":""2:07 PM"",""24TH"":""2:09 PM"",""GLEN"":""2:12 PM"",""BALB"":""2:14 PM"",""DALY"":""2:19 PM"",""COLM"":""2:23 PM"",""SSAN"":""2:26 PM"",""SBRN"":""2:29 PM"",""SFIA_ARR"":""2:34 PM""}"
weekend,1,S,1177,ANTC,43620,False,"{""ANTC"":""12:07 PM"",""PCTR"":""12:14 PM"",""PITT"":""12:26 PM"",""NCON"":""12:32 PM"",""CONC"":""12:36 PM"",""PHIL"":""12:41 PM"",""WCRK"":""12:44 PM"",""LAFY"":""12:49 PM"",""ORIN"":""12:54 PM"",""ROCK"":""12:59 PM"",""MCAR"":""1:03 PM"",""19TH"":""1:07 PM"",""12TH"":""1:09 PM"",""WOAK"":""1:13 PM"",""EMBR"":""1:20 PM"",""MONT"":""1:22 PM"",""POWL"":""1:23 PM"",""CIVC"":""1:25 PM"",""16TH"":""1:27 PM"",""24TH"":""1:29 PM"",""GLEN"":""1:32 PM"",""BALB"":""1:34 PM"",""DALY"":""1:39 PM"",""COLM"":""1:43 PM"",""SSAN"":""1:46 PM"",""SBRN"":""1:49 PM"",""SFIA_ARR"":""1:54 PM""}"
weekend,1,S,1204,ANTC,47220,False,"{""ANTC"":""1:07 PM"",""PCTR"":""1:14 PM"",""PITT"":""1:26 PM"",""NCON"":""1:32 PM"",""CONC"":""1:36 PM"",""PHIL"":""1:41 PM"",""WCRK"":""1:44 PM"",""LAFY"":""1:49 PM"",""ORIN"":""1:54 PM"",""ROCK"":""1:59 PM"",""MCAR"":""2:03 PM"",""19TH"":""2:07 PM"",""12TH"":""2:09 PM"",""WOAK"":""2:13 PM"",""EMBR"":""2:20 PM"",""MONT"":""2:22 PM"",""POWL"":""2:23 PM"",""CIVC"":""2:25 PM"",""16TH"":""2:27 PM"",""24TH"":""2:29 PM"",""GLEN"":""2:32 PM"",""BALB"":""2:34 PM"",""DALY"":""2:39 PM"",""COLM"":""2:43 PM"",""SSAN"":""2:46 PM"",""SBRN"":""2:49 PM"",""SFIA_ARR"":""2:54 PM""}"
weekend,1,S,1231,ANTC,44820,False,"{""ANTC"":""12:27 PM"",""PCTR"":""12:34 PM"",""PITT"":""12:46 PM"",""NCON"":""12:52 PM"",""CONC"":""12:56 PM"",""PHIL"":""1:01 PM"",""WCRK"":""1:04 PM"",""LAFY"":""1:09 PM"",""ORIN"":""1:14 PM"",""ROCK"":""1:19 PM"",""MCAR"":""1:23 PM"",""19TH"":""1:27 PM"",""12TH"":""1:29 PM"",""WOAK"":""1:33 PM"",""EMBR"":""1:40 PM"",""MONT"":""1:42 PM"",""POWL"":""1:43 PM"",""CIVC"":""1:45 PM"",""16TH"":""1:47 PM"",""24TH"":""1:49 PM"",""GLEN"":""1:52 PM"",""BALB"":""1:54 PM"",""DALY"":""1:59 PM"",""COLM"":""2:03 PM"",""SSAN"":""2:06 PM"",""SBRN"":""2:09 PM"",""SFIA_ARR"":""2:14 PM""}"
weekend,1,S,1258,ANTC,48420,False,"{""ANTC"":""1:27 PM"",""PCTR"":""1:34 PM"",""PITT"":""1:46 PM"",""NCON"":""1:52 PM"",""CONC"":""1:56 PM"",""PHIL"":""2:01 PM"",""WCRK"":""2:04 PM"",""LAFY"":""2:09 PM"",""ORIN"":""2:14 PM"",""ROCK"":""2:19 PM"",""MCAR"":""2:23 PM"",""19TH"":""2:27 PM"",""12TH"":""2:29 PM"",""WOAK"":""2:33 PM"",""EMBR"":""2:40 PM"",""MONT"":""2:42 PM"",""POWL"":""2:43 PM"",""CIVC"":""2:45 PM"",""16TH"":""2:47 PM"",""24TH"":""2:49 PM"",""GLEN"":""2:52 PM"",""BALB"":""2:54 PM"",""DALY"":""2:59 PM"",""COLM"":""3:03 PM"",""SSAN"":""3:06 PM"",""SBRN"":""3:09 PM"",""SFIA_ARR"":""3:14 PM""}"
weekend,1,S,1285,ANTC,46020,False,"{""ANTC"":""12:47 PM"",""PCTR"":""12:54 PM"",""PITT"":""1:06 PM"",""NCON"":""1:12 PM"",""CONC"":""1:16 PM"",""PHIL"":""1:21 PM"",""WCRK"":""1:24 PM"",""LAFY"":""1:29 PM"",""ORIN"":""1:34 PM"",""ROCK"":""1:39 PM"",""MCAR"":""1:43 PM"",""19TH"":""1:47 PM"",""12TH"":""1:49 PM"",""WOAK"":""1:53 PM"",""EMBR"":""2:00 PM"",""MONT"":""2:02 PM"",""POWL"":""2:03 PM"",""CIVC"":""2:05 PM"",""16TH"":""2:07 PM"",""24TH"":""2:09 PM"",""GLEN"":""2:12 PM"",""BALB"":""2:14 PM"",""DALY"":""2:19 PM"",""COLM"":""2:23 PM"",""SSAN"":""2:26 PM"",""SBRN"":""2:29 PM"",""SFIA_ARR"":""2:34 PM""}"
weekend,1,S,1312,ANTC,49620,False,"{""ANTC"":""1:47 PM"",""PCTR"":""1:54 PM"",""PITT"":""2:06 PM"",""NCON"":""2:12 PM"",""CONC"":""2:16 PM"",""PHIL"":""2:21 PM"",""WCRK"":""2:24 PM"",""LAFY"":""2:29 PM"",""ORIN"":""2:34 PM"",""ROCK"":""2:39 PM"",""MCAR"":""2:43 PM"",""19TH"":""2:47 PM"",""12TH"":""2:49 PM"",""WOAK"":""2:53 PM"",""EMBR"":""3:00 PM"",""MONT"":""3:02 PM"",""POWL"":""3:03 PM"",""CIVC"":""3:05 PM"",""16TH"":""3:07 PM"",""24TH"":""3:09 PM"",""GLEN"":""3:12 PM"",""BALB"":""3:14 PM"",""DALY"":""3:19 PM"",""COLM"":""3:23 PM"",""SSAN"":""3:26 PM"",""SBRN"":""3:29 PM"",""SFIA_ARR"":""3:34 PM""}"
weekend,1,S,1339,ANTC,47220,False,"{""ANTC"":""1:07 PM"",""PCTR"":""1:14 PM"",""PITT"":""1:26 PM"",""NCON"":""1:32 PM"",""CONC"":""1:36 PM"",""PHIL"":""1:41 PM"",""WCRK"":""1:44 PM"",""LAFY"":""1:49 PM"",""ORIN"":""1:54 PM"",""ROCK"":""1:59 PM"",""MCAR"":""2:03 PM"",""19TH"":""2:07 PM"",""12TH"":""2:09 PM"",""WOAK"":""2:13 PM"",""EMBR"":""2:20 PM"",""MONT"":""2:22 PM"",""POWL"":""2:23 PM"",""CIVC"":""2:25 PM"",""16TH"":""2:27 PM"",""24TH"":""2:29 PM"",""GLEN"":""2:32 PM"",""BALB"":""2:34 PM"",""DALY"":""2:39 PM"",""COLM"":""2:43 PM"",""SSAN"":""2:46 PM"",""SBRN"":""2:49 PM"",""SFIA_ARR"":""2:54 PM""}"
weekend,1,S,1366,ANTC,50820,False,"{""ANTC"":""2:07 PM"",""PCTR"":""2:14 PM"",""PITT"":""2:26 PM"",""NCON"":""2:32 PM"",""CONC"":""2:36 PM"",""PHIL"":""2:41 PM"",""WCRK"":""2:44 PM"",""LAFY"":""2:49 PM"",""ORIN"":""2:54 PM"",""ROCK"":""2:59 PM"",""MCAR"":""3:03 PM"",""19TH"":""3:07 PM"",""12TH"":""3:09 PM"",""WOAK"":""3:13 PM"",""EMBR"":""3:20 PM"",""MONT"":""3:22 PM"",""POWL"":""3:23 PM"",""CIVC"":""3:25 PM"",""16TH"":""3:27 PM"",""24TH"":""3:29 PM"",""GLEN"":""3:32 PM"",""BALB"":""3:34 PM"",""DALY"":""3:39 PM"",""COLM"":""3:43 PM"",""SSAN"":""3:46 PM"",""SBRN"":""3:49 PM"",""SFIA_ARR"":""3:54 PM""}"
weekend,1,S,1393,ANTC,48420,False,"{""ANTC"":""1:27 PM"",""PCTR"":""1:34 PM"",""PITT"":""1:46 PM"",""NCON"":""1:52 PM"",""CONC"":""1:56 PM"",""PHIL"":""2:01 PM"",""WCRK"":""2:04 PM"",""LAFY"":""2:09 PM"",""ORIN"":""2:14 PM"",""ROCK"":""2:19 PM"",""MCAR"":""2:23 PM"",""19TH"":""2:27 PM"",""12TH"":""2:29 PM"",""WOAK"":""2:33 PM"",""EMBR"":""2:40 PM"",""MONT"":""2:42 PM"",""POWL"":""2:43 PM"",""CIVC"":""2:45 PM"",""16TH"":""2:47 PM"",""24TH"":""2:49 PM"",""GLEN"":""2:52 PM"",""BALB"":""2:54 PM"",""DALY"":""2:59 PM"",""COLM"":""3:03 PM"",""SSAN"":""3:06 PM"",""SBRN"":""3:09 PM"",""SFIA_ARR"":""3:14 PM""}"
weekend,1,S,1420,ANTC,52020,False,"{""ANTC"":""2:27 PM"",""PCTR"":""2:34 PM"",""PITT"":""2:46 PM"",""NCON"":""2:52 PM"",""CONC"":""2:56 PM"",""PHIL"":""3:01 PM"",""WCRK"":""3:04 PM"",""LAFY"":""3:09 PM"",""ORIN"":""3:14 PM"",""ROCK"":""3:19 PM"",""MCAR"":""3:23 PM"",""19TH"":""3:27 PM"",""12TH"":""3:29 PM"",""WOAK"":""3:33 PM"",""EMBR"":""3:40 PM"",""MONT"":""3:42 PM"",""POWL"":""3:43 PM"",""CIVC"":""3:45 PM"",""16TH"":""3:47 PM"",""24TH"":""3:49 PM"",""GLEN"":""3:52 PM"",""BALB"":""3:54 PM"",""DALY"":""3:59 PM"",""COLM"":""4:03 PM"",""SSAN"":""4:06 PM"",""SBRN"":""4:09 PM"",""SFIA_ARR"":""4:14 PM""}"
weekend,1,S,1447,ANTC,49620,False,"{""ANTC"":""1:47 PM"",""PCTR"":""1:54 PM"",""PITT"":""2:06 PM"",""NCON"":""2:12 PM"",""CONC"":""2:16 PM"",""PHIL"":""2:21 PM"",""WCRK"":""2:24 PM"",""LAFY"":""2:29 PM"",""ORIN"":""2:34 PM"",""ROCK"":""2:39 PM"",""MCAR"":""2:43 PM"",""19TH"":""2:47 PM"",""12TH"":""2:49 PM"",""WOAK"":""2:53 PM"",""EMBR"":""3:00 PM"",""MONT"":""3:02 PM"",""POWL"":""3:03 PM"",""CIVC"":""3:05 PM"",""16TH"":""3:07 PM"",""24TH"":""3:09 PM"",""GLEN"":""3:12 PM"",""BALB"":""3:14 PM"",""DALY"":""3:19 PM"",""COLM"":""3:23 PM"",""SSAN"":""3:26 PM"",""SBRN"":""3:29 PM"",""SFIA_ARR"":""3:34 PM""}"
weekend,1,S,1474,ANTC,53220,False,"{""ANTC"":""2:47 PM"",""PCTR"":""2:54 PM"",""PITT"":""3:06 PM"",""NCON"":""3:12 PM"",""CONC"":""3:16 PM"",""PHIL"":""3:21 PM"",""WCRK"":""3:24 PM"",""LAFY"":""3:29 PM"",""ORIN"":""3:34 PM"",""ROCK"":""3:39 PM"",""MCAR"":""3:43 PM"",""19TH"":""3:47 PM"",""12TH"":""3:49 PM"",""WOAK"":""3:53 PM"",""EMBR"":""4:00 PM"",""MONT"":""4:02 PM"",""POWL"":""4:03 PM"",""CIVC"":""4:05 PM"",""16TH"":""4:07 PM"",""24TH"":""4:09 PM"",""GLEN"":""4:12 PM"",""BALB"":""4:14 PM"",""DALY"":""4:19 PM"",""COLM"":""4:23 PM"",""SSAN"":""4:26 PM"",""SBRN"":""4:29 PM"",""SFIA_ARR"":""4:34 PM""}"
weekend,1,S,1501,ANTC,50820,False,"{""ANTC"":""2:07 PM"",""PCTR"":""2:14 PM"",""PITT"":""2:26 PM"",""NCON"":""2:32 PM"",""CONC"":""2:36 PM"",""PHIL"":""2:41 PM"",""WCRK"":""2:44 PM"",""LAFY"":""2:49 PM"",""ORIN"":""2:54 PM"",""ROCK"":""2:59 PM"",""MCAR"":""3:03 PM"",""19TH"":""3:07 PM"",""12TH"":""3:09 PM"",""WOAK"":""3:13 PM"",""EMBR"":""3:20 PM"",""MONT"":""3:22 PM"",""POWL"":""3:23 PM"",""CIVC"":""3:25 PM"",""16TH"":""3:27 PM"",""24TH"":""3:29 PM"",""GLEN"":""3:32 PM"",""BALB"":""3:34 PM"",""DALY"":""3:39 PM"",""COLM"":""3:43 PM"",""SSAN"":""3:46 PM"",""SBRN"":""3:49 PM"",""SFIA_ARR"":""3:54 PM""}"
weekend,1,S,1528,ANTC,54420,False,"{""ANTC"":""3:07 PM"",""PCTR"":""3:14 PM"",""PITT"":""3:26 PM"",""NCON"":""3:32 PM"",""CONC"":""3:36 PM"",""PHIL"":""3:41 PM"",""WCRK"":""3:44 PM"",""LAFY"":""3:49 PM"",""ORIN"":""3:54 PM"",""ROCK"":""3:59 PM"",""MCAR"":""4:03 PM"",""19TH"":""4:07 PM"",""12TH"":""4:09 PM"",""WOAK"":""4:13 PM"",""EMBR"":""4:20 PM"",""MONT"":""4:22 PM"",""POWL"":""4:23 PM"",""CIVC"":""4:25 PM"",""16TH"":""4:27 PM"",""24TH"":""4:29 PM"",""GLEN"":""4:32 PM"",""BALB"":""4:34 PM"",""DALY"":""4:39 PM"",""COLM"":""4:43 PM"",""SSAN"":""4:46 PM"",""SBRN"":""4:49 PM"",""SFIA_ARR"":""4:54 PM""}"
weekend,1,S,1555,ANTC,52020,False,"{""ANTC"":""2:27 PM"",""PCTR"":""2:34 PM"",""PITT"":""2:46 PM"",""NCON"":""2:52 PM"",""CONC"":""2:56 PM"",""PHIL"":""3:01 PM"",""WCRK"":""3:04 PM"",""LAFY"":""3:09 PM"",""ORIN"":""3:14 PM"",""ROCK"":""3:19 PM"",""MCAR"":""3:23 PM"",""19TH"":""3:27 PM"",""12TH"":""3:29 PM"",""WOAK"":""3:33 PM"",""EMBR"":""3:40 PM"",""MONT"":""3:42 PM"",""POWL"":""3:43 PM"",""CIVC"":""3:45 PM"",""16TH"":""3:47 PM"",""24TH"":""3:49 PM"",""GLEN"":""3:52 PM"",""BALB"":""3:54 PM"",""DALY"":""3:59 PM"",""COLM"":""4:03 PM"",""SSAN"":""4:06 PM"",""SBRN"":""4:09 PM"",""SFIA_ARR"":""4:14 PM""}"
weekend,1,S,1582,ANTC,55620,False,"{""ANTC"":""3:27 PM"",""PCTR"":""3:34 PM"",""PITT"":""3:46 PM"",""NCON"":""3:52 PM"",""CONC"":""3:56 PM"",""PHIL"":""4:01 PM"",""WCRK"":""4:04 PM"",""LAFY"":""4:09 PM"",""ORIN"":""4:14 PM"",""ROCK"":""4:19 PM"",""MCAR"":""4:23 PM"",""19TH"":""4:27 PM"",""12TH"":""4:29 PM"",""WOAK"":""4:33 PM"",""EMBR"":""4:40 PM"",""MONT"":""4:42 PM"",""POWL"":""4:43 PM"",""CIVC"":""4:45 PM"",""16TH"":""4:47 PM"",""24TH"":""4:49 PM"",""GLEN"":""4:52 PM"",""BALB"":""4:54 PM"",""DALY"":""4:59 PM"",""COLM"":""5:03 PM"",""SSAN"":""5:06 PM"",""SBRN"":""5:09 PM"",""SFIA_ARR"":""5:14 PM""}"
weekend,1,S,1609,ANTC,53220,False,"{""ANTC"":""2:47 PM"",""PCTR"":""2:54 PM"",""PITT"":""3:06 PM"",""NCON"":""3:12 PM"",""CONC"":""3:16 PM"",""PHIL"":""3:21 PM"",""WCRK"":""3:24 PM"",""LAFY"":""3:29 PM"",""ORIN"":""3:34 PM"",""ROCK"":""3:39 PM"",""MCAR"":""3:43 PM"",""19TH"":""3:47 PM"",""12TH"":""3:49 PM"",""WOAK"":""3:53 PM"",""EMBR"":""4:00 PM"",""MONT"":""4:02 PM"",""POWL"":""4:03 PM"",""CIVC"":""4:05 PM"",""16TH"":""4:07 PM"",""24TH"":""4:09 PM"",""GLEN"":""4:12 PM"",""BALB"":""4:14 PM"",""DALY"":""4:19 PM"",""COLM"":""4:23 PM"",""SSAN"":""4:26 PM"",""SBRN"":""4:29 PM"",""SFIA_ARR"":""4:34 PM""}"
weekend,1,S,1636,ANTC,56820,False,"{""ANTC"":""3:47 PM"",""PCTR"":""3:54 PM"",""PITT"":""4:06 PM"",""NCON"":""4:12 PM"",""CONC"":""4:16 PM"",""PHIL"":""4:21 PM"",""WCRK"":""4:24 PM"",""LAFY"":""4:29 PM"",""ORIN"":""4:34 PM"",""ROCK"":""4:39 PM"",""MCAR"":""4:43 PM"",""19TH"":""4:47 PM"",""12TH"":""4:49 PM"",""WOAK"":""4:53 PM"",""EMBR"":""5:00 PM"",""MONT"":""5:02 PM"",""POWL"":""5:03 PM"",""CIVC"":""5:05 PM"",""16TH"":""5:07 PM"",""24TH"":""5:09 PM"",""GLEN"":""5:12 PM"",""BALB"":""5:14 PM"",""DALY"":""5:19 PM"",""COLM"":""5:23 PM"",""SSAN"":""5:26 PM"",""SBRN"":""5:29 PM"",""SFIA_ARR"":""5:34 PM""}"
weekend,1,S,1663,ANTC,54420,False,"{""ANTC"":""3:07 PM"",""PCTR"":""3:14 PM"",""PITT"":""3:26 PM"",""NCON"":""3:32 PM"",""CONC"":""3:36 PM"",""PHIL"":""3:41 PM"",""WCRK"":""3:44 PM"",""LAFY"":""3:49 PM"",""ORIN"":""3:54 PM"",""ROCK"":""3:59 PM"",""MCAR"":""4:03 PM"",""19TH"":""4:07 PM"",""12TH"":""4:09 PM"",""WOAK"":""4:13 PM"",""EMBR"":""4:20 PM"",""MONT"":""4:22 PM"",""POWL"":""4:23 PM"",""CIVC"":""4:25 PM"",""16TH"":""4:27 PM"",""24TH"":""4:29 PM"",""GLEN"":""4:32 PM"",""BALB"":""4:34 PM"",""DALY"":""4:39 PM"",""COLM"":""4:43 PM"",""SSAN"":""4:46 PM"",""SBRN"":""4:49 PM"",""SFIA_ARR"":""4:54 PM""}"
weekend,1,S,1690,ANTC,58020,False,"{""ANTC"":""4:07 PM"",""PCTR"":""4:14 PM"",""PITT"":""4:26 PM"",""NCON"":""4:32 PM"",""CONC"":""4:36 PM"",""PHIL"":""4:41 PM"",""WCRK"":""4:44 PM"",""LAFY"":""4:49 PM"",""ORIN"":""4:54 PM"",""ROCK"":""4:59 PM"",""MCAR"":""5:03 PM"",""19TH"":""5:07 PM"",""12TH"":""5:09 PM"",""WOAK"":""5:13 PM"",""EMBR"":""5:20 PM"",""MONT"":""5:22 PM"",""POWL"":""5:23 PM"",""CIVC"":""5:25 PM"",""16TH"":""5:27 PM"",""24TH"":""5:29 PM"",""GLEN"":""5:32 PM"",""BALB"":""5:34 PM"",""DALY"":""5:39 PM"",""COLM"":""5:43 PM"",""SSAN"":""5:46 PM"",""SBRN"":""5:49 PM"",""SFIA_ARR"":""5:54 PM""}"
weekend,1,S,1717,ANTC,55620,False,"{""ANTC"":""3:27 PM"",""PCTR"":""3:34 PM"",""PITT"":""3:46 PM"",""NCON"":""3:52 PM"",""CONC"":""3:56 PM"",""PHIL"":""4:01 PM"",""WCRK"":""4:04 PM"",""LAFY"":""4:09 PM"",""ORIN"":""4:14 PM"",""ROCK"":""4:19 PM"",""MCAR"":""4:23 PM"",""19TH"":""4:27 PM"",""12TH"":""4:29 PM"",""WOAK"":""4:33 PM"",""EMBR"":""4:40 PM"",""MONT"":""4:42 PM"",""POWL"":""4:43 PM"",""CIVC"":""4:45 PM"",""16TH"":""4:47 PM"",""24TH"":""4:49 PM"",""GLEN"":""4:52 PM"",""BALB"":""4:54 PM"",""DALY"":""4:59 PM"",""COLM"":""5:03 PM"",""SSAN"":""5:06 PM"",""SBRN"":""5:09 PM"",""SFIA_ARR"":""5:14 PM""}"
weekend,1,S,1744,ANTC,59220,False,"{""ANTC"":""4:27 PM"",""PCTR"":""4:34 PM"",""PITT"":""4:46 PM"",""NCON"":""4:52 PM"",""CONC"":""4:56 PM"",""PHIL"":""5:01 PM"",""WCRK"":""5:04 PM"",""LAFY"":""5:09 PM"",""ORIN"":""5:14 PM"",""ROCK"":""5:19 PM"",""MCAR"":""5:23 PM"",""19TH"":""5:27 PM"",""12TH"":""5:29 PM"",""WOAK"":""5:33 PM"",""EMBR"":""5:40 PM"",""MONT"":""5:42 PM"",""POWL"":""5:43 PM"",""CIVC"":""5:45 PM"",""16TH"":""5:47 PM"",""24TH"":""5:49 PM"",""GLEN"":""5:52 PM"",""BALB"":""5:54 PM"",""DALY"":""5:59 PM"",""COLM"":""6:03 PM"",""SSAN"":""6:06 PM"",""SBRN"":""6:09 PM"",""SFIA_ARR"":""6:14 PM""}"
weekend,1,S,1771,ANTC,56820,False,"{""ANTC"":""3:47 PM"",""PCTR"":""3:54 PM"",""PITT"":""4:06 PM"",""NCON"":""4:12 PM"",""CONC"":""4:16 PM"",""PHIL"":""4:21 PM"",""WCRK"":""4:24 PM"",""LAFY"":""4:29 PM"",""ORIN"":""4:34 PM"",""ROCK"":""4:39 PM"",""MCAR"":""4:43 PM"",""19TH"":""4:47 PM"",""12TH"":""4:49 PM"",""WOAK"":""4:53 PM"",""EMBR"":""5:00 PM"",""MONT"":""5:02 PM"",""POWL"":""5:03 PM"",""CIVC"":""5:05 PM"",""16TH"":""5:07 PM"",""24TH"":""5:09 PM"",""GLEN"":""5:12 PM"",""BALB"":""5:14 PM"",""DALY"":""5:19 PM"",""COLM"":""5:23 PM"",""SSAN"":""5:26 PM"",""SBRN"":""5:29 PM"",""SFIA_ARR"":""5:34 PM""}"
weekend,1,S,1798,ANTC,60420,False,"{""ANTC"":""4:47 PM"",""PCTR"":""4:54 PM"",""PITT"":""5:06 PM"",""NCON"":""5:12 PM"",""CONC"":""5:16 PM"",""PHIL"":""5:21 PM"",""WCRK"":""5:24 PM"",""LAFY"":""5:29 PM"",""ORIN"":""5:34 PM"",""ROCK"":""5:39 PM"",""MCAR"":""5:43 PM"",""19TH"":""5:47 PM"",""12TH"":""5:49 PM"",""WOAK"":""5:53 PM"",""EMBR"":""6:00 PM"",""MONT"":""6:02 PM"",""POWL"":""6:03 PM"",""CIVC"":""6:05 PM"",""16TH"":""6:07 PM"",""24TH"":""6:09 PM"",""GLEN"":""6:12 PM"",""BALB"":""6:14 PM"",""DALY"":""6:19 PM"",""COLM"":""6:23 PM"",""SSAN"":""6:26 PM"",""SBRN"":""6:29 PM"",""SFIA_ARR"":""6:34 PM""}"
weekend,1,S,1825,ANTC,58020,False,"{""ANTC"":""4:07 PM"",""PCTR"":""4:14 PM"",""PITT"":""4:26 PM"",""NCON"":""4:32 PM"",""CONC"":""4:36 PM"",""PHIL"":""4:41 PM"",""WCRK"":""4:44 PM"",""LAFY"":""4:49 PM"",""ORIN"":""4:54 PM"",""ROCK"":""4:59 PM"",""MCAR"":""5:03 PM"",""19TH"":""5:07 PM"",""12TH"":""5:09 PM"",""WOAK"":""5:13 PM"",""EMBR"":""5:20 PM"",""MONT"":""5:22 PM"",""POWL"":""5:23 PM"",""CIVC"":""5:25 PM"",""16TH"":""5:27 PM"",""24TH"":""5:29 PM"",""GLEN"":""5:32 PM"",""BALB"":""5:34 PM"",""DALY"":""5:39 PM"",""COLM"":""5:43 PM"",""SSAN"":""5:46 PM"",""SBRN"":""5:49 PM"",""SFIA_ARR"":""5:54 PM""}"
weekend,1,S,1852,ANTC,61620,False,"{""ANTC"":""5:07 PM"",""PCTR"":""5:14 PM"",""PITT"":""5:26 PM"",""NCON"":""5:32 PM"",""CONC"":""5:36 PM"",""PHIL"":""5:41 PM"",""WCRK"":""5:44 PM"",""LAFY"":""5:49 PM"",""ORIN"":""5:54 PM"",""ROCK"":""5:59 PM"",""MCAR"":""6:03 PM"",""19TH"":""6:07 PM"",""12TH"":""6:09 PM"",""WOAK"":""6:13 PM"",""EMBR"":""6:20 PM"",""MONT"":""6:22 PM"",""POWL"":""6:23 PM"",""CIVC"":""6:25 PM"",""16TH"":""6:27 PM"",""24TH"":""6:29 PM"",""GLEN"":""6:32 PM"",""BALB"":""6:34 PM"",""DALY"":""6:39 PM"",""COLM"":""6:43 PM"",""SSAN"":""6:46 PM"",""SBRN"":""6:49 PM"",""SFIA_ARR"":""6:54 PM""}"
weekend,1,S,1879,ANTC,59220,False,"{""ANTC"":""4:27 PM"",""PCTR"":""4:34 PM"",""PITT"":""4:46 PM"",""NCON"":""4:52 PM"",""CONC"":""4:56 PM"",""PHIL"":""5:01 PM"",""WCRK"":""5:04 PM"",""LAFY"":""5:09 PM"",""ORIN"":""5:14 PM"",""ROCK"":""5:19 PM"",""MCAR"":""5:23 PM"",""19TH"":""5:27 PM"",""12TH"":""5:29 PM"",""WOAK"":""5:33 PM"",""EMBR"":""5:40 PM"",""MONT"":""5:42 PM"",""POWL"":""5:43 PM"",""CIVC"":""5:45 PM"",""16TH"":""5:47 PM"",""24TH"":""5:49 PM"",""GLEN"":""5:52 PM"",""BALB"":""5:54 PM"",""DALY"":""5:59 PM"",""COLM"":""6:03 PM"",""SSAN"":""6:06 PM"",""SBRN"":""6:09 PM"",""SFIA_ARR"":""6:14 PM""}"
weekend,1,S,1906,ANTC,62820,False,"{""ANTC"":""5:27 PM"",""PCTR"":""5:34 PM"",""PITT"":""5:46 PM"",""NCON"":""5:52 PM"",""CONC"":""5:56 PM"",""PHIL"":""6:01 PM"",""WCRK"":""6:04 PM"",""LAFY"":""6:09 PM"",""ORIN"":""6:14 PM"",""ROCK"":""6:19 PM"",""MCAR"":""6:23 PM"",""19TH"":""6:27 PM"",""12TH"":""6:29 PM"",""WOAK"":""6:33 PM"",""EMBR"":""6:40 PM"",""MONT"":""6:42 PM"",""POWL"":""6:43 PM"",""CIVC"":""6:45 PM"",""16TH"":""6:47 PM"",""24TH"":""6:49 PM"",""GLEN"":""6:52 PM"",""BALB"":""6:54 PM"",""DALY"":""6:59 PM"",""COLM"":""7:03 PM"",""SSAN"":""7:06 PM"",""SBRN"":""7:09 PM"",""SFIA_ARR"":""7:14 PM""}"
weekend,1,S,1933,ANTC,60420,False,"{""ANTC"":""4:47 PM"",""PCTR"":""4:54 PM"",""PITT"":""5:06 PM"",""NCON"":""5:12 PM"",""CONC"":""5:16 PM"",""PHIL"":""5:21 PM"",""WCRK"":""5:24 PM"",""LAFY"":""5:29 PM"",""ORIN"":""5:34 PM"",""ROCK"":""5:39 PM"",""MCAR"":""5:43 PM"",""19TH"":""5:47 PM"",""12TH"":""5:49 PM"",""WOAK"":""5:53 PM"",""EMBR"":""6:00 PM"",""MONT"":""6:02 PM"",""POWL"":""6:03 PM"",""CIVC"":""6:05 PM"",""16TH"":""6:07 PM"",""24TH"":""6:09 PM"",""GLEN"":""6:12 PM"",""BALB"":""6:14 PM"",""DALY"":""6:19 PM"",""COLM"":""6:23 PM"",""SSAN"":""6:26 PM"",""SBRN"":""6:29 PM"",""SFIA_ARR"":""6:34 PM""}"
weekend,1,S,1960,ANTC,64020,False,"{""ANTC"":""5:47 PM"",""PCTR"":""5:54 PM"",""PITT"":""6:06 PM"",""NCON"":""6:12 PM"",""CONC"":""6:16 PM"",""PHIL"":""6:21 PM"",""WCRK"":""6:24 PM"",""LAFY"":""6:29 PM"",""ORIN"":""6:34 PM"",""ROCK"":""6:39 PM"",""MCAR"":""6:43 PM"",""19TH"":""6:47 PM"",""12TH"":""6:49 PM"",""WOAK"":""6:53 PM"",""EMBR"":""7:00 PM"",""MONT"":""7:02 PM"",""POWL"":""7:03 PM"",""CIVC"":""7:05 PM"",""16TH"":""7:07 PM"",""24TH"":""7:09 PM"",""GLEN"":""7:12 PM"",""BALB"":""7:14 PM"",""DALY"":""7:19 PM"",""COLM"":""7:23 PM"",""SSAN"":""7:26 PM"",""SBRN"":""7:29 PM"",""SFIA_ARR"":""7:34 PM""}"
weekend,1,S,1987,ANTC,61620,False,"{""ANTC"":""5:07 PM"",""PCTR"":""5:14 PM"",""PITT"":""5:26 PM"",""NCON"":""5:32 PM"",""CONC"":""5:36 PM"",""PHIL"":""5:41 PM"",""WCRK"":""5:44 PM"",""LAFY"":""5:49 PM"",""ORIN"":""5:54 PM"",""ROCK"":""5:59 PM"",""MCAR"":""6:03 PM"",""19TH"":""6:07 PM"",""12TH"":""6:09 PM"",""WOAK"":""6:13 PM"",""EMBR"":""6:20 PM"",""MONT"":""6:22 PM"",""POWL"":""6:23 PM"",""CIVC"":""6:25 PM"",""16TH"":""6:27 PM"",""24TH"":""6:29 PM"",""GLEN"":""6:32 PM"",""BALB"":""6:34 PM"",""DALY"":""6:39 PM"",""COLM"":""6:43 PM"",""SSAN"":""6:46 PM"",""SBRN"":""6:49 PM"",""SFIA_ARR"":""6:54 PM""}"
weekend,1,S,2014,ANTC,65220,False,"{""ANTC"":""6:07 PM"",""PCTR"":""6:14 PM"",""PITT"":""6:26 PM"",""NCON"":""6:32 PM"",""CONC"":""6:36 PM"",""PHIL"":""6:41 PM"",""WCRK"":""6:44 PM"",""LAFY"":""6:49 PM"",""ORIN"":""6:54 PM"",""ROCK"":""6:59 PM"",""MCAR"":""7:03 PM"",""19TH"":""7:07 PM"",""12TH"":""7:09 PM"",""WOAK"":""7:13 PM"",""EMBR"":""7:20 PM"",""MONT"":""7:22 PM"",""POWL"":""7:23 PM"",""CIVC"":""7:25 PM"",""16TH"":""7:27 PM"",""24TH"":""7:29 PM"",""GLEN"":""7:32 PM"",""BALB"":""7:34 PM"",""DALY"":""7:39 PM"",""COLM"":""7:43 PM"",""SSAN"":""7:46 PM"",""SBRN"":""7:49 PM"",""SFIA_ARR"":""7:54 PM""}"
weekend,1,S,2041,ANTC,62820,False,"{""ANTC"":""5:27 PM"",""PCTR"":""5:34 PM"",""PITT"":""5:46 PM"",""NCON"":""5:52 PM"",""CONC"":""5:56 PM"",""PHIL"":""6:01 PM"",""WCRK"":""6:04 PM"",""LAFY"":""6:09 PM"",""ORIN"":""6:14 PM"",""ROCK"":""6:19 PM"",""MCAR"":""6:23 PM"",""19TH"":""6:27 PM"",""12TH"":""6:29 PM"",""WOAK"":""6:33 PM"",""EMBR"":""6:40 PM"",""MONT"":""6:42 PM"",""POWL"":""6:43 PM"",""CIVC"":""6:45 PM"",""16TH"":""6:47 PM"",""24TH"":""6:49 PM"",""GLEN"":""6:52 PM"",""BALB"":""6:54 PM"",""DALY"":""6:59 PM"",""COLM"":""7:03 PM"",""SSAN"":""7:06 PM"",""SBRN"":""7:09 PM"",""SFIA_ARR"":""7:14 PM""}"
weekend,1,S,2068,ANTC,66420,False,"{""ANTC"":""6:27 PM"",""PCTR"":""6:34 PM"",""PITT"":""6:46 PM"",""NCON"":""6:52 PM"",""CONC"":""6:56 PM"",""PHIL"":""7:01 PM"",""WCRK"":""7:04 PM"",""LAFY"":""7:09 PM"",""ORIN"":""7:14 PM"",""ROCK"":""7:19 PM"",""MCAR"":""7:23 PM"",""19TH"":""7:27 PM"",""12TH"":""7:29 PM"",""WOAK"":""7:33 PM"",""EMBR"":""7:40 PM"",""MONT"":""7:42 PM"",""POWL"":""7:43 PM"",""CIVC"":""7:45 PM"",""16TH"":""7:47 PM"",""24TH"":""7:49 PM"",""GLEN"":""7:52 PM"",""BALB"":""7:54 PM"",""DALY"":""7:59 PM"",""COLM"":""8:03 PM"",""SSAN"":""8:06 PM"",""SBRN"":""8:09 PM"",""SFIA_ARR"":""8:14 PM""}"
weekend,1,S,2095,ANTC,64020,False,"{""ANTC"":""5:47 PM"",""PCTR"":""5:54 PM"",""PITT"":""6:06 PM"",""NCON"":""6:12 PM"",""CONC"":""6:16 PM"",""PHIL"":""6:21 PM"",""WCRK"":""6:24 PM"",""LAFY"":""6:29 PM"",""ORIN"":""6:34 PM"",""ROCK"":""6:39 PM"",""MCAR"":""6:43 PM"",""19TH"":""6:47 PM"",""12TH"":""6:49 PM"",""WOAK"":""6:53 PM"",""EMBR"":""7:00 PM"",""MONT"":""7:02 PM"",""POWL"":""7:03 PM"",""CIVC"":""7:05 PM"",""16TH"":""7:07 PM"",""24TH"":""7:09 PM"",""GLEN"":""7:12 PM"",""BALB"":""7:14 PM"",""DALY"":""7:19 PM"",""COLM"":""7:23 PM"",""SSAN"":""7:26 PM"",""SBRN"":""7:29 PM"",""SFIA_ARR"":""7:34 PM""}"
weekend,1,S,2122,ANTC,67620,False,"{""ANTC"":""6:47 PM"",""PCTR"":""6:54 PM"",""PITT"":""7:06 PM"",""NCON"":""7:12 PM"",""CONC"":""7:16 PM"",""PHIL"":""7:21 PM"",""WCRK"":""7:24 PM"",""LAFY"":""7:29 PM"",""ORIN"":""7:34 PM"",""ROCK"":""7:39 PM"",""MCAR"":""7:43 PM"",""19TH"":""7:47 PM"",""12TH"":""7:49 PM"",""WOAK"":""7:53 PM"",""EMBR"":""8:00 PM"",""MONT"":""8:02 PM"",""POWL"":""8:03 PM"",""CIVC"":""8:05 PM"",""16TH"":""8:07 PM"",""24TH"":""8:09 PM"",""GLEN"":""8:12 PM"",""BALB"":""8:14 PM"",""DALY"":""8:19 PM"",""COLM"":""8:23 PM"",""SSAN"":""8:26 PM"",""SBRN"":""8:29 PM"",""SFIA_ARR"":""8:34 PM""}"
weekend,1,S,2149,ANTC,65220,False,"{""ANTC"":""6:07 PM"",""PCTR"":""6:14 PM"",""PITT"":""6:26 PM"",""NCON"":""6:32 PM"",""CONC"":""6:36 PM"",""PHIL"":""6:41 PM"",""WCRK"":""6:44 PM"",""LAFY"":""6:49 PM"",""ORIN"":""6:54 PM"",""ROCK"":""6:59 PM"",""MCAR"":""7:03 PM"",""19TH"":""7:07 PM"",""12TH"":""7:09 PM"",""WOAK"":""7:13 PM"",""EMBR"":""7:20 PM"",""MONT"":""7:22 PM"",""POWL"":""7:23 PM"",""CIVC"":""7:25 PM"",""16TH"":""7:27 PM"",""24TH"":""7:29 PM"",""GLEN"":""7:32 PM"",""BALB"":""7:34 PM"",""DALY"":""7:39 PM"",""COLM"":""7:43 PM"",""SSAN"":""7:46 PM"",""SBRN"":""7:49 PM"",""SFIA_ARR"":""7:54 PM""}"
weekend,1,S,2176,ANTC,68820,False,"{""ANTC"":""7:07 PM"",""PCTR"":""7:14 PM"",""PITT"":""7:26 PM"",""NCON"":""7:32 PM"",""CONC"":""7:36 PM"",""PHIL"":""7:41 PM"",""WCRK"":""7:44 PM"",""LAFY"":""7:49 PM"",""ORIN"":""7:54 PM"",""ROCK"":""7:59 PM"",""MCAR"":""8:03 PM"",""19TH"":""8:07 PM"",""12TH"":""8:09 PM"",""WOAK"":""8:13 PM"",""EMBR"":""8:20 PM"",""MONT"":""8:22 PM"",""POWL"":""8:23 PM"",""CIVC"":""8:25 PM"",""16TH"":""8:27 PM"",""24TH"":""8:29 PM"",""GLEN"":""8:32 PM"",""BALB"":""8:34 PM"",""DALY"":""8:39 PM"",""COLM"":""8:43 PM"",""SSAN"":""8:46 PM"",""SBRN"":""8:49 PM"",""SFIA_ARR"":""8:54 PM"",""SFIA_DEP"":""9:08 PM"",""MLBR"":""9:11 PM""}"
weekend,1,S,2205,ANTC,66420,False,"{""ANTC"":""6:27 PM"",""PCTR"":""6:34 PM"",""PITT"":""6:46 PM"",""NCON"":""6:52 PM"",""CONC"":""6:56 PM"",""PHIL"":""7:01 PM"",""WCRK"":""7:04 PM"",""LAFY"":""7:09 PM"",""ORIN"":""7:14 PM"",""ROCK"":""7:19 PM"",""MCAR"":""7:23 PM"",""19TH"":""7:27 PM"",""12TH"":""7:29 PM"",""WOAK"":""7:33 PM"",""EMBR"":""7:40 PM"",""MONT"":""7:42 PM"",""POWL"":""7:43 PM"",""CIVC"":""7:45 PM"",""16TH"":""7:47 PM"",""24TH"":""7:49 PM"",""GLEN"":""7:52 PM"",""BALB"":""7:54 PM"",""DALY"":""7:59 PM"",""COLM"":""8:03 PM"",""SSAN"":""8:06 PM"",""SBRN"":""8:09 PM"",""SFIA_ARR"":""8:14 PM""}"
weekend,1,S,2232,ANTC,70020,False,"{""ANTC"":""7:27 PM"",""PCTR"":""7:34 PM"",""PITT"":""7:46 PM"",""NCON"":""7:52 PM"",""CONC"":""7:56 PM"",""PHIL"":""8:01 PM"",""WCRK"":""8:04 PM"",""LAFY"":""8:09 PM"",""ORIN"":""8:14 PM"",""ROCK"":""8:19 PM"",""MCAR"":""8:23 PM"",""19TH"":""8:27 PM"",""12TH"":""8:29 PM"",""WOAK"":""8:33 PM"",""EMBR"":""8:40 PM"",""MONT"":""8:42 PM"",""POWL"":""8:43 PM"",""CIVC"":""8:45 PM"",""16TH"":""8:47 PM"",""24TH"":""8:49 PM"",""GLEN"":""8:52 PM"",""BALB"":""8:54 PM"",""DALY"":""8:59 PM"",""COLM"":""9:03 PM"",""SSAN"":""9:06 PM"",""SBRN"":""9:09 PM"",""SFIA_ARR"":""9:14 PM"",""SFIA_DEP"":""9:23 PM"",""MLBR"":""9:26 PM""}"
weekend,1,S,2261,ANTC,67620,False,"{""ANTC"":""6:47 PM"",""PCTR"":""6:54 PM"",""PITT"":""7:06 PM"",""NCON"":""7:12 PM"",""CONC"":""7:16 PM"",""PHIL"":""7:21 PM"",""WCRK"":""7:24 PM"",""LAFY"":""7:29 PM"",""ORIN"":""7:34 PM"",""ROCK"":""7:39 PM"",""MCAR"":""7:43 PM"",""19TH"":""7:47 PM"",""12TH"":""7:49 PM"",""WOAK"":""7:53 PM"",""EMBR"":""8:00 PM"",""MONT"":""8:02 PM"",""POWL"":""8:03 PM"",""CIVC"":""8:05 PM"",""16TH"":""8:07 PM"",""24TH"":""8:09 PM"",""GLEN"":""8:12 PM"",""BALB"":""8:14 PM"",""DALY"":""8:19 PM"",""COLM"":""8:23 PM"",""SSAN"":""8:26 PM"",""SBRN"":""8:29 PM"",""SFIA_ARR"":""8:34 PM""}"
weekend,1,S,2288,ANTC,71220,False,"{""ANTC"":""7:47 PM"",""PCTR"":""7:54 PM"",""PITT"":""8:06 PM"",""NCON"":""8:12 PM"",""CONC"":""8:16 PM"",""PHIL"":""8:21 PM"",""WCRK"":""8:24 PM"",""LAFY"":""8:29 PM"",""ORIN"":""8:34 PM"",""ROCK"":""8:39 PM"",""MCAR"":""8:43 PM"",""19TH"":""8:47 PM"",""12TH"":""8:49 PM"",""WOAK"":""8:53 PM"",""EMBR"":""9:00 PM"",""MONT"":""9:02 PM"",""POWL"":""9:03 PM"",""CIVC"":""9:05 PM"",""16TH"":""9:07 PM"",""24TH"":""9:09 PM"",""GLEN"":""9:12 PM"",""BALB"":""9:14 PM"",""DALY"":""9:19 PM"",""COLM"":""9:23 PM"",""SSAN"":""9:26 PM"",""SBRN"":""9:29 PM"",""SFIA_ARR"":""9:34 PM"",""SFIA_DEP"":""9:38 PM"",""MLBR"":""9:41 PM""}"
weekend,1,S,2317,ANTC,68820,False,"{""ANTC"":""7:07 PM"",""PCTR"":""7:14 PM"",""PITT"":""7:26 PM"",""NCON"":""7:32 PM"",""CONC"":""7:36 PM"",""PHIL"":""7:41 PM"",""WCRK"":""7:44 PM"",""LAFY"":""7:49 PM"",""ORIN"":""7:54 PM"",""ROCK"":""7:59 PM"",""MCAR"":""8:03 PM"",""19TH"":""8:07 PM"",""12TH"":""8:09 PM"",""WOAK"":""8:13 PM"",""EMBR"":""8:20 PM"",""MONT"":""8:22 PM"",""POWL"":""8:23 PM"",""CIVC"":""8:25 PM"",""16TH"":""8:27 PM"",""24TH"":""8:29 PM"",""GLEN"":""8:32 PM"",""BALB"":""8:34 PM"",""DALY"":""8:39 PM"",""COLM"":""8:43 PM"",""SSAN"":""8:46 PM"",""SBRN"":""8:49 PM"",""SFIA_ARR"":""8:54 PM"",""SFIA_DEP"":""9:08 PM"",""MLBR"":""9:11 PM""}"
weekend,1,S,2346,ANTC,72420,False,"{""ANTC"":""8:07 PM"",""PCTR"":""8:14 PM"",""PITT"":""8:26 PM"",""NCON"":""8:32 PM"",""CONC"":""8:36 PM"",""PHIL"":""8:41 PM"",""WCRK"":""8:44 PM"",""LAFY"":""8:49 PM"",""ORIN"":""8:54 PM"",""ROCK"":""8:59 PM"",""MCAR"":""9:03 PM"",""19TH"":""9:07 PM"",""12TH"":""9:09 PM"",""WOAK"":""9:13 PM"",""EMBR"":""9:20 PM"",""MONT"":""9:22 PM"",""POWL"":""9:23 PM"",""CIVC"":""9:25 PM"",""16TH"":""9:27 PM"",""24TH"":""9:29 PM"",""GLEN"":""9:32 PM"",""BALB"":""9:34 PM"",""DALY"":""9:39 PM"",""COLM"":""9:43 PM"",""SSAN"":""9:46 PM"",""SBRN"":""9:49 PM"",""SFIA_ARR"":""9:54 PM"",""SFIA_DEP"":""9:56 PM"",""MLBR"":""9:59 PM""}"
weekend,1,S,2375,ANTC,70020,False,"{""ANTC"":""7:27 PM"",""PCTR"":""7:34 PM"",""PITT"":""7:46 PM"",""NCON"":""7:52 PM"",""CONC"":""7:56 PM"",""PHIL"":""8:01 PM"",""WCRK"":""8:04 PM"",""LAFY"":""8:09 PM"",""ORIN"":""8:14 PM"",""ROCK"":""8:19 PM"",""MCAR"":""8:23 PM"",""19TH"":""8:27 PM"",""12TH"":""8:29 PM"",""WOAK"":""8:33 PM"",""EMBR"":""8:40 PM"",""MONT"":""8:42 PM"",""POWL"":""8:43 PM"",""CIVC"":""8:45 PM"",""16TH"":""8:47 PM"",""24TH"":""8:49 PM"",""GLEN"":""8:52 PM"",""BALB"":""8:54 PM"",""DALY"":""8:59 PM"",""COLM"":""9:03 PM"",""SSAN"":""9:06 PM"",""SBRN"":""9:09 PM"",""SFIA_ARR"":""9:14 PM"",""SFIA_DEP"":""9:23 PM"",""MLBR"":""9:26 PM""}"
weekend,1,S,2404,SFIA_DEP,79680,True,"{""SFIA_DEP"":""10:08 PM"",""MLBR"":""10:11 PM""}"
weekend,1,S,2406,ANTC,71220,False,"{""ANTC"":""7:47 PM"",""PCTR"":""7:54 PM"",""PITT"":""8:06 PM"",""NCON"":""8:12 PM"",""CONC"":""8:16 PM"",""PHIL"":""8:21 PM"",""WCRK"":""8:24 PM"",""LAFY"":""8:29 PM"",""ORIN"":""8:34 PM"",""ROCK"":""8:39 PM"",""MCAR"":""8:43 PM"",""19TH"":""8:47 PM"",""12TH"":""8:49 PM"",""WOAK"":""8:53 PM"",""EMBR"":""9:00 PM"",""MONT"":""9:02 PM"",""POWL"":""9:03 PM"",""CIVC"":""9:05 PM"",""16TH"":""9:07 PM"",""24TH"":""9:09 PM"",""GLEN"":""9:12 PM"",""BALB"":""9:14 PM"",""DALY"":""9:19 PM"",""COLM"":""9:23 PM"",""SSAN"":""9:26 PM"",""SBRN"":""9:29 PM"",""SFIA_ARR"":""9:34 PM"",""SFIA_DEP"":""9:38 PM"",""MLBR"":""9:41 PM""}"
weekend,1,S,2435,ANTC,73620,False,"{""ANTC"":""8:27 PM"",""PCTR"":""8:34 PM"",""PITT"":""8:46 PM"",""NCON"":""8:52 PM"",""CONC"":""8:56 PM"",""PHIL"":""9:01 PM"",""WCRK"":""9:04 PM"",""LAFY"":""9:09 PM"",""ORIN"":""9:14 PM"",""ROCK"":""9:19 PM"",""MCAR"":""9:23 PM"",""19TH"":""9:27 PM"",""12TH"":""9:29 PM"",""WOAK"":""9:33 PM"",""EMBR"":""9:40 PM"",""MONT"":""9:42 PM"",""POWL"":""9:43 PM"",""CIVC"":""9:45 PM"",""16TH"":""9:47 PM"",""24TH"":""9:49 PM"",""GLEN"":""9:52 PM"",""BALB"":""9:54 PM"",""DALY"":""9:59 PM"",""COLM"":""10:03 PM"",""SSAN"":""10:06 PM"",""SBRN"":""10:09 PM"",""SFIA_ARR"":""10:14 PM"",""SFIA_DEP"":""10:21 PM"",""MLBR"":""10:24 PM""}"
weekend,1,S,2464,ANTC,72420,False,"{""ANTC"":""8:07 PM"",""PCTR"":""8:14 PM"",""PITT"":""8:26 PM"",""NCON"":""8:32 PM"",""CONC"":""8:36 PM"",""PHIL"":""8:41 PM"",""WCRK"":""8:44 PM"",""LAFY"":""8:49 PM"",""ORIN"":""8:54 PM"",""ROCK"":""8:59 PM"",""MCAR"":""9:03 PM"",""19TH"":""9:07 PM"",""12TH"":""9:09 PM"",""WOAK"":""9:13 PM"",""EMBR"":""9:20 PM"",""MONT"":""9:22 PM"",""POWL"":""9:23 PM"",""CIVC"":""9:25 PM"",""16TH"":""9:27 PM"",""24TH"":""9:29 PM"",""GLEN"":""9:32 PM"",""BALB"":""9:34 PM"",""DALY"":""9:39 PM"",""COLM"":""9:43 PM"",""SSAN"":""9:46 PM"",""SBRN"":""9:49 PM"",""SFIA_ARR"":""9:54 PM"",""SFIA_DEP"":""9:56 PM"",""MLBR"":""9:59 PM""}"
weekend,1,S,2493,ANTC,74820,False,"{""ANTC"":""8:47 PM"",""PCTR"":""8:54 PM"",""PITT"":""9:06 PM"",""NCON"":""9:12 PM"",""CONC"":""9:16 PM"",""PHIL"":""9:21 PM"",""WCRK"":""9:24 PM"",""LAFY"":""9:29 PM"",""ORIN"":""9:34 PM"",""ROCK"":""9:39 PM"",""MCAR"":""9:43 PM"",""19TH"":""9:47 PM"",""12TH"":""9:49 PM"",""WOAK"":""9:53 PM"",""EMBR"":""10:00 PM"",""MONT"":""10:02 PM"",""POWL"":""10:03 PM"",""CIVC"":""10:05 PM"",""16TH"":""10:07 PM"",""24TH"":""10:09 PM"",""GLEN"":""10:12 PM"",""BALB"":""10:14 PM"",""DALY"":""10:19 PM"",""COLM"":""10:23 PM"",""SSAN"":""10:26 PM"",""SBRN"":""10:29 PM"",""SFIA_ARR"":""10:34 PM"",""SFIA_DEP"":""10:37 PM"",""MLBR"":""10:40 PM""}"
weekend,1,S,2522,SFIA_DEP,79680,True,"{""SFIA_DEP"":""10:08 PM"",""MLBR"":""10:11 PM""}"
weekend,1,S,2524,ANTC,76020,True,"{""ANTC"":""9:07 PM"",""PCTR"":""9:14 PM"",""PITT"":""9:26 PM"",""NCON"":""9:32 PM"",""CONC"":""9:36 PM"",""PHIL"":""9:41 PM"",""WCRK"":""9:44 PM"",""LAFY"":""9:49 PM"",""ORIN"":""9:54 PM"",""ROCK"":""9:59 PM"",""MCAR"":""10:03 PM"",""19TH"":""10:07 PM"",""12TH"":""10:09 PM"",""WOAK"":""10:13 PM"",""EMBR"":""10:20 PM"",""MONT"":""10:22 PM"",""POWL"":""10:23 PM"",""CIVC"":""10:25 PM"",""16TH"":""10:27 PM"",""24TH"":""10:29 PM"",""GLEN"":""10:32 PM"",""BALB"":""10:34 PM"",""DALY"":""10:39 PM"",""COLM"":""10:43 PM"",""SSAN"":""10:46 PM"",""SBRN"":""10:49 PM"",""SFIA_ARR"":""10:54 PM"",""SFIA_DEP"":""10:56 PM"",""MLBR"":""10:59 PM""}"
weekend,1,S,2553,ANTC,73620,False,"{""ANTC"":""8:27 PM"",""PCTR"":""8:34 PM"",""PITT"":""8:46 PM"",""NCON"":""8:52 PM"",""CONC"":""8:56 PM"",""PHIL"":""9:01 PM"",""WCRK"":""9:04 PM"",""LAFY"":""9:09 PM"",""ORIN"":""9:14 PM"",""ROCK"":""9:19 PM"",""MCAR"":""9:23 PM"",""19TH"":""9:27 PM"",""12TH"":""9:29 PM"",""WOAK"":""9:33 PM"",""EMBR"":""9:40 PM"",""MONT"":""9:42 PM"",""POWL"":""9:43 PM"",""CIVC"":""9:45 PM"",""16TH"":""9:47 PM"",""24TH"":""9:49 PM"",""GLEN"":""9:52 PM"",""BALB"":""9:54 PM"",""DALY"":""9:59 PM"",""COLM"":""10:03 PM"",""SSAN"":""10:06 PM"",""SBRN"":""10:09 PM"",""SFIA_ARR"":""10:14 PM"",""SFIA_DEP"":""10:21 PM"",""MLBR"":""10:24 PM""}"
weekend,1,S,2582,SFIA_DEP,83340,True,"{""SFIA_DEP"":""11:09 PM"",""MLBR"":""11:13 PM""}"
weekend,1,S,2584,ANTC,74820,False,"{""ANTC"":""8:47 PM"",""PCTR"":""8:54 PM"",""PITT"":""9:06 PM"",""NCON"":""9:12 PM"",""CONC"":""9:16 PM"",""PHIL"":""9:21 PM"",""WCRK"":""9:24 PM"",""LAFY"":""9:29 PM"",""ORIN"":""9:34 PM"",""ROCK"":""9:39 PM"",""MCAR"":""9:43 PM"",""19TH"":""9:47 PM"",""12TH"":""9:49 PM"",""WOAK"":""9:53 PM"",""EMBR"":""10:00 PM"",""MONT"":""10:02 PM"",""POWL"":""10:03 PM"",""CIVC"":""10:05 PM"",""16TH"":""10:07 PM"",""24TH"":""10:09 PM"",""GLEN"":""10:12 PM"",""BALB"":""10:14 PM"",""DALY"":""10:19 PM"",""COLM"":""10:23 PM"",""SSAN"":""10:26 PM"",""SBRN"":""10:29 PM"",""SFIA_ARR"":""10:34 PM"",""SFIA_DEP"":""10:37 PM"",""MLBR"":""10:40 PM""}"
weekend,1,S,2613,ANTC,77220,True,"{""ANTC"":""9:27 PM"",""PCTR"":""9:34 PM"",""PITT"":""9:46 PM"",""NCON"":""9:52 PM"",""CONC"":""9:56 PM"",""PHIL"":""10:01 PM"",""WCRK"":""10:04 PM"",""LAFY"":""10:09 PM"",""ORIN"":""10:14 PM"",""ROCK"":""10:19 PM"",""MCAR"":""10:23 PM"",""19TH"":""10:27 PM"",""12TH"":""10:29 PM"",""WOAK"":""10:33 PM"",""EMBR"":""10:40 PM"",""MONT"":""10:42 PM"",""POWL"":""10:43 PM"",""CIVC"":""10:45 PM"",""16TH"":""10:47 PM"",""24TH"":""10:49 PM"",""GLEN"":""10:52 PM"",""BALB"":""10:54 PM"",""DALY"":""10:59 PM"",""COLM"":""11:03 PM"",""SSAN"":""11:06 PM"",""SBRN"":""11:09 PM"",""SFIA_ARR"":""11:14 PM"",""SFIA_DEP"":""11:24 PM"",""MLBR"":""11:28 PM""}"
weekend,1,S,2642,ANTC,76020,True,"{""ANTC"":""9:07 PM"",""PCTR"":""9:14 PM"",""PITT"":""9:26 PM"",""NCON"":""9:32 PM"",""CONC"":""9:36 PM"",""PHIL"":""9:41 PM"",""WCRK"":""9:44 PM"",""LAFY"":""9:49 PM"",""ORIN"":""9:54 PM"",""ROCK"":""9:59 PM"",""MCAR"":""10:03 PM"",""19TH"":""10:07 PM"",""12TH"":""10:09 PM"",""WOAK"":""10:13 PM"",""EMBR"":""10:20 PM"",""MONT"":""10:22 PM"",""POWL"":""10:23 PM"",""CIVC"":""10:25 PM"",""16TH"":""10:27 PM"",""24TH"":""10:29 PM"",""GLEN"":""10:32 PM"",""BALB"":""10:34 PM"",""DALY"":""10:39 PM"",""COLM"":""10:43 PM"",""SSAN"":""10:46 PM"",""SBRN"":""10:49 PM"",""SFIA_ARR"":""10:54 PM"",""SFIA_DEP"":""10:56 PM"",""MLBR"":""10:59 PM""}"
weekend,1,S,2671,ANTC,78420,True,"{""ANTC"":""9:47 PM"",""PCTR"":""9:54 PM"",""PITT"":""10:06 PM"",""NCON"":""10:12 PM"",""CONC"":""10:16 PM"",""PHIL"":""10:21 PM"",""WCRK"":""10:24 PM"",""LAFY"":""10:29 PM"",""ORIN"":""10:34 PM"",""ROCK"":""10:39 PM"",""MCAR"":""10:43 PM"",""19TH"":""10:47 PM"",""12TH"":""10:49 PM"",""WOAK"":""10:53 PM"",""EMBR"":""11:00 PM"",""MONT"":""11:02 PM"",""POWL"":""11:03 PM"",""CIVC"":""11:05 PM"",""16TH"":""11:07 PM"",""24TH"":""11:09 PM"",""GLEN"":""11:12 PM"",""BALB"":""11:14 PM"",""DALY"":""11:19 PM"",""COLM"":""11:23 PM"",""SSAN"":""11:26 PM"",""SBRN"":""11:29 PM"",""SFIA_ARR"":""11:34 PM"",""SFIA_DEP"":""11:38 PM"",""MLBR"":""11:42 PM""}"
weekend,1,S,2700,SFIA_DEP,83340,True,"{""SFIA_DEP"":""11:09 PM"",""MLBR"":""11:13 PM""}"
weekend,1,S,2702,ANTC,79620,True,"{""ANTC"":""10:07 PM"",""PCTR"":""10:14 PM"",""PITT"":""10:26 PM"",""NCON"":""10:32 PM"",""CONC"":""10:36 PM"",""PHIL"":""10:41 PM"",""WCRK"":""10:44 PM"",""LAFY"":""10:49 PM"",""ORIN"":""10:54 PM"",""ROCK"":""10:59 PM"",""MCAR"":""11:03 PM"",""19TH"":""11:07 PM"",""12TH"":""11:09 PM"",""WOAK"":""11:13 PM"",""EMBR"":""11:20 PM"",""MONT"":""11:22 PM"",""POWL"":""11:23 PM"",""CIVC"":""11:25 PM"",""16TH"":""11:27 PM"",""24TH"":""11:29 PM"",""GLEN"":""11:32 PM"",""BALB"":""11:34 PM"",""DALY"":""11:39 PM"",""COLM"":""11:43 PM"",""SSAN"":""11:46 PM"",""SBRN"":""11:49 PM"",""SFIA_ARR"":""11:54 PM"",""SFIA_DEP"":""11:57 PM"",""MLBR"":""12:01 AM""}"
weekend,1,S,2731,ANTC,77220,True,"{""ANTC"":""9:27 PM"",""PCTR"":""9:34 PM"",""PITT"":""9:46 PM"",""NCON"":""9:52 PM"",""CONC"":""9:56 PM"",""PHIL"":""10:01 PM"",""WCRK"":""10:04 PM"",""LAFY"":""10:09 PM"",""ORIN"":""10:14 PM"",""ROCK"":""10:19 PM"",""MCAR"":""10:23 PM"",""19TH"":""10:27 PM"",""12TH"":""10:29 PM"",""WOAK"":""10:33 PM"",""EMBR"":""10:40 PM"",""MONT"":""10:42 PM"",""POWL"":""10:43 PM"",""CIVC"":""10:45 PM"",""16TH"":""10:47 PM"",""24TH"":""10:49 PM"",""GLEN"":""10:52 PM"",""BALB"":""10:54 PM"",""DALY"":""10:59 PM"",""COLM"":""11:03 PM"",""SSAN"":""11:06 PM"",""SBRN"":""11:09 PM"",""SFIA_ARR"":""11:14 PM"",""SFIA_DEP"":""11:24 PM"",""MLBR"":""11:28 PM""}"
weekend,1,S,2760,ANTC,80820,True,"{""ANTC"":""10:27 PM"",""PCTR"":""10:34 PM"",""PITT"":""10:46 PM"",""NCON"":""10:52 PM"",""CONC"":""10:56 PM"",""PHIL"":""11:01 PM"",""WCRK"":""11:04 PM"",""LAFY"":""11:09 PM"",""ORIN"":""11:14 PM"",""ROCK"":""11:19 PM"",""MCAR"":""11:23 PM"",""19TH"":""11:27 PM"",""12TH"":""11:29 PM"",""WOAK"":""11:33 PM"",""EMBR"":""11:40 PM"",""MONT"":""11:42 PM"",""POWL"":""11:43 PM"",""CIVC"":""11:45 PM"",""16TH"":""11:47 PM"",""24TH"":""11:49 PM"",""GLEN"":""11:52 PM"",""BALB"":""11:54 PM"",""DALY"":""11:59 PM"",""COLM"":""12:03 AM"",""SSAN"":""12:06 AM"",""SBRN"":""12:09 AM"",""SFIA_ARR"":""12:16 AM"",""SFIA_DEP"":""12:20 AM""}"
weekend,1,S,2788,ANTC,78420,True,"{""ANTC"":""9:47 PM"",""PCTR"":""9:54 PM"",""PITT"":""10:06 PM"",""NCON"":""10:12 PM"",""CONC"":""10:16 PM"",""PHIL"":""10:21 PM"",""WCRK"":""10:24 PM"",""LAFY"":""10:29 PM"",""ORIN"":""10:34 PM"",""ROCK"":""10:39 PM"",""MCAR"":""10:43 PM"",""19TH"":""10:47 PM"",""12TH"":""10:49 PM"",""WOAK"":""10:53 PM"",""EMBR"":""11:00 PM"",""MONT"":""11:02 PM"",""POWL"":""11:03 PM"",""CIVC"":""11:05 PM"",""16TH"":""11:07 PM"",""24TH"":""11:09 PM"",""GLEN"":""11:12 PM"",""BALB"":""11:14 PM"",""DALY"":""11:19 PM"",""COLM"":""11:23 PM"",""SSAN"":""11:26 PM"",""SBRN"":""11:29 PM"",""SFIA_ARR"":""11:34 PM"",""SFIA_DEP"":""11:38 PM"",""MLBR"":""11:42 PM""}"
weekend,1,S,2817,ANTC,82020,True,"{""ANTC"":""10:47 PM"",""PCTR"":""10:54 PM"",""PITT"":""11:06 PM"",""NCON"":""11:12 PM"",""CONC"":""11:16 PM"",""PHIL"":""11:21 PM"",""WCRK"":""11:24 PM"",""LAFY"":""11:29 PM"",""ORIN"":""11:34 PM"",""ROCK"":""11:39 PM"",""MCAR"":""11:43 PM"",""19TH"":""11:47 PM"",""12TH"":""11:49 PM"",""WOAK"":""11:53 PM"",""EMBR"":""12:00 AM"",""MONT"":""12:02 AM"",""POWL"":""12:03 AM"",""CIVC"":""12:05 AM"",""16TH"":""12:07 AM"",""24TH"":""12:09 AM"",""GLEN"":""12:12 AM"",""BALB"":""12:14 AM"",""DALY"":""12:19 AM"",""COLM"":""12:23 AM"",""SSAN"":""12:26 AM"",""SBRN"":""12:29 AM"",""SFIA_ARR"":""12:36 AM"",""SFIA_DEP"":""12:40 AM""}"
weekend,1,S,2845,ANTC,79620,True,"{""ANTC"":""10:07 PM"",""PCTR"":""10:14 PM"",""PITT"":""10:26 PM"",""NCON"":""10:32 PM"",""CONC"":""10:36 PM"",""PHIL"":""10:41 PM"",""WCRK"":""10:44 PM"",""LAFY"":""10:49 PM"",""ORIN"":""10:54 PM"",""ROCK"":""10:59 PM"",""MCAR"":""11:03 PM"",""19TH"":""11:07 PM"",""12TH"":""11:09 PM"",""WOAK"":""11:13 PM"",""EMBR"":""11:20 PM"",""MONT"":""11:22 PM"",""POWL"":""11:23 PM"",""CIVC"":""11:25 PM"",""16TH"":""11:27 PM"",""24TH"":""11:29 PM"",""GLEN"":""11:32 PM"",""BALB"":""11:34 PM"",""DALY"":""11:39 PM"",""COLM"":""11:43 PM"",""SSAN"":""11:46 PM"",""SBRN"":""11:49 PM"",""SFIA_ARR"":""11:54 PM"",""SFIA_DEP"":""11:57 PM"",""MLBR"":""12:01 AM""}"
weekend,1,S,2874,ANTC,83220,True,"{""ANTC"":""11:07 PM"",""PCTR"":""11:14 PM"",""PITT"":""11:26 PM"",""NCON"":""11:32 PM"",""CONC"":""11:36 PM"",""PHIL"":""11:41 PM"",""WCRK"":""11:44 PM"",""LAFY"":""11:49 PM"",""ORIN"":""11:54 PM"",""ROCK"":""11:59 PM"",""MCAR"":""12:03 AM"",""19TH"":""12:07 AM"",""12TH"":""12:09 AM"",""WOAK"":""12:13 AM"",""EMBR"":""12:20 AM"",""MONT"":""12:22 AM"",""POWL"":""12:23 AM"",""CIVC"":""12:25 AM"",""16TH"":""12:27 AM"",""24TH"":""12:29 AM"",""GLEN"":""12:32 AM"",""BALB"":""12:34 AM"",""DALY"":""12:39 AM"",""COLM"":""12:43 AM"",""SSAN"":""12:46 AM"",""SBRN"":""12:49 AM"",""SFIA_ARR"":""12:56 AM"",""SFIA_DEP"":""1:00 AM""}"
weekend,1,S,2902,ANTC,80820,True,"{""ANTC"":""10:27 PM"",""PCTR"":""10:34 PM"",""PITT"":""10:46 PM"",""NCON"":""10:52 PM"",""CONC"":""10:56 PM"",""PHIL"":""11:01 PM"",""WCRK"":""11:04 PM"",""LAFY"":""11:09 PM"",""ORIN"":""11:14 PM"",""ROCK"":""11:19 PM"",""MCAR"":""11:23 PM"",""19TH"":""11:27 PM"",""12TH"":""11:29 PM"",""WOAK"":""11:33 PM"",""EMBR"":""11:40 PM"",""MONT"":""11:42 PM"",""POWL"":""11:43 PM"",""CIVC"":""11:45 PM"",""16TH"":""11:47 PM"",""24TH"":""11:49 PM"",""GLEN"":""11:52 PM"",""BALB"":""11:54 PM"",""DALY"":""11:59 PM"",""COLM"":""12:03 AM"",""SSAN"":""12:06 AM"",""SBRN"":""12:09 AM"",""SFIA_ARR"":""12:16 AM"",""SFIA_DEP"":""12:20 AM""}"
weekend,1,S,2930,ANTC,84420,True,"{""ANTC"":""11:27 PM"",""PCTR"":""11:34 PM"",""PITT"":""11:46 PM"",""NCON"":""11:52 PM"",""CONC"":""11:56 PM"",""PHIL"":""12:01 AM"",""WCRK"":""12:04 AM"",""LAFY"":""12:09 AM"",""ORIN"":""12:14 AM"",""ROCK"":""12:19 AM"",""MCAR"":""12:23 AM"",""19TH"":""12:27 AM"",""12TH"":""12:29 AM"",""WOAK"":""12:33 AM"",""EMBR"":""12:40 AM"",""MONT"":""12:42 AM"",""POWL"":""12:43 AM"",""CIVC"":""12:45 AM"",""16TH"":""12:47 AM"",""24TH"":""12:49 AM"",""GLEN"":""12:52 AM"",""BALB"":""12:54 AM"",""DALY"":""12:59 AM"",""COLM"":""1:03 AM"",""SSAN"":""1:06 AM"",""SBRN"":""1:09 AM"",""SFIA_ARR"":""1:16 AM"",""SFIA_DEP"":""1:20 AM""}"
weekend,1,S,2958,ANTC,82020,True,"{""ANTC"":""10:47 PM"",""PCTR"":""10:54 PM"",""PITT"":""11:06 PM"",""NCON"":""11:12 PM"",""CONC"":""11:16 PM"",""PHIL"":""11:21 PM"",""WCRK"":""11:24 PM"",""LAFY"":""11:29 PM"",""ORIN"":""11:34 PM"",""ROCK"":""11:39 PM"",""MCAR"":""11:43 PM"",""19TH"":""11:47 PM"",""12TH"":""11:49 PM"",""WOAK"":""11:53 PM"",""EMBR"":""12:00 AM"",""MONT"":""12:02 AM"",""POWL"":""12:03 AM"",""CIVC"":""12:05 AM"",""16TH"":""12:07 AM"",""24TH"":""12:09 AM"",""GLEN"":""12:12 AM"",""BALB"":""12:14 AM"",""DALY"":""12:19 AM"",""COLM"":""12:23 AM"",""SSAN"":""12:26 AM"",""SBRN"":""12:29 AM"",""SFIA_ARR"":""12:36 AM"",""SFIA_DEP"":""12:40 AM""}"
weekend,1,S,2986,ANTC,85620,True,"{""ANTC"":""11:47 PM"",""PCTR"":""11:54 PM"",""PITT"":""12:11 AM"",""NCON"":""12:17 AM"",""CONC"":""12:21 AM"",""PHIL"":""12:26 AM"",""WCRK"":""12:29 AM"",""LAFY"":""12:34 AM"",""ORIN"":""12:39 AM"",""ROCK"":""12:44 AM"",""19TH"":""12:56 AM"",""12TH"":""12:58 AM"",""WOAK"":""1:03 AM"",""EMBR"":""1:10 AM"",""MONT"":""1:11 AM"",""POWL"":""1:13 AM"",""CIVC"":""1:15 AM"",""16TH"":""1:17 AM"",""24TH"":""1:19 AM"",""GLEN"":""1:22 AM"",""BALB"":""1:24 AM"",""DALY"":""1:29 AM"",""COLM"":""1:32 AM"",""SSAN"":""1:35 AM"",""SBRN"":""1:39 AM"",""MLBR"":""1:43 AM""}"
weekend,1,S,3012,ANTC,83220,True,"{""ANTC"":""11:07 PM"",""PCTR"":""11:14 PM"",""PITT"":""11:26 PM"",""NCON"":""11:32 PM"",""CONC"":""11:36 PM"",""PHIL"":""11:41 PM"",""WCRK"":""11:44 PM"",""LAFY"":""11:49 PM"",""ORIN"":""11:54 PM"",""ROCK"":""11:59 PM"",""MCAR"":""12:03 AM"",""19TH"":""12:07 AM"",""12TH"":""12:09 AM"",""WOAK"":""12:13 AM"",""EMBR"":""12:20 AM"",""MONT"":""12:22 AM"",""POWL"":""12:23 AM"",""CIVC"":""12:25 AM"",""16TH"":""12:27 AM"",""24TH"":""12:29 AM"",""GLEN"":""12:32 AM"",""BALB"":""12:34 AM"",""DALY"":""12:39 AM"",""COLM"":""12:43 AM"",""SSAN"":""12:46 AM"",""SBRN"":""12:49 AM"",""SFIA_ARR"":""12:56 AM"",""SFIA_DEP"":""1:00 AM""}"
weekend,1,S,3040,ANTC,84420,True,"{""ANTC"":""11:27 PM"",""PCTR"":""11:34 PM"",""PITT"":""11:46 PM"",""NCON"":""11:52 PM"",""CONC"":""11:56 PM"",""PHIL"":""12:01 AM"",""WCRK"":""12:04 AM"",""LAFY"":""12:09 AM"",""ORIN"":""12:14 AM"",""ROCK"":""12:19 AM"",""MCAR"":""12:23 AM"",""19TH"":""12:27 AM"",""12TH"":""12:29 AM"",""WOAK"":""12:33 AM"",""EMBR"":""12:40 AM"",""MONT"":""12:42 AM"",""POWL"":""12:43 AM"",""CIVC"":""12:45 AM"",""16TH"":""12:47 AM"",""24TH"":""12:49 AM"",""GLEN"":""12:52 AM"",""BALB"":""12:54 AM"",""DALY"":""12:59 AM"",""COLM"":""1:03 AM"",""SSAN"":""1:06 AM"",""SBRN"":""1:09 AM"",""SFIA_ARR"":""1:16 AM"",""SFIA_DEP"":""1:20 AM""}"
weekend,1,S,3068,ANTC,85620,True,"{""ANTC"":""11:47 PM"",""PCTR"":""11:54 PM"",""PITT"":""12:11 AM"",""NCON"":""12:17 AM"",""CONC"":""12:21 AM"",""PHIL"":""12:26 AM"",""WCRK"":""12:29 AM"",""LAFY"":""12:34 AM"",""ORIN"":""12:39 AM"",""ROCK"":""12:44 AM"",""19TH"":""12:56 AM"",""12TH"":""12:58 AM"",""WOAK"":""1:03 AM"",""EMBR"":""1:10 AM"",""MONT"":""1:11 AM"",""POWL"":""1:13 AM"",""CIVC"":""1:15 AM"",""16TH"":""1:17 AM"",""24TH"":""1:19 AM"",""GLEN"":""1:22 AM"",""BALB"":""1:24 AM"",""DALY"":""1:29 AM"",""COLM"":""1:32 AM"",""SSAN"":""1:35 AM"",""SBRN"":""1:39 AM"",""MLBR"":""1:43 AM""}"
weekend,1,S,3094,ANTC,28200,False,"{""ANTC"":""7:50 AM"",""PCTR"":""7:57 AM""}"
weekend,1,S,3096,ANTC,29400,False,"{""ANTC"":""8:10 AM"",""PCTR"":""8:17 AM""}"
weekend,1,S,3098,ANTC,28200,False,"{""ANTC"":""7:50 AM"",""PCTR"":""7:57 AM""}"
weekend,1,S,3100,ANTC,30600,False,"{""ANTC"":""8:30 AM"",""PCTR"":""8:37 AM""}"
weekend,1,S,3102,ANTC,28200,False,"{""ANTC"":""7:50 AM"",""PCTR"":""7:57 AM""}"
weekend,1,S,3104,ANTC,29400,False,"{""ANTC"":""8:10 AM"",""PCTR"":""8:17 AM""}"
weekend,1,S,3106,ANTC,29400,False,"{""ANTC"":""8:10 AM"",""PCTR"":""8:17 AM""}"
weekend,1,S,3108,ANTC,30600,False,"{""ANTC"":""8:30 AM"",""PCTR"":""8:37 AM""}"
weekend,1,S,3110,ANTC,30600,False,"{""ANTC"":""8:30 AM"",""PCTR"":""8:37 AM""}"
weekend,2,N,1,DALY,20520,False,"{""DALY"":""5:42 AM"",""BALB"":""5:46 AM"",""GLEN"":""5:48 AM"",""24TH"":""5:51 AM"",""16TH"":""5:53 AM"",""CIVC"":""5:55 AM"",""POWL"":""5:57 AM"",""MONT"":""5:59 AM"",""EMBR"":""6:00 AM"",""WOAK"":""6:07 AM"",""12TH"":""6:12 AM"",""19TH"":""6:14 AM"",""MCAR"":""6:18 AM"",""ROCK"":""6:21 AM"",""ORIN"":""6:26 AM"",""LAFY"":""6:31 AM"",""WCRK"":""6:35 AM"",""PHIL"":""6:38 AM"",""CONC"":""6:43 AM"",""NCON"":""6:47 AM"",""PITT"":""6:54 AM"",""PCTR"":""7:05 AM"",""ANTC"":""7:13 AM""}"
weekend,2,N,24,MLBR,20520,False,"{""MLBR"":""5:42 AM"",""SFIA_ARR"":""5:46 AM"",""SFIA_DEP"":""5:48 AM"",""SBRN"":""5:52 AM"",""SSAN"":""5:55 AM"",""COLM"":""5:59 AM"",""DALY"":""6:02 AM"",""BALB"":""6:06 AM"",""GLEN"":""6:08 AM"",""24TH"":""6:11 AM"",""16TH"":""6:13 AM"",""CIVC"":""6:15 AM"",""POWL"":""6:17 AM"",""MONT"":""6:19 AM"",""EMBR"":""6:20 AM"",""WOAK"":""6:27 AM"",""12TH"":""6:32 AM"",""19TH"":""6:34 AM"",""MCAR"":""6:38 AM"",""ROCK"":""6:41 AM"",""ORIN"":""6:46 AM"",""LAFY"":""6:51 AM"",""WCRK"":""6:55 AM"",""PHIL"":""6:58 AM"",""CONC"":""7:03 AM"",""NCON"":""7:07 AM"",""PITT"":""7:14 AM"",""PCTR"":""7:25 AM"",""ANTC"":""7:33 AM""}"
weekend,2,N,53,DALY,20520,False,"{""DALY"":""5:42 AM"",""BALB"":""5:46 AM"",""GLEN"":""5:48 AM"",""24TH"":""5:51 AM"",""16TH"":""5:53 AM"",""CIVC"":""5:55 AM"",""POWL"":""5:57 AM"",""MONT"":""5:59 AM"",""EMBR"":""6:00 AM"",""WOAK"":""6:07 AM"",""12TH"":""6:12 AM"",""19TH"":""6:14 AM"",""MCAR"":""6:18 AM"",""ROCK"":""6:21 AM"",""ORIN"":""6:26 AM"",""LAFY"":""6:31 AM"",""WCRK"":""6:35 AM"",""PHIL"":""6:38 AM"",""CONC"":""6:43 AM"",""NCON"":""6:47 AM"",""PITT"":""6:54 AM"",""PCTR"":""7:05 AM"",""ANTC"":""7:13 AM""}"
weekend,2,N,76,MLBR,21720,False,"{""MLBR"":""6:02 AM"",""SFIA_ARR"":""6:06 AM"",""SFIA_DEP"":""6:08 AM"",""SBRN"":""6:12 AM"",""SSAN"":""6:15 AM"",""COLM"":""6:19 AM"",""DALY"":""6:22 AM"",""BALB"":""6:26 AM"",""GLEN"":""6:28 AM"",""24TH"":""6:31 AM"",""16TH"":""6:33 AM"",""CIVC"":""6:35 AM"",""POWL"":""6:37 AM"",""MONT"":""6:39 AM"",""EMBR"":""6:40 AM"",""WOAK"":""6:47 AM"",""12TH"":""6:52 AM"",""19TH"":""6:54 AM"",""MCAR"":""6:58 AM"",""ROCK"":""7:01 AM"",""ORIN"":""7:06 AM"",""LAFY"":""7:11 AM"",""WCRK"":""7:15 AM"",""PHIL"":""7:18 AM"",""CONC"":""7:23 AM"",""NCON"":""7:27 AM"",""PITT"":""7:34 AM"",""PCTR"":""7:45 AM"",""ANTC"":""7:53 AM""}"
weekend,2,N,105,MLBR,20520,False,"{""MLBR"":""5:42 AM"",""SFIA_ARR"":""5:46 AM"",""SFIA_DEP"":""5:48 AM"",""SBRN"":""5:52 AM"",""SSAN"":""5:55 AM"",""COLM"":""5:59 AM"",""DALY"":""6:02 AM"",""BALB"":""6:06 AM"",""GLEN"":""6:08 AM"",""24TH"":""6:11 AM"",""16TH"":""6:13 AM"",""CIVC"":""6:15 AM"",""POWL"":""6:17 AM"",""MONT"":""6:19 AM"",""EMBR"":""6:20 AM"",""WOAK"":""6:27 AM"",""12TH"":""6:32 AM"",""19TH"":""6:34 AM"",""MCAR"":""6:38 AM"",""ROCK"":""6:41 AM"",""ORIN"":""6:46 AM"",""LAFY"":""6:51 AM"",""WCRK"":""6:55 AM"",""PHIL"":""6:58 AM"",""CONC"":""7:03 AM"",""NCON"":""7:07 AM"",""PITT"":""7:14 AM"",""PCTR"":""7:25 AM"",""ANTC"":""7:33 AM""}"
weekend,2,N,134,MLBR,22920,False,"{""MLBR"":""6:22 AM"",""SFIA_ARR"":""6:26 AM"",""SFIA_DEP"":""6:28 AM"",""SBRN"":""6:32 AM"",""SSAN"":""6:35 AM"",""COLM"":""6:39 AM"",""DALY"":""6:42 AM"",""BALB"":""6:46 AM"",""GLEN"":""6:48 AM"",""24TH"":""6:51 AM"",""16TH"":""6:53 AM"",""CIVC"":""6:55 AM"",""POWL"":""6:57 AM"",""MONT"":""6:59 AM"",""EMBR"":""7:00 AM"",""WOAK"":""7:07 AM"",""12TH"":""7:12 AM"",""19TH"":""7:14 AM"",""MCAR"":""7:18 AM"",""ROCK"":""7:21 AM"",""ORIN"":""7:26 AM"",""LAFY"":""7:31 AM"",""WCRK"":""7:35 AM"",""PHIL"":""7:38 AM"",""CONC"":""7:43 AM"",""NCON"":""7:47 AM"",""PITT"":""7:54 AM"",""PCTR"":""8:05 AM"",""ANTC"":""8:13 AM""}"
weekend,2,N,163,MLBR,21720,False,"{""MLBR"":""6:02 AM"",""SFIA_ARR"":""6:06 AM"",""SFIA_DEP"":""6:08 AM"",""SBRN"":""6:12 AM"",""SSAN"":""6:15 AM"",""COLM"":""6:19 AM"",""DALY"":""6:22 AM"",""BALB"":""6:26 AM"",""GLEN"":""6:28 AM"",""24TH"":""6:31 AM"",""16TH"":""6:33 AM"",""CIVC"":""6:35 AM"",""POWL"":""6:37 AM"",""MONT"":""6:39 AM"",""EMBR"":""6:40 AM"",""WOAK"":""6:47 AM"",""12TH"":""6:52 AM"",""19TH"":""6:54 AM"",""MCAR"":""6:58 AM"",""ROCK"":""7:01 AM"",""ORIN"":""7:06 AM"",""LAFY"":""7:11 AM"",""WCRK"":""7:15 AM"",""PHIL"":""7:18 AM"",""CONC"":""7:23 AM"",""NCON"":""7:27 AM"",""PITT"":""7:34 AM"",""PCTR"":""7:45 AM"",""ANTC"":""7:53 AM""}"
weekend,2,N,192,MLBR,24120,False,"{""MLBR"":""6:42 AM"",""SFIA_ARR"":""6:46 AM"",""SFIA_DEP"":""6:48 AM"",""SBRN"":""6:52 AM"",""SSAN"":""6:55 AM"",""COLM"":""6:59 AM"",""DALY"":""7:02 AM"",""BALB"":""7:06 AM"",""GLEN"":""7:08 AM"",""24TH"":""7:11 AM"",""16TH"":""7:13 AM"",""CIVC"":""7:15 AM"",""POWL"":""7:17 AM"",""MONT"":""7:19 AM"",""EMBR"":""7:20 AM"",""WOAK"":""7:27 AM"",""12TH"":""7:32 AM"",""19TH"":""7:34 AM"",""MCAR"":""7:38 AM"",""ROCK"":""7:41 AM"",""ORIN"":""7:46 AM"",""LAFY"":""7:51 AM"",""WCRK"":""7:55 AM"",""PHIL"":""7:58 AM"",""CONC"":""8:03 AM"",""NCON"":""8:07 AM"",""PITT"":""8:14 AM"",""PCTR"":""8:25 AM"",""ANTC"":""8:33 AM""}"
weekend,2,N,221,MLBR,22920,False,"{""MLBR"":""6:22 AM"",""SFIA_ARR"":""6:26 AM"",""SFIA_DEP"":""6:28 AM"",""SBRN"":""6:32 AM"",""SSAN"":""6:35 AM"",""COLM"":""6:39 AM"",""DALY"":""6:42 AM"",""BALB"":""6:46 AM"",""GLEN"":""6:48 AM"",""24TH"":""6:51 AM"",""16TH"":""6:53 AM"",""CIVC"":""6:55 AM"",""POWL"":""6:57 AM"",""MONT"":""6:59 AM"",""EMBR"":""7:00 AM"",""WOAK"":""7:07 AM"",""12TH"":""7:12 AM"",""19TH"":""7:14 AM"",""MCAR"":""7:18 AM"",""ROCK"":""7:21 AM"",""ORIN"":""7:26 AM"",""LAFY"":""7:31 AM"",""WCRK"":""7:35 AM"",""PHIL"":""7:38 AM"",""CONC"":""7:43 AM"",""NCON"":""7:47 AM"",""PITT"":""7:54 AM"",""PCTR"":""8:05 AM"",""ANTC"":""8:13 AM""}"
weekend,2,N,250,SFIA_DEP,25680,False,"{""SFIA_DEP"":""7:08 AM"",""SBRN"":""7:12 AM"",""SSAN"":""7:15 AM"",""COLM"":""7:19 AM"",""DALY"":""7:22 AM"",""BALB"":""7:26 AM"",""GLEN"":""7:28 AM"",""24TH"":""7:31 AM"",""16TH"":""7:33 AM"",""CIVC"":""7:35 AM"",""POWL"":""7:37 AM"",""MONT"":""7:39 AM"",""EMBR"":""7:40 AM"",""WOAK"":""7:47 AM"",""12TH"":""7:52 AM"",""19TH"":""7:54 AM"",""MCAR"":""7:58 AM"",""ROCK"":""8:01 AM"",""ORIN"":""8:06 AM"",""LAFY"":""8:11 AM"",""WCRK"":""8:15 AM"",""PHIL"":""8:18 AM"",""CONC"":""8:23 AM"",""NCON"":""8:27 AM"",""PITT"":""8:34 AM"",""PCTR"":""8:45 AM"",""ANTC"":""8:53 AM""}"
weekend,2,N,277,MLBR,24120,False,"{""MLBR"":""6:42 AM"",""SFIA_ARR"":""6:46 AM"",""SFIA_DEP"":""6:48 AM"",""SBRN"":""6:52 AM"",""SSAN"":""6:55 AM"",""COLM"":""6:59 AM"",""DALY"":""7:02 AM"",""BALB"":""7:06 AM"",""GLEN"":""7:08 AM"",""24TH"":""7:11 AM"",""16TH"":""7:13 AM"",""CIVC"":""7:15 AM"",""POWL"":""7:17 AM"",""MONT"":""7:19 AM"",""EMBR"":""7:20 AM"",""WOAK"":""7:27 AM"",""12TH"":""7:32 AM"",""19TH"":""7:34 AM"",""MCAR"":""7:38 AM"",""ROCK"":""7:41 AM"",""ORIN"":""7:46 AM"",""LAFY"":""7:51 AM"",""WCRK"":""7:55 AM"",""PHIL"":""7:58 AM"",""CONC"":""8:03 AM"",""NCON"":""8:07 AM"",""PITT"":""8:14 AM"",""PCTR"":""8:25 AM"",""ANTC"":""8:33 AM""}"
weekend,2,N,306,SFIA_DEP,26880,False,"{""SFIA_DEP"":""7:28 AM"",""SBRN"":""7:32 AM"",""SSAN"":""7:35 AM"",""COLM"":""7:39 AM"",""DALY"":""7:42 AM"",""BALB"":""7:46 AM"",""GLEN"":""7:48 AM"",""24TH"":""7:51 AM"",""16TH"":""7:53 AM"",""CIVC"":""7:55 AM"",""POWL"":""7:57 AM"",""MONT"":""7:59 AM"",""EMBR"":""8:00 AM"",""WOAK"":""8:07 AM"",""12TH"":""8:12 AM"",""19TH"":""8:14 AM"",""MCAR"":""8:18 AM"",""ROCK"":""8:21 AM"",""ORIN"":""8:26 AM"",""LAFY"":""8:31 AM"",""WCRK"":""8:35 AM"",""PHIL"":""8:38 AM"",""CONC"":""8:43 AM"",""NCON"":""8:47 AM"",""PITT"":""8:54 AM"",""PCTR"":""9:05 AM"",""ANTC"":""9:13 AM""}"
weekend,2,N,333,SFIA_DEP,25680,False,"{""SFIA_DEP"":""7:08 AM"",""SBRN"":""7:12 AM"",""SSAN"":""7:15 AM"",""COLM"":""7:19 AM"",""DALY"":""7:22 AM"",""BALB"":""7:26 AM"",""GLEN"":""7:28 AM"",""24TH"":""7:31 AM"",""16TH"":""7:33 AM"",""CIVC"":""7:35 AM"",""POWL"":""7:37 AM"",""MONT"":""7:39 AM"",""EMBR"":""7:40 AM"",""WOAK"":""7:47 AM"",""12TH"":""7:52 AM"",""19TH"":""7:54 AM"",""MCAR"":""7:58 AM"",""ROCK"":""8:01 AM"",""ORIN"":""8:06 AM"",""LAFY"":""8:11 AM"",""WCRK"":""8:15 AM"",""PHIL"":""8:18 AM"",""CONC"":""8:23 AM"",""NCON"":""8:27 AM"",""PITT"":""8:34 AM"",""PCTR"":""8:45 AM"",""ANTC"":""8:53 AM""}"
weekend,2,N,360,MLBR,27720,False,"{""MLBR"":""7:42 AM"",""SFIA_ARR"":""7:46 AM""}"
weekend,2,N,362,MLBR,27720,False,"{""MLBR"":""7:42 AM"",""SFIA_ARR"":""7:46 AM"",""SFIA_DEP"":""7:48 AM"",""SBRN"":""7:52 AM"",""SSAN"":""7:55 AM"",""COLM"":""7:59 AM"",""DALY"":""8:02 AM"",""BALB"":""8:06 AM"",""GLEN"":""8:08 AM"",""24TH"":""8:11 AM"",""16TH"":""8:13 AM"",""CIVC"":""8:15 AM"",""POWL"":""8:17 AM"",""MONT"":""8:19 AM"",""EMBR"":""8:20 AM"",""WOAK"":""8:27 AM"",""12TH"":""8:32 AM"",""19TH"":""8:34 AM"",""MCAR"":""8:38 AM"",""ROCK"":""8:41 AM"",""ORIN"":""8:46 AM"",""LAFY"":""8:51 AM"",""WCRK"":""8:55 AM"",""PHIL"":""8:58 AM"",""CONC"":""9:03 AM"",""NCON"":""9:07 AM"",""PITT"":""9:14 AM"",""PCTR"":""9:25 AM"",""ANTC"":""9:33 AM""}"
weekend,2,N,391,SFIA_DEP,26880,False,"{""SFIA_DEP"":""7:28 AM"",""SBRN"":""7:32 AM"",""SSAN"":""7:35 AM"",""COLM"":""7:39 AM"",""DALY"":""7:42 AM"",""BALB"":""7:46 AM"",""GLEN"":""7:48 AM"",""24TH"":""7:51 AM"",""16TH"":""7:53 AM"",""CIVC"":""7:55 AM"",""POWL"":""7:57 AM"",""MONT"":""7:59 AM"",""EMBR"":""8:00 AM"",""WOAK"":""8:07 AM"",""12TH"":""8:12 AM"",""19TH"":""8:14 AM"",""MCAR"":""8:18 AM"",""ROCK"":""8:21 AM"",""ORIN"":""8:26 AM"",""LAFY"":""8:31 AM"",""WCRK"":""8:35 AM"",""PHIL"":""8:38 AM"",""CONC"":""8:43 AM"",""NCON"":""8:47 AM"",""PITT"":""8:54 AM"",""PCTR"":""9:05 AM"",""ANTC"":""9:13 AM""}"
weekend,2,N,418,MLBR,28920,False,"{""MLBR"":""8:02 AM"",""SFIA_ARR"":""8:06 AM""}"
weekend,2,N,420,MLBR,28920,False,"{""MLBR"":""8:02 AM"",""SFIA_ARR"":""8:06 AM"",""SFIA_DEP"":""8:08 AM"",""SBRN"":""8:12 AM"",""SSAN"":""8:15 AM"",""COLM"":""8:19 AM"",""DALY"":""8:22 AM"",""BALB"":""8:26 AM"",""GLEN"":""8:28 AM"",""24TH"":""8:31 AM"",""16TH"":""8:33 AM"",""CIVC"":""8:35 AM"",""POWL"":""8:37 AM"",""MONT"":""8:39 AM"",""EMBR"":""8:40 AM"",""WOAK"":""8:47 AM"",""12TH"":""8:52 AM"",""19TH"":""8:54 AM"",""MCAR"":""8:58 AM"",""ROCK"":""9:01 AM"",""ORIN"":""9:06 AM"",""LAFY"":""9:11 AM"",""WCRK"":""9:15 AM"",""PHIL"":""9:18 AM"",""CONC"":""9:23 AM"",""NCON"":""9:27 AM"",""PITT"":""9:34 AM"",""PCTR"":""9:45 AM"",""ANTC"":""9:53 AM""}"
weekend,2,N,449,MLBR,27720,False,"{""MLBR"":""7:42 AM"",""SFIA_ARR"":""7:46 AM"",""SFIA_DEP"":""7:48 AM"",""SBRN"":""7:52 AM"",""SSAN"":""7:55 AM"",""COLM"":""7:59 AM"",""DALY"":""8:02 AM"",""BALB"":""8:06 AM"",""GLEN"":""8:08 AM"",""24TH"":""8:11 AM"",""16TH"":""8:13 AM"",""CIVC"":""8:15 AM"",""POWL"":""8:17 AM"",""MONT"":""8:19 AM"",""EMBR"":""8:20 AM"",""WOAK"":""8:27 AM"",""12TH"":""8:32 AM"",""19TH"":""8:34 AM"",""MCAR"":""8:38 AM"",""ROCK"":""8:41 AM"",""ORIN"":""8:46 AM"",""LAFY"":""8:51 AM"",""WCRK"":""8:55 AM"",""PHIL"":""8:58 AM"",""CONC"":""9:03 AM"",""NCON"":""9:07 AM"",""PITT"":""9:14 AM"",""PCTR"":""9:25 AM"",""ANTC"":""9:33 AM""}"
weekend,2,N,478,MLBR,30120,False,"{""MLBR"":""8:22 AM"",""SFIA_ARR"":""8:26 AM""}"
weekend,2,N,480,MLBR,30120,False,"{""MLBR"":""8:22 AM"",""SFIA_ARR"":""8:26 AM"",""SFIA_DEP"":""8:28 AM"",""SBRN"":""8:32 AM"",""SSAN"":""8:35 AM"",""COLM"":""8:39 AM"",""DALY"":""8:42 AM"",""BALB"":""8:46 AM"",""GLEN"":""8:48 AM"",""24TH"":""8:51 AM"",""16TH"":""8:53 AM"",""CIVC"":""8:55 AM"",""POWL"":""8:57 AM"",""MONT"":""8:59 AM"",""EMBR"":""9:00 AM"",""WOAK"":""9:07 AM"",""12TH"":""9:12 AM"",""19TH"":""9:14 AM"",""MCAR"":""9:18 AM"",""ROCK"":""9:21 AM"",""ORIN"":""9:26 AM"",""LAFY"":""9:31 AM"",""WCRK"":""9:35 AM"",""PHIL"":""9:38 AM"",""CONC"":""9:43 AM"",""NCON"":""9:47 AM"",""PITT"":""9:54 AM"",""PCTR"":""10:05 AM"",""ANTC"":""10:13 AM""}"
weekend,2,N,509,MLBR,28920,False,"{""MLBR"":""8:02 AM"",""SFIA_ARR"":""8:06 AM"",""SFIA_DEP"":""8:08 AM"",""SBRN"":""8:12 AM"",""SSAN"":""8:15 AM"",""COLM"":""8:19 AM"",""DALY"":""8:22 AM"",""BALB"":""8:26 AM"",""GLEN"":""8:28 AM"",""24TH"":""8:31 AM"",""16TH"":""8:33 AM"",""CIVC"":""8:35 AM"",""POWL"":""8:37 AM"",""MONT"":""8:39 AM"",""EMBR"":""8:40 AM"",""WOAK"":""8:47 AM"",""12TH"":""8:52 AM"",""19TH"":""8:54 AM"",""MCAR"":""8:58 AM"",""ROCK"":""9:01 AM"",""ORIN"":""9:06 AM"",""LAFY"":""9:11 AM"",""WCRK"":""9:15 AM"",""PHIL"":""9:18 AM"",""CONC"":""9:23 AM"",""NCON"":""9:27 AM"",""PITT"":""9:34 AM"",""PCTR"":""9:45 AM"",""ANTC"":""9:53 AM""}"
weekend,2,N,538,MLBR,31320,False,"{""MLBR"":""8:42 AM"",""SFIA_ARR"":""8:46 AM""}"
weekend,2,N,540,MLBR,31320,False,"{""MLBR"":""8:42 AM"",""SFIA_ARR"":""8:46 AM"",""SFIA_DEP"":""8:48 AM"",""SBRN"":""8:52 AM"",""SSAN"":""8:55 AM"",""COLM"":""8:59 AM"",""DALY"":""9:02 AM"",""BALB"":""9:06 AM"",""GLEN"":""9:08 AM"",""24TH"":""9:11 AM"",""16TH"":""9:13 AM"",""CIVC"":""9:15 AM"",""POWL"":""9:17 AM"",""MONT"":""9:19 AM"",""EMBR"":""9:20 AM"",""WOAK"":""9:27 AM"",""12TH"":""9:32 AM"",""19TH"":""9:34 AM"",""MCAR"":""9:38 AM"",""ROCK"":""9:41 AM"",""ORIN"":""9:46 AM"",""LAFY"":""9:51 AM"",""WCRK"":""9:55 AM"",""PHIL"":""9:58 AM"",""CONC"":""10:03 AM"",""NCON"":""10:07 AM"",""PITT"":""10:14 AM"",""PCTR"":""10:25 AM"",""ANTC"":""10:33 AM""}"
weekend,2,N,569,MLBR,30120,False,"{""MLBR"":""8:22 AM"",""SFIA_ARR"":""8:26 AM"",""SFIA_DEP"":""8:28 AM"",""SBRN"":""8:32 AM"",""SSAN"":""8:35 AM"",""COLM"":""8:39 AM"",""DALY"":""8:42 AM"",""BALB"":""8:46 AM"",""GLEN"":""8:48 AM"",""24TH"":""8:51 AM"",""16TH"":""8:53 AM"",""CIVC"":""8:55 AM"",""POWL"":""8:57 AM"",""MONT"":""8:59 AM"",""EMBR"":""9:00 AM"",""WOAK"":""9:07 AM"",""12TH"":""9:12 AM"",""19TH"":""9:14 AM"",""MCAR"":""9:18 AM"",""ROCK"":""9:21 AM"",""ORIN"":""9:26 AM"",""LAFY"":""9:31 AM"",""WCRK"":""9:35 AM"",""PHIL"":""9:38 AM"",""CONC"":""9:43 AM"",""NCON"":""9:47 AM"",""PITT"":""9:54 AM"",""PCTR"":""10:05 AM"",""ANTC"":""10:13 AM""}"
weekend,2,N,598,SFIA_DEP,32880,False,"{""SFIA_DEP"":""9:08 AM"",""SBRN"":""9:12 AM"",""SSAN"":""9:15 AM"",""COLM"":""9:19 AM"",""DALY"":""9:22 AM"",""BALB"":""9:26 AM"",""GLEN"":""9:28 AM"",""24TH"":""9:31 AM"",""16TH"":""9:33 AM"",""CIVC"":""9:35 AM"",""POWL"":""9:37 AM"",""MONT"":""9:39 AM"",""EMBR"":""9:40 AM"",""WOAK"":""9:47 AM"",""12TH"":""9:52 AM"",""19TH"":""9:54 AM"",""MCAR"":""9:58 AM"",""ROCK"":""10:01 AM"",""ORIN"":""10:06 AM"",""LAFY"":""10:11 AM"",""WCRK"":""10:15 AM"",""PHIL"":""10:18 AM"",""CONC"":""10:23 AM"",""NCON"":""10:27 AM"",""PITT"":""10:34 AM"",""PCTR"":""10:45 AM"",""ANTC"":""10:53 AM""}"
weekend,2,N,625,MLBR,31320,False,"{""MLBR"":""8:42 AM"",""SFIA_ARR"":""8:46 AM"",""SFIA_DEP"":""8:48 AM"",""SBRN"":""8:52 AM"",""SSAN"":""8:55 AM"",""COLM"":""8:59 AM"",""DALY"":""9:02 AM"",""BALB"":""9:06 AM"",""GLEN"":""9:08 AM"",""24TH"":""9:11 AM"",""16TH"":""9:13 AM"",""CIVC"":""9:15 AM"",""POWL"":""9:17 AM"",""MONT"":""9:19 AM"",""EMBR"":""9:20 AM"",""WOAK"":""9:27 AM"",""12TH"":""9:32 AM"",""19TH"":""9:34 AM"",""MCAR"":""9:38 AM"",""ROCK"":""9:41 AM"",""ORIN"":""9:46 AM"",""LAFY"":""9:51 AM"",""WCRK"":""9:55 AM"",""PHIL"":""9:58 AM"",""CONC"":""10:03 AM"",""NCON"":""10:07 AM"",""PITT"":""10:14 AM"",""PCTR"":""10:25 AM"",""ANTC"":""10:33 AM""}"
weekend,2,N,654,SFIA_DEP,34080,False,"{""SFIA_DEP"":""9:28 AM"",""SBRN"":""9:32 AM"",""SSAN"":""9:35 AM"",""COLM"":""9:39 AM"",""DALY"":""9:42 AM"",""BALB"":""9:46 AM"",""GLEN"":""9:48 AM"",""24TH"":""9:51 AM"",""16TH"":""9:53 AM"",""CIVC"":""9:55 AM"",""POWL"":""9:57 AM"",""MONT"":""9:59 AM"",""EMBR"":""10:00 AM"",""WOAK"":""10:07 AM"",""12TH"":""10:12 AM"",""19TH"":""10:14 AM"",""MCAR"":""10:18 AM"",""ROCK"":""10:21 AM"",""ORIN"":""10:26 AM"",""LAFY"":""10:31 AM"",""WCRK"":""10:35 AM"",""PHIL"":""10:38 AM"",""CONC"":""10:43 AM"",""NCON"":""10:47 AM"",""PITT"":""10:54 AM"",""PCTR"":""11:05 AM"",""ANTC"":""11:13 AM""}"
weekend,2,N,681,SFIA_DEP,32880,False,"{""SFIA_DEP"":""9:08 AM"",""SBRN"":""9:12 AM"",""SSAN"":""9:15 AM"",""COLM"":""9:19 AM"",""DALY"":""9:22 AM"",""BALB"":""9:26 AM"",""GLEN"":""9:28 AM"",""24TH"":""9:31 AM"",""16TH"":""9:33 AM"",""CIVC"":""9:35 AM"",""POWL"":""9:37 AM"",""MONT"":""9:39 AM"",""EMBR"":""9:40 AM"",""WOAK"":""9:47 AM"",""12TH"":""9:52 AM"",""19TH"":""9:54 AM"",""MCAR"":""9:58 AM"",""ROCK"":""10:01 AM"",""ORIN"":""10:06 AM"",""LAFY"":""10:11 AM"",""WCRK"":""10:15 AM"",""PHIL"":""10:18 AM"",""CONC"":""10:23 AM"",""NCON"":""10:27 AM"",""PITT"":""10:34 AM"",""PCTR"":""10:45 AM"",""ANTC"":""10:53 AM""}"
weekend,2,N,708,SFIA_DEP,35280,False,"{""SFIA_DEP"":""9:48 AM"",""SBRN"":""9:52 AM"",""SSAN"":""9:55 AM"",""COLM"":""9:59 AM"",""DALY"":""10:02 AM"",""BALB"":""10:06 AM"",""GLEN"":""10:08 AM"",""24TH"":""10:11 AM"",""16TH"":""10:13 AM"",""CIVC"":""10:15 AM"",""POWL"":""10:17 AM"",""MONT"":""10:19 AM"",""EMBR"":""10:20 AM"",""WOAK"":""10:27 AM"",""12TH"":""10:32 AM"",""19TH"":""10:34 AM"",""MCAR"":""10:38 AM"",""ROCK"":""10:41 AM"",""ORIN"":""10:46 AM"",""LAFY"":""10:51 AM"",""WCRK"":""10:55 AM"",""PHIL"":""10:58 AM"",""CONC"":""11:03 AM"",""NCON"":""11:07 AM"",""PITT"":""11:14 AM"",""PCTR"":""11:25 AM"",""ANTC"":""11:33 AM""}"
weekend,2,N,735,SFIA_DEP,34080,False,"{""SFIA_DEP"":""9:28 AM"",""SBRN"":""9:32 AM"",""SSAN"":""9:35 AM"",""COLM"":""9:39 AM"",""DALY"":""9:42 AM"",""BALB"":""9:46 AM"",""GLEN"":""9:48 AM"",""24TH"":""9:51 AM"",""16TH"":""9:53 AM"",""CIVC"":""9:55 AM"",""POWL"":""9:57 AM"",""MONT"":""9:59 AM"",""EMBR"":""10:00 AM"",""WOAK"":""10:07 AM"",""12TH"":""10:12 AM"",""19TH"":""10:14 AM"",""MCAR"":""10:18 AM"",""ROCK"":""10:21 AM"",""ORIN"":""10:26 AM"",""LAFY"":""10:31 AM"",""WCRK"":""10:35 AM"",""PHIL"":""10:38 AM"",""CONC"":""10:43 AM"",""NCON"":""10:47 AM"",""PITT"":""10:54 AM"",""PCTR"":""11:05 AM"",""ANTC"":""11:13 AM""}"
weekend,2,N,762,SBRN,36720,False,"{""SBRN"":""10:12 AM"",""SSAN"":""10:15 AM"",""COLM"":""10:19 AM"",""DALY"":""10:22 AM"",""BALB"":""10:26 AM"",""GLEN"":""10:28 AM"",""24TH"":""10:31 AM"",""16TH"":""10:33 AM"",""CIVC"":""10:35 AM"",""POWL"":""10:37 AM"",""MONT"":""10:39 AM"",""EMBR"":""10:40 AM"",""WOAK"":""10:47 AM"",""12TH"":""10:52 AM"",""19TH"":""10:54 AM"",""MCAR"":""10:58 AM"",""ROCK"":""11:01 AM"",""ORIN"":""11:06 AM"",""LAFY"":""11:11 AM"",""WCRK"":""11:15 AM"",""PHIL"":""11:18 AM"",""CONC"":""11:23 AM"",""NCON"":""11:27 AM"",""PITT"":""11:34 AM"",""PCTR"":""11:45 AM"",""ANTC"":""11:53 AM""}"
weekend,2,N,788,SFIA_DEP,35280,False,"{""SFIA_DEP"":""9:48 AM"",""SBRN"":""9:52 AM"",""SSAN"":""9:55 AM"",""COLM"":""9:59 AM"",""DALY"":""10:02 AM"",""BALB"":""10:06 AM"",""GLEN"":""10:08 AM"",""24TH"":""10:11 AM"",""16TH"":""10:13 AM"",""CIVC"":""10:15 AM"",""POWL"":""10:17 AM"",""MONT"":""10:19 AM"",""EMBR"":""10:20 AM"",""WOAK"":""10:27 AM"",""12TH"":""10:32 AM"",""19TH"":""10:34 AM"",""MCAR"":""10:38 AM"",""ROCK"":""10:41 AM"",""ORIN"":""10:46 AM"",""LAFY"":""10:51 AM"",""WCRK"":""10:55 AM"",""PHIL"":""10:58 AM"",""CONC"":""11:03 AM"",""NCON"":""11:07 AM"",""PITT"":""11:14 AM"",""PCTR"":""11:25 AM"",""ANTC"":""11:33 AM""}"
weekend,2,N,815,SBRN,37920,False,"{""SBRN"":""10:32 AM"",""SSAN"":""10:35 AM"",""COLM"":""10:39 AM"",""DALY"":""10:42 AM"",""BALB"":""10:46 AM"",""GLEN"":""10:48 AM"",""24TH"":""10:51 AM"",""16TH"":""10:53 AM"",""CIVC"":""10:55 AM"",""POWL"":""10:57 AM"",""MONT"":""10:59 AM"",""EMBR"":""11:00 AM"",""WOAK"":""11:07 AM"",""12TH"":""11:12 AM"",""19TH"":""11:14 AM"",""MCAR"":""11:18 AM"",""ROCK"":""11:21 AM"",""ORIN"":""11:26 AM"",""LAFY"":""11:31 AM"",""WCRK"":""11:35 AM"",""PHIL"":""11:38 AM"",""CONC"":""11:43 AM"",""NCON"":""11:47 AM"",""PITT"":""11:54 AM"",""PCTR"":""12:05 PM"",""ANTC"":""12:13 PM""}"
weekend,2,N,841,SSAN,36900,False,"{""SSAN"":""10:15 AM"",""COLM"":""10:19 AM"",""DALY"":""10:22 AM"",""BALB"":""10:26 AM"",""GLEN"":""10:28 AM"",""24TH"":""10:31 AM"",""16TH"":""10:33 AM"",""CIVC"":""10:35 AM"",""POWL"":""10:37 AM"",""MONT"":""10:39 AM"",""EMBR"":""10:40 AM"",""WOAK"":""10:47 AM"",""12TH"":""10:52 AM"",""19TH"":""10:54 AM"",""MCAR"":""10:58 AM"",""ROCK"":""11:01 AM"",""ORIN"":""11:06 AM"",""LAFY"":""11:11 AM"",""WCRK"":""11:15 AM"",""PHIL"":""11:18 AM"",""CONC"":""11:23 AM"",""NCON"":""11:27 AM"",""PITT"":""11:34 AM"",""PCTR"":""11:45 AM"",""ANTC"":""11:53 AM""}"
weekend,2,N,866,SBRN,39120,False,"{""SBRN"":""10:52 AM"",""SSAN"":""10:55 AM"",""COLM"":""10:59 AM"",""DALY"":""11:02 AM"",""BALB"":""11:06 AM"",""GLEN"":""11:08 AM"",""24TH"":""11:11 AM"",""16TH"":""11:13 AM"",""CIVC"":""11:15 AM"",""POWL"":""11:17 AM"",""MONT"":""11:19 AM"",""EMBR"":""11:20 AM"",""WOAK"":""11:27 AM"",""12TH"":""11:32 AM"",""19TH"":""11:34 AM"",""MCAR"":""11:38 AM"",""ROCK"":""11:41 AM"",""ORIN"":""11:46 AM"",""LAFY"":""11:51 AM"",""WCRK"":""11:55 AM"",""PHIL"":""11:58 AM"",""CONC"":""12:03 PM"",""NCON"":""12:07 PM"",""PITT"":""12:14 PM"",""PCTR"":""12:25 PM"",""ANTC"":""12:33 PM""}"
weekend,2,N,892,SSAN,38100,False,"{""SSAN"":""10:35 AM"",""COLM"":""10:39 AM"",""DALY"":""10:42 AM"",""BALB"":""10:46 AM"",""GLEN"":""10:48 AM"",""24TH"":""10:51 AM"",""16TH"":""10:53 AM"",""CIVC"":""10:55 AM"",""POWL"":""10:57 AM"",""MONT"":""10:59 AM"",""EMBR"":""11:00 AM"",""WOAK"":""11:07 AM"",""12TH"":""11:12 AM"",""19TH"":""11:14 AM"",""MCAR"":""11:18 AM"",""ROCK"":""11:21 AM"",""ORIN"":""11:26 AM"",""LAFY"":""11:31 AM"",""WCRK"":""11:35 AM"",""PHIL"":""11:38 AM"",""CONC"":""11:43 AM"",""NCON"":""11:47 AM"",""PITT"":""11:54 AM"",""PCTR"":""12:05 PM"",""ANTC"":""12:13 PM""}"
weekend,2,N,917,SBRN,40320,False,"{""SBRN"":""11:12 AM"",""SSAN"":""11:15 AM"",""COLM"":""11:19 AM"",""DALY"":""11:22 AM"",""BALB"":""11:26 AM"",""GLEN"":""11:28 AM"",""24TH"":""11:31 AM"",""16TH"":""11:33 AM"",""CIVC"":""11:35 AM"",""POWL"":""11:37 AM"",""MONT"":""11:39 AM"",""EMBR"":""11:40 AM"",""WOAK"":""11:47 AM"",""12TH"":""11:52 AM"",""19TH"":""11:54 AM"",""MCAR"":""11:58 AM"",""ROCK"":""12:01 PM"",""ORIN"":""12:06 PM"",""LAFY"":""12:11 PM"",""WCRK"":""12:15 PM"",""PHIL"":""12:18 PM"",""CONC"":""12:23 PM"",""NCON"":""12:27 PM"",""PITT"":""12:34 PM"",""PCTR"":""12:45 PM"",""ANTC"":""12:53 PM""}"
weekend,2,N,943,SSAN,39300,False,"{""SSAN"":""10:55 AM"",""COLM"":""10:59 AM"",""DALY"":""11:02 AM"",""BALB"":""11:06 AM"",""GLEN"":""11:08 AM"",""24TH"":""11:11 AM"",""16TH"":""11:13 AM"",""CIVC"":""11:15 AM"",""POWL"":""11:17 AM"",""MONT"":""11:19 AM"",""EMBR"":""11:20 AM"",""WOAK"":""11:27 AM"",""12TH"":""11:32 AM"",""19TH"":""11:34 AM"",""MCAR"":""11:38 AM"",""ROCK"":""11:41 AM"",""ORIN"":""11:46 AM"",""LAFY"":""11:51 AM"",""WCRK"":""11:55 AM"",""PHIL"":""11:58 AM"",""CONC"":""12:03 PM"",""NCON"":""12:07 PM"",""PITT"":""12:14 PM"",""PCTR"":""12:25 PM"",""ANTC"":""12:33 PM""}"
weekend,2,N,968,SBRN,41520,False,"{""SBRN"":""11:32 AM"",""SSAN"":""11:35 AM"",""COLM"":""11:39 AM"",""DALY"":""11:42 AM"",""BALB"":""11:46 AM"",""GLEN"":""11:48 AM"",""24TH"":""11:51 AM"",""16TH"":""11:53 AM"",""CIVC"":""11:55 AM"",""POWL"":""11:57 AM"",""MONT"":""11:59 AM"",""EMBR"":""12:00 PM"",""WOAK"":""12:07 PM"",""12TH"":""12:12 PM"",""19TH"":""12:14 PM"",""MCAR"":""12:18 PM"",""ROCK"":""12:21 PM"",""ORIN"":""12:26 PM"",""LAFY"":""12:31 PM"",""WCRK"":""12:35 PM"",""PHIL"":""12:38 PM"",""CONC"":""12:43 PM"",""NCON"":""12:47 PM"",""PITT"":""12:54 PM"",""PCTR"":""1:05 PM"",""ANTC"":""1:13 PM""}"
weekend,2,N,994,SSAN,40500,False,"{""SSAN"":""11:15 AM"",""COLM"":""11:19 AM"",""DALY"":""11:22 AM"",""BALB"":""11:26 AM"",""GLEN"":""11:28 AM"",""24TH"":""11:31 AM"",""16TH"":""11:33 AM"",""CIVC"":""11:35 AM"",""POWL"":""11:37 AM"",""MONT"":""11:39 AM"",""EMBR"":""11:40 AM"",""WOAK"":""11:47 AM"",""12TH"":""11:52 AM"",""19TH"":""11:54 AM"",""MCAR"":""11:58 AM"",""ROCK"":""12:01 PM"",""ORIN"":""12:06 PM"",""LAFY"":""12:11 PM"",""WCRK"":""12:15 PM"",""PHIL"":""12:18 PM"",""CONC"":""12:23 PM"",""NCON"":""12:27 PM"",""PITT"":""12:34 PM"",""PCTR"":""12:45 PM"",""ANTC"":""12:53 PM""}"
weekend,2,N,1019,SBRN,42720,False,"{""SBRN"":""11:52 AM"",""SSAN"":""11:55 AM"",""COLM"":""11:59 AM"",""DALY"":""12:02 PM"",""BALB"":""12:06 PM"",""GLEN"":""12:08 PM"",""24TH"":""12:11 PM"",""16TH"":""12:13 PM"",""CIVC"":""12:15 PM"",""POWL"":""12:17 PM"",""MONT"":""12:19 PM"",""EMBR"":""12:20 PM"",""WOAK"":""12:27 PM"",""12TH"":""12:32 PM"",""19TH"":""12:34 PM"",""MCAR"":""12:38 PM"",""ROCK"":""12:41 PM"",""ORIN"":""12:46 PM"",""LAFY"":""12:51 PM"",""WCRK"":""12:55 PM"",""PHIL"":""12:58 PM"",""CONC"":""1:03 PM"",""NCON"":""1:07 PM"",""PITT"":""1:14 PM"",""PCTR"":""1:25 PM"",""ANTC"":""1:33 PM""}"
weekend,2,N,1045,SSAN,41700,False,"{""SSAN"":""11:35 AM"",""COLM"":""11:39 AM"",""DALY"":""11:42 AM"",""BALB"":""11:46 AM"",""GLEN"":""11:48 AM"",""24TH"":""11:51 AM"",""16TH"":""11:53 AM"",""CIVC"":""11:55 AM"",""POWL"":""11:57 AM"",""MONT"":""11:59 AM"",""EMBR"":""12:00 PM"",""WOAK"":""12:07 PM"",""12TH"":""12:12 PM"",""19TH"":""12:14 PM"",""MCAR"":""12:18 PM"",""ROCK"":""12:21 PM"",""ORIN"":""12:26 PM"",""LAFY"":""12:31 PM"",""WCRK"":""12:35 PM"",""PHIL"":""12:38 PM"",""CONC"":""12:43 PM"",""NCON"":""12:47 PM"",""PITT"":""12:54 PM"",""PCTR"":""1:05 PM"",""ANTC"":""1:13 PM""}"
weekend,2,N,1070,SFIA_DEP,43680,False,"{""SFIA_DEP"":""12:08 PM"",""SBRN"":""12:12 PM"",""SSAN"":""12:15 PM"",""COLM"":""12:19 PM"",""DALY"":""12:22 PM"",""BALB"":""12:26 PM"",""GLEN"":""12:28 PM"",""24TH"":""12:31 PM"",""16TH"":""12:33 PM"",""CIVC"":""12:35 PM"",""POWL"":""12:37 PM"",""MONT"":""12:39 PM"",""EMBR"":""12:40 PM"",""WOAK"":""12:47 PM"",""12TH"":""12:52 PM"",""19TH"":""12:54 PM"",""MCAR"":""12:58 PM"",""ROCK"":""1:01 PM"",""ORIN"":""1:06 PM"",""LAFY"":""1:11 PM"",""WCRK"":""1:15 PM"",""PHIL"":""1:18 PM"",""CONC"":""1:23 PM"",""NCON"":""1:27 PM"",""PITT"":""1:34 PM"",""PCTR"":""1:45 PM"",""ANTC"":""1:53 PM""}"
weekend,2,N,1097,SSAN,42900,False,"{""SSAN"":""11:55 AM"",""COLM"":""11:59 AM"",""DALY"":""12:02 PM"",""BALB"":""12:06 PM"",""GLEN"":""12:08 PM"",""24TH"":""12:11 PM"",""16TH"":""12:13 PM"",""CIVC"":""12:15 PM"",""POWL"":""12:17 PM"",""MONT"":""12:19 PM"",""EMBR"":""12:20 PM"",""WOAK"":""12:27 PM"",""12TH"":""12:32 PM"",""19TH"":""12:34 PM"",""MCAR"":""12:38 PM"",""ROCK"":""12:41 PM"",""ORIN"":""12:46 PM"",""LAFY"":""12:51 PM"",""WCRK"":""12:55 PM"",""PHIL"":""12:58 PM"",""CONC"":""1:03 PM"",""NCON"":""1:07 PM"",""PITT"":""1:14 PM"",""PCTR"":""1:25 PM"",""ANTC"":""1:33 PM""}"
weekend,2,N,1122,SFIA_DEP,44880,False,"{""SFIA_DEP"":""12:28 PM"",""SBRN"":""12:32 PM"",""SSAN"":""12:35 PM"",""COLM"":""12:39 PM"",""DALY"":""12:42 PM"",""BALB"":""12:46 PM"",""GLEN"":""12:48 PM"",""24TH"":""12:51 PM"",""16TH"":""12:53 PM"",""CIVC"":""12:55 PM"",""POWL"":""12:57 PM"",""MONT"":""12:59 PM"",""EMBR"":""1:00 PM"",""WOAK"":""1:07 PM"",""12TH"":""1:12 PM"",""19TH"":""1:14 PM"",""MCAR"":""1:18 PM"",""ROCK"":""1:21 PM"",""ORIN"":""1:26 PM"",""LAFY"":""1:31 PM"",""WCRK"":""1:35 PM"",""PHIL"":""1:38 PM"",""CONC"":""1:43 PM"",""NCON"":""1:47 PM"",""PITT"":""1:54 PM"",""PCTR"":""2:05 PM"",""ANTC"":""2:13 PM""}"
weekend,2,N,1149,SFIA_DEP,43680,False,"{""SFIA_DEP"":""12:08 PM"",""SBRN"":""12:12 PM"",""SSAN"":""12:15 PM"",""COLM"":""12:19 PM"",""DALY"":""12:22 PM"",""BALB"":""12:26 PM"",""GLEN"":""12:28 PM"",""24TH"":""12:31 PM"",""16TH"":""12:33 PM"",""CIVC"":""12:35 PM"",""POWL"":""12:37 PM"",""MONT"":""12:39 PM"",""EMBR"":""12:40 PM"",""WOAK"":""12:47 PM"",""12TH"":""12:52 PM"",""19TH"":""12:54 PM"",""MCAR"":""12:58 PM"",""ROCK"":""1:01 PM"",""ORIN"":""1:06 PM"",""LAFY"":""1:11 PM"",""WCRK"":""1:15 PM"",""PHIL"":""1:18 PM"",""CONC"":""1:23 PM"",""NCON"":""1:27 PM"",""PITT"":""1:34 PM"",""PCTR"":""1:45 PM"",""ANTC"":""1:53 PM""}"
weekend,2,N,1176,SFIA_DEP,46080,False,"{""SFIA_DEP"":""12:48 PM"",""SBRN"":""12:52 PM"",""SSAN"":""12:55 PM"",""COLM"":""12:59 PM"",""DALY"":""1:02 PM"",""BALB"":""1:06 PM"",""GLEN"":""1:08 PM"",""24TH"":""1:11 PM"",""16TH"":""1:13 PM"",""CIVC"":""1:15 PM"",""POWL"":""1:17 PM"",""MONT"":""1:19 PM"",""EMBR"":""1:20 PM"",""WOAK"":""1:27 PM"",""12TH"":""1:32 PM"",""19TH"":""1:34 PM"",""MCAR"":""1:38 PM"",""ROCK"":""1:41 PM"",""ORIN"":""1:46 PM"",""LAFY"":""1:51 PM"",""WCRK"":""1:55 PM"",""PHIL"":""1:58 PM"",""CONC"":""2:03 PM"",""NCON"":""2:07 PM"",""PITT"":""2:14 PM"",""PCTR"":""2:25 PM"",""ANTC"":""2:33 PM""}"
weekend,2,N,1203,SFIA_DEP,44880,False,"{""SFIA_DEP"":""12:28 PM"",""SBRN"":""12:32 PM"",""SSAN"":""12:35 PM"",""COLM"":""12:39 PM"",""DALY"":""12:42 PM"",""BALB"":""12:46 PM"",""GLEN"":""12:48 PM"",""24TH"":""12:51 PM"",""16TH"":""12:53 PM"",""CIVC"":""12:55 PM"",""POWL"":""12:57 PM"",""MONT"":""12:59 PM"",""EMBR"":""1:00 PM"",""WOAK"":""1:07 PM"",""12TH"":""1:12 PM"",""19TH"":""1:14 PM"",""MCAR"":""1:18 PM"",""ROCK"":""1:21 PM"",""ORIN"":""1:26 PM"",""LAFY"":""1:31 PM"",""WCRK"":""1:35 PM"",""PHIL"":""1:38 PM"",""CONC"":""1:43 PM"",""NCON"":""1:47 PM"",""PITT"":""1:54 PM"",""PCTR"":""2:05 PM"",""ANTC"":""2:13 PM""}"
weekend,2,N,1230,SFIA_DEP,47280,False,"{""SFIA_DEP"":""1:08 PM"",""SBRN"":""1:12 PM"",""SSAN"":""1:15 PM"",""COLM"":""1:19 PM"",""DALY"":""1:22 PM"",""BALB"":""1:26 PM"",""GLEN"":""1:28 PM"",""24TH"":""1:31 PM"",""16TH"":""1:33 PM"",""CIVC"":""1:35 PM"",""POWL"":""1:37 PM"",""MONT"":""1:39 PM"",""EMBR"":""1:40 PM"",""WOAK"":""1:47 PM"",""12TH"":""1:52 PM"",""19TH"":""1:54 PM"",""MCAR"":""1:58 PM"",""ROCK"":""2:01 PM"",""ORIN"":""2:06 PM"",""LAFY"":""2:11 PM"",""WCRK"":""2:15 PM"",""PHIL"":""2:18 PM"",""CONC"":""2:23 PM"",""NCON"":""2:27 PM"",""PITT"":""2:34 PM"",""PCTR"":""2:45 PM"",""ANTC"":""2:53 PM""}"
weekend,2,N,1257,SFIA_DEP,46080,False,"{""SFIA_DEP"":""12:48 PM"",""SBRN"":""12:52 PM"",""SSAN"":""12:55 PM"",""COLM"":""12:59 PM"",""DALY"":""1:02 PM"",""BALB"":""1:06 PM"",""GLEN"":""1:08 PM"",""24TH"":""1:11 PM"",""16TH"":""1:13 PM"",""CIVC"":""1:15 PM"",""POWL"":""1:17 PM"",""MONT"":""1:19 PM"",""EMBR"":""1:20 PM"",""WOAK"":""1:27 PM"",""12TH"":""1:32 PM"",""19TH"":""1:34 PM"",""MCAR"":""1:38 PM"",""ROCK"":""1:41 PM"",""ORIN"":""1:46 PM"",""LAFY"":""1:51 PM"",""WCRK"":""1:55 PM"",""PHIL"":""1:58 PM"",""CONC"":""2:03 PM"",""NCON"":""2:07 PM"",""PITT"":""2:14 PM"",""PCTR"":""2:25 PM"",""ANTC"":""2:33 PM""}"
weekend,2,N,1284,SFIA_DEP,48480,False,"{""SFIA_DEP"":""1:28 PM"",""SBRN"":""1:32 PM"",""SSAN"":""1:35 PM"",""COLM"":""1:39 PM"",""DALY"":""1:42 PM"",""BALB"":""1:46 PM"",""GLEN"":""1:48 PM"",""24TH"":""1:51 PM"",""16TH"":""1:53 PM"",""CIVC"":""1:55 PM"",""POWL"":""1:57 PM"",""MONT"":""1:59 PM"",""EMBR"":""2:00 PM"",""WOAK"":""2:07 PM"",""12TH"":""2:12 PM"",""19TH"":""2:14 PM"",""MCAR"":""2:18 PM"",""ROCK"":""2:21 PM"",""ORIN"":""2:26 PM"",""LAFY"":""2:31 PM"",""WCRK"":""2:35 PM"",""PHIL"":""2:38 PM"",""CONC"":""2:43 PM"",""NCON"":""2:47 PM"",""PITT"":""2:54 PM"",""PCTR"":""3:05 PM"",""ANTC"":""3:13 PM""}"
weekend,2,N,1311,SFIA_DEP,47280,False,"{""SFIA_DEP"":""1:08 PM"",""SBRN"":""1:12 PM"",""SSAN"":""1:15 PM"",""COLM"":""1:19 PM"",""DALY"":""1:22 PM"",""BALB"":""1:26 PM"",""GLEN"":""1:28 PM"",""24TH"":""1:31 PM"",""16TH"":""1:33 PM"",""CIVC"":""1:35 PM"",""POWL"":""1:37 PM"",""MONT"":""1:39 PM"",""EMBR"":""1:40 PM"",""WOAK"":""1:47 PM"",""12TH"":""1:52 PM"",""19TH"":""1:54 PM"",""MCAR"":""1:58 PM"",""ROCK"":""2:01 PM"",""ORIN"":""2:06 PM"",""LAFY"":""2:11 PM"",""WCRK"":""2:15 PM"",""PHIL"":""2:18 PM"",""CONC"":""2:23 PM"",""NCON"":""2:27 PM"",""PITT"":""2:34 PM"",""PCTR"":""2:45 PM"",""ANTC"":""2:53 PM""}"
weekend,2,N,1338,SFIA_DEP,49680,False,"{""SFIA_DEP"":""1:48 PM"",""SBRN"":""1:52 PM"",""SSAN"":""1:55 PM"",""COLM"":""1:59 PM"",""DALY"":""2:02 PM"",""BALB"":""2:06 PM"",""GLEN"":""2:08 PM"",""24TH"":""2:11 PM"",""16TH"":""2:13 PM"",""CIVC"":""2:15 PM"",""POWL"":""2:17 PM"",""MONT"":""2:19 PM"",""EMBR"":""2:20 PM"",""WOAK"":""2:27 PM"",""12TH"":""2:32 PM"",""19TH"":""2:34 PM"",""MCAR"":""2:38 PM"",""ROCK"":""2:41 PM"",""ORIN"":""2:46 PM"",""LAFY"":""2:51 PM"",""WCRK"":""2:55 PM"",""PHIL"":""2:58 PM"",""CONC"":""3:03 PM"",""NCON"":""3:07 PM"",""PITT"":""3:14 PM"",""PCTR"":""3:25 PM"",""ANTC"":""3:33 PM""}"
weekend,2,N,1365,SFIA_DEP,48480,False,"{""SFIA_DEP"":""1:28 PM"",""SBRN"":""1:32 PM"",""SSAN"":""1:35 PM"",""COLM"":""1:39 PM"",""DALY"":""1:42 PM"",""BALB"":""1:46 PM"",""GLEN"":""1:48 PM"",""24TH"":""1:51 PM"",""16TH"":""1:53 PM"",""CIVC"":""1:55 PM"",""POWL"":""1:57 PM"",""MONT"":""1:59 PM"",""EMBR"":""2:00 PM"",""WOAK"":""2:07 PM"",""12TH"":""2:12 PM"",""19TH"":""2:14 PM"",""MCAR"":""2:18 PM"",""ROCK"":""2:21 PM"",""ORIN"":""2:26 PM"",""LAFY"":""2:31 PM"",""WCRK"":""2:35 PM"",""PHIL"":""2:38 PM"",""CONC"":""2:43 PM"",""NCON"":""2:47 PM"",""PITT"":""2:54 PM"",""PCTR"":""3:05 PM"",""ANTC"":""3:13 PM""}"
weekend,2,N,1392,SFIA_DEP,50880,False,"{""SFIA_DEP"":""2:08 PM"",""SBRN"":""2:12 PM"",""SSAN"":""2:15 PM"",""COLM"":""2:19 PM"",""DALY"":""2:22 PM"",""BALB"":""2:26 PM"",""GLEN"":""2:28 PM"",""24TH"":""2:31 PM"",""16TH"":""2:33 PM"",""CIVC"":""2:35 PM"",""POWL"":""2:37 PM"",""MONT"":""2:39 PM"",""EMBR"":""2:40 PM"",""WOAK"":""2:47 PM"",""12TH"":""2:52 PM"",""19TH"":""2:54 PM"",""MCAR"":""2:58 PM"",""ROCK"":""3:01 PM"",""ORIN"":""3:06 PM"",""LAFY"":""3:11 PM"",""WCRK"":""3:15 PM"",""PHIL"":""3:18 PM"",""CONC"":""3:23 PM"",""NCON"":""3:27 PM"",""PITT"":""3:34 PM"",""PCTR"":""3:45 PM"",""ANTC"":""3:53 PM""}"
weekend,2,N,1419,SFIA_DEP,49680,False,"{""SFIA_DEP"":""1:48 PM"",""SBRN"":""1:52 PM"",""SSAN"":""1:55 PM"",""COLM"":""1:59 PM"",""DALY"":""2:02 PM"",""BALB"":""2:06 PM"",""GLEN"":""2:08 PM"",""24TH"":""2:11 PM"",""16TH"":""2:13 PM"",""CIVC"":""2:15 PM"",""POWL"":""2:17 PM"",""MONT"":""2:19 PM"",""EMBR"":""2:20 PM"",""WOAK"":""2:27 PM"",""12TH"":""2:32 PM"",""19TH"":""2:34 PM"",""MCAR"":""2:38 PM"",""ROCK"":""2:41 PM"",""ORIN"":""2:46 PM"",""LAFY"":""2:51 PM"",""WCRK"":""2:55 PM"",""PHIL"":""2:58 PM"",""CONC"":""3:03 PM"",""NCON"":""3:07 PM"",""PITT"":""3:14 PM"",""PCTR"":""3:25 PM"",""ANTC"":""3:33 PM""}"
weekend,2,N,1446,SFIA_DEP,52080,False,"{""SFIA_DEP"":""2:28 PM"",""SBRN"":""2:32 PM"",""SSAN"":""2:35 PM"",""COLM"":""2:39 PM"",""DALY"":""2:42 PM"",""BALB"":""2:46 PM"",""GLEN"":""2:48 PM"",""24TH"":""2:51 PM"",""16TH"":""2:53 PM"",""CIVC"":""2:55 PM"",""POWL"":""2:57 PM"",""MONT"":""2:59 PM"",""EMBR"":""3:00 PM"",""WOAK"":""3:07 PM"",""12TH"":""3:12 PM"",""19TH"":""3:14 PM"",""MCAR"":""3:18 PM"",""ROCK"":""3:21 PM"",""ORIN"":""3:26 PM"",""LAFY"":""3:31 PM"",""WCRK"":""3:35 PM"",""PHIL"":""3:38 PM"",""CONC"":""3:43 PM"",""NCON"":""3:47 PM"",""PITT"":""3:54 PM"",""PCTR"":""4:05 PM"",""ANTC"":""4:13 PM""}"
weekend,2,N,1473,SFIA_DEP,50880,False,"{""SFIA_DEP"":""2:08 PM"",""SBRN"":""2:12 PM"",""SSAN"":""2:15 PM"",""COLM"":""2:19 PM"",""DALY"":""2:22 PM"",""BALB"":""2:26 PM"",""GLEN"":""2:28 PM"",""24TH"":""2:31 PM"",""16TH"":""2:33 PM"",""CIVC"":""2:35 PM"",""POWL"":""2:37 PM"",""MONT"":""2:39 PM"",""EMBR"":""2:40 PM"",""WOAK"":""2:47 PM"",""12TH"":""2:52 PM"",""19TH"":""2:54 PM"",""MCAR"":""2:58 PM"",""ROCK"":""3:01 PM"",""ORIN"":""3:06 PM"",""LAFY"":""3:11 PM"",""WCRK"":""3:15 PM"",""PHIL"":""3:18 PM"",""CONC"":""3:23 PM"",""NCON"":""3:27 PM"",""PITT"":""3:34 PM"",""PCTR"":""3:45 PM"",""ANTC"":""3:53 PM""}"
weekend,2,N,1500,SFIA_DEP,53280,False,"{""SFIA_DEP"":""2:48 PM"",""SBRN"":""2:52 PM"",""SSAN"":""2:55 PM"",""COLM"":""2:59 PM"",""DALY"":""3:02 PM"",""BALB"":""3:06 PM"",""GLEN"":""3:08 PM"",""24TH"":""3:11 PM"",""16TH"":""3:13 PM"",""CIVC"":""3:15 PM"",""POWL"":""3:17 PM"",""MONT"":""3:19 PM"",""EMBR"":""3:20 PM"",""WOAK"":""3:27 PM"",""12TH"":""3:32 PM"",""19TH"":""3:34 PM"",""MCAR"":""3:38 PM"",""ROCK"":""3:41 PM"",""ORIN"":""3:46 PM"",""LAFY"":""3:51 PM"",""WCRK"":""3:55 PM"",""PHIL"":""3:58 PM"",""CONC"":""4:03 PM"",""NCON"":""4:07 PM"",""PITT"":""4:14 PM"",""PCTR"":""4:25 PM"",""ANTC"":""4:33 PM""}"
weekend,2,N,1527,SFIA_DEP,52080,False,"{""SFIA_DEP"":""2:28 PM"",""SBRN"":""2:32 PM"",""SSAN"":""2:35 PM"",""COLM"":""2:39 PM"",""DALY"":""2:42 PM"",""BALB"":""2:46 PM"",""GLEN"":""2:48 PM"",""24TH"":""2:51 PM"",""16TH"":""2:53 PM"",""CIVC"":""2:55 PM"",""POWL"":""2:57 PM"",""MONT"":""2:59 PM"",""EMBR"":""3:00 PM"",""WOAK"":""3:07 PM"",""12TH"":""3:12 PM"",""19TH"":""3:14 PM"",""MCAR"":""3:18 PM"",""ROCK"":""3:21 PM"",""ORIN"":""3:26 PM"",""LAFY"":""3:31 PM"",""WCRK"":""3:35 PM"",""PHIL"":""3:38 PM"",""CONC"":""3:43 PM"",""NCON"":""3:47 PM"",""PITT"":""3:54 PM"",""PCTR"":""4:05 PM"",""ANTC"":""4:13 PM""}"
weekend,2,N,1554,SFIA_DEP,54480,False,"{""SFIA_DEP"":""3:08 PM"",""SBRN"":""3:12 PM"",""SSAN"":""3:15 PM"",""COLM"":""3:19 PM"",""DALY"":""3:22 PM"",""BALB"":""3:26 PM"",""GLEN"":""3:28 PM"",""24TH"":""3:31 PM"",""16TH"":""3:33 PM"",""CIVC"":""3:35 PM"",""POWL"":""3:37 PM"",""MONT"":""3:39 PM"",""EMBR"":""3:40 PM"",""WOAK"":""3:47 PM"",""12TH"":""3:52 PM"",""19TH"":""3:54 PM"",""MCAR"":""3:58 PM"",""ROCK"":""4:01 PM"",""ORIN"":""4:06 PM"",""LAFY"":""4:11 PM"",""WCRK"":""4:15 PM"",""PHIL"":""4:18 PM"",""CONC"":""4:23 PM"",""NCON"":""4:27 PM"",""PITT"":""4:34 PM"",""PCTR"":""4:45 PM"",""ANTC"":""4:53 PM""}"
weekend,2,N,1581,SFIA_DEP,53280,False,"{""SFIA_DEP"":""2:48 PM"",""SBRN"":""2:52 PM"",""SSAN"":""2:55 PM"",""COLM"":""2:59 PM"",""DALY"":""3:02 PM"",""BALB"":""3:06 PM"",""GLEN"":""3:08 PM"",""24TH"":""3:11 PM"",""16TH"":""3:13 PM"",""CIVC"":""3:15 PM"",""POWL"":""3:17 PM"",""MONT"":""3:19 PM"",""EMBR"":""3:20 PM"",""WOAK"":""3:27 PM"",""12TH"":""3:32 PM"",""19TH"":""3:34 PM"",""MCAR"":""3:38 PM"",""ROCK"":""3:41 PM"",""ORIN"":""3:46 PM"",""LAFY"":""3:51 PM"",""WCRK"":""3:55 PM"",""PHIL"":""3:58 PM"",""CONC"":""4:03 PM"",""NCON"":""4:07 PM"",""PITT"":""4:14 PM"",""PCTR"":""4:25 PM"",""ANTC"":""4:33 PM""}"
weekend,2,N,1608,SFIA_DEP,55680,False,"{""SFIA_DEP"":""3:28 PM"",""SBRN"":""3:32 PM"",""SSAN"":""3:35 PM"",""COLM"":""3:39 PM"",""DALY"":""3:42 PM"",""BALB"":""3:46 PM"",""GLEN"":""3:48 PM"",""24TH"":""3:51 PM"",""16TH"":""3:53 PM"",""CIVC"":""3:55 PM"",""POWL"":""3:57 PM"",""MONT"":""3:59 PM"",""EMBR"":""4:00 PM"",""WOAK"":""4:07 PM"",""12TH"":""4:12 PM"",""19TH"":""4:14 PM"",""MCAR"":""4:18 PM"",""ROCK"":""4:21 PM"",""ORIN"":""4:26 PM"",""LAFY"":""4:31 PM"",""WCRK"":""4:35 PM"",""PHIL"":""4:38 PM"",""CONC"":""4:43 PM"",""NCON"":""4:47 PM"",""PITT"":""4:54 PM"",""PCTR"":""5:05 PM"",""ANTC"":""5:13 PM""}"
weekend,2,N,1635,SFIA_DEP,54480,False,"{""SFIA_DEP"":""3:08 PM"",""SBRN"":""3:12 PM"",""SSAN"":""3:15 PM"",""COLM"":""3:19 PM"",""DALY"":""3:22 PM"",""BALB"":""3:26 PM"",""GLEN"":""3:28 PM"",""24TH"":""3:31 PM"",""16TH"":""3:33 PM"",""CIVC"":""3:35 PM"",""POWL"":""3:37 PM"",""MONT"":""3:39 PM"",""EMBR"":""3:40 PM"",""WOAK"":""3:47 PM"",""12TH"":""3:52 PM"",""19TH"":""3:54 PM"",""MCAR"":""3:58 PM"",""ROCK"":""4:01 PM"",""ORIN"":""4:06 PM"",""LAFY"":""4:11 PM"",""WCRK"":""4:15 PM"",""PHIL"":""4:18 PM"",""CONC"":""4:23 PM"",""NCON"":""4:27 PM"",""PITT"":""4:34 PM"",""PCTR"":""4:45 PM"",""ANTC"":""4:53 PM""}"
weekend,2,N,1662,SFIA_DEP,56880,False,"{""SFIA_DEP"":""3:48 PM"",""SBRN"":""3:52 PM"",""SSAN"":""3:55 PM"",""COLM"":""3:59 PM"",""DALY"":""4:02 PM"",""BALB"":""4:06 PM"",""GLEN"":""4:08 PM"",""24TH"":""4:11 PM"",""16TH"":""4:13 PM"",""CIVC"":""4:15 PM"",""POWL"":""4:17 PM"",""MONT"":""4:19 PM"",""EMBR"":""4:20 PM"",""WOAK"":""4:27 PM"",""12TH"":""4:32 PM"",""19TH"":""4:34 PM"",""MCAR"":""4:38 PM"",""ROCK"":""4:41 PM"",""ORIN"":""4:46 PM"",""LAFY"":""4:51 PM"",""WCRK"":""4:55 PM"",""PHIL"":""4:58 PM"",""CONC"":""5:03 PM"",""NCON"":""5:07 PM"",""PITT"":""5:14 PM"",""PCTR"":""5:25 PM"",""ANTC"":""5:33 PM""}"
weekend,2,N,1689,SFIA_DEP,55680,False,"{""SFIA_DEP"":""3:28 PM"",""SBRN"":""3:32 PM"",""SSAN"":""3:35 PM"",""COLM"":""3:39 PM"",""DALY"":""3:42 PM"",""BALB"":""3:46 PM"",""GLEN"":""3:48 PM"",""24TH"":""3:51 PM"",""16TH"":""3:53 PM"",""CIVC"":""3:55 PM"",""POWL"":""3:57 PM"",""MONT"":""3:59 PM"",""EMBR"":""4:00 PM"",""WOAK"":""4:07 PM"",""12TH"":""4:12 PM"",""19TH"":""4:14 PM"",""MCAR"":""4:18 PM"",""ROCK"":""4:21 PM"",""ORIN"":""4:26 PM"",""LAFY"":""4:31 PM"",""WCRK"":""4:35 PM"",""PHIL"":""4:38 PM"",""CONC"":""4:43 PM"",""NCON"":""4:47 PM"",""PITT"":""4:54 PM"",""PCTR"":""5:05 PM"",""ANTC"":""5:13 PM""}"
weekend,2,N,1716,SFIA_DEP,58080,False,"{""SFIA_DEP"":""4:08 PM"",""SBRN"":""4:12 PM"",""SSAN"":""4:15 PM"",""COLM"":""4:19 PM"",""DALY"":""4:22 PM"",""BALB"":""4:26 PM"",""GLEN"":""4:28 PM"",""24TH"":""4:31 PM"",""16TH"":""4:33 PM"",""CIVC"":""4:35 PM"",""POWL"":""4:37 PM"",""MONT"":""4:39 PM"",""EMBR"":""4:40 PM"",""WOAK"":""4:47 PM"",""12TH"":""4:52 PM"",""19TH"":""4:54 PM"",""MCAR"":""4:58 PM"",""ROCK"":""5:01 PM"",""ORIN"":""5:06 PM"",""LAFY"":""5:11 PM"",""WCRK"":""5:15 PM"",""PHIL"":""5:18 PM"",""CONC"":""5:23 PM"",""NCON"":""5:27 PM"",""PITT"":""5:34 PM"",""PCTR"":""5:45 PM"",""ANTC"":""5:53 PM""}"
weekend,2,N,1743,SFIA_DEP,56880,False,"{""SFIA_DEP"":""3:48 PM"",""SBRN"":""3:52 PM"",""SSAN"":""3:55 PM"",""COLM"":""3:59 PM"",""DALY"":""4:02 PM"",""BALB"":""4:06 PM"",""GLEN"":""4:08 PM"",""24TH"":""4:11 PM"",""16TH"":""4:13 PM"",""CIVC"":""4:15 PM"",""POWL"":""4:17 PM"",""MONT"":""4:19 PM"",""EMBR"":""4:20 PM"",""WOAK"":""4:27 PM"",""12TH"":""4:32 PM"",""19TH"":""4:34 PM"",""MCAR"":""4:38 PM"",""ROCK"":""4:41 PM"",""ORIN"":""4:46 PM"",""LAFY"":""4:51 PM"",""WCRK"":""4:55 PM"",""PHIL"":""4:58 PM"",""CONC"":""5:03 PM"",""NCON"":""5:07 PM"",""PITT"":""5:14 PM"",""PCTR"":""5:25 PM"",""ANTC"":""5:33 PM""}"
weekend,2,N,1770,SFIA_DEP,59280,False,"{""SFIA_DEP"":""4:28 PM"",""SBRN"":""4:32 PM"",""SSAN"":""4:35 PM"",""COLM"":""4:39 PM"",""DALY"":""4:42 PM"",""BALB"":""4:46 PM"",""GLEN"":""4:48 PM"",""24TH"":""4:51 PM"",""16TH"":""4:53 PM"",""CIVC"":""4:55 PM"",""POWL"":""4:57 PM"",""MONT"":""4:59 PM"",""EMBR"":""5:00 PM"",""WOAK"":""5:07 PM"",""12TH"":""5:12 PM"",""19TH"":""5:14 PM"",""MCAR"":""5:18 PM"",""ROCK"":""5:21 PM"",""ORIN"":""5:26 PM"",""LAFY"":""5:31 PM"",""WCRK"":""5:35 PM"",""PHIL"":""5:38 PM"",""CONC"":""5:43 PM"",""NCON"":""5:47 PM"",""PITT"":""5:54 PM"",""PCTR"":""6:05 PM"",""ANTC"":""6:13 PM""}"
weekend,2,N,1797,SFIA_DEP,58080,False,"{""SFIA_DEP"":""4:08 PM"",""SBRN"":""4:12 PM"",""SSAN"":""4:15 PM"",""COLM"":""4:19 PM"",""DALY"":""4:22 PM"",""BALB"":""4:26 PM"",""GLEN"":""4:28 PM"",""24TH"":""4:31 PM"",""16TH"":""4:33 PM"",""CIVC"":""4:35 PM"",""POWL"":""4:37 PM"",""MONT"":""4:39 PM"",""EMBR"":""4:40 PM"",""WOAK"":""4:47 PM"",""12TH"":""4:52 PM"",""19TH"":""4:54 PM"",""MCAR"":""4:58 PM"",""ROCK"":""5:01 PM"",""ORIN"":""5:06 PM"",""LAFY"":""5:11 PM"",""WCRK"":""5:15 PM"",""PHIL"":""5:18 PM"",""CONC"":""5:23 PM"",""NCON"":""5:27 PM"",""PITT"":""5:34 PM"",""PCTR"":""5:45 PM"",""ANTC"":""5:53 PM""}"
weekend,2,N,1824,SFIA_DEP,60480,False,"{""SFIA_DEP"":""4:48 PM"",""SBRN"":""4:52 PM"",""SSAN"":""4:55 PM"",""COLM"":""4:59 PM"",""DALY"":""5:02 PM"",""BALB"":""5:06 PM"",""GLEN"":""5:08 PM"",""24TH"":""5:11 PM"",""16TH"":""5:13 PM"",""CIVC"":""5:15 PM"",""POWL"":""5:17 PM"",""MONT"":""5:19 PM"",""EMBR"":""5:20 PM"",""WOAK"":""5:27 PM"",""12TH"":""5:32 PM"",""19TH"":""5:34 PM"",""MCAR"":""5:38 PM"",""ROCK"":""5:41 PM"",""ORIN"":""5:46 PM"",""LAFY"":""5:51 PM"",""WCRK"":""5:55 PM"",""PHIL"":""5:58 PM"",""CONC"":""6:03 PM"",""NCON"":""6:07 PM"",""PITT"":""6:14 PM"",""PCTR"":""6:25 PM"",""ANTC"":""6:33 PM""}"
weekend,2,N,1851,SFIA_DEP,59280,False,"{""SFIA_DEP"":""4:28 PM"",""SBRN"":""4:32 PM"",""SSAN"":""4:35 PM"",""COLM"":""4:39 PM"",""DALY"":""4:42 PM"",""BALB"":""4:46 PM"",""GLEN"":""4:48 PM"",""24TH"":""4:51 PM"",""16TH"":""4:53 PM"",""CIVC"":""4:55 PM"",""POWL"":""4:57 PM"",""MONT"":""4:59 PM"",""EMBR"":""5:00 PM"",""WOAK"":""5:07 PM"",""12TH"":""5:12 PM"",""19TH"":""5:14 PM"",""MCAR"":""5:18 PM"",""ROCK"":""5:21 PM"",""ORIN"":""5:26 PM"",""LAFY"":""5:31 PM"",""WCRK"":""5:35 PM"",""PHIL"":""5:38 PM"",""CONC"":""5:43 PM"",""NCON"":""5:47 PM"",""PITT"":""5:54 PM"",""PCTR"":""6:05 PM"",""ANTC"":""6:13 PM""}"
weekend,2,N,1878,SFIA_DEP,61680,False,"{""SFIA_DEP"":""5:08 PM"",""SBRN"":""5:12 PM"",""SSAN"":""5:15 PM"",""COLM"":""5:19 PM"",""DALY"":""5:22 PM"",""BALB"":""5:26 PM"",""GLEN"":""5:28 PM"",""24TH"":""5:31 PM"",""16TH"":""5:33 PM"",""CIVC"":""5:35 PM"",""POWL"":""5:37 PM"",""MONT"":""5:39 PM"",""EMBR"":""5:40 PM"",""WOAK"":""5:47 PM"",""12TH"":""5:52 PM"",""19TH"":""5:54 PM"",""MCAR"":""5:58 PM"",""ROCK"":""6:01 PM"",""ORIN"":""6:06 PM"",""LAFY"":""6:11 PM"",""WCRK"":""6:15 PM"",""PHIL"":""6:18 PM"",""CONC"":""6:23 PM"",""NCON"":""6:27 PM"",""PITT"":""6:34 PM"",""PCTR"":""6:45 PM"",""ANTC"":""6:53 PM""}"
weekend,2,N,1905,SFIA_DEP,60480,False,"{""SFIA_DEP"":""4:48 PM"",""SBRN"":""4:52 PM"",""SSAN"":""4:55 PM"",""COLM"":""4:59 PM"",""DALY"":""5:02 PM"",""BALB"":""5:06 PM"",""GLEN"":""5:08 PM"",""24TH"":""5:11 PM"",""16TH"":""5:13 PM"",""CIVC"":""5:15 PM"",""POWL"":""5:17 PM"",""MONT"":""5:19 PM"",""EMBR"":""5:20 PM"",""WOAK"":""5:27 PM"",""12TH"":""5:32 PM"",""19TH"":""5:34 PM"",""MCAR"":""5:38 PM"",""ROCK"":""5:41 PM"",""ORIN"":""5:46 PM"",""LAFY"":""5:51 PM"",""WCRK"":""5:55 PM"",""PHIL"":""5:58 PM"",""CONC"":""6:03 PM"",""NCON"":""6:07 PM"",""PITT"":""6:14 PM"",""PCTR"":""6:25 PM"",""ANTC"":""6:33 PM""}"
weekend,2,N,1932,SFIA_DEP,62880,False,"{""SFIA_DEP"":""5:28 PM"",""SBRN"":""5:32 PM"",""SSAN"":""5:35 PM"",""COLM"":""5:39 PM"",""DALY"":""5:42 PM"",""BALB"":""5:46 PM"",""GLEN"":""5:48 PM"",""24TH"":""5:51 PM"",""16TH"":""5:53 PM"",""CIVC"":""5:55 PM"",""POWL"":""5:57 PM"",""MONT"":""5:59 PM"",""EMBR"":""6:00 PM"",""WOAK"":""6:07 PM"",""12TH"":""6:12 PM"",""19TH"":""6:14 PM"",""MCAR"":""6:18 PM"",""ROCK"":""6:21 PM"",""ORIN"":""6:26 PM"",""LAFY"":""6:31 PM"",""WCRK"":""6:35 PM"",""PHIL"":""6:38 PM"",""CONC"":""6:43 PM"",""NCON"":""6:47 PM"",""PITT"":""6:54 PM"",""PCTR"":""7:05 PM"",""ANTC"":""7:13 PM""}"
weekend,2,N,1959,SFIA_DEP,61680,False,"{""SFIA_DEP"":""5:08 PM"",""SBRN"":""5:12 PM"",""SSAN"":""5:15 PM"",""COLM"":""5:19 PM"",""DALY"":""5:22 PM"",""BALB"":""5:26 PM"",""GLEN"":""5:28 PM"",""24TH"":""5:31 PM"",""16TH"":""5:33 PM"",""CIVC"":""5:35 PM"",""POWL"":""5:37 PM"",""MONT"":""5:39 PM"",""EMBR"":""5:40 PM"",""WOAK"":""5:47 PM"",""12TH"":""5:52 PM"",""19TH"":""5:54 PM"",""MCAR"":""5:58 PM"",""ROCK"":""6:01 PM"",""ORIN"":""6:06 PM"",""LAFY"":""6:11 PM"",""WCRK"":""6:15 PM"",""PHIL"":""6:18 PM"",""CONC"":""6:23 PM"",""NCON"":""6:27 PM"",""PITT"":""6:34 PM"",""PCTR"":""6:45 PM"",""ANTC"":""6:53 PM""}"
weekend,2,N,1986,SFIA_DEP,64080,False,"{""SFIA_DEP"":""5:48 PM"",""SBRN"":""5:52 PM"",""SSAN"":""5:55 PM"",""COLM"":""5:59 PM"",""DALY"":""6:02 PM"",""BALB"":""6:06 PM"",""GLEN"":""6:08 PM"",""24TH"":""6:11 PM"",""16TH"":""6:13 PM"",""CIVC"":""6:15 PM"",""POWL"":""6:17 PM"",""MONT"":""6:19 PM"",""EMBR"":""6:20 PM"",""WOAK"":""6:27 PM"",""12TH"":""6:32 PM"",""19TH"":""6:34 PM"",""MCAR"":""6:38 PM"",""ROCK"":""6:41 PM"",""ORIN"":""6:46 PM"",""LAFY"":""6:51 PM"",""WCRK"":""6:55 PM"",""PHIL"":""6:58 PM"",""CONC"":""7:03 PM"",""NCON"":""7:07 PM"",""PITT"":""7:14 PM"",""PCTR"":""7:25 PM"",""ANTC"":""7:33 PM""}"
weekend,2,N,2013,SFIA_DEP,62880,False,"{""SFIA_DEP"":""5:28 PM"",""SBRN"":""5:32 PM"",""SSAN"":""5:35 PM"",""COLM"":""5:39 PM"",""DALY"":""5:42 PM"",""BALB"":""5:46 PM"",""GLEN"":""5:48 PM"",""24TH"":""5:51 PM"",""16TH"":""5:53 PM"",""CIVC"":""5:55 PM"",""POWL"":""5:57 PM"",""MONT"":""5:59 PM"",""EMBR"":""6:00 PM"",""WOAK"":""6:07 PM"",""12TH"":""6:12 PM"",""19TH"":""6:14 PM"",""MCAR"":""6:18 PM"",""ROCK"":""6:21 PM"",""ORIN"":""6:26 PM"",""LAFY"":""6:31 PM"",""WCRK"":""6:35 PM"",""PHIL"":""6:38 PM"",""CONC"":""6:43 PM"",""NCON"":""6:47 PM"",""PITT"":""6:54 PM"",""PCTR"":""7:05 PM"",""ANTC"":""7:13 PM""}"
weekend,2,N,2040,SFIA_DEP,65280,False,"{""SFIA_DEP"":""6:08 PM"",""SBRN"":""6:12 PM"",""SSAN"":""6:15 PM"",""COLM"":""6:19 PM"",""DALY"":""6:22 PM"",""BALB"":""6:26 PM"",""GLEN"":""6:28 PM"",""24TH"":""6:31 PM"",""16TH"":""6:33 PM"",""CIVC"":""6:35 PM"",""POWL"":""6:37 PM"",""MONT"":""6:39 PM"",""EMBR"":""6:40 PM"",""WOAK"":""6:47 PM"",""12TH"":""6:52 PM"",""19TH"":""6:54 PM"",""MCAR"":""6:58 PM"",""ROCK"":""7:01 PM"",""ORIN"":""7:06 PM"",""LAFY"":""7:11 PM"",""WCRK"":""7:15 PM"",""PHIL"":""7:18 PM"",""CONC"":""7:23 PM"",""NCON"":""7:27 PM"",""PITT"":""7:34 PM"",""PCTR"":""7:45 PM"",""ANTC"":""7:53 PM""}"
weekend,2,N,2067,SFIA_DEP,64080,False,"{""SFIA_DEP"":""5:48 PM"",""SBRN"":""5:52 PM"",""SSAN"":""5:55 PM"",""COLM"":""5:59 PM"",""DALY"":""6:02 PM"",""BALB"":""6:06 PM"",""GLEN"":""6:08 PM"",""24TH"":""6:11 PM"",""16TH"":""6:13 PM"",""CIVC"":""6:15 PM"",""POWL"":""6:17 PM"",""MONT"":""6:19 PM"",""EMBR"":""6:20 PM"",""WOAK"":""6:27 PM"",""12TH"":""6:32 PM"",""19TH"":""6:34 PM"",""MCAR"":""6:38 PM"",""ROCK"":""6:41 PM"",""ORIN"":""6:46 PM"",""LAFY"":""6:51 PM"",""WCRK"":""6:55 PM"",""PHIL"":""6:58 PM"",""CONC"":""7:03 PM"",""NCON"":""7:07 PM"",""PITT"":""7:14 PM"",""PCTR"":""7:25 PM"",""ANTC"":""7:33 PM""}"
weekend,2,N,2094,SFIA_DEP,66480,False,"{""SFIA_DEP"":""6:28 PM"",""SBRN"":""6:32 PM"",""SSAN"":""6:35 PM"",""COLM"":""6:39 PM"",""DALY"":""6:42 PM"",""BALB"":""6:46 PM"",""GLEN"":""6:48 PM"",""24TH"":""6:51 PM"",""16TH"":""6:53 PM"",""CIVC"":""6:55 PM"",""POWL"":""6:57 PM"",""MONT"":""6:59 PM"",""EMBR"":""7:00 PM"",""WOAK"":""7:07 PM"",""12TH"":""7:12 PM"",""19TH"":""7:14 PM"",""MCAR"":""7:18 PM"",""ROCK"":""7:21 PM"",""ORIN"":""7:26 PM"",""LAFY"":""7:31 PM"",""WCRK"":""7:35 PM"",""PHIL"":""7:38 PM"",""CONC"":""7:43 PM"",""NCON"":""7:47 PM"",""PITT"":""7:54 PM"",""PCTR"":""8:05 PM"",""ANTC"":""8:13 PM""}"
weekend,2,N,2121,SFIA_DEP,65280,False,"{""SFIA_DEP"":""6:08 PM"",""SBRN"":""6:12 PM"",""SSAN"":""6:15 PM"",""COLM"":""6:19 PM"",""DALY"":""6:22 PM"",""BALB"":""6:26 PM"",""GLEN"":""6:28 PM"",""24TH"":""6:31 PM"",""16TH"":""6:33 PM"",""CIVC"":""6:35 PM"",""POWL"":""6:37 PM"",""MONT"":""6:39 PM"",""EMBR"":""6:40 PM"",""WOAK"":""6:47 PM"",""12TH"":""6:52 PM"",""19TH"":""6:54 PM"",""MCAR"":""6:58 PM"",""ROCK"":""7:01 PM"",""ORIN"":""7:06 PM"",""LAFY"":""7:11 PM"",""WCRK"":""7:15 PM"",""PHIL"":""7:18 PM"",""CONC"":""7:23 PM"",""NCON"":""7:27 PM"",""PITT"":""7:34 PM"",""PCTR"":""7:45 PM"",""ANTC"":""7:53 PM""}"
weekend,2,N,2148,SFIA_DEP,67680,False,"{""SFIA_DEP"":""6:48 PM"",""SBRN"":""6:52 PM"",""SSAN"":""6:55 PM"",""COLM"":""6:59 PM"",""DALY"":""7:02 PM"",""BALB"":""7:06 PM"",""GLEN"":""7:08 PM"",""24TH"":""7:11 PM"",""16TH"":""7:13 PM"",""CIVC"":""7:15 PM"",""POWL"":""7:17 PM"",""MONT"":""7:19 PM"",""EMBR"":""7:20 PM"",""WOAK"":""7:27 PM"",""12TH"":""7:32 PM"",""19TH"":""7:34 PM"",""MCAR"":""7:38 PM"",""ROCK"":""7:41 PM"",""ORIN"":""7:46 PM"",""LAFY"":""7:51 PM"",""WCRK"":""7:55 PM"",""PHIL"":""7:58 PM"",""CONC"":""8:03 PM"",""NCON"":""8:07 PM"",""PITT"":""8:14 PM"",""PCTR"":""8:25 PM"",""ANTC"":""8:33 PM""}"
weekend,2,N,2175,SFIA_DEP,66480,False,"{""SFIA_DEP"":""6:28 PM"",""SBRN"":""6:32 PM"",""SSAN"":""6:35 PM"",""COLM"":""6:39 PM"",""DALY"":""6:42 PM"",""BALB"":""6:46 PM"",""GLEN"":""6:48 PM"",""24TH"":""6:51 PM"",""16TH"":""6:53 PM"",""CIVC"":""6:55 PM"",""POWL"":""6:57 PM"",""MONT"":""6:59 PM"",""EMBR"":""7:00 PM"",""WOAK"":""7:07 PM"",""12TH"":""7:12 PM"",""19TH"":""7:14 PM"",""MCAR"":""7:18 PM"",""ROCK"":""7:21 PM"",""ORIN"":""7:26 PM"",""LAFY"":""7:31 PM"",""WCRK"":""7:35 PM"",""PHIL"":""7:38 PM"",""CONC"":""7:43 PM"",""NCON"":""7:47 PM"",""PITT"":""7:54 PM"",""PCTR"":""8:05 PM"",""ANTC"":""8:13 PM""}"
weekend,2,N,2202,SFIA_DEP,68880,False,"{""SFIA_DEP"":""7:08 PM"",""SBRN"":""7:12 PM"",""SSAN"":""7:15 PM"",""COLM"":""7:19 PM"",""DALY"":""7:22 PM"",""BALB"":""7:26 PM"",""GLEN"":""7:28 PM"",""24TH"":""7:31 PM"",""16TH"":""7:33 PM"",""CIVC"":""7:35 PM"",""POWL"":""7:37 PM"",""MONT"":""7:39 PM"",""EMBR"":""7:40 PM"",""WOAK"":""7:47 PM"",""12TH"":""7:52 PM"",""19TH"":""7:54 PM"",""MCAR"":""7:58 PM"",""ROCK"":""8:01 PM"",""ORIN"":""8:06 PM"",""LAFY"":""8:11 PM"",""WCRK"":""8:15 PM"",""PHIL"":""8:18 PM"",""CONC"":""8:23 PM"",""NCON"":""8:27 PM"",""PITT"":""8:34 PM"",""PCTR"":""8:45 PM"",""ANTC"":""8:53 PM""}"
weekend,2,N,2229,SFIA_DEP,67680,False,"{""SFIA_DEP"":""6:48 PM"",""SBRN"":""6:52 PM"",""SSAN"":""6:55 PM"",""COLM"":""6:59 PM"",""DALY"":""7:02 PM"",""BALB"":""7:06 PM"",""GLEN"":""7:08 PM"",""24TH"":""7:11 PM"",""16TH"":""7:13 PM"",""CIVC"":""7:15 PM"",""POWL"":""7:17 PM"",""MONT"":""7:19 PM"",""EMBR"":""7:20 PM"",""WOAK"":""7:27 PM"",""12TH"":""7:32 PM"",""19TH"":""7:34 PM"",""MCAR"":""7:38 PM"",""ROCK"":""7:41 PM"",""ORIN"":""7:46 PM"",""LAFY"":""7:51 PM"",""WCRK"":""7:55 PM"",""PHIL"":""7:58 PM"",""CONC"":""8:03 PM"",""NCON"":""8:07 PM"",""PITT"":""8:14 PM"",""PCTR"":""8:25 PM"",""ANTC"":""8:33 PM""}"
weekend,2,N,2256,SFIA_DEP,70080,False,"{""SFIA_DEP"":""7:28 PM"",""SBRN"":""7:32 PM"",""SSAN"":""7:35 PM"",""COLM"":""7:39 PM"",""DALY"":""7:42 PM"",""BALB"":""7:46 PM"",""GLEN"":""7:48 PM"",""24TH"":""7:51 PM"",""16TH"":""7:53 PM"",""CIVC"":""7:55 PM"",""POWL"":""7:57 PM"",""MONT"":""7:59 PM"",""EMBR"":""8:00 PM"",""WOAK"":""8:07 PM"",""12TH"":""8:12 PM"",""19TH"":""8:14 PM"",""MCAR"":""8:18 PM"",""ROCK"":""8:21 PM"",""ORIN"":""8:26 PM"",""LAFY"":""8:31 PM"",""WCRK"":""8:35 PM"",""PHIL"":""8:38 PM"",""CONC"":""8:43 PM"",""NCON"":""8:47 PM"",""PITT"":""8:54 PM"",""PCTR"":""9:05 PM"",""ANTC"":""9:13 PM""}"
weekend,2,N,2283,SFIA_DEP,68880,False,"{""SFIA_DEP"":""7:08 PM"",""SBRN"":""7:12 PM"",""SSAN"":""7:15 PM"",""COLM"":""7:19 PM"",""DALY"":""7:22 PM"",""BALB"":""7:26 PM"",""GLEN"":""7:28 PM"",""24TH"":""7:31 PM"",""16TH"":""7:33 PM"",""CIVC"":""7:35 PM"",""POWL"":""7:37 PM"",""MONT"":""7:39 PM"",""EMBR"":""7:40 PM"",""WOAK"":""7:47 PM"",""12TH"":""7:52 PM"",""19TH"":""7:54 PM"",""MCAR"":""7:58 PM"",""ROCK"":""8:01 PM"",""ORIN"":""8:06 PM"",""LAFY"":""8:11 PM"",""WCRK"":""8:15 PM"",""PHIL"":""8:18 PM"",""CONC"":""8:23 PM"",""NCON"":""8:27 PM"",""PITT"":""8:34 PM"",""PCTR"":""8:45 PM"",""ANTC"":""8:53 PM""}"
weekend,2,N,2310,SFIA_DEP,71280,False,"{""SFIA_DEP"":""7:48 PM"",""SBRN"":""7:52 PM"",""SSAN"":""7:55 PM"",""COLM"":""7:59 PM"",""DALY"":""8:02 PM"",""BALB"":""8:06 PM"",""GLEN"":""8:08 PM"",""24TH"":""8:11 PM"",""16TH"":""8:13 PM"",""CIVC"":""8:15 PM"",""POWL"":""8:17 PM"",""MONT"":""8:19 PM"",""EMBR"":""8:20 PM"",""WOAK"":""8:27 PM"",""12TH"":""8:32 PM"",""19TH"":""8:34 PM"",""MCAR"":""8:38 PM"",""ROCK"":""8:41 PM"",""ORIN"":""8:46 PM"",""LAFY"":""8:51 PM"",""WCRK"":""8:55 PM"",""PHIL"":""8:58 PM"",""CONC"":""9:03 PM"",""NCON"":""9:07 PM"",""PITT"":""9:14 PM"",""PCTR"":""9:25 PM"",""ANTC"":""9:33 PM""}"
weekend,2,N,2337,SFIA_DEP,70080,False,"{""SFIA_DEP"":""7:28 PM"",""SBRN"":""7:32 PM"",""SSAN"":""7:35 PM"",""COLM"":""7:39 PM"",""DALY"":""7:42 PM"",""BALB"":""7:46 PM"",""GLEN"":""7:48 PM"",""24TH"":""7:51 PM"",""16TH"":""7:53 PM"",""CIVC"":""7:55 PM"",""POWL"":""7:57 PM"",""MONT"":""7:59 PM"",""EMBR"":""8:00 PM"",""WOAK"":""8:07 PM"",""12TH"":""8:12 PM"",""19TH"":""8:14 PM"",""MCAR"":""8:18 PM"",""ROCK"":""8:21 PM"",""ORIN"":""8:26 PM"",""LAFY"":""8:31 PM"",""WCRK"":""8:35 PM"",""PHIL"":""8:38 PM"",""CONC"":""8:43 PM"",""NCON"":""8:47 PM"",""PITT"":""8:54 PM"",""PCTR"":""9:05 PM"",""ANTC"":""9:13 PM""}"
weekend,2,N,2364,SFIA_DEP,72480,False,"{""SFIA_DEP"":""8:08 PM"",""SBRN"":""8:12 PM"",""SSAN"":""8:15 PM"",""COLM"":""8:19 PM"",""DALY"":""8:22 PM"",""BALB"":""8:26 PM"",""GLEN"":""8:28 PM"",""24TH"":""8:31 PM"",""16TH"":""8:33 PM"",""CIVC"":""8:35 PM"",""POWL"":""8:37 PM"",""MONT"":""8:39 PM"",""EMBR"":""8:40 PM"",""WOAK"":""8:47 PM"",""12TH"":""8:52 PM"",""19TH"":""8:54 PM"",""MCAR"":""8:58 PM"",""ROCK"":""9:01 PM"",""ORIN"":""9:06 PM"",""LAFY"":""9:11 PM"",""WCRK"":""9:15 PM"",""PHIL"":""9:18 PM"",""CONC"":""9:23 PM"",""NCON"":""9:27 PM"",""PITT"":""9:34 PM"",""PCTR"":""9:45 PM"",""ANTC"":""9:53 PM""}"
weekend,2,N,2391,SFIA_DEP,71280,False,"{""SFIA_DEP"":""7:48 PM"",""SBRN"":""7:52 PM"",""SSAN"":""7:55 PM"",""COLM"":""7:59 PM"",""DALY"":""8:02 PM"",""BALB"":""8:06 PM"",""GLEN"":""8:08 PM"",""24TH"":""8:11 PM"",""16TH"":""8:13 PM"",""CIVC"":""8:15 PM"",""POWL"":""8:17 PM"",""MONT"":""8:19 PM"",""EMBR"":""8:20 PM"",""WOAK"":""8:27 PM"",""12TH"":""8:32 PM"",""19TH"":""8:34 PM"",""MCAR"":""8:38 PM"",""ROCK"":""8:41 PM"",""ORIN"":""8:46 PM"",""LAFY"":""8:51 PM"",""WCRK"":""8:55 PM"",""PHIL"":""8:58 PM"",""CONC"":""9:03 PM"",""NCON"":""9:07 PM"",""PITT"":""9:14 PM"",""PCTR"":""9:25 PM"",""ANTC"":""9:33 PM""}"
weekend,2,N,2418,SFIA_DEP,73680,False,"{""SFIA_DEP"":""8:28 PM"",""SBRN"":""8:32 PM"",""SSAN"":""8:35 PM"",""COLM"":""8:39 PM"",""DALY"":""8:42 PM"",""BALB"":""8:46 PM"",""GLEN"":""8:48 PM"",""24TH"":""8:51 PM"",""16TH"":""8:53 PM"",""CIVC"":""8:55 PM"",""POWL"":""8:57 PM"",""MONT"":""8:59 PM"",""EMBR"":""9:00 PM"",""WOAK"":""9:07 PM"",""12TH"":""9:12 PM"",""19TH"":""9:14 PM"",""MCAR"":""9:18 PM"",""ROCK"":""9:21 PM"",""ORIN"":""9:26 PM"",""LAFY"":""9:31 PM"",""WCRK"":""9:35 PM"",""PHIL"":""9:38 PM"",""CONC"":""9:43 PM"",""NCON"":""9:47 PM"",""PITT"":""9:54 PM"",""PCTR"":""10:05 PM"",""ANTC"":""10:13 PM""}"
weekend,2,N,2445,SFIA_DEP,72480,False,"{""SFIA_DEP"":""8:08 PM"",""SBRN"":""8:12 PM"",""SSAN"":""8:15 PM"",""COLM"":""8:19 PM"",""DALY"":""8:22 PM"",""BALB"":""8:26 PM"",""GLEN"":""8:28 PM"",""24TH"":""8:31 PM"",""16TH"":""8:33 PM"",""CIVC"":""8:35 PM"",""POWL"":""8:37 PM"",""MONT"":""8:39 PM"",""EMBR"":""8:40 PM"",""WOAK"":""8:47 PM"",""12TH"":""8:52 PM"",""19TH"":""8:54 PM"",""MCAR"":""8:58 PM"",""ROCK"":""9:01 PM"",""ORIN"":""9:06 PM"",""LAFY"":""9:11 PM"",""WCRK"":""9:15 PM"",""PHIL"":""9:18 PM"",""CONC"":""9:23 PM"",""NCON"":""9:27 PM"",""PITT"":""9:34 PM"",""PCTR"":""9:45 PM"",""ANTC"":""9:53 PM""}"
weekend,2,N,2472,SFIA_DEP,74880,False,"{""SFIA_DEP"":""8:48 PM"",""SBRN"":""8:52 PM"",""SSAN"":""8:55 PM"",""COLM"":""8:59 PM"",""DALY"":""9:02 PM"",""BALB"":""9:06 PM"",""GLEN"":""9:08 PM"",""24TH"":""9:11 PM"",""16TH"":""9:13 PM"",""CIVC"":""9:15 PM"",""POWL"":""9:17 PM"",""MONT"":""9:19 PM"",""EMBR"":""9:20 PM"",""WOAK"":""9:27 PM"",""12TH"":""9:32 PM"",""19TH"":""9:34 PM"",""MCAR"":""9:38 PM"",""ROCK"":""9:41 PM"",""ORIN"":""9:46 PM"",""LAFY"":""9:51 PM"",""WCRK"":""9:55 PM"",""PHIL"":""9:58 PM"",""CONC"":""10:03 PM"",""NCON"":""10:07 PM"",""PITT"":""10:14 PM"",""PCTR"":""10:25 PM"",""ANTC"":""10:33 PM""}"
weekend,2,N,2499,SFIA_DEP,73680,False,"{""SFIA_DEP"":""8:28 PM"",""SBRN"":""8:32 PM"",""SSAN"":""8:35 PM"",""COLM"":""8:39 PM"",""DALY"":""8:42 PM"",""BALB"":""8:46 PM"",""GLEN"":""8:48 PM"",""24TH"":""8:51 PM"",""16TH"":""8:53 PM"",""CIVC"":""8:55 PM"",""POWL"":""8:57 PM"",""MONT"":""8:59 PM"",""EMBR"":""9:00 PM"",""WOAK"":""9:07 PM"",""12TH"":""9:12 PM"",""19TH"":""9:14 PM"",""MCAR"":""9:18 PM"",""ROCK"":""9:21 PM"",""ORIN"":""9:26 PM"",""LAFY"":""9:31 PM"",""WCRK"":""9:35 PM"",""PHIL"":""9:38 PM"",""CONC"":""9:43 PM"",""NCON"":""9:47 PM"",""PITT"":""9:54 PM"",""PCTR"":""10:05 PM"",""ANTC"":""10:13 PM""}"
weekend,2,N,2526,MLBR,75660,True,"{""MLBR"":""9:01 PM"",""SFIA_ARR"":""9:05 PM"",""SFIA_DEP"":""9:08 PM"",""SBRN"":""9:12 PM"",""SSAN"":""9:15 PM"",""COLM"":""9:19 PM"",""DALY"":""9:22 PM"",""BALB"":""9:26 PM"",""GLEN"":""9:28 PM"",""24TH"":""9:31 PM"",""16TH"":""9:33 PM"",""CIVC"":""9:35 PM"",""POWL"":""9:37 PM"",""MONT"":""9:39 PM"",""EMBR"":""9:40 PM"",""WOAK"":""9:47 PM"",""12TH"":""9:52 PM"",""19TH"":""9:54 PM"",""MCAR"":""9:58 PM"",""ROCK"":""10:01 PM"",""ORIN"":""10:06 PM"",""LAFY"":""10:11 PM"",""WCRK"":""10:15 PM"",""PHIL"":""10:18 PM"",""CONC"":""10:23 PM"",""NCON"":""10:27 PM"",""PITT"":""10:34 PM"",""PCTR"":""10:45 PM"",""ANTC"":""10:53 PM""}"
weekend,2,N,2555,SFIA_DEP,74880,False,"{""SFIA_DEP"":""8:48 PM"",""SBRN"":""8:52 PM"",""SSAN"":""8:55 PM"",""COLM"":""8:59 PM"",""DALY"":""9:02 PM"",""BALB"":""9:06 PM"",""GLEN"":""9:08 PM"",""24TH"":""9:11 PM"",""16TH"":""9:13 PM"",""CIVC"":""9:15 PM"",""POWL"":""9:17 PM"",""MONT"":""9:19 PM"",""EMBR"":""9:20 PM"",""WOAK"":""9:27 PM"",""12TH"":""9:32 PM"",""19TH"":""9:34 PM"",""MCAR"":""9:38 PM"",""ROCK"":""9:41 PM"",""ORIN"":""9:46 PM"",""LAFY"":""9:51 PM"",""WCRK"":""9:55 PM"",""PHIL"":""9:58 PM"",""CONC"":""10:03 PM"",""NCON"":""10:07 PM"",""PITT"":""10:14 PM"",""PCTR"":""10:25 PM"",""ANTC"":""10:33 PM""}"
weekend,2,N,2582,MLBR,76560,True,"{""MLBR"":""9:16 PM"",""SFIA_ARR"":""9:20 PM"",""SFIA_DEP"":""9:28 PM"",""SBRN"":""9:32 PM"",""SSAN"":""9:35 PM"",""COLM"":""9:39 PM"",""DALY"":""9:42 PM"",""BALB"":""9:46 PM"",""GLEN"":""9:48 PM"",""24TH"":""9:51 PM"",""16TH"":""9:53 PM"",""CIVC"":""9:55 PM"",""POWL"":""9:57 PM"",""MONT"":""9:59 PM"",""EMBR"":""10:00 PM"",""WOAK"":""10:07 PM"",""12TH"":""10:12 PM"",""19TH"":""10:14 PM"",""MCAR"":""10:18 PM"",""ROCK"":""10:21 PM"",""ORIN"":""10:26 PM"",""LAFY"":""10:31 PM"",""WCRK"":""10:35 PM"",""PHIL"":""10:38 PM"",""CONC"":""10:43 PM"",""NCON"":""10:47 PM"",""PITT"":""10:54 PM"",""PCTR"":""11:05 PM"",""ANTC"":""11:13 PM""}"
weekend,2,N,2611,MLBR,75660,True,"{""MLBR"":""9:01 PM"",""SFIA_ARR"":""9:05 PM"",""SFIA_DEP"":""9:08 PM"",""SBRN"":""9:12 PM"",""SSAN"":""9:15 PM"",""COLM"":""9:19 PM"",""DALY"":""9:22 PM"",""BALB"":""9:26 PM"",""GLEN"":""9:28 PM"",""24TH"":""9:31 PM"",""16TH"":""9:33 PM"",""CIVC"":""9:35 PM"",""POWL"":""9:37 PM"",""MONT"":""9:39 PM"",""EMBR"":""9:40 PM"",""WOAK"":""9:47 PM"",""12TH"":""9:52 PM"",""19TH"":""9:54 PM"",""MCAR"":""9:58 PM"",""ROCK"":""10:01 PM"",""ORIN"":""10:06 PM"",""LAFY"":""10:11 PM"",""WCRK"":""10:15 PM"",""PHIL"":""10:18 PM"",""CONC"":""10:23 PM"",""NCON"":""10:27 PM"",""PITT"":""10:34 PM"",""PCTR"":""10:45 PM"",""ANTC"":""10:53 PM""}"
weekend,2,N,2640,MLBR,77460,True,"{""MLBR"":""9:31 PM"",""SFIA_ARR"":""9:35 PM"",""SFIA_DEP"":""9:48 PM"",""SBRN"":""9:52 PM"",""SSAN"":""9:55 PM"",""COLM"":""9:59 PM"",""DALY"":""10:02 PM"",""BALB"":""10:06 PM"",""GLEN"":""10:08 PM"",""24TH"":""10:11 PM"",""16TH"":""10:13 PM"",""CIVC"":""10:15 PM"",""POWL"":""10:17 PM"",""MONT"":""10:19 PM"",""EMBR"":""10:20 PM"",""WOAK"":""10:27 PM"",""12TH"":""10:32 PM"",""19TH"":""10:34 PM"",""MCAR"":""10:38 PM"",""ROCK"":""10:41 PM"",""ORIN"":""10:46 PM"",""LAFY"":""10:51 PM"",""WCRK"":""10:55 PM"",""PHIL"":""10:58 PM"",""CONC"":""11:03 PM"",""NCON"":""11:07 PM"",""PITT"":""11:14 PM"",""PCTR"":""11:25 PM"",""ANTC"":""11:33 PM""}"
weekend,2,N,2669,MLBR,76560,True,"{""MLBR"":""9:16 PM"",""SFIA_ARR"":""9:20 PM"",""SFIA_DEP"":""9:28 PM"",""SBRN"":""9:32 PM"",""SSAN"":""9:35 PM"",""COLM"":""9:39 PM"",""DALY"":""9:42 PM"",""BALB"":""9:46 PM"",""GLEN"":""9:48 PM"",""24TH"":""9:51 PM"",""16TH"":""9:53 PM"",""CIVC"":""9:55 PM"",""POWL"":""9:57 PM"",""MONT"":""9:59 PM"",""EMBR"":""10:00 PM"",""WOAK"":""10:07 PM"",""12TH"":""10:12 PM"",""19TH"":""10:14 PM"",""MCAR"":""10:18 PM"",""ROCK"":""10:21 PM"",""ORIN"":""10:26 PM"",""LAFY"":""10:31 PM"",""WCRK"":""10:35 PM"",""PHIL"":""10:38 PM"",""CONC"":""10:43 PM"",""NCON"":""10:47 PM"",""PITT"":""10:54 PM"",""PCTR"":""11:05 PM"",""ANTC"":""11:13 PM""}"
weekend,2,N,2698,MLBR,78360,True,"{""MLBR"":""9:46 PM"",""SFIA_ARR"":""9:50 PM""}"
weekend,2,N,2700,MLBR,77460,True,"{""MLBR"":""9:31 PM"",""SFIA_ARR"":""9:35 PM"",""SFIA_DEP"":""9:48 PM"",""SBRN"":""9:52 PM"",""SSAN"":""9:55 PM"",""COLM"":""9:59 PM"",""DALY"":""10:02 PM"",""BALB"":""10:06 PM"",""GLEN"":""10:08 PM"",""24TH"":""10:11 PM"",""16TH"":""10:13 PM"",""CIVC"":""10:15 PM"",""POWL"":""10:17 PM"",""MONT"":""10:19 PM"",""EMBR"":""10:20 PM"",""WOAK"":""10:27 PM"",""12TH"":""10:32 PM"",""19TH"":""10:34 PM"",""MCAR"":""10:38 PM"",""ROCK"":""10:41 PM"",""ORIN"":""10:46 PM"",""LAFY"":""10:51 PM"",""WCRK"":""10:55 PM"",""PHIL"":""10:58 PM"",""CONC"":""11:03 PM"",""NCON"":""11:07 PM"",""PITT"":""11:14 PM"",""PCTR"":""11:25 PM"",""ANTC"":""11:33 PM""}"
weekend,2,N,2729,MLBR,79260,True,"{""MLBR"":""10:01 PM"",""SFIA_ARR"":""10:05 PM"",""SFIA_DEP"":""10:08 PM"",""SBRN"":""10:12 PM"",""SSAN"":""10:15 PM"",""COLM"":""10:19 PM"",""DALY"":""10:22 PM"",""BALB"":""10:26 PM"",""GLEN"":""10:28 PM"",""24TH"":""10:31 PM"",""16TH"":""10:33 PM"",""CIVC"":""10:35 PM"",""POWL"":""10:37 PM"",""MONT"":""10:39 PM"",""EMBR"":""10:40 PM"",""WOAK"":""10:47 PM"",""12TH"":""10:52 PM"",""19TH"":""10:54 PM"",""MCAR"":""10:58 PM"",""ROCK"":""11:01 PM"",""ORIN"":""11:06 PM"",""LAFY"":""11:11 PM"",""WCRK"":""11:15 PM"",""PHIL"":""11:18 PM"",""CONC"":""11:23 PM"",""NCON"":""11:27 PM"",""PITT"":""11:34 PM"",""PCTR"":""11:45 PM"",""ANTC"":""11:53 PM""}"
weekend,2,N,2758,MLBR,78360,True,"{""MLBR"":""9:46 PM"",""SFIA_ARR"":""9:50 PM""}"
weekend,2,N,2760,MLBR,80040,True,"{""MLBR"":""10:14 PM"",""SFIA_ARR"":""10:18 PM"",""SFIA_DEP"":""10:28 PM"",""SBRN"":""10:32 PM"",""SSAN"":""10:35 PM"",""COLM"":""10:39 PM"",""DALY"":""10:42 PM"",""BALB"":""10:46 PM"",""GLEN"":""10:48 PM"",""24TH"":""10:51 PM"",""16TH"":""10:53 PM"",""CIVC"":""10:55 PM"",""POWL"":""10:57 PM"",""MONT"":""10:59 PM"",""EMBR"":""11:00 PM"",""WOAK"":""11:07 PM"",""12TH"":""11:12 PM"",""19TH"":""11:14 PM"",""MCAR"":""11:18 PM"",""ROCK"":""11:21 PM"",""ORIN"":""11:26 PM"",""LAFY"":""11:31 PM"",""WCRK"":""11:35 PM"",""PHIL"":""11:38 PM"",""CONC"":""11:43 PM"",""NCON"":""11:47 PM"",""PITT"":""11:54 PM"",""PCTR"":""12:05 AM"",""ANTC"":""12:13 AM""}"
weekend,2,N,2789,MLBR,79260,True,"{""MLBR"":""10:01 PM"",""SFIA_ARR"":""10:05 PM"",""SFIA_DEP"":""10:08 PM"",""SBRN"":""10:12 PM"",""SSAN"":""10:15 PM"",""COLM"":""10:19 PM"",""DALY"":""10:22 PM"",""BALB"":""10:26 PM"",""GLEN"":""10:28 PM"",""24TH"":""10:31 PM"",""16TH"":""10:33 PM"",""CIVC"":""10:35 PM"",""POWL"":""10:37 PM"",""MONT"":""10:39 PM"",""EMBR"":""10:40 PM"",""WOAK"":""10:47 PM"",""12TH"":""10:52 PM"",""19TH"":""10:54 PM"",""MCAR"":""10:58 PM"",""ROCK"":""11:01 PM"",""ORIN"":""11:06 PM"",""LAFY"":""11:11 PM"",""WCRK"":""11:15 PM"",""PHIL"":""11:18 PM"",""CONC"":""11:23 PM"",""NCON"":""11:27 PM"",""PITT"":""11:34 PM"",""PCTR"":""11:45 PM"",""ANTC"":""11:53 PM""}"
weekend,2,N,2818,MLBR,80940,True,"{""MLBR"":""10:29 PM"",""SFIA_ARR"":""10:33 PM""}"
weekend,2,N,2820,MLBR,80040,True,"{""MLBR"":""10:14 PM"",""SFIA_ARR"":""10:18 PM"",""SFIA_DEP"":""10:28 PM"",""SBRN"":""10:32 PM"",""SSAN"":""10:35 PM"",""COLM"":""10:39 PM"",""DALY"":""10:42 PM"",""BALB"":""10:46 PM"",""GLEN"":""10:48 PM"",""24TH"":""10:51 PM"",""16TH"":""10:53 PM"",""CIVC"":""10:55 PM"",""POWL"":""10:57 PM"",""MONT"":""10:59 PM"",""EMBR"":""11:00 PM"",""WOAK"":""11:07 PM"",""12TH"":""11:12 PM"",""19TH"":""11:14 PM"",""MCAR"":""11:18 PM"",""ROCK"":""11:21 PM"",""ORIN"":""11:26 PM"",""LAFY"":""11:31 PM"",""WCRK"":""11:35 PM"",""PHIL"":""11:38 PM"",""CONC"":""11:43 PM"",""NCON"":""11:47 PM"",""PITT"":""11:54 PM"",""PCTR"":""12:05 AM"",""ANTC"":""12:13 AM""}"
weekend,2,N,2849,MLBR,81780,True,"{""MLBR"":""10:43 PM"",""SFIA_ARR"":""10:47 PM"",""SFIA_DEP"":""10:48 PM"",""SBRN"":""10:52 PM"",""SSAN"":""10:55 PM"",""COLM"":""10:59 PM"",""DALY"":""11:02 PM"",""BALB"":""11:06 PM"",""GLEN"":""11:08 PM"",""24TH"":""11:11 PM"",""16TH"":""11:13 PM"",""CIVC"":""11:15 PM"",""POWL"":""11:17 PM"",""MONT"":""11:19 PM"",""EMBR"":""11:20 PM"",""WOAK"":""11:27 PM"",""12TH"":""11:32 PM"",""19TH"":""11:34 PM"",""MCAR"":""11:38 PM"",""ROCK"":""11:41 PM"",""ORIN"":""11:46 PM"",""LAFY"":""11:51 PM"",""WCRK"":""11:55 PM"",""PHIL"":""11:58 PM"",""CONC"":""12:03 AM"",""NCON"":""12:07 AM"",""PITT"":""12:14 AM"",""PCTR"":""12:25 AM"",""ANTC"":""12:33 AM""}"
weekend,2,N,2878,MLBR,80940,True,"{""MLBR"":""10:29 PM"",""SFIA_ARR"":""10:33 PM""}"
weekend,2,N,2880,MLBR,82980,True,"{""MLBR"":""11:03 PM"",""SFIA_ARR"":""11:07 PM"",""SFIA_DEP"":""11:08 PM"",""SBRN"":""11:12 PM"",""SSAN"":""11:15 PM"",""COLM"":""11:19 PM"",""DALY"":""11:22 PM"",""BALB"":""11:26 PM"",""GLEN"":""11:28 PM"",""24TH"":""11:31 PM"",""16TH"":""11:33 PM"",""CIVC"":""11:35 PM"",""POWL"":""11:37 PM"",""MONT"":""11:39 PM"",""EMBR"":""11:40 PM"",""WOAK"":""11:47 PM"",""12TH"":""11:52 PM"",""19TH"":""11:54 PM"",""MCAR"":""11:58 PM"",""ROCK"":""12:01 AM"",""ORIN"":""12:06 AM"",""LAFY"":""12:11 AM"",""WCRK"":""12:15 AM"",""PHIL"":""12:18 AM"",""CONC"":""12:23 AM"",""NCON"":""12:27 AM"",""PITT"":""12:34 AM"",""PCTR"":""12:45 AM"",""ANTC"":""12:53 AM""}"
weekend,2,N,2909,MLBR,81780,True,"{""MLBR"":""10:43 PM"",""SFIA_ARR"":""10:47 PM"",""SFIA_DEP"":""10:48 PM"",""SBRN"":""10:52 PM"",""SSAN"":""10:55 PM"",""COLM"":""10:59 PM"",""DALY"":""11:02 PM"",""BALB"":""11:06 PM"",""GLEN"":""11:08 PM"",""24TH"":""11:11 PM"",""16TH"":""11:13 PM"",""CIVC"":""11:15 PM"",""POWL"":""11:17 PM"",""MONT"":""11:19 PM"",""EMBR"":""11:20 PM"",""WOAK"":""11:27 PM"",""12TH"":""11:32 PM"",""19TH"":""11:34 PM"",""MCAR"":""11:38 PM"",""ROCK"":""11:41 PM"",""ORIN"":""11:46 PM"",""LAFY"":""11:51 PM"",""WCRK"":""11:55 PM"",""PHIL"":""11:58 PM"",""CONC"":""12:03 AM"",""NCON"":""12:07 AM"",""PITT"":""12:14 AM"",""PCTR"":""12:25 AM"",""ANTC"":""12:33 AM""}"
weekend,2,N,2938,MLBR,83880,True,"{""MLBR"":""11:18 PM"",""SFIA_ARR"":""11:22 PM"",""SFIA_DEP"":""11:28 PM"",""SBRN"":""11:32 PM"",""SSAN"":""11:35 PM"",""COLM"":""11:39 PM"",""DALY"":""11:42 PM"",""BALB"":""11:46 PM"",""GLEN"":""11:48 PM"",""24TH"":""11:51 PM"",""16TH"":""11:53 PM"",""CIVC"":""11:55 PM"",""POWL"":""11:57 PM"",""MONT"":""11:59 PM"",""EMBR"":""12:00 AM"",""WOAK"":""12:07 AM"",""12TH"":""12:12 AM"",""19TH"":""12:14 AM"",""MCAR"":""12:18 AM"",""ROCK"":""12:21 AM"",""ORIN"":""12:26 AM"",""LAFY"":""12:31 AM"",""WCRK"":""12:35 AM"",""PHIL"":""12:38 AM"",""CONC"":""12:43 AM"",""NCON"":""12:47 AM"",""PITT"":""12:54 AM"",""PCTR"":""1:05 AM"",""ANTC"":""1:13 AM""}"
weekend,2,N,2967,MLBR,82980,True,"{""MLBR"":""11:03 PM"",""SFIA_ARR"":""11:07 PM"",""SFIA_DEP"":""11:08 PM"",""SBRN"":""11:12 PM"",""SSAN"":""11:15 PM"",""COLM"":""11:19 PM"",""DALY"":""11:22 PM"",""BALB"":""11:26 PM"",""GLEN"":""11:28 PM"",""24TH"":""11:31 PM"",""16TH"":""11:33 PM"",""CIVC"":""11:35 PM"",""POWL"":""11:37 PM"",""MONT"":""11:39 PM"",""EMBR"":""11:40 PM"",""WOAK"":""11:47 PM"",""12TH"":""11:52 PM"",""19TH"":""11:54 PM"",""MCAR"":""11:58 PM"",""ROCK"":""12:01 AM"",""ORIN"":""12:06 AM"",""LAFY"":""12:11 AM"",""WCRK"":""12:15 AM"",""PHIL"":""12:18 AM"",""CONC"":""12:23 AM"",""NCON"":""12:27 AM"",""PITT"":""12:34 AM"",""PCTR"":""12:45 AM"",""ANTC"":""12:53 AM""}"
weekend,2,N,2996,MLBR,84720,True,"{""MLBR"":""11:32 PM"",""SFIA_ARR"":""11:36 PM""}"
weekend,2,N,2998,MLBR,83880,True,"{""MLBR"":""11:18 PM"",""SFIA_ARR"":""11:22 PM"",""SFIA_DEP"":""11:28 PM"",""SBRN"":""11:32 PM"",""SSAN"":""11:35 PM"",""COLM"":""11:39 PM"",""DALY"":""11:42 PM"",""BALB"":""11:46 PM"",""GLEN"":""11:48 PM"",""24TH"":""11:51 PM"",""16TH"":""11:53 PM"",""CIVC"":""11:55 PM"",""POWL"":""11:57 PM"",""MONT"":""11:59 PM"",""EMBR"":""12:00 AM"",""WOAK"":""12:07 AM"",""12TH"":""12:12 AM"",""19TH"":""12:14 AM"",""MCAR"":""12:18 AM"",""ROCK"":""12:21 AM"",""ORIN"":""12:26 AM"",""LAFY"":""12:31 AM"",""WCRK"":""12:35 AM"",""PHIL"":""12:38 AM"",""CONC"":""12:43 AM"",""NCON"":""12:47 AM"",""PITT"":""12:54 AM"",""PCTR"":""1:05 AM"",""ANTC"":""1:13 AM""}"
weekend,2,N,3027,MLBR,85500,True,"{""MLBR"":""11:45 PM"",""SFIA_ARR"":""11:49 PM"",""SFIA_DEP"":""11:50 PM"",""SBRN"":""11:54 PM"",""SSAN"":""11:57 PM"",""COLM"":""12:00 AM"",""DALY"":""12:04 AM"",""BALB"":""12:07 AM"",""GLEN"":""12:10 AM"",""24TH"":""12:12 AM"",""16TH"":""12:15 AM"",""CIVC"":""12:17 AM"",""POWL"":""12:19 AM"",""MONT"":""12:20 AM"",""EMBR"":""12:22 AM"",""WOAK"":""12:29 AM"",""12TH"":""12:34 AM"",""19TH"":""12:36 AM"",""MCAR"":""12:39 AM"",""ROCK"":""12:42 AM"",""ORIN"":""12:47 AM"",""LAFY"":""12:52 AM"",""WCRK"":""12:57 AM"",""PHIL"":""1:00 AM"",""CONC"":""1:05 AM"",""NCON"":""1:09 AM"",""PITT"":""1:15 AM""}"
weekend,2,N,3054,MLBR,84720,True,"{""MLBR"":""11:32 PM"",""SFIA_ARR"":""11:36 PM""}"
weekend,2,N,3056,SBRN,86580,True,"{""SBRN"":""12:03 AM"",""SSAN"":""12:06 AM"",""COLM"":""12:10 AM"",""DALY"":""12:13 AM"",""BALB"":""12:17 AM"",""GLEN"":""12:19 AM"",""24TH"":""12:22 AM"",""16TH"":""12:24 AM"",""CIVC"":""12:26 AM"",""POWL"":""12:28 AM"",""MONT"":""12:30 AM"",""EMBR"":""12:31 AM"",""WOAK"":""12:39 AM"",""12TH"":""12:43 AM"",""19TH"":""12:45 AM"",""ROCK"":""12:55 AM"",""ORIN"":""1:00 AM"",""LAFY"":""1:05 AM"",""WCRK"":""1:09 AM"",""PHIL"":""1:12 AM"",""CONC"":""1:17 AM"",""NCON"":""1:21 AM"",""PITT"":""1:28 AM"",""PCTR"":""1:36 AM"",""ANTC"":""1:43 AM""}"
weekend,2,N,3081,MLBR,85500,True,"{""MLBR"":""11:45 PM"",""SFIA_ARR"":""11:49 PM"",""SFIA_DEP"":""11:50 PM"",""SBRN"":""11:54 PM"",""SSAN"":""11:57 PM"",""COLM"":""12:00 AM"",""DALY"":""12:04 AM"",""BALB"":""12:07 AM"",""GLEN"":""12:10 AM"",""24TH"":""12:12 AM"",""16TH"":""12:15 AM"",""CIVC"":""12:17 AM"",""POWL"":""12:19 AM"",""MONT"":""12:20 AM"",""EMBR"":""12:22 AM"",""WOAK"":""12:29 AM"",""12TH"":""12:34 AM"",""19TH"":""12:36 AM"",""MCAR"":""12:39 AM"",""ROCK"":""12:42 AM"",""ORIN"":""12:47 AM"",""LAFY"":""12:52 AM"",""WCRK"":""12:57 AM"",""PHIL"":""1:00 AM"",""CONC"":""1:05 AM"",""NCON"":""1:09 AM"",""PITT"":""1:15 AM""}"
weekend,2,N,3108,SBRN,86580,True,"{""SBRN"":""12:03 AM"",""SSAN"":""12:06 AM"",""COLM"":""12:10 AM"",""DALY"":""12:13 AM"",""BALB"":""12:17 AM"",""GLEN"":""12:19 AM"",""24TH"":""12:22 AM"",""16TH"":""12:24 AM"",""CIVC"":""12:26 AM"",""POWL"":""12:28 AM"",""MONT"":""12:30 AM"",""EMBR"":""12:31 AM"",""WOAK"":""12:39 AM"",""12TH"":""12:43 AM"",""19TH"":""12:45 AM"",""ROCK"":""12:55 AM"",""ORIN"":""1:00 AM"",""LAFY"":""1:05 AM"",""WCRK"":""1:09 AM"",""PHIL"":""1:12 AM"",""CONC"":""1:17 AM"",""NCON"":""1:21 AM"",""PITT"":""1:28 AM"",""PCTR"":""1:36 AM"",""ANTC"":""1:43 AM""}"
